Date,Q_m3s,Sal_gperL,Temp_degC,TSS_mgperL,DO_mmolperm3,SiO2_mmolperm3,Ammonium_mmolperm3,NOx_mmolperm3,FRP_mmolperm3,FRP_ADS_mmolperm3,DOC_mmolperm3,POC_mmolperm3,DON_mmolperm3,PON_mmolperm3,DOP_mmolperm3,POP_mmolperm3,PHY_GRN_mmolperm3,PHY_BGA_mmolperm3,PHY_FDIA_mmolperm3,PHY_MDIA_mmolperm3,Crypto_cfuper100mL,Ecoli_cfuper100mL,FC_cfuper100mL,Enterococci_cfuper100mL
01/01/2005,0.000226150667739441,0.1,24.8051371179797,6,252.59041410873,0,1.80687594350991,7.22750377403963,0.433031030382347,0,400,25,4.81833584935975,16.2618834915892,0.18232885489783,0.524195457831262,0.01375,0.011,0.01375,0.01375,0,0,0,0
02/01/2005,0.000255941402394884,0.1,24.8764918925008,6,251.344251726306,0,1.72391374802365,6.89565499209459,0.40591220519114,0,400,25,4.59710332806306,15.5152237322128,0.170910402185743,0.491367406284012,0.01375,0.011,0.01375,0.01375,0,0,0,0
03/01/2005,0.000198948359919836,0.1,24.9458110794992,6,250.106942079986,0,1.73822633874496,6.95290535497984,0.410590729469934,0,400,25,4.63527023665323,15.6440370487046,0.172880307145236,0.497030883042552,0.01375,0.011,0.01375,0.01375,0,0,0,0
04/01/2005,0.00390890389985775,0.1,25.0130741590243,36.6078602350193,248.878851439682,0,7.22764884998905,28.9105953999562,2.14929614148074,0,400,25,19.2737302666375,65.0488396499015,0.904966796412942,2.60177953968721,0.01375,0.011,0.01375,0.01375,0,0,0,0
05/01/2005,0.00763817148469957,0.1,25.0782612197774,38.3537665551138,247.660343346284,0,7.406653476462,29.626613905848,2.20046455243972,0,400,25,19.751075937232,66.659881288158,0.926511390500937,2.66372024769019,0.01375,0.011,0.01375,0.01375,0,0,0,0
06/01/2005,0.00381983306975827,0.1,25.1413529650052,36.8602518391296,246.451778504046,0,6.92033820809537,27.6813528323815,2.03753486615165,0,400,25,18.4542352215876,62.2830438728583,0.857909417327009,2.46648957481515,0.01375,0.011,0.01375,0.01375,0,0,0,0
07/01/2005,0.000117511867510957,0.1,25.2023307182122,6,245.253514673805,0,1.68895497460745,6.75581989842979,0.394484821192727,0,400,25,4.50387993228653,15.200594771467,0.166098872081148,0.477534257233301,0.01375,0.011,0.01375,0.01375,0,0,0,0
08/01/2005,0.000176535413511362,0.1,25.2611764286895,6,244.065906567085,0,1.60645801736777,6.42583206947107,0.36751807387997,0,400,25,4.28388804631404,14.4581221563099,0.154744452159988,0.444890299959964,0.01375,0.011,0.01375,0.01375,0,0,0,0
09/01/2005,0.000203325999419988,0.1,25.317872676858,6,242.889305741087,0,1.57681995105442,6.30727980421768,0.357829931773242,0,400,25,4.20485320281178,14.1913795594898,0.150665234430839,0.433162548988661,0.01375,0.011,0.01375,0.01375,0,0,0,0
10/01/2005,0.000176331573429169,0.1,25.3724026794253,6,241.724060494622,0,1.57346230443378,6.29384921773511,0.35673237846929,0,400,25,4.19589947849008,14.161160739904,0.150203106723912,0.431833931831246,0.01375,0.011,0.01375,0.01375,0,0,0,0
11/01/2005,7.36773262125053e-05,0.1,25.4247502943533,6,240.570515765012,0,1.65337251956142,6.61349007824567,0.382853567070153,0,400,25,4.40899338549711,14.8803526760528,0.161201501924275,0.46345431803229,0.01375,0.011,0.01375,0.01375,0,0,0,0
12/01/2005,2.86417330663326e-05,0.1,25.4749000256372,6,239.429013025974,0,1.87727595098284,7.50910380393135,0.456043505943391,0,400,25,5.0060692026209,16.8954835588455,0.192018318291954,0.552052665089368,0.01375,0.011,0.01375,0.01375,0,0,0,0
13/01/2005,5.05578424669433e-05,0.1,25.5228370278924,6,238.299890186543,0,1.71261639068442,6.85046556273769,0.40221930558778,0,400,25,4.56697704182513,15.4135475161598,0.169355497089592,0.486897054132576,0.01375,0.011,0.01375,0.01375,0,0,0,0
14/01/2005,0,0.1,25.5685471107489,0,237.18348149104,0,0,0,0,0,400,25,0,0,0,0,0.01375,0.011,0.01375,0.01375,0,0,0,0
15/01/2005,0.000128735296118151,0.1,25.6120167430522,6,236.08011742013,0,1.58755488690988,6.35021954763953,0.361338986074383,0,400,25,4.23347969842636,14.287993982189,0.152142730978687,0.437410351563727,0.01375,0.011,0.01375,0.01375,0,0,0,0
16/01/2005,0.0027092533114608,0.1,25.6532330568687,37.0317397910217,234.990124592991,0,7.40674722364679,29.6269888945872,2.20970858165933,0,400,25,19.7513259297248,66.6607250128212,0.930403613330245,2.67491038832445,0.01375,0.011,0.01375,0.01375,0,0,0,0
17/01/2005,0.007435204927163,0.1,25.6921838512949,38.4411656514256,233.91382567063,0,7.39356666869857,29.5742666747943,2.19533771946086,0,400,25,19.7161777831962,66.5421000182872,0.924352723983522,2.65751408145263,0.01375,0.011,0.01375,0.01375,0,0,0,0
18/01/2005,0.00423427954192095,0.1,25.7288575960691,37.3746524169182,232.851539260369,0,6.91788430912269,27.6715372364908,2.03317725651842,0,400,25,18.4476914909938,62.2609587821042,0.856074634323547,2.4612145736802,0.01375,0.011,0.01375,0.01375,0,0,0,0
19/01/2005,8.03567922567059e-05,0.1,25.7632434349846,6,231.803579821526,0,1.59572691764726,6.38290767058905,0.364010273541225,0,400,25,4.2552717803927,14.3615422588254,0.153267483596305,0.440644015339378,0.01375,0.011,0.01375,0.01375,0,0,0,0
20/01/2005,6.79409333271276e-05,0.1,25.7953311891033,6,230.770257572335,0,1.61025214417631,6.44100857670524,0.368758304578677,0,400,25,4.29400571780349,14.4922692975868,0.155266654559443,0.446391631858398,0.01375,0.011,0.01375,0.01375,0,0,0,0
21/01/2005,0.012216389538211,0.1,25.8251113597692,39.148604841934,229.751878398107,0,7.67704295546382,30.7081718218553,2.291381459189,0,400,25,20.4721145479035,69.0933865991744,0.964792193342737,2.77377755586037,0.01375,0.011,0.01375,0.01375,0,0,0,0
22/01/2005,0.00971793048298162,0.1,25.8525751314198,38.8348173933214,228.74874376069,0,7.11920851218509,28.4768340487403,2.09434067187626,0,400,25,18.9845560324936,64.0728766096658,0.881827651316319,2.53525449753442,0.01375,0.011,0.01375,0.01375,0,0,0,0
23/01/2005,0.00275168466590335,0.1,25.8777143741959,36.3139523363909,227.761150609223,0,7.1632345886857,28.6529383547428,2.12869176516214,0,400,25,19.1019589031619,64.4691112981713,0.896291269541953,2.57683739993312,0.01375,0.011,0.01375,0.01375,0,0,0,0
24/01/2005,0.00339909504587707,0.1,25.9005216463481,37.2393959236198,226.789391292236,0,7.13771917323178,28.5508766929271,2.11259060710019,0,400,25,19.0339177952847,64.239472559086,0.889511834568499,2.55734652438443,0.01375,0.011,0.01375,0.01375,0,0,0,0
25/01/2005,0.00237347898328679,0.1,25.9209901964399,36.2267427328384,225.833753471109,0,7.03200739540235,28.1280295816094,2.08216516538965,0,400,25,18.7520197210729,63.2880665586211,0.876701122269327,2.52051572652431,0.01375,0.011,0.01375,0.01375,0,0,0,0
26/01/2005,0.00812866252318046,0.1,25.9391139653462,38.8054203194818,224.894520034914,0,7.58039883194857,30.3215953277943,2.2593589771601,0,400,25,20.2143968851962,68.2235894875372,0.951309043014779,2.73501349866749,0.01375,0.011,0.01375,0.01375,0,0,0,0
27/01/2005,0.00594828256798699,0.1,25.9548875880467,38.2406893084779,223.971969016682,0,7.07199971487493,28.2879988594997,2.0818746987516,0,400,25,18.8586659063331,63.6479974338744,0.876578820526987,2.52016410901509,0.01375,0.011,0.01375,0.01375,0,0,0,0
28/01/2005,0.000270154121467615,0.1,25.9683063952143,20.911369720759,223.066373511089,0,4.47682333173356,17.9072933269343,1.27660574645232,0,400,25,11.9381955512895,40.2914099856021,0.537518209032554,1.54536485096859,0.01375,0.011,0.01375,0.01375,0,0,0,0
29/01/2005,9.54255278922783e-05,0.1,25.9793664145975,6,222.178001593623,0,1.51305513137491,6.05222052549964,0.336986377813488,0,400,25,4.03481368366642,13.6174961823742,0.141889001184626,0.407930878405801,0.01375,0.011,0.01375,0.01375,0,0,0,0
30/01/2005,0.000142735620212157,0.1,25.9880643721958,6,221.307116241223,0,1.50737151846553,6.0294860738621,0.33512850864741,0,400,25,4.01965738257473,13.5663436661897,0.14110674048312,0.40568187888897,0.01375,0.011,0.01375,0.01375,0,0,0,0
31/01/2005,0.00277179503089934,0.1,25.9943976932292,36.9433839643376,220.453975254433,0,7.32492273602601,29.299690944104,2.18161324162395,0,400,25,19.5331272960694,65.9243046242341,0.918573996473244,2.64090023986058,0.01375,0.011,0.01375,0.01375,0,0,0,0
01/02/2005,0.00207137602260304,0.1,25.9983645029001,36.3804658082342,219.618831181091,0,6.95384751735497,27.8153900694199,2.05281495311215,0,400,25,18.5435933796133,62.5846276561947,0.864343138152483,2.48498652218839,0.01375,0.011,0.01375,0.01375,0,0,0,0
02/02/2005,0.0631915464581392,0.1,25.9999636269489,38.4153231851289,218.801931241564,0,7.03088519245679,28.1235407698272,2.06680458640269,0,400,25,18.7490271798848,63.2779667321112,0.870233510064293,2.50192134143484,0.01375,0.011,0.01375,0.01375,0,0,0,0
03/02/2005,0.0715720862358703,0.1,25.9991945920008,37.1206244425052,218.00351725557,0,6.11341509463425,24.453660378537,1.75653530920136,0,400,25,16.302440252358,55.0207358517083,0.739593814400571,2.12633221640164,0.01375,0.011,0.01375,0.01375,0,0,0,0
04/02/2005,0.0137384419441719,0.1,25.9960576257065,27.9592908972269,217.22382557059,0,4.53491325358299,18.139653014332,1.25888598249255,0,400,25,12.0931020095546,40.8142192822469,0.530057255786338,1.52391461038572,0.01375,0.011,0.01375,0.01375,0,0,0,0
05/02/2005,0.00459893780468147,0.1,25.9905536566747,6,216.463086991908,0,0.872519537978797,3.49007815191519,0.127607001047447,0,400,25,2.32671876794346,7.85267584180917,0.053729263598925,0.154471632846909,0.01375,0.011,0.01375,0.01375,0,0,0,0
06/02/2005,0.00367844102579866,0.1,25.9826843141968,6,215.721526714289,0,0.867116981036182,3.46846792414473,0.125841003939323,0,400,25,2.31231194942982,7.80405282932564,0.0529856858691888,0.152333846873918,0.01375,0.011,0.01375,0.01375,0,0,0,0
07/02/2005,0.00299141713739091,0.1,25.9724519277653,6,214.999364255309,0,0.871506049669342,3.48602419867737,0.127275710245217,0,400,25,2.32401613245158,7.84355444702408,0.053589772734828,0.154070596612631,0.01375,0.011,0.01375,0.01375,0,0,0,0
08/02/2005,0.0023219773669188,0.1,25.9598595263838,6,214.296813390382,0,0.857142857142857,3.42857142857143,0.12258064516129,0,400,25,2.28571428571429,7.71428571428572,0.0516129032258065,0.148387096774194,0.01375,0.011,0.01375,0.01375,0,0,0,0
09/02/2005,0.0020156175190614,0.1,25.9449108376702,6,213.614082089472,0,0.88871479397797,3.55485917591188,0.132900934191263,0,400,25,2.36990611727459,7.99843314580173,0.0559582880805317,0.160880078231529,0.01375,0.011,0.01375,0.01375,0,0,0,0
10/02/2005,0.00176474278611089,0.1,25.9276102867536,6,212.951372455532,0,0.933315165853402,3.73326066341361,0.147479980481727,0,400,25,2.48884044227574,8.39983649268062,0.0620968338870428,0.178528397425248,0.01375,0.011,0.01375,0.01375,0,0,0,0
11/02/2005,0.00344259428489558,0.1,25.9079629949642,25.9359676720384,212.308880664676,0,4.98162647484746,19.9265058993898,1.43375901031727,0,400,25,13.2843372662599,44.8346382736271,0.603688004344115,1.73560301248933,0.01375,0.011,0.01375,0.01375,0,0,0,0
12/02/2005,0.00272644873142321,0.1,25.8859747783173,25.3232683997264,211.686796908109,0,4.60396083588909,18.4158433435563,1.30330513647264,0,400,25,12.2772288957042,41.4356475230018,0.548760057462165,1.57768516520373,0.01375,0.011,0.01375,0.01375,0,0,0,0
13/02/2005,0.00096862560402846,0.1,25.8616521457917,6,211.085305335824,0,0.935247126107386,3.74098850442954,0.148111502973351,0,400,25,2.49399233628636,8.41722413496647,0.0623627380940427,0.179292872020373,0.01375,0.011,0.01375,0.01375,0,0,0,0
14/02/2005,0.0007470947163492,0.1,25.8350022974027,6,210.50458400209,0,0.895084388259025,3.5803375530361,0.134983038128296,0,400,25,2.38689170202407,8.05575949433122,0.0568349634224403,0.163400519839516,0.01375,0.011,0.01375,0.01375,0,0,0,0
15/02/2005,0.000613053246130046,0.1,25.8060331220709,6,209.944804812745,0,0.887565788837909,3.55026315535164,0.132525345414296,0,400,25,2.36684210356776,7.98809209954118,0.0558001454375985,0.160425418133096,0.01375,0.011,0.01375,0.01375,0,0,0,0
16/02/2005,0.000544128261116912,0.1,25.774753195287,6,209.406133474307,0,0.922984362462376,3.6919374498495,0.144103029695843,0,400,25,2.461291633233,8.30685926216138,0.0606749598719337,0.17444050963181,0.01375,0.011,0.01375,0.01375,0,0,0,0
17/02/2005,0.00057697844269105,0.1,25.7411717765731,6,208.888729444924,0,1.04211821937745,4.16847287750982,0.183045709805718,0,400,25,2.77898191833988,9.37906397439709,0.0770718778129338,0.221581648712185,0.01375,0.011,0.01375,0.01375,0,0,0,0
18/02/2005,0.000868017864847057,0.1,25.7052988067417,21.2712981948766,208.392745887169,0,4.18490848223107,16.7396339289243,1.18253814777078,0,400,25,11.1597559526162,37.6641763400797,0.49791079906138,1.43149354730147,0.01375,0.011,0.01375,0.01375,0,0,0,0
19/02/2005,0.000649663274659153,0.1,25.6671449049533,20.236429547036,207.918329622699,0,3.85031062231489,15.4012424892596,1.07007306669085,0,400,25,10.2674949928397,34.652795600834,0.450557080711938,1.29535160704682,0.01375,0.011,0.01375,0.01375,0,0,0,0
20/02/2005,0.00863130109336459,0.1,25.6267213655722,38.6756828090463,207.465621088795,0,7.5662698158534,30.2650792634136,2.25556503540923,0,400,25,20.1767195089424,68.0964283426807,0.949711593856518,2.73042083233749,0.01375,0.011,0.01375,0.01375,0,0,0,0
21/02/2005,0.058583371011174,0.1,25.5840401548241,38.2719160775738,207.034754296791,0,6.82548421965116,27.3019368786047,1.99454019708594,0,400,25,18.2012912524031,61.4293579768605,0.839806398773027,2.41444339647245,0.01375,0.011,0.01375,0.01375,0,0,0,0
22/02/2005,0.0536207296760812,0.1,25.5391139072529,36.8172873543731,206.625856792401,0,5.70793646313945,22.8317458525578,1.60896985364465,0,400,25,15.2211639017052,51.3714281682551,0.677460991008276,1.94770034914879,0.01375,0.011,0.01375,0.01375,0,0,0,0
23/02/2005,0.0059341035431968,0.1,25.4919559219814,17.0653864757368,206.239049617962,0,2.97284394644636,11.8913757857854,0.788341115244333,0,400,25,7.92758385719029,26.7555955180172,0.331933101155509,0.954307665822087,0.01375,0.011,0.01375,0.01375,0,0,0,0
24/02/2005,0.00318305021480656,0.1,25.4425801587739,6,205.874447276606,0,0.867854455336664,3.47141782134666,0.126082070807438,0,400,25,2.31427854756444,7.81069009802998,0.053087187708395,0.152625664661636,0.01375,0.011,0.01375,0.01375,0,0,0,0
25/02/2005,0.00259384840042471,0.1,25.391001233904,6,205.532157698364,0,0.869710033004576,3.4788401320183,0.126688625227917,0,400,25,2.31922675467887,7.82739029704118,0.0533425790433333,0.153359914749583,0.01375,0.011,0.01375,0.01375,0,0,0,0
26/02/2005,0.00215779379716229,0.1,25.3372344158281,6,205.212282208215,0,0.882762424961725,3.5310496998469,0.130955213566598,0,400,25,2.35403313323127,7.94486182465553,0.0551390372911991,0.158524732212197,0.01375,0.011,0.01375,0.01375,0,0,0,0
27/02/2005,0.00185616761189651,0.1,25.2812956206654,6,204.91491549609,0,0.913621653346198,3.65448661338479,0.14104253123206,0,400,25,2.4363244089232,8.22259488011579,0.0593863289398147,0.170735695701967,0.01375,0.011,0.01375,0.01375,0,0,0,0
28/02/2005,0.00150111199131354,0.1,25.2232014074861,6,204.640145588848,0,0.904539781897601,3.6181591275904,0.138073833468217,0,400,25,2.41210608506027,8.14085803707841,0.0581363509339862,0.16714200893521,0.01375,0.011,0.01375,0.01375,0,0,0,0
01/03/2005,0.0011564487773672,0.1,25.1629689734102,6,204.388053824211,0,0.861681220132076,3.44672488052831,0.124064153063143,0,400,25,2.29781658701887,7.75513098118869,0.0522375381318495,0.150182922129067,0.01375,0.011,0.01375,0.01375,0,0,0,0
02/03/2005,0.00313087978910506,0.1,25.1006161485163,28.0375390402508,204.158714826692,0,5.40747635266293,21.6299054106517,1.56906707560098,0,400,25,14.4199369404345,48.6672871739664,0.660659821305675,1.89939698625381,0.01375,0.011,0.01375,0.01375,0,0,0,0
03/03/2005,0.00347205873679757,0.1,25.0361613905638,30.2141105887079,203.952196485501,0,5.61081531159383,22.4432612463753,1.62426859280921,0,400,25,14.9621741642502,50.4973378043445,0.683902565393353,1.96621987550589,0.01375,0.011,0.01375,0.01375,0,0,0,0
04/03/2005,0.0319105845747951,0.1,24.9696237795288,38.7103907431361,203.768559934448,0,7.20776311827651,28.831052473106,2.12759485993128,0,400,25,19.2207016487374,64.8698680644886,0.895829414707906,2.57550956728523,0.01375,0.011,0.01375,0.01375,0,0,0,0
05/03/2005,0.0446592776828946,0.1,24.9010230119562,37.9110914051579,203.60785953385,0,6.38997937794235,25.5599175117694,1.84174516289072,0,400,25,17.0399450078463,57.5098144014812,0.775471647532935,2.22948098665719,0.01375,0.011,0.01375,0.01375,0,0,0,0
06/03/2005,0.0194996153461753,0.1,24.8303793951287,33.3783459067867,203.470142854435,0,4.8569080111521,19.4276320446084,1.33025887948091,0,400,25,12.9517546964056,43.7121721003689,0.560109001886701,1.61031338042426,0.01375,0.011,0.01375,0.01375,0,0,0,0
07/03/2005,0.00294669588408992,0.1,24.7577138410562,6,203.355450663264,0,0.861532135679577,3.44612854271831,0.12401542008082,0,400,25,2.29741902847887,7.75378922111619,0.052217018981398,0.150123929571519,0.01375,0.011,0.01375,0.01375,0,0,0,0
08/03/2005,0.00244249615628036,0.1,24.6830478602847,6,203.263816911658,0,0.871775646713148,3.48710258685259,0.127363836590719,0,400,25,2.32473505790173,7.84598082041833,0.0536268785645131,0.154177275872975,0.01375,0.011,0.01375,0.01375,0,0,0,0
09/03/2005,0.00220552359608329,0.1,24.6064035555288,8.79231735738842,203.195268725153,0,1.48007486227648,5.92029944910593,0.320842466985652,0,400,25,3.94686629940395,13.3206737604883,0.13509156504659,0.388388249508947,0.01375,0.011,0.01375,0.01375,0,0,0,0
10/03/2005,0.00248620157523013,0.1,24.5278036151292,16.7123092591836,203.149826395466,0,3.06540393762073,12.2616157504829,0.823364499054908,0,400,25,8.17441050032194,27.5886354385866,0.346679789075751,0.996704393592784,0.01375,0.011,0.01375,0.01375,0,0,0,0
11/03/2005,0.00192306003989815,0.1,24.4472713063363,14.4593410887693,203.127503374491,0,2.52650720445222,10.1060288178089,0.648507440868044,0,400,25,6.73735254520593,22.73856484007,0.273055764576019,0.785035323156053,0.01375,0.011,0.01375,0.01375,0,0,0,0
12/03/2005,0.00113129015611864,0.1,24.3648304684224,6,203.128306270316,0,0.872148656950803,3.48859462780321,0.127485766818941,0,400,25,2.32572975186881,7.84933791255723,0.0536782176079754,0.154324875622929,0.01375,0.011,0.01375,0.01375,0,0,0,0
13/03/2005,0.000958249557428319,0.1,24.2805055056248,6,203.152234845267,0,0.879100520413914,3.51640208165565,0.129758203907958,0,400,25,2.3442680544371,7.91190468372522,0.0546350332244035,0.15707572052016,0.01375,0.011,0.01375,0.01375,0,0,0,0
14/03/2005,0.000776744374229342,0.1,24.1943213799221,6,203.199282015978,0,0.857142857142857,3.42857142857143,0.12258064516129,0,400,25,2.28571428571429,7.71428571428572,0.0516129032258065,0.148387096774194,0.01375,0.011,0.01375,0.01375,0,0,0,0
15/03/2005,0.000678705722228891,0.1,24.1063036036443,6,203.269433855488,0,0.868517422333169,3.47406968933268,0.126298782599844,0,400,25,2.31604645955512,7.81665680099852,0.0531784347788817,0.152887999989285,0.01375,0.011,0.01375,0.01375,0,0,0,0
16/03/2005,0.000671202106939599,0.1,24.016478231921,6,203.362669597364,0,0.950770124448644,3.80308049779458,0.153185687377376,0,400,25,2.53538699852972,8.5569311200378,0.0644992367904739,0.185435305772612,0.01375,0.011,0.01375,0.01375,0,0,0,0
17/03/2005,0.00708914191621165,0.1,23.9248718549683,36.7041794475892,203.478961641847,0,7.13743200013189,28.5497280005276,2.11824623007186,0,400,25,19.0331520003517,64.2368880011871,0.891893149503941,2.56419280482383,0.01375,0.011,0.01375,0.01375,0,0,0,0
18/03/2005,0.00566346996045654,0.1,23.8315115902177,36.1618842711757,203.618275564026,0,6.58968006948278,26.3587202779311,1.92665684885085,0,400,25,17.5724801852874,59.307120625345,0.811223936358251,2.33226881702997,0.01375,0.011,0.01375,0.01375,0,0,0,0
19/03/2005,0.000464137506859179,0.1,23.7364250742888,6,203.780570124022,0,0.955520199097752,3.82208079639101,0.154738399950847,0,400,25,2.54805386426067,8.59968179187977,0.06515301050562,0.187314905203657,0.01375,0.011,0.01375,0.01375,0,0,0,0
20/03/2005,0.000465702148916962,0.1,23.6396404548081,6,203.965797279202,0,1.01021373641074,4.04085494564296,0.172616717524125,0,400,25,2.6939032970953,9.09192362769666,0.0726807231680526,0.208957079108151,0.01375,0.011,0.01375,0.01375,0,0,0,0
21/03/2005,0.00214507617928933,0.1,23.5411863820767,32.8452672506064,204.173902198397,0,6.42697285427722,25.7078914171089,1.8941794774323,0,400,25,17.1385942780726,57.842755688495,0.797549253655706,2.29295410426016,0.01375,0.011,0.01375,0.01375,0,0,0,0
22/03/2005,0.00181820915250669,0.1,23.4410920005895,31.070737979107,204.404823278136,0,5.69608481273231,22.7843392509292,1.64691123853273,0,400,25,15.1895595006195,51.2647633145908,0.693436310961148,1.9936293940133,0.01375,0.011,0.01375,0.01375,0,0,0,0
23/03/2005,0.0260397388985155,0.1,23.3393869404073,39.4728592297988,204.658492160877,0,7.57083011401335,30.2833204560534,2.25120923307177,0,400,25,20.1888803040356,68.1374710261202,0.947877571819691,2.72514801898161,0.01375,0.011,0.01375,0.01375,0,0,0,0
24/03/2005,0.0212146239064188,0.1,23.2361013083863,39.3468976609292,204.93483375525,0,6.93613183417343,27.7445273366937,2.02527368576375,0,400,25,18.4963515577958,62.4251865075608,0.852746815058421,2.45164709329296,0.01375,0.011,0.01375,0.01375,0,0,0,0
25/03/2005,0.00116678127144465,0.1,23.1312656792653,6,205.233766258277,0,0.862462746776406,3.44985098710562,0.124319619837203,0,400,25,2.29990065807041,7.76216472098765,0.0523451030893486,0.150492171381877,0.01375,0.011,0.01375,0.01375,0,0,0,0
26/03/2005,0.00106972338529829,0.1,23.0249110866152,6,205.555201179595,0,0.917083130657566,3.66833252263026,0.14217402489083,0,400,25,2.44555501508684,8.2537481759181,0.0598627473224546,0.172105398552057,0.01375,0.011,0.01375,0.01375,0,0,0,0
27/03/2005,0.000897907107523205,0.1,22.9170690136522,6,205.899043367646,0,0.912307607655548,3.64923043062219,0.140612993715976,0,400,25,2.43282028708146,8.21076846889993,0.0592054710383058,0.170215729235129,0.01375,0.011,0.01375,0.01375,0,0,0,0
28/03/2005,0.000722618529041824,0.1,22.8077713839186,6,206.265191037846,0,0.875785923074269,3.50314369229708,0.128674722627042,0,400,25,2.33542912819805,7.88207330766843,0.0541788305798073,0.155764137916946,0.01375,0.011,0.01375,0.01375,0,0,0,0
29/03/2005,0.000666188826658926,0.1,22.6970505518319,6,206.653535802714,0,0.915966244393217,3.66386497757287,0.141808935187214,0,400,25,2.44257665171525,8.24369619953895,0.059709025341985,0.171663447858207,0.01375,0.011,0.01375,0.01375,0,0,0,0
30/03/2005,0.00063324439278702,0.1,22.5849392931081,6,207.063962703959,0,0.96813293587099,3.87253174348396,0.158861273046616,0,400,25,2.58168782898931,8.71319642283891,0.0668889570722592,0.192305751582745,0.01375,0.011,0.01375,0.01375,0,0,0,0
31/03/2005,0.000768036497341158,0.1,22.4714707950588,19.4855073620188,207.496350246509,0,3.77146282465277,15.0858512986111,1.05024660061217,0,400,25,10.0572341990741,33.943165421875,0.442209094994598,1.27135114810947,0.01375,0.011,0.01375,0.01375,0,0,0,0
01/04/2005,0.000526334837776291,0.1,22.3566786467673,20.2177335032143,207.950570434476,0,3.80627339668993,15.2250935867597,1.05500236344481,0,400,25,10.1500623911731,34.2564605702093,0.444211521450445,1.27710812417003,0.01375,0.011,0.01375,0.01375,0,0,0,0
02/04/2005,0.00022716495774859,0.1,22.2405968291455,6,208.426488809045,0,0.903609613840644,3.61443845536258,0.13776977853347,0,400,25,2.40962563690838,8.1324865245658,0.0580083278035664,0.166773942435253,0.01375,0.011,0.01375,0.01375,0,0,0,0
03/04/2005,0.00197199828502431,0.1,22.1232597048746,35.9155568045079,208.923964488279,0,7.13883452639392,28.5553381055757,2.12386770543146,0,400,25,19.0368920703838,64.2495107375453,0.894260086497458,2.57099774868019,0.01375,0.011,0.01375,0.01375,0,0,0,0
04/04/2005,0.00548574385864494,0.1,22.0047020082334,37.7031720165946,209.442850208819,0,7.22647907094515,28.9059162837806,2.1419110545347,0,400,25,19.2706108558537,65.0383116385064,0.901857286119873,2.59283969759463,0.01375,0.011,0.01375,0.01375,0,0,0,0
05/04/2005,0.00399646171992635,0.1,21.8849588348159,36.8538731742161,209.982992369482,0,6.84087598988939,27.3635039595576,2.01068500062241,0,400,25,18.2423359730384,61.5678839090045,0.846604210788382,2.4339871060166,0.01375,0.011,0.01375,0.01375,0,0,0,0
06/04/2005,0.000875449231337689,0.1,21.7640656311426,27.593228404002,210.544231076725,0,5.14090731097394,20.5636292438958,1.47483972159851,0,400,25,13.7090861625972,46.2681657987655,0.620985145936214,1.78533229456662,0.01375,0.011,0.01375,0.01375,0,0,0,0
07/04/2005,0.000282891894385196,0.1,21.642058184167,6,211.126400191981,0,1.03686282086855,4.14745128347419,0.181327816099581,0,400,25,2.76496752231613,9.33176538781693,0.0763485541471919,0.219502093173177,0.01375,0.011,0.01375,0.01375,0,0,0,0
08/04/2005,0.00104982092680948,0.1,21.5189726106826,29.6922457476809,211.72932738084,0,5.83083707229761,23.3233482891905,1.70516021720243,0,400,25,15.5488988594603,52.4775336506785,0.717962196716813,2.06414131556084,0.01375,0.011,0.01375,0.01375,0,0,0,0
09/04/2005,0.00116690991545569,0.1,21.3948453466311,31.2620734838677,212.352834164057,0,5.95093031985481,23.8037212794192,1.73576213541433,0,400,25,15.8691475196128,53.5583728786933,0.730847214911299,2.10118574286998,0.01375,0.011,0.01375,0.01375,0,0,0,0
10/04/2005,0.000508448168381597,0.1,21.2697131363166,20.7982429085228,212.996735970394,0,3.91177649671932,15.6471059868773,1.08824720847092,0,400,25,10.4314039912515,35.2059884704739,0.458209350935125,1.31735188393848,0.01375,0.011,0.01375,0.01375,0,0,0,0
11/04/2005,0.00031038154553201,0.1,21.1436130215288,6,213.660842191253,0,1.08550098060234,4.34200392240936,0.197226741431917,0,400,25,2.89466928160624,9.76950882542106,0.0830428384976492,0.238748160680741,0.01375,0.011,0.01375,0.01375,0,0,0,0
12/04/2005,0.00127123250920165,0.1,21.0165823305776,31.4370847276809,214.3449562371,0,6.16158286354204,24.6463314541682,1.80992817113232,0,400,25,16.4308876361121,55.4542457718784,0.762075019424133,2.19096568084438,0.01375,0.011,0.01375,0.01375,0,0,0,0
13/04/2005,0.00102679251693245,0.1,20.8886586672431,29.8599669060605,215.04887559566,0,5.55508115619102,22.2203246247641,1.60531343961923,0,400,25,14.8135497498427,49.9957304057192,0.675921448260727,1.94327416374959,0.01375,0.011,0.01375,0.01375,0,0,0,0
14/04/2005,0.000249294903214345,0.1,20.7598798996444,6,215.772391891864,0,0.989347418268883,3.95738967307553,0.165795899550873,0,400,25,2.63825978205035,8.90412676441994,0.0698087998108938,0.20070029945632,0.01375,0.011,0.01375,0.01375,0,0,0,0
15/04/2005,0.000301260569129192,0.1,20.6302841490292,6,216.515290949537,0,1.0791559370585,4.31662374823398,0.195152662682101,0,400,25,2.87774916548932,9.71240343352647,0.0821695421819374,0.23623743377307,0.01375,0.011,0.01375,0.01375,0,0,0,0
16/04/2005,0.000295277093056734,0.1,20.49990977849,6,217.277352854791,0,1.07124943535646,4.28499774142584,0.192568171803157,0,400,25,2.85666516095056,9.64124491820815,0.081081335496066,0.23310883955119,0.01375,0.011,0.01375,0.01375,0,0,0,0
17/04/2005,0.0021052262039844,0.1,20.3687953816071,35.1305642474863,218.058352021133,0,6.89085139738062,27.5634055895225,2.04186405342831,0,400,25,18.3756037263483,62.0176625764256,0.859732233022445,2.47173016993953,0.01375,0.011,0.01375,0.01375,0,0,0,0
18/04/2005,0.00163290707604166,0.1,20.2369797710241,34.2102166102934,218.858057256235,0,6.38969131371429,25.5587652548572,1.86974004780741,0,400,25,17.0391768365714,57.5072218234286,0.787258967497855,2.26336953155633,0.01375,0.011,0.01375,0.01375,0,0,0,0
19/04/2005,0.000241202603079561,0.1,20.104501966959,6,219.676231830379,0,0.984824093467772,3.93929637387109,0.164317307357822,0,400,25,2.62619758258073,8.86341684120995,0.0691862346769776,0.198910424696311,0.01375,0.011,0.01375,0.01375,0,0,0,0
20/04/2005,0.000297499407217283,0.1,19.9714011856532,6,220.512633546526,0,1.08386446010754,4.33545784043018,0.196691792797059,0,400,25,2.89030522695345,9.75478014096791,0.0828175969671828,0.238100591280651,0.01375,0.011,0.01375,0.01375,0,0,0,0
21/04/2005,0.000312709927246966,0.1,19.8377168277622,6,221.367014812022,0,1.10419250541216,4.41677002164864,0.203336659219213,0,400,25,2.94451334776576,9.93773254870945,0.0856154354607214,0.246144376949574,0.01375,0.011,0.01375,0.01375,0,0,0,0
22/04/2005,0.000244217697717361,0.1,19.703488466693,6,222.239122711881,0,0.993733318483653,3.97493327393461,0.167229570158712,0,400,25,2.64995551595641,8.94359986635287,0.0704124505931418,0.202435795455283,0.01375,0.011,0.01375,0.01375,0,0,0,0
23/04/2005,0.000246077010406776,0.1,19.5687558368887,6,223.128699083657,0,0.999872226985814,3.99948890794326,0.169236267131461,0,400,25,2.66632593862884,8.99885004287233,0.0712573756342995,0.204864954948611,0.01375,0.011,0.01375,0.01375,0,0,0,0
24/04/2005,0.000260600863790494,0.1,19.4335588220669,6,224.035480593869,0,1.02963419086391,4.11853676345565,0.178964909087313,0,400,25,2.7456911756371,9.26670771777522,0.0753536459315001,0.216641732053063,0.01375,0.011,0.01375,0.01375,0,0,0,0
25/04/2005,0.000250200137157617,0.1,19.2979374434129,6,224.959198815945,0,1.01171913281655,4.04687653126622,0.173108804091187,0,400,25,2.69791768751081,9.10547219534899,0.0728879175120787,0.209552762847226,0.01375,0.011,0.01375,0.01375,0,0,0,0
26/04/2005,0.000248079209945105,0.1,19.1619318477328,6,225.899580309692,0,1.00942218732072,4.03768874928288,0.172357974595775,0,400,25,2.69179249952192,9.08479968588649,0.0725717787771683,0.208643863984359,0.01375,0.011,0.01375,0.01375,0,0,0,0
27/04/2005,0.000220788232975598,0.1,19.025582295569,6,226.856346702231,0,0.951233815637905,3.80493526255162,0.153337259551069,0,400,25,2.53662350836775,8.56110434074114,0.0645630566530818,0.18561878787761,0.01375,0.011,0.01375,0.01375,0,0,0,0
28/04/2005,0.000201536329202422,0.1,18.8889291492823,6,227.829214770406,0,0.902542130879857,3.61016852351943,0.137420837866718,0,400,25,2.40677901567962,8.12287917791871,0.0578614054175655,0.166351540575501,0.01375,0.011,0.01375,0.01375,0,0,0,0
29/04/2005,0.000236612620262729,0.1,18.7520128611039,6,228.817896524626,0,0.994262528356649,3.97705011342659,0.167402559192465,0,400,25,2.6513667422844,8.94836275520984,0.0704852880810379,0.202645203232984,0.01375,0.011,0.01375,0.01375,0,0,0,0
30/04/2005,0.000209325323762338,0.1,18.6148739611606,6,229.82209929411,0,0.931016126752203,3.72406450700881,0.146728466624991,0,400,25,2.48270967133921,8.37914514076983,0.061780406999996,0.177618670124989,0.01375,0.011,0.01375,0.01375,0,0,0,0
01/05/2005,0.000248818743709477,0.1,18.4775530454767,6,230.84152581353,0,1.02376410228933,4.09505640915731,0.177046084434975,0,400,25,2.73003760610487,9.21387692060394,0.0745457197620947,0.214318944316022,0.01375,0.011,0.01375,0.01375,0,0,0,0
02/05/2005,0.000263761076919657,0.1,18.3400907639575,6,231.875874311002,0,1.05181761622611,4.20727046490445,0.186216265334741,0,400,25,2.80484697660296,9.46635854603501,0.0784068485619963,0.225419689615739,0.01375,0.011,0.01375,0.01375,0,0,0,0
03/05/2005,0.000237016194161608,0.1,18.2025278083553,6,232.924838597422,0,1.00223344740931,4.00893378963726,0.17000810692581,0,400,25,2.67262252642484,9.02010102668383,0.0715823608108672,0.205799287331243,0.01375,0.011,0.01375,0.01375,0,0,0,0
04/05/2005,0.000243482653522211,0.1,18.0649049002241,6,233.988108157101,0,1.01699543584359,4.06798174337435,0.174833531102174,0,400,25,2.71198782891623,9.15295892259229,0.0736141183588102,0.211640590281579,0.01375,0.011,0.01375,0.01375,0,0,0,0
05/05/2005,0.000245889746494558,0.1,17.927262778865,6,235.065368239687,0,1.02297098634144,4.09188394536575,0.176786829329428,0,400,25,2.72792263024383,9.20673887707294,0.0744365597176541,0.214005109188256,0.01375,0.011,0.01375,0.01375,0,0,0,0
06/05/2005,0.000265137647520982,0.1,17.789642189267,6,236.156299953336,0,1.05846721591515,4.2338688636606,0.188389897921266,0,400,25,2.8225792424404,9.52620494323636,0.0793220622826383,0.228050929062585,0.01375,0.011,0.01375,0.01375,0,0,0,0
07/05/2005,0.000263724711639677,0.1,17.6520838700448,6,237.260580359109,0,1.05644652644572,4.22578610578289,0.187729371471044,0,400,25,2.81719073718859,9.5080187380115,0.0790439458825449,0.227251344412317,0.01375,0.011,0.01375,0.01375,0,0,0,0
08/05/2005,0.000253941186992671,0.1,17.5146285413801,6,238.377882566574,0,1.03978293263857,4.15913173055426,0.182282347258812,0,400,25,2.77275448703618,9.35804639374709,0.0767504620037104,0.220657578260668,0.01375,0.011,0.01375,0.01375,0,0,0,0
09/05/2005,0.000231487993864694,0.1,17.3773168929669,6,239.507875830567,0,0.996021312490139,3.98408524996056,0.167977473575886,0,400,25,2.65605683330704,8.96419181241125,0.0707273572951098,0.203341152223441,0.01375,0.011,0.01375,0.01375,0,0,0,0
10/05/2005,0.000229725524380343,0.1,17.2401895719671,6,240.650225649104,0,0.993618581459259,3.97447432583704,0.167192064722781,0,400,25,2.64964955055802,8.94256723313334,0.0703966588306446,0.202390394138103,0.01375,0.011,0.01375,0.01375,0,0,0,0
11/05/2005,0.000240548822020449,0.1,17.1032871709775,6,241.804593862396,0,1.01768628115756,4.07074512463024,0.175059355806956,0,400,25,2.71383008308683,9.15917653041804,0.0737092024450343,0.211913957029474,0.01375,0.011,0.01375,0.01375,0,0,0,0
12/05/2005,0.000226419247247642,0.1,16.966650216014,6,242.970638752956,0,0.988663045804835,3.95465218321934,0.16557219070241,0,400,25,2.63643478881289,8.89796741224352,0.069714606611541,0.20042949400818,0.01375,0.011,0.01375,0.01375,0,0,0,0
13/05/2005,0.000535845420997293,0.1,16.8303191545148,24.9874524929682,244.148015146753,0,4.91814232451086,19.6725692980435,1.41565597546488,0,400,25,13.1150461986956,44.2632809205978,0.596065673879951,1.71368881240486,0.01375,0.011,0.01375,0.01375,0,0,0,0
14/05/2005,0.000506236899492821,0.1,16.6943343433671,21.9585185033313,245.33637451539,0,4.06814039206414,16.2725615682565,1.13603548040631,0,400,25,10.8483743788377,36.6132635285772,0.478330728592131,1.37520084470238,0.01375,0.011,0.01375,0.01375,0,0,0,0
15/05/2005,0.000234038328703696,0.1,16.5587360369606,6,246.535365079275,0,1.00893453043617,4.0357381217447,0.172198568474375,0,400,25,2.69049208116313,9.08041077392557,0.072504660410263,0.208450898679506,0.01375,0.011,0.01375,0.01375,0,0,0,0
16/05/2005,0.000228363883955503,0.1,16.4235643752715,6,247.744631911759,0,0.997631441605369,3.99052576642148,0.168503795351187,0,400,25,2.66035051094765,8.97868297444832,0.0709489664636575,0.203978278583015,0.01375,0.011,0.01375,0.01375,0,0,0,0
17/05/2005,0.000247762254567838,0.1,16.2888593719801,6,248.963817044198,0,1.03779788028535,4.15119152114139,0.181633469930449,0,400,25,2.76746101409426,9.34018092256814,0.0764772504970311,0.219872095178964,0.01375,0.011,0.01375,0.01375,0,0,0,0
18/05/2005,0.000570199215889631,0.1,16.1546609026259,24.4681795748964,250.192559571921,0,4.78370246947372,19.1348098778949,1.37215694104846,0,400,25,12.7565399185966,43.0533222252635,0.577750290967772,1.66103208653234,0.01375,0.011,0.01375,0.01375,0,0,0,0
19/05/2005,0.000490949303520012,0.1,16.0210086928035,22.2716086412241,251.430495761065,0,4.13076630204969,16.5230652081988,1.15598819217631,0,400,25,11.0153768054659,37.1768967184473,0.486731870390026,1.39935412737133,0.01375,0.011,0.01375,0.01375,0,0,0,0
20/05/2005,0.000264741148713262,0.1,15.8879423064033,6,252.677259156249,0,1.06856916136688,4.27427664546751,0.191692039230218,0,400,25,2.84951776364501,9.61712245230191,0.080712437570618,0.232048258015527,0.01375,0.011,0.01375,0.01375,0,0,0,0
21/05/2005,0.000238662520897254,0.1,15.7555011338993,6,253.932480689051,0,1.02111780936978,4.08447123747914,0.176181059652673,0,400,25,2.72298082498609,9.19006028432807,0.0741814988011255,0.213271809053236,0.01375,0.011,0.01375,0.01375,0,0,0,0
22/05/2005,0.000233218700384934,0.1,15.623724380689,6,255.19578878726,0,1.01034605470124,4.04138421880495,0.172659969954567,0,400,25,2.69425614586997,9.09311449231114,0.0726989347177126,0.209009437313424,0.01375,0.011,0.01375,0.01375,0,0,0,0
23/05/2005,0.000211013545236264,0.1,15.4926510554879,6,256.466809484872,0,0.959454098641184,3.83781639456474,0.156024319801604,0,400,25,2.55854426304316,8.63508688777066,0.0656944504427805,0.188871545022994,0.01375,0.011,0.01375,0.01375,0,0,0,0
24/05/2005,0.000263847150275437,0.1,15.3623199587815,6,257.745166532788,0,1.06860480280715,4.27441921122861,0.191703689765533,0,400,25,2.84961280748574,9.61744322526438,0.080717343059172,0.232062361295119,0.01375,0.011,0.01375,0.01375,0,0,0,0
25/05/2005,0.000208592781478865,0.1,15.2327696713403,6,259.030481510195,0,0.953889963541468,3.81555985416587,0.154205505747503,0,400,25,2.54370656944391,8.58500967187321,0.0649286339989485,0.186669822746977,0.01375,0.011,0.01375,0.01375,0,0,0,0
26/05/2005,0.000219641366599965,0.1,15.1040385427983,6,260.322373936585,0,0.98253860641418,3.93015442565672,0.163570223417723,0,400,25,2.62010295043781,8.84284745772763,0.0688716730179886,0.198006059926717,0.01375,0.011,0.01375,0.01375,0,0,0,0
27/05/2005,0.000189044035619462,0.1,14.9761646803015,6,261.620461384384,0,0.899747541926537,3.59899016770615,0.136507337821762,0,400,25,2.39932677847077,8.09772787733883,0.0574767738196893,0.165245724731607,0.01375,0.011,0.01375,0.01375,0,0,0,0
28/05/2005,0.000191587023653505,0.1,14.8491859372266,6,262.924359592162,0,0.909631890772442,3.63852756308977,0.139738350777843,0,400,25,2.42568504205985,8.18668701695198,0.0588372003275128,0.169156950941599,0.01375,0.011,0.01375,0.01375,0,0,0,0
29/05/2005,0.000215084002993451,0.1,14.7231399019762,6,264.23368257838,0,0.975662410401856,3.90264964160742,0.1613225206352,0,400,25,2.60176642773828,8.7809616936167,0.0679252718463998,0.195285156558399,0.01375,0.011,0.01375,0.01375,0,0,0,0
30/05/2005,0.000226320614937257,0.1,14.5980638868514,6,265.54804275565,0,1.00240712504967,4.0096285001987,0.170064878971691,0,400,25,2.67308566679913,9.02166412544708,0.0716062648301856,0.205868011386784,0.01375,0.011,0.01375,0.01375,0,0,0,0
31/05/2005,0.000216810178398481,0.1,14.4739949170069,6,266.867051045467,0,0.98093339819898,3.92373359279592,0.16304551019469,0,400,25,2.61582239519728,8.82840058379082,0.0686507411346061,0.197370880761993,0.01375,0.011,0.01375,0.01375,0,0,0,0
01/06/2005,0.000223933879282329,0.1,14.3509697194906,6,268.190316993389,0,0.998030526262464,3.99212210504986,0.168634248830495,0,400,25,2.6614147366999,8.98227473636218,0.0710038942444191,0.204136195952705,0.01375,0.011,0.01375,0.01375,0,0,0,0
02/06/2005,0.000239503875526292,0.1,14.2290247123716,6,269.517448884614,0,1.03098820412434,4.12395281649736,0.179407511271367,0,400,25,2.74930187766491,9.27889383711907,0.0755400047458387,0.217177513644286,0.01375,0.011,0.01375,0.01375,0,0,0,0
03/06/2005,0.000246895239765037,0.1,14.1081959939597,6,270.848053859939,0,1.04490778800957,4.17963115203829,0.183957568799443,0,400,25,2.78642076802553,9.40417009208616,0.0774558184418707,0.222685478020378,0.01375,0.011,0.01375,0.01375,0,0,0,0
04/06/2005,0.000220970843376962,0.1,13.9885193321197,6,272.181738032057,0,0.991102926758207,3.96441170703283,0.166369743186093,0,400,25,2.64294113802189,8.91992634082387,0.0700504181836181,0.201394952277902,0.01375,0.011,0.01375,0.01375,0,0,0,0
05/06/2005,0.000232387997762977,0.1,13.870030153683,6,273.51810660215,0,1.0164427887249,4.06577115489958,0.174652880861225,0,400,25,2.71051410326639,9.14798509852406,0.0735380550994633,0.211421908410957,0.01375,0.011,0.01375,0.01375,0,0,0,0
06/06/2005,0.00023140981598117,0.1,13.7527635339609,6,274.856763976763,0,1.01438069085002,4.05752276340009,0.173978818760192,0,400,25,2.70501517560006,9.12942621765021,0.0732542394779756,0.21060593849918,0.01375,0.011,0.01375,0.01375,0,0,0,0
07/06/2005,0.000242962218023718,0.1,13.6367541863612,6,276.197313884907,0,1.03748071980306,4.14992287921225,0.181529795966347,0,400,25,2.76661525280817,9.33732647822756,0.0764335983016196,0.219746595117156,0.01375,0.011,0.01375,0.01375,0,0,0,0
08/06/2005,0.000237943351629193,0.1,13.5220364521127,6,277.539359495362,0,1.02738274881589,4.10953099526354,0.178228953837205,0,400,25,2.7396873301757,9.24644473934297,0.0750437700367179,0.215750838855564,0.01375,0.011,0.01375,0.01375,0,0,0,0
09/06/2005,0.000232891634454573,0.1,13.408644290099,6,278.882503534148,0,1.01689480902526,4.06757923610104,0.174800638034678,0,400,25,2.71171949073403,9.15205328122735,0.0736002686461803,0.211600772357768,0.01375,0.011,0.01375,0.01375,0,0,0,0
10/06/2005,0.00022363476330292,0.1,13.2966112668063,6,280.226348402127,0,0.996754662615327,3.98701865046131,0.168217192326485,0,400,25,2.65801243364087,8.97079196353794,0.0708282915058883,0.203631338079429,0.01375,0.011,0.01375,0.01375,0,0,0,0
11/06/2005,0.000235173493389496,0.1,13.1859705463869,6,281.570496292702,0,1.021583120131,4.08633248052399,0.176333161234833,0,400,25,2.72422165368266,9.19424808117897,0.0742455415725612,0.213455932021114,0.01375,0.011,0.01375,0.01375,0,0,0,0
12/06/2005,0.00481217864664195,0.1,13.076754880842,38.1457209398259,282.914549309573,0,7.43259412723942,29.7303765089577,2.21227034652936,0,400,25,19.8202510059718,66.8933471451548,0.931482251170259,2.67801147211449,0.01375,0.011,0.01375,0.01375,0,0,0,0
13/06/2005,0.00384951701304488,0.1,12.9689966003261,37.6022358118421,284.258109584525,0,6.85541435906151,27.421657436246,2.01021515797224,0,400,25,18.2811049574974,61.6987292315536,0.8464063823041,2.43341834912429,0.01375,0.011,0.01375,0.01375,0,0,0,0
14/06/2005,0.00272143813574747,0.1,12.8627276035769,36.9049848569136,285.600779395208,0,7.20508646351128,28.8203458540451,2.14066841214703,0,400,25,19.2135639026967,64.8457781716015,0.901334068272432,2.59133544628324,0.01375,0.011,0.01375,0.01375,0,0,0,0
15/06/2005,0.00215786104348108,0.1,12.7579793484726,36.1287319728393,286.942161282863,0,6.64510627324273,26.5804250929709,1.94657021075514,0,400,25,17.720283395314,59.8059564591846,0.819608509791639,2.35637446565096,0.01375,0.011,0.01375,0.01375,0,0,0,0
16/06/2005,0.000184839145332644,0.1,12.6547828427194,6,288.281858169988,0,0.89054785052622,3.56219140210488,0.1335001268694,0,400,25,2.37479426806992,8.01493065473598,0.0562105797344844,0.161605416736643,0.01375,0.011,0.01375,0.01375,0,0,0,0
17/06/2005,0.000196272360209189,0.1,12.5531686346731,6,289.619473477875,0,0.926713113506061,3.70685245402424,0.145321890252058,0,400,25,2.4712349693495,8.34041802155455,0.061188164316656,0.175915972410386,0.01375,0.011,0.01375,0.01375,0,0,0,0
18/06/2005,0.00019946338635502,0.1,12.4531668042954,6,290.954611244008,0,0.936198674547851,3.7447946981914,0.148422546764643,0,400,25,2.49652979879427,8.42578807093066,0.0624937039009023,0.179669398715094,0.01375,0.011,0.01375,0.01375,0,0,0,0
19/06/2005,0.000198518937660933,0.1,12.3548069542502,6,292.286876239276,0,0.933720409880258,3.73488163952103,0.147612447346419,0,400,25,2.48992109301402,8.40348368892232,0.0621526094090186,0.178688752050928,0.01375,0.011,0.01375,0.01375,0,0,0,0
20/06/2005,0.000176754524865646,0.1,12.2581182011404,6,293.61587408497,0,0.864003598613376,3.4560143944535,0.1248232961366,0,400,25,2.30400959630234,7.77603238752038,0.0525571773206735,0.151101884796936,0.01375,0.011,0.01375,0.01375,0,0,0,0
21/06/2005,0.000179825488388958,0.1,12.1631291668888,6,294.941211369524,0,0.875722601520234,3.50289040608094,0.128654023968519,0,400,25,2.33526027072062,7.88150341368211,0.0541701153551659,0.155739081646102,0.01375,0.011,0.01375,0.01375,0,0,0,0
22/06/2005,0.000191255569318728,0.1,12.0698679702651,6,296.262495764978,0,0.913848746834237,3.65539498733695,0.141116763942128,0,400,25,2.43692999155796,8.22463872150813,0.0594175848177383,0.170825556350997,0.01375,0.011,0.01375,0.01375,0,0,0,0
23/06/2005,0.000223597886343031,0.1,11.9783622185626,6,297.579336143113,0,0.999281036856121,3.99712414742448,0.169043017884766,0,400,25,2.66474943161632,8.99352933170509,0.0711760075304277,0.20463102164998,0.01375,0.011,0.01375,0.01375,0,0,0,0
24/06/2005,0.00524626384219234,0.1,11.8886389994256,38.3458282515914,298.891342691233,0,7.46662582795592,29.8665033118237,2.22289079697519,0,400,25,19.9110022078825,67.1996324516033,0.935954019779029,2.69086780686471,0.01375,0.011,0.01375,0.01375,0,0,0,0
25/06/2005,0.00593553906628612,0.1,11.8007248728309,38.4916340619181,300.198127027558,0,7.1552710000448,28.6210840001792,2.11043586499006,0,400,25,19.0807226667861,64.3974390004032,0.888604574732657,2.55473815235639,0.01375,0.011,0.01375,0.01375,0,0,0,0
26/06/2005,0.00564304337701991,0.1,11.7146458632257,38.4414463244835,301.499302316194,0,7.36079845859121,29.4431938343649,2.18431072734922,0,400,25,19.6287958895766,66.2471861273209,0.919709779936515,2.64416561731748,0.01375,0.011,0.01375,0.01375,0,0,0,0
27/06/2005,0.00948569979214736,0.1,11.6304274518233,39.0466871730886,302.794483381644,0,7.4123945883187,29.6495783532748,2.20307586193196,0,400,25,19.7663855688499,66.7115512948683,0.92761088923451,2.66688130654922,0.01375,0.011,0.01375,0.01375,0,0,0,0
28/06/2005,0.01407902296421,0.1,11.5480945690608,39.3551591972825,304.083286822828,0,7.43708308514025,29.748332340561,2.23319451723064,0,400,25,19.832221560374,66.9337477662623,0.94029242830764,2.70334073138446,0.01375,0.011,0.01375,0.01375,0,0,0,0
29/06/2005,0.00888715147781793,0.1,11.4676715872185,39.0168815260786,305.365331126578,0,7.25414967962472,29.0165987184989,2.1416419673184,0,400,25,19.3443991456659,65.2873471166225,0.901743986239326,2.59251396043806,0.01375,0.011,0.01375,0.01375,0,0,0,0
30/06/2005,0.0254729547359997,0.1,11.3891823132057,37.6551998450184,306.640236780576,0,6.94377567729653,27.7751027091861,2.04883016586164,0,400,25,18.5167351394574,62.4939810956688,0.862665332994375,2.48016283235883,0.01375,0.011,0.01375,0.01375,0,0,0,0
01/07/2005,0.227468520323377,0.1,11.3126499815131,38.5512178663168,307.907626385693,0,5.01625470546331,20.0650188218532,1.36053942275462,0,400,25,13.3766792145688,45.1462923491698,0.572858704317733,1.64696877491348,0.01375,0.011,0.01375,0.01375,0,0,0,0
02/07/2005,0.303447950398301,0.1,11.238097247335,38.2000619724654,309.167124767712,0,3.99745485146063,15.9898194058425,0.998385347963826,0,400,25,10.659879603895,35.9770936631456,0.420372778090032,1.20857173700884,0.01375,0.011,0.01375,0.01375,0,0,0,0
03/07/2005,0.0164440464688523,0.1,11.1655461798626,13.7748705287883,310.418359088383,0,1.80644880583519,7.22579522334076,0.384838534003819,0,400,25,4.81719681556051,16.2580392525167,0.162037277475292,0.465857172741465,0.01375,0.011,0.01375,0.01375,0,0,0,0
04/07/2005,0.0104855937721306,0.1,11.0950182557516,6,311.660958955797,0,1.47416327049675,5.896653081987,0.324273339418907,0,400,25,3.931102054658,13.2674694344707,0.136536142913224,0.392541410875519,0.01375,0.011,0.01375,0.01375,0,0,0,0
05/07/2005,0.00857784525306388,0.1,11.026534352764,6,312.894556534024,0,1.50130214948319,6.00520859793274,0.333144542872538,0,400,25,4.00347239862183,13.5117193453487,0.140271386472647,0.403280236108861,0.01375,0.011,0.01375,0.01375,0,0,0,0
06/07/2005,0.00705709059064556,0.1,10.9601147435886,6,314.118786652004,0,1.52964012644049,6.11856050576194,0.342407709533849,0,400,25,4.07904033717463,13.7667611379644,0.144171667172147,0.414493543119922,0.01375,0.011,0.01375,0.01375,0,0,0,0
07/07/2005,0.00771677075115338,0.1,10.8957790898389,14.1655235376101,315.333286911643,0,3.05159700639163,12.2063880255665,0.82454741839226,0,400,25,8.13759201704435,27.4643730575247,0.347177860375688,0.998136348580104,0.01375,0.011,0.01375,0.01375,0,0,0,0
08/07/2005,0.00635226140312667,0.1,10.8335464362339,13.8462820235859,316.53769779509,0,2.90151702070919,11.6060680828368,0.772254457580338,0,400,25,7.73737872189119,26.1136531863828,0.325159771612774,0.934834343386724,0.01375,0.011,0.01375,0.01375,0,0,0,0
09/07/2005,0.00780373965559066,0.1,10.7734352049594,22.5573352393881,317.731662771168,0,4.6232463883328,18.4929855533312,1.32259350650129,0,400,25,12.3286570355541,41.6092174949952,0.556881476421597,1.60103424471209,0.01375,0.011,0.01375,0.01375,0,0,0,0
10/07/2005,0.00733657342783823,0.1,10.7154631902157,24.3891399933139,318.914828400906,0,4.7636504937001,19.0546019748004,1.35878741842148,0,400,25,12.7030679832003,42.8728544433009,0.57212101828273,1.64484792756285,0.01375,0.011,0.01375,0.01375,0,0,0,0
11/07/2005,0.00360335646830238,0.1,10.6596475529492,13.2164612755002,320.086844442171,0,2.87385675380398,11.4954270152159,0.764989557460337,0,400,25,7.66361801014396,25.8647107842359,0.322100866299089,0.926039990609881,0.01375,0.011,0.01375,0.01375,0,0,0,0
12/07/2005,0.00244653379252753,0.1,10.6060048157731,6,321.247363953343,0,1.71259860094541,6.85039440378164,0.402213490447286,0,400,25,4.56692960252109,15.4133874085087,0.169353048609384,0.486890014751978,0.01375,0.011,0.01375,0.01375,0,0,0,0
13/07/2005,0.00598931508218239,0.1,10.5545508580758,28.2264708207649,322.396043396021,0,5.69225707581097,22.7690283032439,1.66142677829744,0,400,25,15.1793522021626,51.2303136822987,0.699548117177869,2.01120083688637,0.01375,0.011,0.01375,0.01375,0,0,0,0
14/07/2005,0.00487764369101579,0.1,10.5053009113207,27.4523464674018,323.532542736714,0,5.24792864031368,20.9917145612547,1.50793115186748,0,400,25,13.9944763741698,47.2313577628232,0.634918379733678,1.82539034173432,0.01375,0.011,0.01375,0.01375,0,0,0,0
15/07/2005,0.0015547563781577,0.1,10.4582695545372,6,324.656525547499,0,1.8035724298822,7.21428971952879,0.431951172164257,0,400,25,4.80952647968586,16.2321518689398,0.181874177753372,0.522888261040943,0.01375,0.011,0.01375,0.01375,0,0,0,0
16/07/2005,0.00132899682337941,0.1,10.4134707100049,6,325.767659105614,0,1.83857410159685,7.35429640638738,0.443392578832271,0,400,25,4.90286427092492,16.5471669143716,0.186691612139904,0.536738384902223,0.01375,0.011,0.01375,0.01375,0,0,0,0
17/07/2005,0.00115058019661794,0.1,10.3709176391324,6,326.865614491947,0,1.8714980878902,7.48599235156078,0.454154828115259,0,400,25,4.99066156770719,16.8434827910118,0.191223085522214,0.549766370876366,0.01375,0.011,0.01375,0.01375,0,0,0,0
18/07/2005,0.00103770861367254,0.1,10.3306229385318,6,327.950066688404,0,1.89062458199638,7.56249832798551,0.460406929414484,0,400,25,5.04166555199034,17.0156212379674,0.193855549227151,0.55733470402806,0.01375,0.011,0.01375,0.01375,0,0,0,0
19/07/2005,0.000968497757282263,0.1,10.2925985362894,6,329.020694674121,0,1.89662044948495,7.5864817979398,0.46236686889462,0,400,25,5.05765453195987,17.0695840453646,0.194680786902998,0.559707262346119,0.01375,0.011,0.01375,0.01375,0,0,0,0
20/07/2005,0.000897273589632365,0.1,10.2568556884352,6,330.077181520497,0,1.90546023846098,7.62184095384391,0.465256434323343,0,400,25,5.08122730256261,17.1491421461488,0.195897446030881,0.563205157338783,0.01375,0.011,0.01375,0.01375,0,0,0,0
21/07/2005,0.000820527978651533,0.1,10.2234049756106,6,331.119214485005,0,1.91996832656042,7.67987330624169,0.469998863121441,0,400,25,5.11991553749446,17.2797149390438,0.197894258156396,0.568945992199639,0.01375,0.011,0.01375,0.01375,0,0,0,0
22/07/2005,0.00075195535097157,0.1,10.1922562999366,6,332.146485103776,0,1.93445442432902,7.73781769731607,0.474734103682358,0,400,25,5.15854513154405,17.4100898189612,0.19988804365573,0.574678125510223,0.01375,0.011,0.01375,0.01375,0,0,0,0
23/07/2005,0.000701653895053441,0.1,10.1634188820821,6,333.158689282906,0,1.94209443029441,7.76837772117764,0.477231481976422,0,400,25,5.17891848078509,17.4788498726497,0.200939571358493,0.577701267655668,0.01375,0.011,0.01375,0.01375,0,0,0,0
24/07/2005,0.000647082352122981,0.1,10.1369012585347,6,334.155527388481,0,1.95581724617181,7.82326898468722,0.48171721963957,0,400,25,5.21551265645815,17.6023552155463,0.202828303006135,0.583131371142638,0.01375,0.011,0.01375,0.01375,0,0,0,0
25/07/2005,0.000578455305330217,0.1,10.1127112790737,6,335.136704335266,0,1.98549684183812,7.94198736735248,0.491418936932645,0,400,25,5.29465824490166,17.8694715765431,0.206913236603219,0.594875555234255,0.01375,0.011,0.01375,0.01375,0,0,0,0
26/07/2005,0.000560691858582165,0.1,10.0908561044464,6,336.101929674065,0,1.9783782448633,7.91351297945321,0.489091997706468,0,400,25,5.27567531963548,17.8054042037697,0.205933472718513,0.592058734065725,0.01375,0.011,0.01375,0.01375,0,0,0,0
27/07/2005,0.000576254979105285,0.1,10.0713422042482,6,337.050917677694,0,1.9458178900276,7.78327156011038,0.478448612899957,0,400,25,5.18884770674026,17.5123610102484,0.201452047536824,0.57917463666837,0.01375,0.011,0.01375,0.01375,0,0,0,0
28/07/2005,0.000558182682301055,0.1,10.0541753550077,6,337.983387425568,0,1.94133758577254,7.76535034309016,0.476984083337015,0,400,25,5.17690022872677,17.4720382719529,0.200835403510322,0.577401785092175,0.01375,0.011,0.01375,0.01375,0,0,0,0
29/07/2005,0.00054302460742112,0.1,10.0393606384765,6,338.899062886852,0,1.93590036452286,7.74360145809144,0.47520675510056,0,400,25,5.16240097206096,17.4231032807057,0.200087054779183,0.575250282490152,0.01375,0.011,0.01375,0.01375,0,0,0,0
30/07/2005,0.000526109977454134,0.1,10.0269024401251,6,339.797673002179,0,1.93310079805015,7.7324031922006,0.474291627995502,0,400,25,5.15493546146706,17.3979071824513,0.199701738103369,0.574142497047187,0.01375,0.011,0.01375,0.01375,0,0,0,0
31/07/2005,0.000519405654860929,0.1,10.0168044478446,6,340.678951763886,0,1.92318683046162,7.6927473218465,0.471050933213877,0,400,25,5.12849821456433,17.3086814741546,0.198337235037422,0.570219550732588,0.01375,0.011,0.01375,0.01375,0,0,0,0
01/08/2005,0.00051842225171243,0.1,10.0090696508551,6,341.542638294759,0,1.90977644844936,7.63910579379744,0.466667324470083,0,400,25,5.09273719586496,17.1879880360442,0.196491505040035,0.5649130769901,0.01375,0.011,0.01375,0.01375,0,0,0,0
02/08/2005,0.000498064476028353,0.1,10.0037003388204,6,342.388476925256,0,1.91262348115045,7.6504939246018,0.467597967417536,0,400,25,5.10032928306787,17.2136113303541,0.19688335470212,0.566039644768596,0.01375,0.011,0.01375,0.01375,0,0,0,0
03/08/2005,0.000478768834200683,0.1,10.000698101171,6,343.216217269194,0,1.91586734053013,7.66346936212051,0.468658325752398,0,400,25,5.10897957474701,17.2428060647711,0.197329821369431,0.567323236437113,0.01375,0.011,0.01375,0.01375,0,0,0,0
04/08/2005,0.000481015408413408,0.1,10.0000638266329,6,344.025614297865,0,1.9018345572119,7.60733822884758,0.464071265398912,0,400,25,5.07155881923172,17.1165110149071,0.195398427536384,0.561770479167103,0.01375,0.011,0.01375,0.01375,0,0,0,0
05/08/2005,0.000475707149149134,0.1,10.0017977029648,6,344.816428412574,0,1.89481777497057,7.57927109988229,0.461777607547984,0,400,25,5.05284739992153,17.0533599747352,0.194432676862309,0.558993945979139,0.01375,0.011,0.01375,0.01375,0,0,0,0
06/08/2005,0.000483388390647219,0.1,10.0058992169025,6,345.588425515561,0,1.87812550533778,7.51250202135114,0.456321209732535,0,400,25,5.00833468090076,16.9031295480401,0.192135246203173,0.552388832834122,0.01375,0.011,0.01375,0.01375,0,0,0,0
07/08/2005,0.000450208078026468,0.1,10.0123671543109,6,346.341377079302,0,1.89487774344245,7.57951097376979,0.461797210145242,0,400,25,5.05300731584653,17.053899690982,0.19444093058747,0.559017675438978,0.01375,0.011,0.01375,0.01375,0,0,0,0
08/08/2005,0.000462903180401438,0.1,10.0211996005432,6,347.075060214155,0,1.87448135096427,7.49792540385706,0.455130002281407,0,400,25,4.99861693590471,16.8703321586784,0.191633685171119,0.550946844866966,0.01375,0.011,0.01375,0.01375,0,0,0,0
09/08/2005,0.000413910351719719,0.1,10.032393941008,6,347.789257734344,0,1.90767872422639,7.63071489690556,0.46598161676709,0,400,25,5.08714326460371,17.1691085180375,0.196202786007196,0.564083009770688,0.01375,0.011,0.01375,0.01375,0,0,0,0
10/08/2005,0.000410666694089732,0.1,10.0459468619428,6,348.483758222246,0,1.90093312395286,7.60373249581143,0.463776603344344,0,400,25,5.06915499720762,17.1083981155757,0.195274359302882,0.561413782995785,0.01375,0.011,0.01375,0.01375,0,0,0,0
11/08/2005,0.000428319478342623,0.1,10.0618543513956,6,349.15835609098,0,1.87560604725477,7.50242418901907,0.455497644939807,0,400,25,5.00161612601272,16.8804544252929,0.191788482079919,0.551391885979767,0.01375,0.011,0.01375,0.01375,0,0,0,0
12/08/2005,0.000466830687966806,0.1,10.0801117004118,6,349.812851645262,0,1.83718632519995,7.34874530079979,0.442938940096081,0,400,25,4.89916353386653,16.5346769267995,0.186500606356245,0.536189243274204,0.01375,0.011,0.01375,0.01375,0,0,0,0
13/08/2005,0.000460019104133747,0.1,10.1007135044287,6,350.447051140518,0,1.83428205308048,7.33712821232191,0.441989586629071,0,400,25,4.89141880821461,16.5085384777243,0.186100878580662,0.535040025919402,0.01375,0.011,0.01375,0.01375,0,0,0,0
14/08/2005,0.000411993590720916,0.1,10.1236536648752,6,351.06076684024,0,1.86406421128761,7.45625684515045,0.451724829741942,0,400,25,4.97083789676697,16.7765779015885,0.190199928312397,0.54682479389814,0.01375,0.011,0.01375,0.01375,0,0,0,0
15/08/2005,0.000359942643963596,0.1,10.1489253909769,6,351.653817071558,0,1.90643103726639,7.62572414906557,0.465573770707048,0,400,25,5.08381609937704,17.1578793353975,0.196031061350336,0.563589301382216,0.01375,0.011,0.01375,0.01375,0,0,0,0
16/08/2005,0.000432014877356873,0.1,10.1765212017667,6,352.226026279017,0,1.8322147306354,7.32885892254161,0.441313816711541,0,400,25,4.88590594836107,16.4899325757186,0.185816343878544,0.534221988650813,0.01375,0.011,0.01375,0.01375,0,0,0,0
17/08/2005,0.000421477175368994,0.1,10.206432928299,6,352.777225076551,0,1.83284333321521,7.33137333286085,0.441519295404297,0,400,25,4.88758222190724,16.4955899989369,0.185902861222862,0.534470726015728,0.01375,0.011,0.01375,0.01375,0,0,0,0
18/08/2005,0.000411005549147881,0.1,10.2386517160679,6,353.307250297619,0,1.83364308119515,7.3345723247806,0.441780718399889,0,400,25,4.88971488318707,16.5027877307564,0.186012934063111,0.534787185431445,0.01375,0.011,0.01375,0.01375,0,0,0,0
19/08/2005,0.000433665503185846,0.1,10.2731680276286,6,353.815945043506,0,1.80960554409842,7.23842217639368,0.433923286918808,0,400,25,4.82561478426246,16.2864498968858,0.182704541860551,0.525275557849083,0.01375,0.011,0.01375,0.01375,0,0,0,0
20/08/2005,0.00151624692279038,0.1,10.3099716454204,29.7799791157146,354.303158729775,0,6.0331902967552,24.1327611870208,1.77097319601107,0,400,25,16.0885074580139,54.2987126707969,0.745672924636238,2.14380965832919,0.01375,0.011,0.01375,0.01375,0,0,0,0
21/08/2005,0.00124914261379943,0.1,10.3490516747915,27.9827446593658,354.768747130835,0,5.44153187871989,21.7661275148795,1.57230211573342,0,400,25,14.5107516765864,48.973786908479,0.662021943466702,1.90331308746677,0.01375,0.011,0.01375,0.01375,0,0,0,0
22/08/2005,0.00040682197460286,0.1,10.3903965472238,6,355.212572422639,0,1.80824219995798,7.23296879983191,0.433477634640642,0,400,25,4.82197919988794,16.2741797996218,0.18251689879606,0.524736084038672,0.01375,0.011,0.01375,0.01375,0,0,0,0
23/08/2005,0.000837880627336093,0.1,10.4339940237578,22.7050430809378,355.634503223483,0,4.80535729295337,19.2214291718135,1.38275764359555,0,400,25,12.8142861145423,43.2482156365803,0.582213744671812,1.67386451593146,0.01375,0.011,0.01375,0.01375,0,0,0,0
24/08/2005,0.000767940089598279,0.1,10.4798311986152,20.2363863748091,356.034414632895,0,4.14013830558558,16.5605532223423,1.16365785829705,0,400,25,11.0403688148949,37.2612447502702,0.489961203493496,1.4086384600438,0.01375,0.011,0.01375,0.01375,0,0,0,0
25/08/2005,0.000421619002170224,0.1,10.5278945030197,6,356.412188268613,0,1.7781093170344,7.11243726813762,0.423627746029065,0,400,25,4.74162484542508,16.0029838533096,0.178369577275396,0.512812534666762,0.01375,0.011,0.01375,0.01375,0,0,0,0
26/08/2005,0.000386635749092593,0.1,10.5781697092131,6,356.767712301624,0,1.79577270121206,7.18309080484824,0.429401583437675,0,400,25,4.78872720323216,16.1619543109086,0.1808006667106,0.519801916792975,0.01375,0.011,0.01375,0.01375,0,0,0,0
27/08/2005,0.000426092539126384,0.1,10.6306419346675,6,357.10088148927,0,1.76283478775947,7.0513391510379,0.418634781620916,0,400,25,4.7008927673586,15.8655130898353,0.176267276471964,0.506768419856898,0.01375,0.011,0.01375,0.01375,0,0,0,0
28/08/2005,0.000387015569231792,0.1,10.6852956464909,6,357.4115972064,0,1.78199399225331,7.12797596901323,0.424897575347932,0,400,25,4.75198397934215,16.0379459302798,0.178904242251761,0.514349696473812,0.01375,0.011,0.01375,0.01375,0,0,0,0
29/08/2005,0.000364387340182889,0.1,10.7421146660246,6,357.69976747457,0,1.79225129943842,7.16900519775368,0.428250501567582,0,400,25,4.77933679850246,16.1302616949458,0.180316000660035,0.518408501897599,0.01375,0.011,0.01375,0.01375,0,0,0,0
30/08/2005,0.000338757916380788,0.1,10.8010821736331,6,357.965306989265,0,1.81237910932028,7.24951643728114,0.434829914690256,0,400,25,4.83301095818742,16.3114119838826,0.183086279869581,0.526373054625046,0.01375,0.011,0.01375,0.01375,0,0,0,0
31/08/2005,0.000350758824885374,0.1,10.862180713683,6,358.208137145153,0,1.79983029738733,7.19932118954934,0.430727937456259,0,400,25,4.79954745969956,16.198472676486,0.18135913156053,0.521407503236524,0.01375,0.011,0.01375,0.01375,0,0,0,0
01/09/2005,0.000367384863258727,0.1,10.9253921997097,6,358.428186059355,0,1.78380624751844,7.13522499007375,0.425489968466857,0,400,25,4.75681666004917,16.0542562276659,0.179153670933413,0.515066803933563,0.01375,0.011,0.01375,0.01375,0,0,0,0
02/09/2005,0.000359172004470875,0.1,10.9906979197721,6,358.625388592724,0,1.7874832458143,7.14993298325719,0.426691911995826,0,400,25,4.76662198883813,16.0873492123287,0.179659752419295,0.516521788205473,0.01375,0.011,0.01375,0.01375,0,0,0,0
03/09/2005,0.000414188678321487,0.1,11.0580785419912,6,358.799686369124,0,1.74606351624434,6.98425406497737,0.413152559534249,0,400,25,4.65616937665158,15.7145716461991,0.173958972435473,0.500132045751986,0.01375,0.011,0.01375,0.01375,0,0,0,0
04/09/2005,0.00667066776296565,0.1,11.1275141202729,37.6147033224738,358.951027792715,0,7.3581336988829,29.4325347955316,2.18852052010692,0,400,25,19.6216898636877,66.2232032899461,0.921482324255546,2.64926168223469,0.01375,0.011,0.01375,0.01375,0,0,0,0
05/09/2005,0.00846554270950019,0.1,11.1989841002127,38.1456114461483,359.079368063225,0,7.17505217023414,28.7002086809366,2.11917077350951,0,400,25,19.1334724539577,64.5754695321072,0.892282430951373,2.5653119889852,0.01375,0.011,0.01375,0.01375,0,0,0,0
06/09/2005,0.00287427646772422,0.1,11.2724673251798,34.785424602832,359.184669189209,0,6.47575660247298,25.9030264098919,1.89362169444427,0,400,25,17.2686842732613,58.2818094222568,0.797314397660747,2.29227889327465,0.01375,0.011,0.01375,0.01375,0,0,0,0
07/09/2005,0.000336975495276543,0.1,11.3479420425803,6,359.2668999993,0,1.78087569581751,7.12350278327004,0.424532024685048,0,400,25,4.74900185551336,16.0278812623576,0.178750326183178,0.513907187776637,0.01375,0.011,0.01375,0.01375,0,0,0,0
08/09/2005,0.000350412501216715,0.1,11.4253859102962,6,359.326036151433,0,1.76639477910958,7.06557911643832,0.419798477718155,0,400,25,4.71038607762555,15.8975530119862,0.176757253776065,0.508177104606187,0.01375,0.011,0.01375,0.01375,0,0,0,0
09/09/2005,0.00120065940577803,0.1,11.5047760032994,29.5215630835492,359.362060140052,0,6.01712405633782,24.0684962253513,1.7668971971831,0,400,25,16.0456641502342,54.1541165070404,0.743956714603411,2.13887555448481,0.01375,0.011,0.01375,0.01375,0,0,0,0
10/09/2005,0.00117994754948766,0.1,11.5860888204375,29.8975223666017,359.374961301293,0,5.89574580048156,23.5829832019262,1.72049936650011,0,400,25,15.7219888012841,53.061712204334,0.724420785894785,2.08270975944751,0.01375,0.011,0.01375,0.01375,0,0,0,0
11/09/2005,0.00667041107398663,0.1,11.6693002913912,37.9753219657042,359.364735816136,0,7.46283012824597,29.8513205129839,2.22314566324127,0,400,25,19.9008803419893,67.1654711542137,0.936061331891063,2.69117632918681,0.01375,0.011,0.01375,0.01375,0,0,0,0
12/09/2005,0.00561806682418913,0.1,11.7543857837993,37.486780789936,359.331386711544,0,6.96749101276242,27.8699640510497,2.04970279145191,0,400,25,18.5799760340331,62.7074191148618,0.863032754295542,2.48121916859968,0.01375,0.011,0.01375,0.01375,0,0,0,0
13/09/2005,0.000639349733181149,0.1,11.8413201105505,22.0561244580878,359.274923859559,0,4.52001415763744,18.0800566305497,1.28520225638815,0,400,25,12.0533710870332,40.6801274187369,0.54113779216343,1.55577115246986,0.01375,0.011,0.01375,0.01375,0,0,0,0
14/09/2005,0.00117440600833135,0.1,11.9300775372393,29.9508386368545,359.195363974383,0,6.10472240294774,24.418889611791,1.79495201850501,0,400,25,16.279259741194,54.9425016265297,0.755769270949479,2.17283665397975,0.01375,0.011,0.01375,0.01375,0,0,0,0
15/09/2005,0.000927060259772389,0.1,12.0206317897838,28.3141564207522,359.09273060743,0,5.60249801080608,22.4099920432243,1.62660975575387,0,400,25,14.9399946954829,50.4224820972547,0.684888318212158,1.96905391485995,0.01375,0.011,0.01375,0.01375,0,0,0,0
16/09/2005,0.000385057106988739,0.1,12.1129560622039,6,358.967054140356,0,1.72124270426957,6.8849708170783,0.405039089813464,0,400,25,4.58998054471887,15.4911843384262,0.170542774658301,0.490310477142615,0.01375,0.011,0.01375,0.01375,0,0,0,0
17/09/2005,0.00942971146847387,0.1,12.2070230245555,38.5916664704338,358.818371776061,0,7.57092563936385,30.2837025574554,2.25736876024346,0,400,25,20.1891350383036,68.1383307542747,0.950471056944613,2.73260428871576,0.01375,0.011,0.01375,0.01375,0,0,0,0
18/09/2005,0.00882736148903378,0.1,12.3028048310218,38.4085915622178,358.646727527679,0,7.12143461717466,28.4857384686986,2.09807814877276,0,400,25,18.9904923124658,64.0929115545719,0.883401325799056,2.53977881167229,0.01375,0.011,0.01375,0.01375,0,0,0,0
19/09/2005,0.00133926735375173,0.1,12.4002731281556,30.6918537929105,358.452172205552,0,5.86900238273853,23.4760095309541,1.70613091333512,0,400,25,15.6506730206361,52.8210214446468,0.718370910877947,2.0653163687741,0.01375,0.011,0.01375,0.01375,0,0,0,0
20/09/2005,0.000967761384382615,0.1,12.4993990632724,27.8396941926897,358.234763402183,0,5.70642388921014,22.8256955568406,1.66823726774135,0,400,25,15.217130371227,51.3578150028913,0.702415691680567,2.01944511358163,0.01375,0.011,0.01375,0.01375,0,0,0,0
21/09/2005,0.00223031350350036,0.1,12.600153292992,34.4914985467631,357.994565475191,0,6.77068079006006,27.0827231602402,2.00090891783164,0,400,25,18.0551487734935,60.9361271105405,0.842487965402795,2.42215290053303,0.01375,0.011,0.01375,0.01375,0,0,0,0
22/09/2005,0.00140128356849524,0.1,12.7025059919243,31.4294890842798,357.73164952826,0,6.00487167115775,24.019486684631,1.7492850418429,0,400,25,16.0129911230873,54.0438450404198,0.736541070249641,2.11755557696772,0.01375,0.011,0.01375,0.01375,0,0,0,0
23/09/2005,0.00025425164661667,0.1,12.8064268614986,6,357.446093390089,0,1.79624572834263,7.18498291337053,0.429556207359927,0,400,25,4.78998860891369,16.1662115550837,0.180865771519969,0.519989093119911,0.01375,0.011,0.01375,0.01375,0,0,0,0
24/09/2005,0.000280441926959623,0.1,12.9118851389321,6,357.137981591355,0,1.76501939583701,7.06007758334803,0.419348890067765,0,400,25,4.70671838889868,15.8851745625331,0.176567953712743,0.507632866924137,0.01375,0.011,0.01375,0.01375,0,0,0,0
25/09/2005,0.000319453132153171,0.1,13.0188496063369,6,356.807405339689,0,1.72902857804878,6.9161143121951,0.407584149629462,0,400,25,4.61074287479674,15.561257202439,0.171614378791352,0.493391339025138,0.01375,0.011,0.01375,0.01375,0,0,0,0
26/09/2005,0.0125664877513226,0.1,13.1272885999607,38.9228164496697,356.454462492675,0,7.5966052869106,30.3864211476424,2.26422336295303,0,400,25,20.2576140984283,68.3694475821954,0.953357205453908,2.74090196567999,0.01375,0.011,0.01375,0.01375,0,0,0,0
27/09/2005,0.0241257955418418,0.1,13.2371700195604,39.4284423109208,356.079257528887,0,7.46273313099579,29.8509325239832,2.21265894454975,0,400,25,19.9006216826554,67.1645981789622,0.93164587138937,2.67848188024444,0.01375,0.011,0.01375,0.01375,0,0,0,0
28/09/2005,0.0115660103743549,0.1,13.3484613379039,38.8190104967392,355.681901516956,0,7.0356298003209,28.1425192012836,2.06444597892824,0,400,25,18.7616794675224,63.3206682028881,0.869240412180311,2.49906618501839,0.01375,0.011,0.01375,0.01375,0,0,0,0
29/09/2005,0.00703800649127167,0.1,13.4611296103994,35.6572969981307,355.262512082693,0,6.96487999251464,27.8595199700585,2.06424894101985,0,400,25,18.5730133133724,62.6839199326317,0.869157448850462,2.49882766544508,0.01375,0.011,0.01375,0.01375,0,0,0,0
30/09/2005,0.00562450126843289,0.1,13.5751414848473,35.0470115049931,354.82121337427,0,6.43184741449853,25.7273896579941,1.87828392187347,0,400,25,17.1515931053294,57.8866267304867,0.790856388157252,2.2737121159521,0.01375,0.011,0.01375,0.01375,0,0,0,0
01/10/2005,0.000598687050344605,0.1,13.6904632113135,6,354.35813602547,0,1.19513447706282,4.78053790825129,0.233063927371688,0,400,25,3.18702527216753,10.7562102935654,0.0981321799459737,0.282130017344674,0.01375,0.011,0.01375,0.01375,0,0,0,0
02/10/2005,0.000473768435783406,0.1,13.8070606521197,6,353.873417117015,0,1.21039591623648,4.8415836649459,0.238052612865011,0,400,25,3.22772244329727,10.8935632461283,0.100232679101057,0.288168952415539,0.01375,0.011,0.01375,0.01375,0,0,0,0
03/10/2005,0.000371692562988413,0.1,13.9248992919492,6,353.367200135988,0,1.22778146085637,4.91112584342548,0.243735629600976,0,400,25,3.27408389561699,11.0500331477073,0.102625528253043,0.295048393727497,0.01375,0.011,0.01375,0.01375,0,0,0,0
04/10/2005,0.000463188797665048,0.1,14.0439442480639,6,352.839634933357,0,1.36322090563236,5.45288362252946,0.288008308323452,0,400,25,3.63525574835297,12.2689881506913,0.12126665613619,0.348641636391547,0.01375,0.011,0.01375,0.01375,0,0,0,0
05/10/2005,0.000217922637746175,0.1,14.1641602806307,6,352.290877679617,0,1.73558265992011,6.94233063968043,0.409726559187402,0,400,25,4.62822042645362,15.620243939281,0.172516445973643,0.495984782174224,0.01375,0.011,0.01375,0.01375,0,0,0,0
06/10/2005,0.000256536015999322,0.1,14.2855118031529,6,351.721090818561,0,1.69762903241361,6.79051612965445,0.397320212131515,0,400,25,4.52701075310296,15.2786612917225,0.16729272089748,0.480966572580256,0.01375,0.011,0.01375,0.01375,0,0,0,0
07/10/2005,0.000253759560347335,0.1,14.4079628930047,6,351.13044301919,0,1.69638429721668,6.78553718886673,0.396913330948863,0,400,25,4.52369145924449,15.2674586749501,0.167121402504785,0.480474032201256,0.01375,0.011,0.01375,0.01375,0,0,0,0
08/10/2005,0.00729656932912278,0.1,14.5314773020651,38.418782809311,350.519109125787,0,7.55429405561333,30.2171762224533,2.25273171242652,0,400,25,20.1447841483022,67.98864650052,0.948518615758534,2.72699102030579,0.01375,0.011,0.01375,0.01375,0,0,0,0
09/10/2005,0.00582347885167563,0.1,14.6560184674478,37.8711549898749,349.887270106158,0,6.98088956924644,27.9235582769858,2.05185783762128,0,400,25,18.6157055179905,62.828006123218,0.863940142156328,2.48382790869944,0.01375,0.011,0.01375,0.01375,0,0,0,0
10/10/2005,0.0001661532082886,0.1,14.7815495223251,6,349.235112998059,0,1.78475998241912,7.13903992967648,0.425801726972026,0,400,25,4.75935995311766,16.0628398417721,0.179284937672432,0.515444195808242,0.01375,0.011,0.01375,0.01375,0,0,0,0
11/10/2005,0.00015868638990203,0.1,14.908033306841,6,348.562830853834,0,1.79534817465282,7.18139269861128,0.429262813465622,0,400,25,4.78759513240752,16.1581335718754,0.180742237248683,0.519633932089964,0.01375,0.011,0.01375,0.01375,0,0,0,0
12/10/2005,0.000297250357231938,0.1,15.0354323791111,6,347.870622683264,0,1.65663428536573,6.62653714146293,0.383919778687907,0,400,25,4.41769142764195,14.9097085682916,0.161650433131751,0.464744995253783,0.01375,0.011,0.01375,0.01375,0,0,0,0
13/10/2005,0.000245113384930667,0.1,15.1637090263067,6,347.158693394657,0,1.68494565651359,6.73978262605434,0.393174248396453,0,400,25,4.49318841736956,15.1645109086223,0.165547051956401,0.475947774374654,0.01375,0.011,0.01375,0.01375,0,0,0,0
14/10/2005,0.00347963847530441,0.1,15.292825275818,37.0313638753735,346.427253734189,0,7.33305326663705,29.3322130665482,2.1836307883689,0,400,25,19.5548087110321,65.9974793997334,0.919423489839537,2.64334253328867,0.01375,0.011,0.01375,0.01375,0,0,0,0
15/10/2005,0.00281854973970284,0.1,15.4227429064953,35.9626528466896,345.676520223521,0,6.69691782794918,26.7876713117967,1.96430072458729,0,400,25,17.8584475411978,60.2722604515426,0.827073989299911,2.37783771923724,0.01375,0.011,0.01375,0.01375,0,0,0,0
16/10/2005,0.000279127805389123,0.1,15.553423459963,6,344.906715095704,0,1.65368153172166,6.61472612688664,0.382954577496727,0,400,25,4.40981741792442,14.8831337854949,0.161244032630201,0.463576593811827,0.01375,0.011,0.01375,0.01375,0,0,0,0
17/10/2005,0.00689820882981527,0.1,15.6848282520041,38.3545793285154,344.11806622939,0,7.52342821694156,30.0937128677662,2.24224104976581,0,400,25,20.0624752451775,67.7108539524741,0.944101494638234,2.71429179708492,0.01375,0.011,0.01375,0.01375,0,0,0,0
18/10/2005,0.00546449588489785,0.1,15.8169183840117,37.8651920390536,343.310807081381,0,6.97985265792348,27.9194106316939,2.05155626744062,0,400,25,18.6129404211293,62.8186739213113,0.863813165238154,2.48346285005969,0.01375,0.011,0.01375,0.01375,0,0,0,0
19/10/2005,0.00123979740077938,0.1,15.9496547545038,31.8440258734339,342.485176617513,0,6.39518984711982,25.5807593884793,1.88619811932983,0,400,25,17.0538395923195,57.5567086240784,0.794188681823087,2.28329246024137,0.01375,0.011,0.01375,0.01375,0,0,0,0
20/10/2005,0.00390829990637064,0.1,16.0829980706979,37.0235769673728,341.641419241926,0,7.17348265261373,28.6939306104549,2.1270176644897,0,400,25,19.1292870736366,64.5613438735236,0.895586385048293,2.57481085701384,0.01375,0.011,0.01375,0.01375,0,0,0,0
21/10/2005,0.00533715080912704,0.1,16.2169088601428,37.83296194387,340.779784724706,0,7.21818797204232,28.8727518881693,2.13702803250904,0,400,25,19.2485012587795,64.9636917483809,0.89980127684591,2.58692867093199,0.01375,0.011,0.01375,0.01375,0,0,0,0
22/10/2005,0.0127301278132479,0.1,16.3513474824032,39.082314192605,339.900528127956,0,7.54863939039336,30.1945575615735,2.24595417162893,0,400,25,20.129705041049,67.9377545135403,0.945664914370076,2.71878662881397,0.01375,0.011,0.01375,0.01375,0,0,0,0
23/10/2005,0.0139515972783261,0.1,16.486274140794,39.1586698233896,339.003909730285,0,7.36572493182355,29.4628997272942,2.18000063413395,0,400,25,19.6419331515295,66.2915243864119,0.917895003845872,2.63894813605688,0.01375,0.011,0.01375,0.01375,0,0,0,0
24/10/2005,0.00471298317703618,0.1,16.6216488941613,37.5691258585008,338.090194949768,0,6.92146850334908,27.6858740133963,2.03292358131878,0,400,25,18.4572493422642,62.2932165301417,0.855967823713172,2.46090749317537,0.01375,0.011,0.01375,0.01375,0,0,0,0
25/10/2005,0.000559856650259106,0.1,16.7574316687051,28.7757705690075,337.159654265367,0,6.04970089976621,24.1988035990649,1.78129263495848,0,400,25,16.1325357327099,54.4473080978959,0.750017951561464,2.15630161073921,0.01375,0.011,0.01375,0.01375,0,0,0,0
26/10/2005,0.000448420248828457,0.1,16.893582269843,26.1828720931141,336.212563136873,0,5.41493058060841,21.6597223224336,1.57306833272763,0,400,25,14.4398148816224,48.7343752254757,0.662344561148476,1.90424061330187,0.01375,0.011,0.01375,0.01375,0,0,0,0
27/10/2005,7.65903439668126e-05,0.1,17.0300603941077,6,335.249201923357,0,1.882301183175,7.52920473269999,0.457686162487926,0,400,25,5.01946982179999,16.940710648575,0.192709963152811,0.554041144064331,0.01375,0.011,0.01375,0.01375,0,0,0,0
28/10/2005,0.00016108539575142,0.1,17.1668256410784,6,334.269855800181,0,1.68091564655603,6.72366258622414,0.391856911808178,0,400,25,4.48244172414942,15.1282408190043,0.164992383919233,0.474353103767795,0.01375,0.011,0.01375,0.01375,0,0,0,0
29/10/2005,0.000171168708769471,0.1,17.3038375253397,6,333.27481467458,0,1.66662364176771,6.66649456707085,0.387185116694577,0,400,25,4.44432971138057,14.9996127759094,0.163025312292453,0.468697772840803,0.01375,0.011,0.01375,0.01375,0,0,0,0
30/10/2005,0.00235791102791662,0.1,17.4410554884664,35.4464874815842,332.264373099842,0,6.98837281885473,27.9534912754189,2.07250842482907,0,400,25,18.6356608502793,62.8953553696926,0.872635126243819,2.50882598795098,0.01375,0.011,0.01375,0.01375,0,0,0,0
31/10/2005,0.0511562218287129,0.1,17.5784389110296,38.4444762884647,331.238830188116,0,7.11564842548514,28.4625937019406,2.09682543045066,0,400,25,18.9750624679604,64.0408358293662,0.882873865452909,2.53826236317711,0.01375,0.011,0.01375,0.01375,0,0,0,0
01/11/2005,0.064884372839138,0.1,17.7159471246209,37.3687185890717,330.198489521866,0,6.29649843770228,25.1859937508091,1.83967460253067,0,400,25,16.7906625005394,56.6684859393206,0.774599832644495,2.22697451885292,0.01375,0.011,0.01375,0.01375,0,0,0,0
02/11/2005,0.0257547553327056,0.1,17.853539423891,32.9220325804682,329.143659064006,0,5.36455765629087,21.4582306251635,1.51541792684252,0,400,25,14.3054870834423,48.2810189066178,0.638070706038957,1.834453279862,0.01375,0.011,0.01375,0.01375,0,0,0,0
03/11/2005,0.0111061355866728,0.1,17.9911750785997,26.8452137668068,328.074651066735,0,4.38003235704084,17.5201294281634,1.21234221371729,0,400,25,11.6800862854422,39.4202912133675,0.510459879459914,1.46757215344725,0.01375,0.011,0.01375,0.01375,0,0,0,0
04/11/2005,0.00415904536693912,0.1,18.1288133456723,6,326.991781979106,0,0.983503183668898,3.93401273467559,0.163885526090233,0,400,25,2.6226751564504,8.85152865302008,0.0690044320379928,0.198387742109229,0.01375,0.011,0.01375,0.01375,0,0,0,0
05/11/2005,0.035160530821747,0.1,18.2664134812612,34.9887143055684,325.895372353347,0,5.99439898115182,23.9775959246073,1.7225928346794,0,400,25,15.9850639497382,53.9495908303664,0.725302246180798,2.08524395776979,0.01375,0.011,0.01375,0.01375,0,0,0,0
06/11/2005,0.036294853149027,0.1,18.4039347528061,34.2675032566629,324.785746749974,0,4.9634956140727,19.8539824562908,1.35907652904277,0,400,25,13.2359883041939,44.6714605266543,0.572242749070638,1.64519790357808,0.01375,0.011,0.01375,0.01375,0,0,0,0
07/11/2005,0.00628167071470835,0.1,18.5413364510926,13.295151859593,323.663233641712,0,2.70153491303196,10.8061396521278,0.71136383168239,0,400,25,7.20409310141856,24.3138142172876,0.299521613339954,0.861124638352366,0.01375,0.011,0.01375,0.01375,0,0,0,0
08/11/2005,0.0526117617766829,0.1,18.678577902302,35.8967514620545,322.528165316262,0,5.5042661905449,22.0170647621796,1.5391396292647,0,400,25,14.6780431747864,49.5383957149041,0.648058791269346,1.86316902489937,0.01375,0.011,0.01375,0.01375,0,0,0,0
09/11/2005,0.0616761433169918,0.1,18.8156184800527,35.6412144280691,321.380877777935,0,4.4073183500001,17.6292734000004,1.14879982831093,0,400,25,11.7528489333336,39.6658651500009,0.483705190867761,1.39065242374481,0.01375,0.011,0.01375,0.01375,0,0,0,0
10/11/2005,0.00699317206643492,0.1,18.9524176174254,7.61591241899537,320.221710648189,0,1.78946163225104,7.15784652900414,0.423564656013603,0,400,25,4.77189768600276,16.1051546902593,0.178343013058359,0.512736162542782,0.01375,0.011,0.01375,0.01375,0,0,0,0
11/11/2005,0.00546202231859907,0.1,19.0889348189725,6,319.05100706509,0,1.54331219748657,6.17324878994628,0.346876859639235,0,400,25,4.11549919329752,13.8898097773791,0.146053414584941,0.419903566931706,0.01375,0.011,0.01375,0.01375,0,0,0,0
12/11/2005,0.00453220845131125,0.1,19.2251296727055,6,317.869113581744,0,1.57452863730089,6.29811454920355,0.357080943191442,0,400,25,4.19874303280237,14.170757735708,0.150349870817449,0.432255878600167,0.01375,0.011,0.01375,0.01375,0,0,0,0
13/11/2005,0.00372469561157199,0.1,19.3609618620575,6,316.676380063702,0,1.60799632521399,6.43198530085598,0.368020918595296,0,400,25,4.28799020057065,14.4719669269259,0.154956176250651,0.445499006720622,0.01375,0.011,0.01375,0.01375,0,0,0,0
14/11/2005,0.00307862708302718,0.1,19.496391177818,6,315.473159585395,0,1.64296792264658,6.57187169058634,0.37945249453025,0,400,25,4.38124779372422,14.7867113038193,0.159769471381158,0.459337230220829,0.01375,0.011,0.01375,0.01375,0,0,0,0
15/11/2005,0.00260685749647234,0.1,19.6313775300357,6,314.259808325618,0,1.67610690987438,6.70442763949752,0.390285023688584,0,400,25,4.46961842633168,15.0849621888694,0.16433053628993,0.472450291833549,0.01375,0.011,0.01375,0.01375,0,0,0,0
16/11/2005,0.00751185047824464,0.1,19.7658809598859,29.5462592890286,313.036685462092,0,5.92027337585353,23.6810935034141,1.73363453030169,0,400,25,15.7873956689428,53.2824603826818,0.729951381179658,2.09861022089152,0.01375,0.011,0.01375,0.01375,0,0,0,0
17/11/2005,0.00598732395512697,0.1,19.899861651499,28.961716769021,311.80415306514,0,5.50797733107854,22.0319093243142,1.59008688650496,0,400,25,14.6879395495428,49.5717959797069,0.669510268002089,1.92484202050601,0.01375,0.011,0.01375,0.01375,0,0,0,0
18/11/2005,0.00153644975281005,0.1,20.0332799437473,6,310.562575990505,0,1.79162416680679,7.16649666722715,0.428045503374016,0,400,25,4.7776644448181,16.1246175012611,0.180229685631165,0.518160346189599,0.01375,0.011,0.01375,0.01375,0,0,0,0
19/11/2005,0.00132789344303747,0.1,20.166096341985,6,309.31232177135,0,1.82610570291385,7.30442281165542,0.439316887219767,0,400,25,4.86961520777028,16.4349513262247,0.184975531460954,0.531804652950244,0.01375,0.011,0.01375,0.01375,0,0,0,0
20/11/2005,0.00118194425476772,0.1,20.2982715297398,6,308.053760509454,0,1.85174609450552,7.40698437802208,0.447698262535752,0,400,25,4.93798958534805,16.6657148505497,0.188504531594001,0.541950528332752,0.01375,0.011,0.01375,0.01375,0,0,0,0
21/11/2005,0.00156090774854289,0.1,20.4297663803513,15.2230586519432,306.787264765657,0,3.47673659091498,13.9069463636599,0.961708152893274,0,400,25,9.27129757577328,31.2906293182348,0.404929748586642,1.16417302718659,0.01375,0.011,0.01375,0.01375,0,0,0,0
22/11/2005,0.00119766343190783,0.1,20.5605419685534,14.6968173204688,305.513209449576,0,3.361517478935,13.44606991574,0.92189971523229,0,400,25,8.96404661049333,30.253657310415,0.388168301150438,1.11598386580751,0.01375,0.011,0.01375,0.01375,0,0,0,0
23/11/2005,0.00377344844072313,0.1,20.6905595819968,31.3653528026482,304.231971708621,0,6.29365920386044,25.1746368154418,1.85240099781615,0,400,25,16.7830912102945,56.642932834744,0.779958314869957,2.24238015525113,0.01375,0.011,0.01375,0.01375,0,0,0,0
24/11/2005,0.0030602416618594,0.1,20.8197807327088,30.3324967133797,302.94393081635,0,5.77908730707162,23.1163492282865,1.67565881684694,0,400,25,15.4108994855243,52.0117857636446,0.70554055446187,2.02842909407788,0.01375,0.011,0.01375,0.01375,0,0,0,0
25/11/2005,0.00296599709825052,0.1,20.9481671684868,30.7488779666377,301.649468060202,0,6.20002675999091,24.8001070399637,1.82306930620356,0,400,25,16.5334046933091,55.8002408399183,0.767608128927813,2.20687337066746,0.01375,0.011,0.01375,0.01375,0,0,0,0
26/11/2005,0.017272136750116,0.1,21.0756808842214,38.5215424762222,300.348966628621,0,7.49929799551836,29.9971919820734,2.23205974576203,0,400,25,19.9981279880489,67.4936819596652,0.939814629794539,2.7019670606593,0.01375,0.011,0.01375,0.01375,0,0,0,0
27/11/2005,0.0251663218017377,0.1,21.2022841331467,38.998853694377,299.042811497628,0,7.2785194505424,29.1140778021696,2.14976198107745,0,400,25,19.4093852014464,65.5066750548816,0.90516293940103,2.60234345077796,0.01375,0.011,0.01375,0.01375,0,0,0,0
28/11/2005,0.0268272418367381,0.1,21.3279394380145,38.3635189661637,297.73138931686,0,6.64292593545357,26.5717037418143,1.9277763082672,0,400,25,17.7144691612095,59.7863334190821,0.81169528769145,2.33362395211292,0.01375,0.011,0.01375,0.01375,0,0,0,0
29/11/2005,0.112280995262328,0.1,21.4526096021881,37.9566336685002,296.41508829511,0,5.15435529608739,20.6174211843496,1.40292184065972,0,400,25,13.744947456233,46.3891976647865,0.590703932909357,1.6982738071144,0.01375,0.011,0.01375,0.01375,0,0,0,0
30/11/2005,0.230300492617249,0.1,21.5762577206533,37.3099360392849,295.094298085414,0,4.35077559235284,17.4031023694114,1.12412304223892,0,400,25,11.6020682462742,39.1569803311756,0.473314965153229,1.36078052481553,0.01375,0.011,0.01375,0.01375,0,0,0,0
01/12/2005,0.14797216635322,0.1,21.6988471909432,36.1502776928377,293.769409669701,0,3.72730824918585,14.9092329967434,0.899550060212877,0,400,25,9.9394886644956,33.5457742426727,0.378757920089632,1.08892902025769,0.01375,0.011,0.01375,0.01375,0,0,0,0
02/12/2005,0.0340246866327649,0.1,21.8203417239731,28.3247668762993,292.440815243058,0,4.10864136733468,16.4345654693387,1.09677487453544,0,400,25,10.9563769795591,36.9777723060121,0.461799947172819,1.32767484812185,0.01375,0.011,0.01375,0.01375,0,0,0,0
03/12/2005,0.0829921631533427,0.1,21.9407053547832,34.6943862829626,291.108908097629,0,4.62540711045974,18.501628441839,1.23046240528376,0,400,25,12.334418961226,41.6286639941377,0.51808943380369,1.48950712218561,0.01375,0.011,0.01375,0.01375,0,0,0,0
04/12/2005,0.10305603554908,0.1,22.0599024531845,36.0697672763682,289.774082506192,0,3.65292275756689,14.6116910302676,0.875293119866239,0,400,25,9.74112735351171,32.876304818102,0.368544471522627,1.05956535562755,0.01375,0.011,0.01375,0.01375,0,0,0,0
05/12/2005,0.021892136406217,0.1,22.1778977343065,23.9587597893523,288.436733605447,0,2.36916340446523,9.47665361786092,0.505837748477611,0,400,25,6.31776907857394,21.3224706401871,0.212984315148468,0.612329906051844,0.01375,0.011,0.01375,0.01375,0,0,0,0
06/12/2005,0.0106860840342907,0.1,22.294656269042,11.7504218166773,287.097257279049,0,1.89887546343192,7.59550185372768,0.427563298477509,0,400,25,5.06366790248512,17.0898791708873,0.18002665199053,0.517576624472774,0.01375,0.011,0.01375,0.01375,0,0,0,0
07/12/2005,0.00882366890666542,0.1,22.4101434943871,12.0471223984055,285.756050040415,0,2.63942023416033,10.5576809366413,0.688945138585814,0,400,25,7.03845395776089,23.754782107443,0.290082163615079,0.833986220393353,0.01375,0.011,0.01375,0.01375,0,0,0,0
08/12/2005,0.00709990571348102,0.1,22.5243252236724,10.9407081273253,284.413508915348,0,2.54441604182212,10.1776641672885,0.662069299447733,0,400,25,6.78510944485899,22.8997443763991,0.278766020820098,0.801452309857782,0.01375,0.011,0.01375,0.01375,0,0,0,0
09/12/2005,0.00505827325874469,0.1,22.637167656683,6.0093922818316,283.070031324511,0,1.79906746957128,7.19626987828511,0.430420533644508,0,400,25,4.79751325219007,16.1916072261415,0.181229698376635,0.521035382832826,0.01375,0.011,0.01375,0.01375,0,0,0,0
10/12/2005,0.00416649472509107,0.1,22.7486373896641,6,281.726014965779,0,1.85225759849842,7.40903039399369,0.447865463840959,0,400,25,4.93935359599579,16.6703183864858,0.188574932143562,0.54215292991274,0.01375,0.011,0.01375,0.01375,0,0,0,0
11/12/2005,0.00362969888834152,0.1,22.8587014252095,6,280.381857696517,0,1.89003474154138,7.56013896616551,0.460214121351774,0,400,25,5.04009264411034,17.0103126738724,0.193774366884958,0.557101304794253,0.01375,0.011,0.01375,0.01375,0,0,0,0
12/12/2005,0.00306979465886911,0.1,22.9673271820289,6,279.037957415799,0,1.94210346311376,7.76841385245504,0.477234434639951,0,400,25,5.17894256830336,17.4789311680239,0.200940814585243,0.577704841932573,0.01375,0.011,0.01375,0.01375,0,0,0,0
13/12/2005,0.00255392569737903,0.1,23.0744825045931,6,277.694711946626,0,2.00747427869912,8.02989711479647,0.498602959304412,0,400,25,5.35326474319765,18.0672685082921,0.209938088128174,0.603572003368499,0.01375,0.011,0.01375,0.01375,0,0,0,0
14/12/2005,0.00222819546198869,0.1,23.180135672653,6,276.352518918163,0,2.05463284393168,8.21853137572673,0.514018232240648,0,400,25,5.47902091715115,18.4916955953851,0.216428729364483,0.62223259692289,0.01375,0.011,0.01375,0.01375,0,0,0,0
15/12/2005,0.00190335832894945,0.1,23.2842554106286,6,275.011775648026,0,2.1183440786017,8.47337631440679,0.534844270240309,0,400,25,5.64891754293786,19.0650967074153,0.225197587469604,0.647443063975111,0.01375,0.011,0.01375,0.01375,0,0,0,0
16/12/2005,0.00174869242974056,0.1,23.3868108968681,6,273.672879024676,0,2.14138889766473,8.56555559065893,0.542377200342635,0,400,25,5.71037039377262,19.2725000789826,0.228369347512688,0.656561874098979,0.01375,0.011,0.01375,0.01375,0,0,0,0
17/12/2005,0.00162430810674617,0.1,23.4877717727713,20.6517691052552,272.336225389925,0,5.19957795830054,20.7983118332021,1.51678363381884,0,400,25,13.8655412221348,46.7962016247048,0.638645740555303,1.8361065040965,0.01375,0.011,0.01375,0.01375,0,0,0,0
18/12/2005,0.00142460663985863,0.1,23.5871081517765,18.5897601184241,271.002210421614,0,4.70578889231358,18.8231555692543,1.35484782836765,0,400,25,12.5487703795029,42.3521000308222,0.57046224352322,1.64007895012926,0.01375,0.011,0.01375,0.01375,0,0,0,0
19/12/2005,0.000750545954157713,0.1,23.6847906282074,6,269.671229016481,0,3.12989109340186,12.5195643736074,0.865500498734124,0,400,25,8.34637624907162,28.1690198406167,0.364421262624894,1.04771113004657,0.01375,0.011,0.01375,0.01375,0,0,0,0
20/12/2005,0.000740827188183999,0.1,23.7807902859783,6,268.343675173266,0,3.04235070805484,12.1694028322194,0.836885146964778,0,400,25,8.11293522147958,27.3811563724936,0.352372693458854,1.0130714936942,0.01375,0.011,0.01375,0.01375,0,0,0,0
21/12/2005,0.000618565900109173,0.1,23.8750787071532,6,267.019941876079,0,3.23797766865847,12.9519106746339,0.900832024409404,0,400,25,8.63460711642258,29.1417990179262,0.37929769448817,1.09048087165349,0.01375,0.011,0.01375,0.01375,0,0,0,0
22/12/2005,0.000707576742303059,0.1,23.9676279803587,6,265.700420978066,0,2.93690648450908,11.7476259380363,0.802417357762723,0,400,25,7.83175062535756,26.4321583605818,0.33785994011062,0.971347327818033,0.01375,0.011,0.01375,0.01375,0,0,0,0
23/12/2005,0.0006297927338375,0.1,24.0584107090458,6,264.385503085413,0,3.035179731125,12.1407189245,0.834541085688786,0,400,25,8.09381261633333,27.316617580125,0.351385720290015,1.01023394583379,0.01375,0.011,0.01375,0.01375,0,0,0,0
24/12/2005,0.00156765694665287,0.1,24.1474000196006,25.5664377402171,263.07557744172,0,5.85206857139691,23.4082742855876,1.72168781852819,0,400,25,15.6055161903918,52.6686171425722,0.724921186748713,2.08414841190255,0.01375,0.011,0.01375,0.01375,0,0,0,0
25/12/2005,0.00218612674963498,0.1,24.2345695692986,29.4323304145202,261.771031812774,0,6.2628799161489,25.0515196645956,1.84560900778771,0,400,25,16.7010131097304,56.3659192453401,0.777098529594823,2.23415827258512,0.01375,0.011,0.01375,0.01375,0,0,0,0
26/12/2005,0.00118509551062946,0.1,24.3198935541034,22.6862754132421,260.472252371766,0,5.30325683426128,21.2130273370451,1.54314183764189,0,400,25,14.1420182246967,47.7293115083515,0.649743931638691,1.86801380346124,0.01375,0.011,0.01375,0.01375,0,0,0,0
27/12/2005,0.000605557546434288,0.1,24.4033467163048,6,259.17962358497,0,2.87239717038454,11.4895886815382,0.781330442177928,0,400,25,7.65972578769212,25.8515745334609,0.328981238811759,0.945821061583807,0.01375,0.011,0.01375,0.01375,0,0,0,0
28/12/2005,0.000592583532892706,0.1,24.484904351996,6,257.893528097937,0,2.86132065341263,11.4452826136505,0.777709731253776,0,400,25,7.63018840910036,25.7518858807137,0.327456728948958,0.941438095728256,0.01375,0.011,0.01375,0.01375,0,0,0,0
29/12/2005,0.000475500598036307,0.1,24.5645423183859,6,256.614346622224,0,3.15340075119812,12.6136030047925,0.873185376121289,0,400,25,8.40906866986164,28.3806067607831,0.367657000472122,1.05701387635735,0.01375,0.011,0.01375,0.01375,0,0,0,0
30/12/2005,0.000446367453475465,0.1,24.6422370409468,6,255.342457822691,0,3.22277329838351,12.8910931935341,0.89586199369587,0,400,25,8.5940621290227,29.0049596854516,0.377205049977208,1.08446451868447,0.01375,0.011,0.01375,0.01375,0,0,0,0
31/12/2005,0.00042244434365542,0.1,24.7179655203918,6,254.078238205414,0,3.28492900011915,13.1397160004766,0.916179556413755,0,400,25,8.7598106669844,29.5643610010723,0.385759813226844,1.10905946302718,0.01375,0.011,0.01375,0.01375,0,0,0,0
01/01/2006,0.000292293908275773,0.1,24.8051371179797,6,252.59041410873,0,3.85714285714286,15.4285714285714,1.10322580645161,0,400,25,10.2857142857143,34.7142857142857,0.464516129032258,1.33548387096774,0.01375,0.011,0.01375,0.01375,0,0,0,0
02/01/2006,0.0116694623071048,0.1,24.8764918925008,37.9329475329916,251.344251726306,0,7.47432791823516,29.8973116729406,2.22621129775657,0,400,25,19.9315411152938,67.2689512641164,0.937352125371186,2.69488736044216,0.01375,0.011,0.01375,0.01375,0,0,0,0
03/01/2006,0.00910994214872511,0.1,24.9458110794992,37.4743189238833,250.106942079986,0,7.00115410136532,28.0046164054613,2.05996308400366,0,400,25,18.6697442703075,63.0103869122879,0.867352877475226,2.49363952274128,0.01375,0.011,0.01375,0.01375,0,0,0,0
04/01/2006,0.000626086281146219,0.1,25.0130741590243,6,248.878851439682,0,2.6268715699174,10.5074862796696,0.701072611487591,0,400,25,7.00499085311306,23.6418441292566,0.295188467994775,0.848666845484979,0.01375,0.011,0.01375,0.01375,0,0,0,0
05/01/2006,0.00316663304125919,0.1,25.0782612197774,32.7002447947661,247.660343346284,0,6.67009196804848,26.6803678721939,1.97318569496356,0,400,25,17.7869119147959,60.0308277124363,0.830815029458339,2.38859320969273,0.01375,0.011,0.01375,0.01375,0,0,0,0
06/01/2006,0.00448996741660847,0.1,25.1413529650052,35.0825194043356,246.451778504046,0,6.8736912433598,27.4947649734392,2.03005656774177,0,400,25,18.3298433156261,61.8632211902382,0.854760660101798,2.45743689779267,0.01375,0.011,0.01375,0.01375,0,0,0,0
07/01/2006,0.00470020847340945,0.1,25.2023307182122,35.3811017172105,245.253514673805,0,6.97551864473447,27.9020745789379,2.06447313945558,0,400,25,18.6013830526253,62.7796678026103,0.869251848191822,2.49909906355149,0.01375,0.011,0.01375,0.01375,0,0,0,0
08/01/2006,0.00254557682954215,0.1,25.2611764286895,31.938741177898,244.065906567085,0,6.30126484683129,25.2050593873252,1.8455234955477,0,400,25,16.8033729248834,56.7113836214816,0.777062524441138,2.23405475776827,0.01375,0.011,0.01375,0.01375,0,0,0,0
09/01/2006,0.000543519190636561,0.1,25.317872676858,6,242.889305741087,0,2.70753487497867,10.8301394999147,0.727439971421599,0,400,25,7.22009299994312,24.367813874808,0.306290514282779,0.880585228562989,0.01375,0.011,0.01375,0.01375,0,0,0,0
10/01/2006,0.000403733832550994,0.1,25.3724026794253,6,241.724060494622,0,3.10604487155731,12.4241794862292,0.857705604711821,0,400,25,8.28278632415283,27.9544038440158,0.361139201983925,1.03827520570378,0.01375,0.011,0.01375,0.01375,0,0,0,0
11/01/2006,0.000362690810971045,0.1,25.4247502943533,6,240.570515765012,0,3.27006565390006,13.0802626156003,0.911321000230313,0,400,25,8.72017507706684,29.4305908851006,0.383714105360132,1.10317805291038,0.01375,0.011,0.01375,0.01375,0,0,0,0
12/01/2006,0.0177866973846138,0.1,25.4749000256372,38.7770289509189,239.429013025974,0,7.6037645749762,30.4150582999048,2.26696557879048,0,400,25,20.2767055332699,68.4338811747858,0.954511822648622,2.74422149011479,0.01375,0.011,0.01375,0.01375,0,0,0,0
13/01/2006,0.0175601144986962,0.1,25.5228370278924,38.5740961960732,238.299890186543,0,7.15144508857067,28.6057803542827,2.11842514281503,0,400,25,19.0705202361885,64.363005797136,0.891968481185278,2.56440938340767,0.01375,0.011,0.01375,0.01375,0,0,0,0
14/01/2006,0.00298840199557377,0.1,25.5685471107489,33.8457187333997,237.18348149104,0,6.72479501163506,26.8991800465402,1.98412173777512,0,400,25,17.9327866976935,60.5231551047155,0.83541967906321,2.40183157730673,0.01375,0.011,0.01375,0.01375,0,0,0,0
15/01/2006,0.00104243940224135,0.1,25.6120167430522,21.6514094876355,236.08011742013,0,4.8376300617341,19.3505202469364,1.38945504776919,0,400,25,12.9003468312909,43.5386705556069,0.585033704323868,1.68197189993112,0.01375,0.011,0.01375,0.01375,0,0,0,0
16/01/2006,0.00240449833982093,0.1,25.6532330568687,31.6814216448606,234.990124592991,0,6.54335908475044,26.1734363390017,1.93433065988408,0,400,25,17.4489575593345,58.8902317627539,0.814455014688035,2.3415581672281,0.01375,0.011,0.01375,0.01375,0,0,0,0
17/01/2006,0.052567465819386,0.1,25.6921838512949,37.6101367403039,233.91382567063,0,6.81680900779942,27.2672360311977,2.01037873988541,0,400,25,18.1781573541318,61.3512810701948,0.84647525889912,2.43361636933497,0.01375,0.011,0.01375,0.01375,0,0,0,0
18/01/2006,0.0820780133468814,0.1,25.7288575960691,36.9261290132686,232.851539260369,0,5.92065932830663,23.6826373132265,1.70734643044166,0,400,25,15.7884248754844,53.2859339547597,0.718882707554382,2.06678778421885,0.01375,0.011,0.01375,0.01375,0,0,0,0
19/01/2006,0.0520468166298639,0.1,25.7632434349846,34.5844870715196,231.803579821526,0,4.84358554776761,19.3743421910704,1.3158755567536,0,400,25,12.9162281273803,43.5922699299085,0.554052866001517,1.59290198975436,0.01375,0.011,0.01375,0.01375,0,0,0,0
20/01/2006,0.0266815003176811,0.1,25.7953311891033,29.0054361650122,230.770257572335,0,4.19417845788896,16.7767138315559,1.12566370647388,0,400,25,11.1844758877039,37.7476061210007,0.473963665883739,1.36264553941575,0.01375,0.011,0.01375,0.01375,0,0,0,0
21/01/2006,0.00921479108693371,0.1,25.8251113597692,14.3866390194565,229.751878398107,0,2.72072858030982,10.8829143212393,0.712189520473252,0,400,25,7.25527621415951,24.4865572227884,0.299869271778211,0.862124156362358,0.01375,0.011,0.01375,0.01375,0,0,0,0
22/01/2006,0.00558474509403626,0.1,25.8525751314198,6,228.74874376069,0,1.24865012356593,4.99460049426372,0.250557213970553,0,400,25,3.32973366284248,11.2378511120934,0.105497774303391,0.303306101122249,0.01375,0.011,0.01375,0.01375,0,0,0,0
23/01/2006,0.00462807128770136,0.1,25.8777143741959,6,227.761150609223,0,1.28952077734701,5.15808310938804,0.263917083593615,0,400,25,3.43872207292536,11.6056869961231,0.111122982565733,0.319478574876481,0.01375,0.011,0.01375,0.01375,0,0,0,0
24/01/2006,0.00394828051910378,0.1,25.9005216463481,6,226.789391292236,0,1.33889138695505,5.35556554782022,0.280055433400976,0,400,25,3.57037703188015,12.0500224825955,0.117918077221464,0.339014472011708,0.01375,0.011,0.01375,0.01375,0,0,0,0
25/01/2006,0.00337935023846658,0.1,25.9209901964399,6,225.833753471109,0,1.3901011829151,5.56040473166039,0.29679497960727,0,400,25,3.70693648777359,12.5109106462359,0.124966307203061,0.3592781332088,0.01375,0.011,0.01375,0.01375,0,0,0,0
26/01/2006,0.00332566536978591,0.1,25.9391139653462,11.4171255214307,224.894520034914,0,2.46017446426286,9.84069785705145,0.636418706249979,0,400,25,6.5604652380343,22.1415701783658,0.267965771052623,0.77040159177629,0.01375,0.011,0.01375,0.01375,0,0,0,0
27/01/2006,0.00264473545020331,0.1,25.9548875880467,11.1123536830035,223.971969016682,0,2.38897138682808,9.55588554731233,0.611491987877321,0,400,25,6.37059036487488,21.5007424814527,0.257470310685188,0.740227143219915,0.01375,0.011,0.01375,0.01375,0,0,0,0
28/01/2006,0.00183843799513481,0.1,25.9683063952143,6,223.066373511089,0,1.5645989957391,6.25839598295641,0.353835124874471,0,400,25,4.17226398863761,14.0813909616519,0.148983210473462,0.428326730111202,0.01375,0.011,0.01375,0.01375,0,0,0,0
29/01/2006,0.00161934445352856,0.1,25.9793664145975,6,222.178001593623,0,1.63300015781732,6.53200063126926,0.376194214414017,0,400,25,4.35466708751284,14.6970014203558,0.158397563963796,0.455392996395915,0.01375,0.011,0.01375,0.01375,0,0,0,0
30/01/2006,0.00134987050425399,0.1,25.9880643721958,6,221.307116241223,0,1.71400487363542,6.85601949454169,0.402673175283591,0,400,25,4.57067966302779,15.4260438627188,0.169546600119407,0.487446475343294,0.01375,0.011,0.01375,0.01375,0,0,0,0
31/01/2006,0.00134634221825902,0.1,25.9943976932292,6,220.453975254433,0,1.7571757338701,7.02870293548039,0.416784940349549,0,400,25,4.68580195698692,15.8145816048309,0.175488395936652,0.504529138317875,0.01375,0.011,0.01375,0.01375,0,0,0,0
01/02/2006,0.0010712737610433,0.1,25.9983645029001,6,219.618831181091,0,1.86191680517076,7.44766722068305,0.451022881936003,0,400,25,4.96511148045537,16.7572512465369,0.189904371341475,0.545975067606741,0.01375,0.011,0.01375,0.01375,0,0,0,0
02/02/2006,0.000935565711378145,0.1,25.9999636269489,6,218.801931241564,0,1.94792409606576,7.79169638426306,0.479137093153294,0,400,25,5.19446425617537,17.5313168645919,0.201741933959282,0.580008060132935,0.01375,0.011,0.01375,0.01375,0,0,0,0
03/02/2006,0.000979322886303122,0.1,25.9991945920008,6,218.00351725557,0,1.95231590311298,7.80926361245191,0.480572694596684,0,400,25,5.20617574163461,17.5708431280168,0.20234639772492,0.581745893459144,0.01375,0.011,0.01375,0.01375,0,0,0,0
04/02/2006,0.000908810451328832,0.1,25.9960576257065,6,217.22382557059,0,2.00542740004093,8.02170960016374,0.497933872087113,0,400,25,5.34780640010916,18.0488466003684,0.209656367194574,0.602762055684401,0.01375,0.011,0.01375,0.01375,0,0,0,0
05/02/2006,0.000793550510777382,0.1,25.9905536566747,6,216.463086991908,0,2.09699192947158,8.38796771788632,0.527864642997776,0,400,25,5.59197847859088,18.8729273652442,0.222258797051695,0.638994041523624,0.01375,0.011,0.01375,0.01375,0,0,0,0
06/02/2006,0.00037423111558779,0.1,25.9826843141968,6,215.721526714289,0,3.08497628923263,12.3399051569305,0.850818670274505,0,400,25,8.22660343795367,27.7647866030936,0.358239440115581,1.0299383903323,0.01375,0.011,0.01375,0.01375,0,0,0,0
07/02/2006,0.000526794529925926,0.1,25.9724519277653,6,214.999364255309,0,2.59880368492566,10.3952147397026,0.691897732952657,0,400,25,6.93014315980175,23.3892331643309,0.291325361243224,0.837560413574269,0.01375,0.011,0.01375,0.01375,0,0,0,0
08/02/2006,0.000464164308203003,0.1,25.9598595263838,6,214.296813390382,0,2.71885072453474,10.8754028981389,0.731138915792614,0,400,25,7.2502685987593,24.4696565208126,0.307847964544259,0.885062898064744,0.01375,0.011,0.01375,0.01375,0,0,0,0
09/02/2006,0.000413978242662651,0.1,25.9449108376702,6,213.614082089472,0,2.8402482636683,11.3609930546732,0.770821552240574,0,400,25,7.57399536978213,25.5622343730147,0.324556443048663,0.933099773764905,0.01375,0.011,0.01375,0.01375,0,0,0,0
10/02/2006,0.000418727211790377,0.1,25.9276102867536,6,212.951372455532,0,2.80231884642161,11.2092753856864,0.758423119076066,0,400,25,7.47285025712429,25.2208696177945,0.319336050137291,0.918091144144711,0.01375,0.011,0.01375,0.01375,0,0,0,0
11/02/2006,0.0004076457981718,0.1,25.9079629949642,6,212.308880664676,0,2.81672711757406,11.2669084702962,0.7631329195388,0,400,25,7.51127231353081,25.3505440581665,0.321319124016337,0.923792481546969,0.01375,0.011,0.01375,0.01375,0,0,0,0
12/02/2006,0.000712418763311997,0.1,25.8859747783173,19.577387567771,211.686796908109,0,4.90943806286324,19.6377522514529,1.42407142147791,0,400,25,13.091834834302,44.1849425657691,0.599609019569649,1.72387593126274,0.01375,0.011,0.01375,0.01375,0,0,0,0
13/02/2006,0.000624328459344935,0.1,25.8616521457917,17.2899275159205,211.085305335824,0,4.45933579431253,17.8373431772501,1.27800175920438,0,400,25,11.8915621181667,40.1340221488127,0.53810600387553,1.54705476114215,0.01375,0.011,0.01375,0.01375,0,0,0,0
14/02/2006,0.000554269274318758,0.1,25.8350022974027,6,210.50458400209,0,2.42961276970276,9.71845107881103,0.636592315503451,0,400,25,6.47896738587402,21.8665149273248,0.268038869685664,0.770611750346283,0.01375,0.011,0.01375,0.01375,0,0,0,0
15/02/2006,0.00217105204840844,0.1,25.8060331220709,31.0231658459105,209.944804812745,0,6.40747900366093,25.6299160146437,1.89118023499377,0,400,25,17.0866106764291,57.6673110329484,0.796286414734217,2.28932344236087,0.01375,0.011,0.01375,0.01375,0,0,0,0
16/02/2006,0.00175849124840473,0.1,25.774753195287,29.4238968832355,209.406133474307,0,5.88423792964114,23.5369517185646,1.71447416508087,0,400,25,15.6913011457097,52.9581413667703,0.721883858981419,2.07541609457158,0.01375,0.011,0.01375,0.01375,0,0,0,0
17/02/2006,0.000342807159141582,0.1,25.7411717765731,6,208.888729444924,0,2.94372563912092,11.7749025564837,0.804646414754119,0,400,25,7.84993503765578,26.4935307520883,0.338798490422787,0.974045659965513,0.01375,0.011,0.01375,0.01375,0,0,0,0
18/02/2006,0.000376642520829107,0.1,25.7052988067417,6,208.392745887169,0,2.80155865129686,11.2062346051874,0.758174625185825,0,400,25,7.47082307012497,25.2140278616718,0.319231421130874,0.917790335751262,0.01375,0.011,0.01375,0.01375,0,0,0,0
19/02/2006,0.00463186207637443,0.1,25.6671449049533,36.2513359196985,207.918329622699,0,7.28614170951168,29.1445668380467,2.16998032202498,0,400,25,19.4297112253645,65.5752753856052,0.913675925063151,2.62681828455656,0.01375,0.011,0.01375,0.01375,0,0,0,0
20/02/2006,0.00382964791435465,0.1,25.6267213655722,34.9852455663193,207.465621088795,0,6.61020187600294,26.4408075040118,1.93743208999327,0,400,25,17.6272050026745,59.4918168840265,0.815760879997168,2.34531252999186,0.01375,0.011,0.01375,0.01375,0,0,0,0
21/02/2006,0.000399882130803909,0.1,25.5840401548241,6,207.034754296791,0,2.68806603872932,10.7522641549173,0.721075964733641,0,400,25,7.1681761032782,24.1925943485639,0.303610932519428,0.872881430993355,0.01375,0.011,0.01375,0.01375,0,0,0,0
22/02/2006,0.000402510651720807,0.1,25.5391139072529,6,206.625856792401,0,2.6685862869262,10.6743451477048,0.714708389950683,0,400,25,7.11623009846986,24.0172765823358,0.300929848400288,0.865173314150827,0.01375,0.011,0.01375,0.01375,0,0,0,0
23/02/2006,0.00040113724084843,0.1,25.4919559219814,6,206.239049617962,0,2.661154858444,10.644619433776,0.712279191823168,0,400,25,7.09641295585066,23.950393725996,0.299907028136071,0.862232705891203,0.01375,0.011,0.01375,0.01375,0,0,0,0
24/02/2006,0.000349610071946762,0.1,25.4425801587739,6,205.874447276606,0,2.81983381770082,11.2793352708033,0.764148443021097,0,400,25,7.51955684720219,25.3785043593074,0.321746712850988,0.925021799446592,0.01375,0.011,0.01375,0.01375,0,0,0,0
25/02/2006,0.000310131190943153,0.1,25.391001233904,6,205.532157698364,0,2.97541881179802,11.9016752471921,0.815006333564699,0,400,25,7.93445016479472,26.7787693061822,0.343160561500926,0.986586614315162,0.01375,0.011,0.01375,0.01375,0,0,0,0
26/02/2006,0.000320602544795133,0.1,25.3372344158281,6,205.212282208215,0,2.91609626437544,11.6643850575018,0.795614877202909,0,400,25,7.77625670500118,26.244866379379,0.334995737769646,0.963112746087732,0.01375,0.011,0.01375,0.01375,0,0,0,0
27/02/2006,0.0226313390296621,0.1,25.2812956206654,39.1742959465462,204.91491549609,0,7.65336172776872,30.6134469110749,2.28220259982848,0,400,25,20.4089646073833,68.8802555499185,0.960927410454096,2.76266630505553,0.01375,0.011,0.01375,0.01375,0,0,0,0
28/02/2006,0.0178613655685985,0.1,25.2232014074861,38.9563173087213,204.640145588848,0,7.13798203765836,28.5519281506334,2.09942919972321,0,400,25,19.034618767089,64.2418383389252,0.883970189357141,2.54141429440178,0.01375,0.011,0.01375,0.01375,0,0,0,0
01/03/2006,0.000834053582302252,0.1,25.1629689734102,22.4567312876185,204.388053824211,0,5.17273925376979,20.6909570150792,1.50418233054413,0,400,25,13.7939713433861,46.5546532839281,0.63333992865016,1.82085229486921,0.01375,0.011,0.01375,0.01375,0,0,0,0
02/03/2006,0.000717073996949439,0.1,25.1006161485163,20.2177795174505,204.158714826692,0,4.67869319505361,18.7147727802144,1.34212126581733,0,400,25,12.4765151868096,42.1082387554825,0.565103690870454,1.62467311125255,0.01375,0.011,0.01375,0.01375,0,0,0,0
03/03/2006,0.000398088576958349,0.1,25.0361613905638,6,203.952196485501,0,2.58031208208253,10.3212483283301,0.685853166001785,0,400,25,6.88083221888675,23.2228087387428,0.288780280421804,0.830243306212688,0.01375,0.011,0.01375,0.01375,0,0,0,0
04/03/2006,0.000361131845189903,0.1,24.9696237795288,6,203.768559934448,0,2.6781751874053,10.7127007496212,0.717842826236324,0,400,25,7.14180049974746,24.1035766866477,0.302249611046873,0.868967631759761,0.01375,0.011,0.01375,0.01375,0,0,0,0
05/03/2006,0.000382132959507429,0.1,24.9010230119562,6,203.60785953385,0,2.60255061557944,10.4102024623178,0.693122536091099,0,400,25,6.94013497487852,23.422955540215,0.291841067827831,0.839043070005015,0.01375,0.011,0.01375,0.01375,0,0,0,0
06/03/2006,0.000273999860743605,0.1,24.8303793951287,6,203.470142854435,0,3.02194411432095,12.0877764572838,0.830214604496923,0,400,25,8.05851763818919,27.1974970288885,0.349564043998705,1.00499662649628,0.01375,0.011,0.01375,0.01375,0,0,0,0
07/03/2006,0.00026907268876167,0.1,24.7577138410562,6,203.355450663264,0,3.03703394134453,12.1481357653781,0.835147193115387,0,400,25,8.09875717691876,27.3333054721008,0.351640923417005,1.01096765482389,0.01375,0.011,0.01375,0.01375,0,0,0,0
08/03/2006,0.000364273462853038,0.1,24.6830478602847,6,203.263816911658,0,2.62633546870029,10.5053418748012,0.700897369799419,0,400,25,7.00356124986744,23.6370192183026,0.295114682020808,0.848454710809823,0.01375,0.011,0.01375,0.01375,0,0,0,0
09/03/2006,0.000305973947758896,0.1,24.6064035555288,6,203.195268725153,0,2.82821725553148,11.3128690221259,0.766888835602302,0,400,25,7.54191268141727,25.4539552997833,0.322900562358864,0.928339116781734,0.01375,0.011,0.01375,0.01375,0,0,0,0
10/03/2006,0.000322311463267537,0.1,24.5278036151292,6,203.149826395466,0,2.75013185712318,11.0005274284927,0.741364146230126,0,400,25,7.33368495232847,24.7511867141086,0.312153324728474,0.897440808594363,0.01375,0.011,0.01375,0.01375,0,0,0,0
11/03/2006,0.000338884018715899,0.1,24.4472713063363,6,203.127503374491,0,2.67850901002094,10.7140360400838,0.717951946747244,0,400,25,7.14269069338917,24.1065810901885,0.302295556525155,0.869099725009821,0.01375,0.011,0.01375,0.01375,0,0,0,0
12/03/2006,0.000272187600567613,0.1,24.3648304684224,6,203.128306270316,0,2.9538006512376,11.8152026049504,0.807939752048174,0,400,25,7.8768017366336,26.5842058611384,0.340185158757126,0.978032331426737,0.01375,0.011,0.01375,0.01375,0,0,0,0
13/03/2006,0.000263386124861319,0.1,24.2805055056248,6,203.152234845267,0,2.99011313172819,11.9604525269127,0.819809638144021,0,400,25,7.97363501794183,26.9110181855537,0.345183005534325,0.992401140911183,0.01375,0.011,0.01375,0.01375,0,0,0,0
14/03/2006,0.000409055498793543,0.1,24.1943213799221,6,203.199282015978,0,2.45186192030754,9.80744768123016,0.643865156131252,0,400,25,6.53829845415344,22.0667572827679,0.271101118371053,0.779415715316778,0.01375,0.011,0.01375,0.01375,0,0,0,0
15/03/2006,0.000401742820248009,0.1,24.1063036036443,6,203.269433855488,0,2.45905299735442,9.83621198941768,0.646215787768081,0,400,25,6.55747465961179,22.1314769761898,0.272090858007613,0.782261216771887,0.01375,0.011,0.01375,0.01375,0,0,0,0
16/03/2006,0.00137807427251769,0.1,24.016478231921,29.4032641164254,203.362669597364,0,6.16915412971642,24.6766165188657,1.81661572255095,0,400,25,16.4510776792438,55.5223871674478,0.764890830547767,2.19906113782483,0.01375,0.011,0.01375,0.01375,0,0,0,0
17/03/2006,0.00102851942310286,0.1,23.9248718549683,28.261915193113,203.478961641847,0,5.91629188905912,23.6651675562365,1.73126901356863,0,400,25,15.7767783708243,53.2466270015321,0.728955374134158,2.0957467006357,0.01375,0.011,0.01375,0.01375,0,0,0,0
18/03/2006,0.000395332205094367,0.1,23.8315115902177,6,203.618275564026,0,2.44647125515048,9.78588502060192,0.642103046230449,0,400,25,6.52392334706794,22.0182412963543,0.270359177360189,0.777282634910543,0.01375,0.011,0.01375,0.01375,0,0,0,0
19/03/2006,0.000271398584739007,0.1,23.7364250742888,6,203.780570124022,0,2.86365210454338,11.4546084181735,0.778471840010492,0,400,25,7.63640561211567,25.7728689408904,0.327777616846523,0.942360648433754,0.01375,0.011,0.01375,0.01375,0,0,0,0
20/03/2006,0.000400852290083481,0.1,23.6396404548081,6,203.965797279202,0,2.41553114969762,9.66212459879049,0.63198929132973,0,400,25,6.44141639919366,21.7397803472786,0.266100754244097,0.765039668451778,0.01375,0.011,0.01375,0.01375,0,0,0,0
21/03/2006,0.000393861169327062,0.1,23.5411863820767,6,204.173902198397,0,2.42173598009984,9.68694392039935,0.634017536966583,0,400,25,6.45796261359957,21.7956238208985,0.266954752406982,0.767494913170074,0.01375,0.011,0.01375,0.01375,0,0,0,0
22/03/2006,0.00124454240636554,0.1,23.4410920005895,28.9292603284766,204.404823278136,0,6.10104364527028,24.4041745810811,1.79536315783371,0,400,25,16.2694497207207,54.9093928074325,0.755942382245774,2.1733343489566,0.01375,0.011,0.01375,0.01375,0,0,0,0
23/03/2006,0.0018085774747107,0.1,23.3393869404073,32.1980275324275,204.658492160877,0,6.4447705470624,25.7790821882496,1.89677996436899,0,400,25,17.1860547921664,58.0029349235616,0.798644195523786,2.29610206213089,0.01375,0.011,0.01375,0.01375,0,0,0,0
24/03/2006,0.00168615893355387,0.1,23.2361013083863,32.081016524698,204.93483375525,0,6.48204077450484,25.9281630980194,1.9104255290587,0,400,25,17.2854420653462,58.3383669705436,0.804389696445771,2.31262037728159,0.01375,0.011,0.01375,0.01375,0,0,0,0
25/03/2006,0.00125829086116227,0.1,23.1312656792653,29.4978142047907,205.233766258277,0,6.02497370935143,24.0998948374057,1.7642461990012,0,400,25,16.0665965582705,54.2247633841628,0.742840504842609,2.1356664514225,0.01375,0.011,0.01375,0.01375,0,0,0,0
26/03/2006,0.000986823608143643,0.1,23.0249110866152,27.9069876413976,205.555201179595,0,5.94411819997249,23.7764727998899,1.74448869750226,0,400,25,15.8509818665933,53.4970637997524,0.734521556843055,2.11174947592378,0.01375,0.011,0.01375,0.01375,0,0,0,0
27/03/2006,0.000649145715750732,0.1,22.9170690136522,21.7814262700239,205.899043367646,0,4.87539673794264,19.5015869517706,1.40308576983747,0,400,25,13.0010579678471,43.8785706414838,0.590772955721039,1.69847224769799,0.01375,0.011,0.01375,0.01375,0,0,0,0
28/03/2006,0.000272499722216521,0.1,22.8077713839186,6,206.265191037846,0,2.73898402529791,10.9559361011917,0.737720123784018,0,400,25,7.30395740079444,24.6508562276812,0.310618999488008,0.893029623528022,0.01375,0.011,0.01375,0.01375,0,0,0,0
29/03/2006,0.000360807198576623,0.1,22.6970505518319,6,206.653535802714,0,2.42724564788481,9.70898259153925,0.635818546651134,0,400,25,6.47265506102617,21.8452108309633,0.267713072274162,0.769675082788215,0.01375,0.011,0.01375,0.01375,0,0,0,0
30/03/2006,0.000354016564011886,0.1,22.5849392931081,6,207.063962703959,0,2.43471513393233,9.73886053572932,0.638260185101075,0,400,25,6.49257369048622,21.912436205391,0.268741130568874,0.772630750385512,0.01375,0.011,0.01375,0.01375,0,0,0,0
31/03/2006,0.015375782152485,0.1,22.4714707950588,39.0551560549446,207.496350246509,0,7.64737993770043,30.5895197508017,2.28090293390692,0,400,25,20.3930131672011,68.8264194393039,0.960380182697652,2.76109302525575,0.01375,0.011,0.01375,0.01375,0,0,0,0
01/04/2006,0.012143135609264,0.1,22.3566786467673,38.7922367792462,207.950570434476,0,7.12668407379157,28.5067362951663,2.09656171224543,0,400,25,19.0044908634442,64.1401566641241,0.882762826208601,2.53794312534973,0.01375,0.011,0.01375,0.01375,0,0,0,0
02/04/2006,0.000275705836618715,0.1,22.2405968291455,6,208.426488809045,0,2.66018118721086,10.6407247488434,0.711960916495346,0,400,25,7.09381649922895,23.9416306848977,0.299773017471724,0.861847425231208,0.01375,0.011,0.01375,0.01375,0,0,0,0
03/04/2006,0.00029386550407614,0.1,22.1232597048746,6,208.923964488279,0,2.57692059105901,10.3076823642361,0.684744549581195,0,400,25,6.87178824282404,23.1922853195311,0.288313494560503,0.828901296861447,0.01375,0.011,0.01375,0.01375,0,0,0,0
04/04/2006,0.000266401063882699,0.1,22.0047020082334,6,209.442850208819,0,2.67455940286977,10.6982376114791,0.716660892366646,0,400,25,7.13215840765272,24.0710346258279,0.301751954680693,0.867536869706993,0.01375,0.011,0.01375,0.01375,0,0,0,0
05/04/2006,0.000147390511401317,0.1,21.8849588348159,6,209.982992369482,0,3.59749667063632,14.3899866825453,1.01835221430324,0,400,25,9.59332445503019,32.3774700357269,0.428779879706627,1.23274215415655,0.01375,0.011,0.01375,0.01375,0,0,0,0
06/04/2006,0.000223001970828705,0.1,21.7640656311426,6,210.544231076725,0,2.87463631471133,11.4985452588453,0.782062377527759,0,400,25,7.66569683923021,25.871726832402,0.329289422116951,0.946707088586234,0.01375,0.011,0.01375,0.01375,0,0,0,0
07/04/2006,0.000211732420159724,0.1,21.642058184167,6,211.126400191981,0,2.93313444368827,11.7325377747531,0.801184346569684,0,400,25,7.82169184983539,26.3982099931944,0.337340777503025,0.969854735321196,0.01375,0.011,0.01375,0.01375,0,0,0,0
08/04/2006,0.000250295509197472,0.1,21.5189726106826,6,211.72932738084,0,2.70085539390371,10.8034215756149,0.725256571156237,0,400,25,7.20228105040991,24.3076985451334,0.305371187855258,0.877942165083866,0.01375,0.011,0.01375,0.01375,0,0,0,0
09/04/2006,0.00025584087224112,0.1,21.3948453466311,6,212.352834164057,0,2.66275360586828,10.6510144234731,0.712801793131751,0,400,25,7.10067628231541,23.9647824528145,0.300127070792316,0.862865328527909,0.01375,0.011,0.01375,0.01375,0,0,0,0
10/04/2006,0.000278074475594903,0.1,21.2697131363166,6,212.996735970394,0,2.55887670811413,10.2355068324565,0.678846334080933,0,400,25,6.82367122163769,23.0298903730272,0.285830035402498,0.821761351782182,0.01375,0.011,0.01375,0.01375,0,0,0,0
11/04/2006,0.000200706873565991,0.1,21.1436130215288,6,213.660842191253,0,2.95003217435437,11.8001286974175,0.806707905841182,0,400,25,7.86675246494498,26.5502895691893,0.339666486669971,0.976541149176167,0.01375,0.011,0.01375,0.01375,0,0,0,0
12/04/2006,0.000222723624370789,0.1,21.0165823305776,6,214.3449562371,0,2.79406843345225,11.176273733809,0.755726209890381,0,400,25,7.45084915587266,25.1466159010702,0.318200509427529,0.914826464604146,0.01375,0.011,0.01375,0.01375,0,0,0,0
13/04/2006,0.000361260440631904,0.1,20.8886586672431,6,215.04887559566,0,2.29094475008864,9.16377900035457,0.591264274683353,0,400,25,6.10918600023638,20.6185027507978,0.248953378814043,0.715740964090375,0.01375,0.011,0.01375,0.01375,0,0,0,0
14/04/2006,0.00198744824859674,0.1,20.7598798996444,34.5085499004782,215.772391891864,0,7.03267433154865,28.1306973261946,2.09096239060169,0,400,25,18.7537982174631,63.2940689839379,0.880405217095449,2.53116499914941,0.01375,0.011,0.01375,0.01375,0,0,0,0
15/04/2006,0.00159713074623248,0.1,20.6302841490292,32.9572150061944,216.515290949537,0,6.44672918831624,25.786916753265,1.89222766821989,0,400,25,17.19127783551,58.0205626948462,0.79672743925048,2.29059138784513,0.01375,0.011,0.01375,0.01375,0,0,0,0
16/04/2006,0.000266814248319862,0.1,20.49990977849,6,217.277352854791,0,2.53481678803755,10.1392671521502,0.670981586012888,0,400,25,6.75951143476679,22.8133510923379,0.282518562531742,0.812240867278759,0.01375,0.011,0.01375,0.01375,0,0,0,0
17/04/2006,0.000264462836495177,0.1,20.3687953816071,6,218.058352021133,0,2.53244489912772,10.1297795965109,0.670206258885375,0,400,25,6.75318639767392,22.7920040921495,0.282192109004368,0.811302313387559,0.01375,0.011,0.01375,0.01375,0,0,0,0
18/04/2006,0.000303665707261524,0.1,20.2369797710241,6,218.858057256235,0,2.38967326672649,9.55869306690598,0.623536822057447,0,400,25,6.37246204460399,21.5070594005384,0.262541819813662,0.754807731964278,0.01375,0.011,0.01375,0.01375,0,0,0,0
19/04/2006,0.000230938421031871,0.1,20.104501966959,6,219.676231830379,0,2.65514696259653,10.6205878503861,0.710315320492382,0,400,25,7.0803919002574,23.8963226633687,0.299080134944161,0.859855387964462,0.01375,0.011,0.01375,0.01375,0,0,0,0
20/04/2006,0.000141309896284226,0.1,19.9714011856532,6,220.512633546526,0,3.36493325424532,13.4597330169813,0.942331484644245,0,400,25,8.97315534465418,30.2843992882078,0.396771151429156,1.14071706035882,0.01375,0.011,0.01375,0.01375,0,0,0,0
21/04/2006,0.000221593579844837,0.1,19.8377168277622,6,221.367014812022,0,2.67879767140903,10.7151906856361,0.718046304878405,0,400,25,7.14346045709075,24.1091790426813,0.302335286264592,0.869213948010701,0.01375,0.011,0.01375,0.01375,0,0,0,0
22/04/2006,0.0002399786242517,0.1,19.703488466693,6,222.239122711881,0,2.57693417570339,10.3077367028136,0.68474899015312,0,400,25,6.87182446854237,23.1924075813305,0.288315364274998,0.828906672290619,0.01375,0.011,0.01375,0.01375,0,0,0,0
23/04/2006,0.000241869285026055,0.1,19.5687558368887,6,223.128699083657,0,2.55663274532357,10.2265309812943,0.678112823663372,0,400,25,6.81768732086285,23.0096947079121,0.285521188910893,0.820873418118819,0.01375,0.011,0.01375,0.01375,0,0,0,0
24/04/2006,0.000256256525383686,0.1,19.4335588220669,6,224.035480593869,0,2.48632699634042,9.9453079853617,0.655131159479635,0,400,25,6.63020532357446,22.3769429670638,0.275844698728267,0.793053508843768,0.01375,0.011,0.01375,0.01375,0,0,0,0
25/04/2006,0.00117414945700933,0.1,19.2979374434129,30.4260463872488,224.959198815945,0,6.29655374626284,25.1862149850514,1.85639602865077,0,400,25,16.7908099900342,56.6689837163655,0.781640433116115,2.24721624520883,0.01375,0.011,0.01375,0.01375,0,0,0,0
26/04/2006,0.000986655704774692,0.1,19.1619318477328,28.4132730828414,225.899580309692,0,5.65719133617619,22.6287653447047,1.6419323298528,0,400,25,15.0858435631365,50.9147220255857,0.691339928359074,1.98760229403234,0.01375,0.011,0.01375,0.01375,0,0,0,0
27/04/2006,0.000275227446474172,0.1,19.025582295569,6,226.856346702231,0,2.38641617040094,9.54566468160378,0.622472136806944,0,400,25,6.36377645440252,21.4777455336085,0.262093531287135,0.753518902450512,0.01375,0.011,0.01375,0.01375,0,0,0,0
28/04/2006,0.000264968363345731,0.1,18.8889291492823,6,227.829214770406,0,2.40964472608129,9.63857890432516,0.630065127050842,0,400,25,6.4257192695501,21.6868025347316,0.265290579810881,0.762710416956283,0.01375,0.011,0.01375,0.01375,0,0,0,0
29/04/2006,0.000287894852327947,0.1,18.7520128611039,6,228.817896524626,0,2.32764233554696,9.31056934218786,0.603260044553601,0,400,25,6.20704622812524,20.9487810199227,0.254004229285727,0.730262159196464,0.01375,0.011,0.01375,0.01375,0,0,0,0
30/04/2006,0.000290181139483656,0.1,18.6148739611606,6,229.82209929411,0,2.31120708031221,9.24482832124884,0.597887660046756,0,400,25,6.16321888083256,20.8008637228099,0.251742172651266,0.723758746372389,0.01375,0.011,0.01375,0.01375,0,0,0,0
01/05/2006,0.000259304444357698,0.1,18.4775530454767,6,230.84152581353,0,2.39620393689961,9.58481574759844,0.625671578759196,0,400,25,6.38987716506563,21.5658354320965,0.263440664740714,0.757391911129554,0.01375,0.011,0.01375,0.01375,0,0,0,0
02/05/2006,0.000261536291606491,0.1,18.3400907639575,6,231.875874311002,0,2.37795401852653,9.51181607410614,0.619706014043696,0,400,25,6.34121071607076,21.4015861667388,0.260928848018398,0.750170438052896,0.01375,0.011,0.01375,0.01375,0,0,0,0
03/05/2006,0.00109252276428053,0.1,18.2025278083553,31.4967057150298,232.924838597422,0,6.56206041499962,26.2482416599985,1.94278350600593,0,400,25,17.4988277733323,59.0585437349966,0.81801410779197,2.35179055990191,0.01375,0.011,0.01375,0.01375,0,0,0,0
04/05/2006,0.00178346223538322,0.1,18.0649049002241,34.2290591249964,233.988108157101,0,6.79015491309529,27.1606196523811,2.00702193930018,0,400,25,18.1070797682541,61.1113942178576,0.845061869179022,2.42955287388969,0.01375,0.011,0.01375,0.01375,0,0,0,0
05/05/2006,0.000936197036893584,0.1,17.927262778865,29.0595716499732,235.065368239687,0,5.80503882222934,23.2201552889174,1.69006190596241,0,400,25,15.4801035259449,52.2453494000641,0.711605013036804,2.04586441248081,0.01375,0.011,0.01375,0.01375,0,0,0,0
06/05/2006,0.000258027403876006,0.1,17.789642189267,6,236.156299953336,0,2.34798047750639,9.39192191002555,0.609908211387648,0,400,25,6.26128127335036,21.1318242975575,0.256803457426378,0.738309940100838,0.01375,0.011,0.01375,0.01375,0,0,0,0
07/05/2006,0.000223072767658681,0.1,17.6520838700448,6,237.260580359109,0,2.4679940778992,9.87197631159679,0.649138463559062,0,400,25,6.58131754106453,22.2119467010928,0.273321458340658,0.785799192729391,0.01375,0.011,0.01375,0.01375,0,0,0,0
08/05/2006,0.000553242046435929,0.1,17.5146285413801,24.27030752365,238.377882566574,0,5.40567036936337,21.6226814774535,1.57745732005172,0,400,25,14.415120984969,48.6510333242703,0.664192555811252,1.90955359795735,0.01375,0.011,0.01375,0.01375,0,0,0,0
09/05/2006,0.00225127235734561,0.1,17.3773168929669,35.3488047742223,239.507875830567,0,7.04144040920538,28.1657616368215,2.08960261082589,0,400,25,18.7771744245477,63.3729636828485,0.879832678242479,2.52951894994713,0.01375,0.011,0.01375,0.01375,0,0,0,0
10/05/2006,0.00228415421060952,0.1,17.2401895719671,35.2289192253609,240.650225649104,0,6.77989772772438,27.1195909108975,1.99719995150672,0,400,25,18.0797272739317,61.0190795495194,0.84092629537125,2.41766309919234,0.01375,0.011,0.01375,0.01375,0,0,0,0
11/05/2006,0.000803033098141501,0.1,17.1032871709775,26.702744167078,241.804593862396,0,5.35827991863435,21.4331196745374,1.54773850452364,0,400,25,14.2887464496916,48.2245192677092,0.651679370325743,1.87357818968651,0.01375,0.011,0.01375,0.01375,0,0,0,0
12/05/2006,0.000305545869804268,0.1,16.966650216014,6,242.970638752956,0,2.16504689787642,8.66018759150568,0.550110568153767,0,400,25,5.77345839433712,19.4854220808878,0.231625502380533,0.665923319344034,0.01375,0.011,0.01375,0.01375,0,0,0,0
13/05/2006,0.000262636232527801,0.1,16.8303191545148,6,244.148015146753,0,2.26253109611319,9.05012438445277,0.581976370588152,0,400,25,6.03341625630185,20.3627798650187,0.245042682352906,0.704497711764606,0.01375,0.011,0.01375,0.01375,0,0,0,0
14/05/2006,0.000294158459490866,0.1,16.6943343433671,6,245.33637451539,0,2.17261569660847,8.69046278643387,0.552584670104888,0,400,25,5.79364185762258,19.5535412694762,0.232667229517847,0.668918284863811,0.01375,0.011,0.01375,0.01375,0,0,0,0
15/05/2006,0.000536012317319909,0.1,16.5587360369606,19.4814604041788,246.535365079275,0,4.37997911086927,17.5199164434771,1.24916384294893,0,400,25,11.6799442956514,39.4198119978234,0.525963723346918,1.51214570462239,0.01375,0.011,0.01375,0.01375,0,0,0,0
16/05/2006,0.0012159403540106,0.1,16.4235643752715,31.3972919591227,247.744631911759,0,6.34452221150543,25.3780888460217,1.86808688297586,0,400,25,16.9187258973478,57.1006999035489,0.786562898095097,2.2613683320234,0.01375,0.011,0.01375,0.01375,0,0,0,0
17/05/2006,0.000834365090654773,0.1,16.2888593719801,28.5379332612017,248.963817044198,0,5.71094197260789,22.8437678904315,1.66051557842619,0,400,25,15.229178593621,51.398477753471,0.699164454074184,2.01009780546328,0.01375,0.011,0.01375,0.01375,0,0,0,0
18/05/2006,0.00203677110776688,0.1,16.1546609026259,34.7123682762453,250.192559571921,0,6.93210224722763,27.7284089889105,2.05549870439203,0,400,25,18.485605992607,62.3889202250487,0.865473138691379,2.48823527373772,0.01375,0.011,0.01375,0.01375,0,0,0,0
19/05/2006,0.00164344151219984,0.1,16.0210086928035,33.5090542318921,251.430495761065,0,6.35933220064863,25.4373288025945,1.85912360228708,0,400,25,16.9582192017297,57.2339898058376,0.782788885173509,2.25051804487384,0.01375,0.011,0.01375,0.01375,0,0,0,0
20/05/2006,0.000289200260384208,0.1,15.8879423064033,6,252.677259156249,0,2.13129721577671,8.52518886310684,0.539078414005044,0,400,25,5.68345924207123,19.1816749419904,0.226980384844229,0.652568606427159,0.01375,0.011,0.01375,0.01375,0,0,0,0
21/05/2006,0.000271183889835018,0.1,15.7555011338993,6,253.932480689051,0,2.16371552659768,8.65486210639074,0.549675367219642,0,400,25,5.76990807092716,19.4734397393792,0.231442259881955,0.66539649716062,0.01375,0.011,0.01375,0.01375,0,0,0,0
22/05/2006,0.000224237083655972,0.1,15.623724380689,6,255.19578878726,0,2.29039176491165,9.16156705964662,0.591083513937327,0,400,25,6.10771137309775,20.6135258842049,0.248877269026243,0.715522148450449,0.01375,0.011,0.01375,0.01375,0,0,0,0
23/05/2006,0.00213867122314259,0.1,15.4926510554879,35.0687049793775,256.466809484872,0,6.98695490056041,27.9478196022416,2.07275286503952,0,400,25,18.6318797348277,62.8825941050437,0.872738048437692,2.50912188925836,0.01375,0.011,0.01375,0.01375,0,0,0,0
24/05/2006,0.00661565429404521,0.1,15.3623199587815,38.3757938631477,257.745166532788,0,7.42745728193942,29.7098291277577,2.2072145367502,0,400,25,19.8065527518385,66.8471155374548,0.929353489157978,2.67189128132919,0.01375,0.011,0.01375,0.01375,0,0,0,0
25/05/2006,0.00412734970973971,0.1,15.2327696713403,37.3673597683085,259.030481510195,0,6.90574131748406,27.6229652699363,2.02781171308072,0,400,25,18.4153101799575,62.1516718573566,0.85381545813925,2.45471944215035,0.01375,0.011,0.01375,0.01375,0,0,0,0
26/05/2006,0.000272210141310015,0.1,15.1040385427983,6,260.322373936585,0,2.11724240354981,8.46896961419924,0.534484152803993,0,400,25,5.64597974279949,19.0551816319483,0.225045959075366,0.647007132341676,0.01375,0.011,0.01375,0.01375,0,0,0,0
27/05/2006,0.000262522655704226,0.1,14.9761646803015,6,261.620461384384,0,2.13089631745524,8.52358526982095,0.538947367672004,0,400,25,5.68239017988063,19.1780668570971,0.226925207440844,0.652409971392426,0.01375,0.011,0.01375,0.01375,0,0,0,0
28/05/2006,0.000269382429304335,0.1,14.8491859372266,6,262.924359592162,0,2.1064302132745,8.42572085309798,0.530949845445181,0,400,25,5.61714723539865,18.9578719194705,0.223557829661129,0.642728760275745,0.01375,0.011,0.01375,0.01375,0,0,0,0
29/05/2006,0.000247311200788769,0.1,14.7231399019762,6,264.23368257838,0,2.15070219690351,8.60280878761404,0.545421547620686,0,400,25,5.73520585840936,19.3563197721316,0.229651177945552,0.660247136593462,0.01375,0.011,0.01375,0.01375,0,0,0,0
30/05/2006,0.000262458975466732,0.1,14.5980638868514,6,265.54804275565,0,2.10489649858961,8.41958599435844,0.530448502150337,0,400,25,5.6130573295723,18.9440684873065,0.22334673774751,0.642121871024092,0.01375,0.011,0.01375,0.01375,0,0,0,0
31/05/2006,0.0108709413656821,0.1,14.4739949170069,39.0068153518565,266.867051045467,0,7.61611041460669,30.4644416584267,2.27030931519676,0,400,25,20.3096277722845,68.5449937314602,0.955919711661795,2.74826917102766,0.01375,0.011,0.01375,0.01375,0,0,0,0
01/06/2006,0.00904006592690148,0.1,14.3509697194906,38.8023034248827,268.190316993389,0,7.12285676437905,28.4914270575162,2.09541909056851,0,400,25,18.9942847050108,64.1057108794115,0.882281722344635,2.53655995174083,0.01375,0.011,0.01375,0.01375,0,0,0,0
02/06/2006,0.000598601664881378,0.1,14.2290247123716,24.251343924755,269.517448884614,0,4.94762265434277,19.7904906173711,1.41918991278882,0,400,25,13.1936604115807,44.5286038890849,0.59755364749003,1.71796673653384,0.01375,0.011,0.01375,0.01375,0,0,0,0
03/06/2006,0.00875718099047359,0.1,14.1081959939597,38.8149873095836,270.848053859939,0,7.59723752074782,30.3889500829913,2.26490212664166,0,400,25,20.2593000553275,68.3751376867304,0.953643000691226,2.74172362698728,0.01375,0.011,0.01375,0.01375,0,0,0,0
04/06/2006,0.0069547108219825,0.1,13.9885193321197,38.4761721778363,272.181738032057,0,7.05649488164289,28.2259795265716,2.07401106043616,0,400,25,18.817319684381,63.508453934786,0.873267814920489,2.51064496789641,0.01375,0.011,0.01375,0.01375,0,0,0,0
05/06/2006,0.000291526826969773,0.1,13.870030153683,6,273.51810660215,0,2.00006587447129,8.00026349788516,0.496181287384778,0,400,25,5.3335089985901,18.0005928702416,0.208918436793591,0.600640505781573,0.01375,0.011,0.01375,0.01375,0,0,0,0
06/06/2006,0.0146802962517971,0.1,13.7527635339609,39.2805856344385,274.856763976763,0,7.66009584666903,30.6403833866761,2.28412084283568,0,400,25,20.4269222577841,68.9408626200213,0.961735091720285,2.76498838869582,0.01375,0.011,0.01375,0.01375,0,0,0,0
07/06/2006,0.013398801030275,0.1,13.6367541863612,38.777795902923,276.197313884907,0,7.10308241223171,28.4123296489268,2.12024073906257,0,400,25,18.9415530992846,63.9277417100854,0.892732942763188,2.56660721044417,0.01375,0.011,0.01375,0.01375,0,0,0,0
08/06/2006,0.00129086193600286,0.1,13.5220364521127,6,277.539359495362,0,1.09589572632201,4.38358290528805,0.200624593796197,0,400,25,2.92238860352537,9.86306153689811,0.084473513177346,0.24286135038487,0.01375,0.011,0.01375,0.01375,0,0,0,0
09/06/2006,0.00112241426021164,0.1,13.408644290099,6,278.882503534148,0,1.14827453918814,4.59309815675254,0.217746270259962,0,400,25,3.06206543783503,10.3344708526932,0.0916826401094578,0.263587590314691,0.01375,0.011,0.01375,0.01375,0,0,0,0
10/06/2006,0.00147789874945672,0.1,13.2966112668063,18.3306154618695,280.226348402127,0,3.59136386226551,14.3654554490621,0.993239734118522,0,400,25,9.57697029937471,32.3222747603896,0.418206203839377,1.20234283603821,0.01375,0.011,0.01375,0.01375,0,0,0,0
11/06/2006,0.0109774593348595,0.1,13.1859705463869,37.4420277018132,281.570496292702,0,7.25551240782027,29.0220496312811,2.15418120516042,0,400,25,19.3480330875207,65.2996116703824,0.907023665330703,2.60769303782577,0.01375,0.011,0.01375,0.01375,0,0,0,0
12/06/2006,0.00840356233540087,0.1,13.076754880842,37.0539705595673,282.914549309573,0,6.72997947673052,26.9199179069221,1.96916277410903,0,400,25,17.9466119379481,60.5698152905747,0.829121168045909,2.38372335813199,0.01375,0.011,0.01375,0.01375,0,0,0,0
13/06/2006,0.00151083786483075,0.1,12.9689966003261,6,284.258109584525,0,1.05521770327079,4.22087081308317,0.187327691637518,0,400,25,2.81391387538878,9.49695932943713,0.0788748175315867,0.226765100403312,0.01375,0.011,0.01375,0.01375,0,0,0,0
14/06/2006,0.00126015987522854,0.1,12.8627276035769,6,285.600779395208,0,1.08814414493638,4.35257657974554,0.198090743536809,0,400,25,2.90171771983036,9.79329730442746,0.0834066288576037,0.239794057965611,0.01375,0.011,0.01375,0.01375,0,0,0,0
15/06/2006,0.00104461723067383,0.1,12.7579793484726,6,286.942161282863,0,1.12030646725214,4.48122586900858,0.208604018788412,0,400,25,2.98748391267239,10.0827582052693,0.0878332710688052,0.252520654322815,0.01375,0.011,0.01375,0.01375,0,0,0,0
16/06/2006,0.000896184343786501,0.1,12.6547828427194,6,288.281858169988,0,1.16682692750525,4.667307710021,0.223810706871147,0,400,25,3.11153847334733,10.5014423475472,0.094236087103641,0.270928750422968,0.01375,0.011,0.01375,0.01375,0,0,0,0
17/06/2006,0.000782532465560741,0.1,12.5531686346731,6,289.619473477875,0,1.21862507453919,4.87450029815676,0.240742574288693,0,400,25,3.24966686543784,10.9676256708527,0.101365294437345,0.291425221507366,0.01375,0.011,0.01375,0.01375,0,0,0,0
18/06/2006,0.00069762197707585,0.1,12.4531668042954,6,290.954611244008,0,1.27415625433191,5.09662501732765,0.258894701876852,0,400,25,3.39775001155176,11.4674062889872,0.109008295527096,0.3133988496404,0.01375,0.011,0.01375,0.01375,0,0,0,0
19/06/2006,0.000628335042254619,0.1,12.3548069542502,6,292.286876239276,0,1.32870847732355,5.31483390929418,0.276726826381644,0,400,25,3.54322260619612,11.9583762959119,0.116516558476482,0.334985105619885,0.01375,0.011,0.01375,0.01375,0,0,0,0
20/06/2006,0.000537703402027834,0.1,12.2581182011404,6,293.61587408497,0,1.37329677208176,5.49318708832703,0.291301924883253,0,400,25,3.66212472555135,12.3596709487358,0.122653442056107,0.352628645911307,0.01375,0.011,0.01375,0.01375,0,0,0,0
21/06/2006,0.0060669196299941,0.1,12.1631291668888,37.100717607254,294.941211369524,0,7.24190757835228,28.9676303134091,2.15146929391118,0,400,25,19.3117535422728,65.1771682051705,0.905881807962602,2.60441019789248,0.01375,0.011,0.01375,0.01375,0,0,0,0
22/06/2006,0.0109275338379162,0.1,12.0698679702651,37.9529183372649,296.262495764978,0,7.18193777963235,28.7277511185294,2.14473546481051,0,400,25,19.1518340790196,64.6374400166911,0.903046511499161,2.59625872056009,0.01375,0.011,0.01375,0.01375,0,0,0,0
23/06/2006,0.00804987426418581,0.1,11.9783622185626,38.1043873270033,297.579336143113,0,7.16526588093869,28.6610635237547,2.1163267567503,0,400,25,19.1073756825032,64.4873929284482,0.891084950210651,2.56186923185562,0.01375,0.011,0.01375,0.01375,0,0,0,0
24/06/2006,0.00971487209144028,0.1,11.8886389994256,37.9185280879175,298.891342691233,0,7.1269311829129,28.5077247316516,2.10433413945308,0,400,25,19.0051498211011,64.1423806462161,0.886035427138139,2.54735185302215,0.01375,0.011,0.01375,0.01375,0,0,0,0
25/06/2006,0.00610942973378102,0.1,11.8007248728309,33.7985543478116,300.198127027558,0,5.95079395772094,23.8031758308837,1.71671255088323,0,400,25,15.8687838872558,53.5571456194884,0.72282633721399,2.07812571949022,0.01375,0.011,0.01375,0.01375,0,0,0,0
26/06/2006,0.00134060772544343,0.1,11.7146458632257,6,301.499302316194,0,1.05064872530069,4.20259490120278,0.185834176258046,0,400,25,2.80172993413518,9.45583852770625,0.0782459689507561,0.224957160733424,0.01375,0.011,0.01375,0.01375,0,0,0,0
27/06/2006,0.00112558111015677,0.1,11.6304274518233,6,302.794483381644,0,1.08301107976104,4.33204431904415,0.196412838361212,0,400,25,2.88802954602943,9.74709971784934,0.0827001424678786,0.237762909595151,0.01375,0.011,0.01375,0.01375,0,0,0,0
28/06/2006,0.000964298892737001,0.1,11.5480945690608,6,304.083286822828,0,1.12379076612699,4.49516306450796,0.209742972399115,0,400,25,2.99677537633864,10.1141168951429,0.0883128304838378,0.253899387641034,0.01375,0.011,0.01375,0.01375,0,0,0,0
29/06/2006,0.00137028078639772,0.1,11.4676715872185,19.2659203851421,305.365331126578,0,3.76370466125627,15.0548186450251,1.04784976806246,0,400,25,10.0365457633501,33.8733419513065,0.44119990234209,1.26844971923351,0.01375,0.011,0.01375,0.01375,0,0,0,0
30/06/2006,0.00118179721773536,0.1,11.3891823132057,18.2667795551035,306.640236780576,0,3.40892136155354,13.6356854462142,0.928084521969241,0,400,25,9.09045696414278,30.6802922539819,0.390772430302838,1.12347073712066,0.01375,0.011,0.01375,0.01375,0,0,0,0
01/07/2006,0.00213938348411521,0.1,11.3126499815131,29.9508963090463,307.907626385693,0,5.87371714171719,23.4948685668687,1.71785266147298,0,400,25,15.6632457112458,52.8634542754547,0.723306383778099,2.07950585336203,0.01375,0.011,0.01375,0.01375,0,0,0,0
02/07/2006,0.00176416767429655,0.1,11.238097247335,28.826602382757,309.167124767712,0,5.33551438245477,21.3420575298191,1.53374034580556,0,400,25,14.2280383532127,48.0196294420929,0.645785408760236,1.85663305018568,0.01375,0.011,0.01375,0.01375,0,0,0,0
03/07/2006,0.000497342126224583,0.1,11.1655461798626,6,310.418359088383,0,1.3444844223088,5.37793768923519,0.281883694419834,0,400,25,3.58529179282346,12.1003598007792,0.118687871334667,0.341227630087168,0.01375,0.011,0.01375,0.01375,0,0,0,0
04/07/2006,0.00156057834544425,0.1,11.0950182557516,29.5484206467009,311.660958955797,0,5.83177197942751,23.32708791771,1.70476101539337,0,400,25,15.55139194514,52.4859478148476,0.717794111744575,2.06365807126565,0.01375,0.011,0.01375,0.01375,0,0,0,0
05/07/2006,0.00192634819136647,0.1,11.026534352764,32.2901945434875,312.894556534024,0,6.15098737823693,24.6039495129477,1.79770931578539,0,400,25,16.4026330086318,55.3588864041324,0.756930238225427,2.1761744348981,0.01375,0.011,0.01375,0.01375,0,0,0,0
06/07/2006,0.00087944304356232,0.1,10.9601147435886,24.9987964013976,314.118786652004,0,4.77746645627111,19.1098658250845,1.36095871370723,0,400,25,12.7399105500563,42.99719810644,0.573035247876729,1.64747633764559,0.01375,0.011,0.01375,0.01375,0,0,0,0
07/07/2006,0.000342520612624119,0.1,10.8957790898389,6,315.333286911643,0,1.50628032573258,6.02512130293031,0.334771817689543,0,400,25,4.01674753528687,13.5565229315932,0.14095655481665,0.405250095097868,0.01375,0.011,0.01375,0.01375,0,0,0,0
08/07/2006,0.00032678995631525,0.1,10.8335464362339,6,316.53769779509,0,1.538788399653,6.15515359861199,0.345398112820519,0,400,25,4.10343573240799,13.849095596877,0.145430784345482,0.41811350499326,0.01375,0.011,0.01375,0.01375,0,0,0,0
09/07/2006,0.000318894177897757,0.1,10.7734352049594,6,317.731662771168,0,1.56543950167487,6.26175800669948,0.354109870900787,0,400,25,4.17450533779965,14.0889555150738,0.149098893010858,0.428659317406215,0.01375,0.011,0.01375,0.01375,0,0,0,0
10/07/2006,0.000251955065959423,0.1,10.7154631902157,6,318.914828400906,0,1.60618433893177,6.42473735572708,0.367428613401967,0,400,25,4.28315823715139,14.4556590503859,0.154706784590302,0.444782005697118,0.01375,0.011,0.01375,0.01375,0,0,0,0
11/07/2006,0.00021634437873259,0.1,10.6596475529492,6,320.086844442171,0,1.64475518967336,6.57902075869343,0.38003671945083,0,400,25,4.38601383912895,14.8027967070602,0.160015460821402,0.460044449861531,0.01375,0.011,0.01375,0.01375,0,0,0,0
12/07/2006,0.000281877203147493,0.1,10.6060048157731,6,321.247363953343,0,1.62534059023875,6.50136236095501,0.373690441786185,0,400,25,4.33424157397001,14.6280653121488,0.157343343909973,0.452362113741171,0.01375,0.011,0.01375,0.01375,0,0,0,0
13/07/2006,0.000278667088606661,0.1,10.5545508580758,6,322.396043396021,0,1.63600842101892,6.5440336840757,0.377177560664865,0,400,25,4.36268912271713,14.7240757891703,0.158811604490469,0.4565833629101,0.01375,0.011,0.01375,0.01375,0,0,0,0
14/07/2006,0.000301502197019401,0.1,10.5053009113207,6,323.532542736714,0,1.63220373890817,6.52881495563266,0.37593387963081,0,400,25,4.35254330375511,14.6898336501735,0.158287949318236,0.455077854289928,0.01375,0.011,0.01375,0.01375,0,0,0,0
15/07/2006,0.00323908299737688,0.1,10.4582695545372,36.7497207812977,324.656525547499,0,7.20456853580456,28.8182741432183,2.14015391244654,0,400,25,19.2121827621455,64.8411168222411,0.901117436819595,2.59071263085634,0.01375,0.011,0.01375,0.01375,0,0,0,0
16/07/2006,0.00969606832597255,0.1,10.4134707100049,38.9052037305856,325.767659105614,0,7.46620999786093,29.8648399914437,2.21779085502799,0,400,25,19.9098933276292,67.1958899807484,0.93380667580126,2.68469419292862,0.01375,0.011,0.01375,0.01375,0,0,0,0
17/07/2006,0.00585167553646159,0.1,10.3709176391324,38.2129996153686,326.865614491947,0,6.99289515441666,27.9715806176666,2.05368143864427,0,400,25,18.6477204117778,62.9360563897499,0.864707974166009,2.48603542572728,0.01375,0.011,0.01375,0.01375,0,0,0,0
18/07/2006,0.00240088508531092,0.1,10.3306229385318,36.2163846590971,327.950066688404,0,7.15982860155738,28.6393144062295,2.12776330734619,0,400,25,19.0928762708197,64.4384574140164,0.895900339935238,2.57571347731381,0.01375,0.011,0.01375,0.01375,0,0,0,0
19/07/2006,0.0019672842381759,0.1,10.2925985362894,35.02295590117,329.020694674121,0,6.50242247347949,26.009689893918,1.90175380186419,0,400,25,17.339793262612,58.5218022613154,0.800738442890186,2.30212302330929,0.01375,0.011,0.01375,0.01375,0,0,0,0
20/07/2006,0.000242944541855095,0.1,10.2568556884352,6,330.077181520497,0,1.66774260751423,6.67097043005694,0.387550886142902,0,400,25,4.44731362003796,15.0096834676281,0.163179320481222,0.469140546383513,0.01375,0.011,0.01375,0.01375,0,0,0,0
21/07/2006,0.00398165306269789,0.1,10.2234049756106,37.5069185828383,331.119214485005,0,7.34197979264917,29.3679191705967,2.18367539214306,0,400,25,19.5786127803978,66.0778181338426,0.919442270376023,2.64339652733107,0.01375,0.011,0.01375,0.01375,0,0,0,0
22/07/2006,0.00318690636737994,0.1,10.1922562999366,36.8667730455284,332.146485103776,0,6.77487099669218,27.0994839867687,1.98567870983487,0,400,25,18.0663226578458,60.9738389702296,0.836075246246261,2.403716332958,0.01375,0.011,0.01375,0.01375,0,0,0,0
23/07/2006,0.000253736280100683,0.1,10.1634188820821,6,333.158689282906,0,1.65174313505058,6.60697254020233,0.382320951058009,0,400,25,4.40464836013489,14.8656882154552,0.160977242550741,0.462809572333379,0.01375,0.011,0.01375,0.01375,0,0,0,0
24/07/2006,0.00174507302873957,0.1,10.1369012585347,35.025632762737,334.155527388481,0,6.94671402084733,27.7868560833893,2.06029087461627,0,400,25,18.5245707222595,62.520426187626,0.867490894575273,2.49403632190391,0.01375,0.011,0.01375,0.01375,0,0,0,0
25/07/2006,0.00572681986334596,0.1,10.1127112790737,38.2760257816174,335.136704335266,0,7.36993837403069,29.4797534961228,2.18803045418669,0,400,25,19.6531689974152,66.3294453662762,0.921275980710184,2.64866844454178,0.01375,0.011,0.01375,0.01375,0,0,0,0
26/07/2006,0.0038381123294701,0.1,10.0908561044464,37.4243493235495,336.101929674065,0,6.88584708676886,27.5433883470754,2.02127636520545,0,400,25,18.3622588980503,61.9726237809197,0.851063732718085,2.4468082315645,0.01375,0.011,0.01375,0.01375,0,0,0,0
27/07/2006,0.000836730253634832,0.1,10.0713422042482,29.7341982069239,337.050917677694,0,5.9029170664237,23.6116682656948,1.72597429282494,0,400,25,15.7411121771299,53.1262535978133,0.726726018031555,2.08933730184072,0.01375,0.011,0.01375,0.01375,0,0,0,0
28/07/2006,0.00146141187591867,0.1,10.0541753550077,33.7520520458898,337.983387425568,0,6.57711712746732,26.3084685098693,1.93784940560195,0,400,25,17.5389790065795,59.1940541472059,0.815936591832399,2.34581770151815,0.01375,0.011,0.01375,0.01375,0,0,0,0
29/07/2006,0.000897190100569368,0.1,10.0393606384765,30.5741835204057,338.899062886852,0,5.82227946701264,23.2891178680506,1.69103771236615,0,400,25,15.5260785787004,52.4005152031138,0.71201587889101,2.04704565181166,0.01375,0.011,0.01375,0.01375,0,0,0,0
30/07/2006,0.000199006772649611,0.1,10.0269024401251,6,339.797673002179,0,1.65379836713471,6.61519346853882,0.38299276885755,0,400,25,4.41012897902588,14.8841853042123,0.161260113203179,0.46362282545914,0.01375,0.011,0.01375,0.01375,0,0,0,0
31/07/2006,0.00016896613215879,0.1,10.0168044478446,6,340.678951763886,0,1.67311842510434,6.69247370041736,0.389308142645474,0,400,25,4.46164913361157,15.0580658259391,0.163919217955989,0.471267751623468,0.01375,0.011,0.01375,0.01375,0,0,0,0
01/08/2006,0.000209239497375885,0.1,10.0090696508551,6,341.542638294759,0,1.63555365308634,6.54221461234538,0.377028905340667,0,400,25,4.36147640823025,14.7199828777771,0.158749012775018,0.456403411728176,0.01375,0.011,0.01375,0.01375,0,0,0,0
02/08/2006,0.000237134550594419,0.1,10.0037003388204,6,342.388476925256,0,1.61551189138673,6.46204756554693,0.370477619795848,0,400,25,4.30803171036462,14.5396070224806,0.155990576756146,0.448472908173921,0.01375,0.011,0.01375,0.01375,0,0,0,0
03/08/2006,0.000223706837442896,0.1,10.000698101171,6,343.216217269194,0,1.61687434543781,6.46749738175123,0.37092298112007,0,400,25,4.31166492116749,14.5518691089403,0.156178097313714,0.449012029776927,0.01375,0.011,0.01375,0.01375,0,0,0,0
04/08/2006,0.00044955857187881,0.1,10.0000638266329,21.595761517682,344.025614297865,0,4.50053644980869,18.0021457992348,1.28494877115299,0,400,25,12.0014305328232,40.5048280482782,0.541031061538102,1.55546430192204,0.01375,0.011,0.01375,0.01375,0,0,0,0
05/08/2006,0.00336553499545401,0.1,10.0017977029648,37.2641490383216,344.816428412574,0,7.27440867618027,29.0976347047211,2.1614126403763,0,400,25,19.3984231364807,65.4696780856225,0.910068480158442,2.61644688045552,0.01375,0.011,0.01375,0.01375,0,0,0,0
06/08/2006,0.00339491338016065,0.1,10.0058992169025,37.3602924345032,345.588425515561,0,7.01124218197464,28.0449687278986,2.06658294231446,0,400,25,18.696645818599,63.1011796377718,0.870140186237669,2.5016530354333,0.01375,0.011,0.01375,0.01375,0,0,0,0
07/08/2006,0.000879604580118084,0.1,10.0123671543109,30.8995345218827,346.341377079302,0,5.88209461856982,23.5283784742793,1.71021328791081,0,400,25,15.6855856495195,52.9388515671284,0.720089805436132,2.07025819062888,0.01375,0.011,0.01375,0.01375,0,0,0,0
08/08/2006,0.000189870443204379,0.1,10.0211996005432,6,347.075060214155,0,1.60648875606186,6.42595502424744,0.367528121797179,0,400,25,4.28397001616496,14.4583988045567,0.15474868286197,0.444902463228165,0.01375,0.011,0.01375,0.01375,0,0,0,0
09/08/2006,0.000188925089671975,0.1,10.032393941008,6,347.789257734344,0,1.60107584998376,6.40430339993504,0.365758741745844,0,400,25,4.2695355999567,14.4096826498539,0.154003680735092,0.44276058211339,0.01375,0.011,0.01375,0.01375,0,0,0,0
10/08/2006,0.000187988483897481,0.1,10.0459468619428,6,348.483758222246,0,1.59565225532328,6.38260902129313,0.363985867792311,0,400,25,4.25507268086209,14.3608702979095,0.153257207491499,0.440614471538061,0.01375,0.011,0.01375,0.01375,0,0,0,0
11/08/2006,0.000187059936404849,0.1,10.0618543513956,6,349.15835609098,0,1.59022060842423,6.3608824336969,0.362210361709179,0,400,25,4.24058828913127,14.311985475818,0.152509625982812,0.438465174700585,0.01375,0.011,0.01375,0.01375,0,0,0,0
12/08/2006,0.000215079547162985,0.1,10.0801117004118,6,349.812851645262,0,1.57427637902576,6.29710551610306,0.356998484572477,0,400,25,4.19807034406871,14.1684874112319,0.150315151398938,0.432156060271946,0.01375,0.011,0.01375,0.01375,0,0,0,0
13/08/2006,0.000201762393589239,0.1,10.1007135044287,6,350.447051140518,0,1.57338717379289,6.29354869517156,0.35670781963614,0,400,25,4.19569913011438,14.160484564136,0.150192766162585,0.431804202717433,0.01375,0.011,0.01375,0.01375,0,0,0,0
14/08/2006,0.000155376859864182,0.1,10.1236536648752,6,351.06076684024,0,1.58641255070525,6.34565020282102,0.360965577250504,0,400,25,4.23043346854734,14.2777129563473,0.151985506210739,0.436958330355873,0.01375,0.011,0.01375,0.01375,0,0,0,0
15/08/2006,0.000195819662489995,0.1,10.1489253909769,6,351.653817071558,0,1.56453884763194,6.25815539052777,0.353815463557722,0,400,25,4.17210359368518,14.0808496286875,0.148974932024304,0.428302929569874,0.01375,0.011,0.01375,0.01375,0,0,0,0
16/08/2006,0.00125479753817022,0.1,10.1765212017667,34.3101980499969,352.226026279017,0,6.84694409497617,27.3877763799047,2.02989795058013,0,400,25,18.2585175866031,61.6224968547855,0.854693873928477,2.45724488754437,0.01375,0.011,0.01375,0.01375,0,0,0,0
17/08/2006,0.000992994015416287,0.1,10.206432928299,32.9081312436717,352.777225076551,0,6.28116539856584,25.1246615942634,1.83794002328503,0,400,25,16.7497743961756,56.5304885870926,0.773869483488433,2.22487476502924,0.01375,0.011,0.01375,0.01375,0,0,0,0
18/08/2006,0.00015180861215977,0.1,10.2386517160679,6,353.307250297619,0,1.56076444571528,6.24305778286111,0.352581680565608,0,400,25,4.16203852190741,14.0468800114375,0.148455444448677,0.426809402789947,0.01375,0.011,0.01375,0.01375,0,0,0,0
19/08/2006,0.000150930842327053,0.1,10.2731680276286,6,353.815945043506,0,1.55432413714777,6.21729654859107,0.35047646142096,0,400,25,4.14486436572738,13.9889172343299,0.147569036387773,0.424260979614846,0.01375,0.011,0.01375,0.01375,0,0,0,0
20/08/2006,0.000166596015176622,0.1,10.3099716454204,6,354.303158729775,0,1.5437862619355,6.17514504774199,0.347031822641896,0,400,25,4.11676336516133,13.8940763574195,0.146118662165009,0.4200911537244,0.01375,0.011,0.01375,0.01375,0,0,0,0
21/08/2006,0.000186400878987447,0.1,10.3490516747915,6,354.768747130835,0,1.53448323304019,6.13793293216077,0.343990832551387,0,400,25,4.09195528810718,13.8103490973617,0.144838245284794,0.416409955193784,0.01375,0.011,0.01375,0.01375,0,0,0,0
22/08/2006,0.000140060873464538,0.1,10.3903965472238,6,355.212572422639,0,1.53660888066016,6.14643552264065,0.344685667902431,0,400,25,4.09762368176044,13.8294799259415,0.145130807537866,0.417251071671364,0.01375,0.011,0.01375,0.01375,0,0,0,0
23/08/2006,0.000147472940198902,0.1,10.4339940237578,6,355.634503223483,0,1.52846087644578,6.11384350578312,0.342022234266762,0,400,25,4.07589567052208,13.756147888012,0.144009361796532,0.414026915165028,0.01375,0.011,0.01375,0.01375,0,0,0,0
24/08/2006,0.000204502623621008,0.1,10.4798311986152,6,356.034414632895,0,1.51764843927522,6.07059375710089,0.338487846202408,0,400,25,4.04706250473393,13.658835953477,0.142521198401014,0.409748445402914,0.01375,0.011,0.01375,0.01375,0,0,0,0
25/08/2006,0.000170580928531272,0.1,10.5278945030197,6,356.412188268613,0,1.51419487764068,6.05677951056273,0.337358940033698,0,400,25,4.03785300704182,13.6277538987661,0.142045869487873,0.408381874777634,0.01375,0.011,0.01375,0.01375,0,0,0,0
26/08/2006,0.000409000665571006,0.1,10.5781697092131,22.7144197680941,356.767712301624,0,4.6933522663074,18.7734090652296,1.34628165984549,0,400,25,12.5156060434864,42.2401703967666,0.566855435724415,1.62970937770769,0.01375,0.011,0.01375,0.01375,0,0,0,0
27/08/2006,0.000357634657713822,0.1,10.6306419346675,20.4011243136805,357.10088148927,0,4.07519567849363,16.3007827139745,1.14275627162924,0,400,25,10.867188475983,36.6767611064426,0.481160535422836,1.38333653934065,0.01375,0.011,0.01375,0.01375,0,0,0,0
28/08/2006,0.000155667155581585,0.1,10.6852956464909,6,357.4115972064,0,1.49677116999367,5.98708467997469,0.331663448501772,0,400,25,3.99138978664979,13.470940529943,0.13964776779022,0.401487332396881,0.01375,0.011,0.01375,0.01375,0,0,0,0
29/08/2006,0.00020858682178582,0.1,10.7421146660246,6,357.69976747457,0,1.49486778278107,5.97947113112427,0.331041266015071,0,400,25,3.98631408741618,13.4538100450296,0.139385796216872,0.400734164123507,0.01375,0.011,0.01375,0.01375,0,0,0,0
30/08/2006,0.000211898646320473,0.1,10.8010821736331,6,357.965306989265,0,1.49074333909239,5.96297335636954,0.329693060766298,0,400,25,3.97531557091303,13.4166900518315,0.138818130848967,0.399102126190781,0.01375,0.011,0.01375,0.01375,0,0,0,0
31/08/2006,0.00333928564895917,0.1,10.862180713683,37.6682003719199,358.208137145153,0,7.39837414597047,29.5934965838819,2.20282691623171,0,400,25,19.7289977225879,66.5853673137342,0.927506069992299,2.66657995122786,0.01375,0.011,0.01375,0.01375,0,0,0,0
01/09/2006,0.00262440447225325,0.1,10.9253921997097,37.0432894522798,358.428186059355,0,6.87373734913302,27.4949493965321,2.01993813750697,0,400,25,18.3299662643547,61.8636361421972,0.850500268423989,2.44518827171897,0.01375,0.011,0.01375,0.01375,0,0,0,0
02/09/2006,6.88899474028697e-05,0.1,10.9906979197721,6,358.625388592724,0,1.41865297550015,5.67461190200059,0.306128038688834,0,400,25,3.78307460133373,12.7678767795013,0.128896016290036,0.370576046833852,0.01375,0.011,0.01375,0.01375,0,0,0,0
03/09/2006,8.46233744891931e-05,0.1,11.0580785419912,6,358.799686369124,0,1.42466360470174,5.69865441880694,0.308092803503117,0,400,25,3.7991029458713,12.8219724423156,0.129723285685523,0.372954446345879,0.01375,0.011,0.01375,0.01375,0,0,0,0
04/09/2006,0.000108630079281069,0.1,11.1275141202729,6,358.951027792715,0,1.4348055323617,5.7392221294468,0.311408014265084,0,400,25,3.82614808629787,12.9132497912553,0.131119163901088,0.376967596215628,0.01375,0.011,0.01375,0.01375,0,0,0,0
05/09/2006,0.000128506883992331,0.1,11.1989841002127,6,359.079368063225,0,1.43924251719543,5.75697006878172,0.312858383501056,0,400,25,3.83798004585448,12.9531826547589,0.131729845684655,0.378723306343384,0.01375,0.011,0.01375,0.01375,0,0,0,0
06/09/2006,0.000156656892976131,0.1,11.2724673251798,6,359.184669189209,0,1.4459378072106,5.78375122884241,0.315046951419994,0,400,25,3.8558341525616,13.0134402648954,0.132651347966313,0.381372625403151,0.01375,0.011,0.01375,0.01375,0,0,0,0
07/09/2006,0.034745721697833,0.1,11.3479420425803,39.1889224192177,359.2668999993,0,7.60006512800592,30.4002605120237,2.26399032696872,0,400,25,20.2668403413491,68.4005861520533,0.953259085039461,2.74061986948845,0.01375,0.011,0.01375,0.01375,0,0,0,0
08/09/2006,0.0307014722904148,0.1,11.4253859102962,38.0349147263424,359.326036151433,0,6.881206606225,27.5248264249,2.03619322093526,0,400,25,18.3498842832667,61.930859456025,0.857344514078006,2.46486547797427,0.01375,0.011,0.01375,0.01375,0,0,0,0
09/09/2006,0.004285342408804,0.1,11.5047760032994,29.1627934606452,359.362060140052,0,5.61164941252531,22.4465976501012,1.63344661596864,0,400,25,14.9643984334008,50.5048447127278,0.68776699619732,1.9773301140673,0.01375,0.011,0.01375,0.01375,0,0,0,0
10/09/2006,0.0242309788948071,0.1,11.5860888204375,36.8532002205097,359.374961301293,0,6.78360856649877,27.1344342659951,1.99097707759343,0,400,25,18.0896228439967,61.0524770984889,0.838306137934076,2.41013014656047,0.01375,0.011,0.01375,0.01375,0,0,0,0
11/09/2006,0.0718089529304018,0.1,11.6693002913912,36.909380060784,359.364735816136,0,5.95514796466954,23.8205918586782,1.71131362440929,0,400,25,15.8803945724521,53.5963316820258,0.720553105014436,2.0715901769165,0.01375,0.011,0.01375,0.01375,0,0,0,0
12/09/2006,0.063575853006944,0.1,11.7543857837993,35.4810930293073,359.331386711544,0,4.80233645122625,19.209345804905,1.30838212578964,0,400,25,12.8062305366033,43.2210280610363,0.550897737174586,1.58383099437693,0.01375,0.011,0.01375,0.01375,0,0,0,0
13/09/2006,0.00913543326520034,0.1,11.8413201105505,14.7739674634355,359.274923859559,0,2.64028463354425,10.561138534177,0.680439817718655,0,400,25,7.04075902278466,23.7625617018982,0.286500975881539,0.823690305659425,0.01375,0.011,0.01375,0.01375,0,0,0,0
14/09/2006,0.00559632455700017,0.1,11.9300775372393,6,359.195363974383,0,1.24861327412016,4.99445309648066,0.250545168560324,0,400,25,3.32963539765377,11.2375194670815,0.105492702551715,0.303291519836182,0.01375,0.011,0.01375,0.01375,0,0,0,0
15/09/2006,0.00459220365178649,0.1,12.0206317897838,6,359.09273060743,0,1.26952647968161,5.07810591872643,0.257381313173957,0,400,25,3.38540394581762,11.4257383171345,0.10837107923114,0.311566852789527,0.01375,0.011,0.01375,0.01375,0,0,0,0
16/09/2006,0.00373546381040512,0.1,12.1129560622039,6,358.967054140356,0,1.28890734416919,5.15562937667677,0.263716563501082,0,400,25,3.43708625111785,11.6001660975227,0.111038553053087,0.319235840027625,0.01375,0.011,0.01375,0.01375,0,0,0,0
17/09/2006,0.00353670267261278,0.1,12.2070230245555,10.0802648533959,358.818371776061,0,2.09623828128539,8.38495312514157,0.519945735071316,0,400,25,5.58996875009438,18.8661445315685,0.218924520030028,0.62940799508633,0.01375,0.011,0.01375,0.01375,0,0,0,0
18/09/2006,0.00284915861573421,0.1,12.3028048310218,9.88531821602065,358.646727527679,0,2.02357287224114,8.09429148896457,0.494793078089628,0,400,25,5.39619432597638,18.2121558501703,0.208333927616686,0.598960041897971,0.01375,0.011,0.01375,0.01375,0,0,0,0
19/09/2006,0.00201322996903826,0.1,12.4002731281556,6,358.452172205552,0,1.35265010202075,5.41060040808301,0.284552905852559,0,400,25,3.60706693872201,12.1738509181868,0.119811749832656,0.344458780768887,0.01375,0.011,0.01375,0.01375,0,0,0,0
20/09/2006,0.00164627537463494,0.1,12.4993990632724,6,358.234763402183,0,1.37674926127344,5.50699704509377,0.292430480489998,0,400,25,3.67133136339585,12.390743351461,0.12312862336421,0.353994792172103,0.01375,0.011,0.01375,0.01375,0,0,0,0
21/09/2006,0.00144155623692435,0.1,12.600153292992,6,357.994565475191,0,1.40893272766721,5.63573091066885,0.302950667354198,0,400,25,3.7571539404459,12.6803945490049,0.127558175728083,0.366729755218239,0.01375,0.011,0.01375,0.01375,0,0,0,0
22/09/2006,0.0010718872624539,0.1,12.7025059919243,6,357.73164952826,0,1.42651265239845,5.70605060959378,0.308697223395375,0,400,25,3.80403373972919,12.838613871586,0.129977778271737,0.373686112531244,0.01375,0.011,0.01375,0.01375,0,0,0,0
23/09/2006,0.000965056004528993,0.1,12.8064268614986,6,357.446093390089,0,1.46016690098,5.84066760392001,0.319698182071497,0,400,25,3.89377840261334,13.14150210882,0.134609760872209,0.387003062507601,0.01375,0.011,0.01375,0.01375,0,0,0,0
24/09/2006,0.000744672209189259,0.1,12.9118851389321,6,357.137981591355,0,1.48707277470295,5.9482910988118,0.328493220363729,0,400,25,3.96552739920786,13.3836549723265,0.138312934889991,0.397649687808725,0.01375,0.011,0.01375,0.01375,0,0,0,0
25/09/2006,0.000755360216827977,0.1,13.0188496063369,6,356.807405339689,0,1.51651200822815,6.06604803291261,0.338116367666591,0,400,25,4.04403202194174,13.6486080740534,0.142364786385933,0.409298760859557,0.01375,0.011,0.01375,0.01375,0,0,0,0
26/09/2006,0.000710499498589885,0.1,13.1272885999607,6,356.454462492675,0,1.53923480906952,6.15693923627807,0.345544035898608,0,400,25,4.10462615751872,13.8531132816257,0.145492225641519,0.418290148719367,0.01375,0.011,0.01375,0.01375,0,0,0,0
27/09/2006,0.000556054766233856,0.1,13.2371700195604,6,356.079257528887,0,1.56785670700664,6.27142682802655,0.354900011138268,0,400,25,4.18095121868437,14.1107103630597,0.149431583637165,0.42961580295685,0.01375,0.011,0.01375,0.01375,0,0,0,0
28/09/2006,0.000540654794458797,0.1,13.3484613379039,6,355.681901516956,0,1.58300337100286,6.33201348401146,0.359851178724131,0,400,25,4.22134232267431,14.2470303390258,0.151516285778582,0.435609321613422,0.01375,0.011,0.01375,0.01375,0,0,0,0
29/09/2006,0.000438163311460466,0.1,13.4611296103994,6,355.262512082693,0,1.6111427212623,6.44457088504922,0.369049417948722,0,400,25,4.29638059003281,14.5002844913607,0.155389228609988,0.446744032253717,0.01375,0.011,0.01375,0.01375,0,0,0,0
30/09/2006,0.000419899806580353,0.1,13.5751414848473,6,354.82121337427,0,1.62156469533586,6.48625878134345,0.372456170764165,0,400,25,4.32417252089563,14.5940822580228,0.156823650848069,0.4508679961882,0.01375,0.011,0.01375,0.01375,0,0,0,0
01/10/2006,0.000376493684665851,0.1,13.6904632113135,6,354.35813602547,0,1.63736714561567,6.54946858246269,0.37762170289864,0,400,25,4.36631238830846,14.736304310541,0.158998611746796,0.457121008772038,0.01375,0.011,0.01375,0.01375,0,0,0,0
02/10/2006,0.00031056377467918,0.1,13.8070606521197,6,353.873417117015,0,1.66468156533444,6.65872626133777,0.386550287408862,0,400,25,4.43915084089185,14.98213408801,0.1627580157511,0.467929295284412,0.01375,0.011,0.01375,0.01375,0,0,0,0
03/10/2006,0.00034491728883842,0.1,13.9248992919492,6,353.367200135988,0,1.64628979445024,6.58515917780095,0.380538353700477,0,400,25,4.39010611853397,14.8166081500521,0.160226675242306,0.46065169132163,0.01375,0.011,0.01375,0.01375,0,0,0,0
04/10/2006,0.000300786777589636,0.1,14.0439442480639,6,352.839634933357,0,1.66189731948109,6.64758927792436,0.385640168334218,0,400,25,4.4317261852829,14.9570758753298,0.162374807719671,0.466827572194053,0.01375,0.011,0.01375,0.01375,0,0,0,0
05/10/2006,0.000202179159078896,0.1,14.1641602806307,6,352.290877679617,0,1.72849850252058,6.91399401008233,0.407410877628848,0,400,25,4.60932934005489,15.5564865226853,0.171541422159515,0.493181588708606,0.01375,0.011,0.01375,0.01375,0,0,0,0
06/10/2006,0.000284107906909426,0.1,14.2855118031529,6,351.721090818561,0,1.65721890494604,6.62887561978417,0.384110880142116,0,400,25,4.41925041318945,14.9149701445144,0.161730896901944,0.464976328593088,0.01375,0.011,0.01375,0.01375,0,0,0,0
07/10/2006,0.000211165693575115,0.1,14.4079628930047,6,351.13044301919,0,1.69868048995991,6.79472195983963,0.397663914383207,0,400,25,4.52981463989308,15.2881244096392,0.167437437635035,0.481382633200725,0.01375,0.011,0.01375,0.01375,0,0,0,0
08/10/2006,0.000107716333066517,0.1,14.5314773020651,6,350.519109125787,0,2.00675718744523,8.0270287497809,0.498368555281635,0,400,25,5.35135249985394,18.060814687007,0.20983939169753,0.6032882511304,0.01375,0.011,0.01375,0.01375,0,0,0,0
09/10/2006,0.000243279933961242,0.1,14.6560184674478,6,349.887270106158,0,1.71152331679964,6.84609326719857,0.401861999715766,0,400,25,4.56406217813238,15.4037098511968,0.169205052511902,0.486464525971717,0.01375,0.011,0.01375,0.01375,0,0,0,0
10/10/2006,0.00022601059309563,0.1,14.7815495223251,6,349.235112998059,0,1.71240309748889,6.84961238995555,0.402149583941068,0,400,25,4.56640825997037,15.4116278774,0.169326140606766,0.486812654244451,0.01375,0.011,0.01375,0.01375,0,0,0,0
11/10/2006,0.000175316545075303,0.1,14.908033306841,6,348.562830853834,0,1.75793240646462,7.03172962585848,0.417032282789049,0,400,25,4.68781975057232,15.8213916581816,0.175592540121705,0.504828552849901,0.01375,0.011,0.01375,0.01375,0,0,0,0
12/10/2006,8.23876649249215e-05,0.1,15.0354323791111,6,347.870622683264,0,2.02547889801834,8.10191559207336,0.504488340243168,0,400,25,5.40127706138224,18.229310082165,0.212416143260281,0.610696411873309,0.01375,0.011,0.01375,0.01375,0,0,0,0
13/10/2006,2.63552424247871e-05,0.1,15.1637090263067,6,347.158693394657,0,3.10474141486061,12.4189656594425,0.857279528544299,0,400,25,8.2793104396283,27.9426727337455,0.360959801492336,1.03775942929047,0.01375,0.011,0.01375,0.01375,0,0,0,0
14/10/2006,3.28457358132044e-05,0.1,15.292825275818,6,346.427253734189,0,2.77222979432151,11.088919177286,0.748587557959472,0,400,25,7.39261278485735,24.9500681488936,0.315194761246094,0.906184938582519,0.01375,0.011,0.01375,0.01375,0,0,0,0
15/10/2006,0.000198748122767929,0.1,15.4227429064953,6,345.676520223521,0,1.7072722005805,6.829088802322,0.400472387532305,0,400,25,4.55272586821467,15.3654498052245,0.168619952645181,0.484782363854895,0.01375,0.011,0.01375,0.01375,0,0,0,0
16/10/2006,0.000308199370783848,0.1,15.553423459963,6,344.906715095704,0,1.62844615515521,6.51378462062083,0.374705594188984,0,400,25,4.34252308041389,14.6560153963969,0.157770776500625,0.453590982439296,0.01375,0.011,0.01375,0.01375,0,0,0,0
17/10/2006,0.0023910767176765,0.1,15.6848282520041,35.1589719109788,344.11806622939,0,6.92689210376775,27.707568415071,2.05264520544254,0,400,25,18.471712276714,62.3420289339098,0.864271665449491,2.48478103816729,0.01375,0.011,0.01375,0.01375,0,0,0,0
18/10/2006,0.00180224861761267,0.1,15.8169183840117,34.6184126513525,343.310807081381,0,6.55957880877356,26.2383152350942,1.92472920514214,0,400,25,17.4922101567295,59.0362092789621,0.810412296901952,2.32993535359311,0.01375,0.011,0.01375,0.01375,0,0,0,0
19/10/2006,0.000129691403795801,0.1,15.9496547545038,6,342.485176617513,0,1.76462762625556,7.05851050502226,0.419220827752971,0,400,25,4.70567367001484,15.8816486363001,0.176514032738093,0.507477844122017,0.01375,0.011,0.01375,0.01375,0,0,0,0
20/10/2006,0.000117798814850088,0.1,16.0829980706979,6,341.641419241926,0,1.78553466353319,7.14213865413277,0.426054956067378,0,400,25,4.76142576942185,16.0698119717987,0.179391560449422,0.51575073629209,0.01375,0.011,0.01375,0.01375,0,0,0,0
21/10/2006,0.0002395333791422,0.1,16.2169088601428,6,340.779784724706,0,1.63826201039981,6.55304804159923,0.377914217838831,0,400,25,4.36869869439949,14.7443580935983,0.15912177593214,0.457475105804901,0.01375,0.011,0.01375,0.01375,0,0,0,0
22/10/2006,0.000208066136180599,0.1,16.3513474824032,6,339.900528127956,0,1.65302385730374,6.61209542921497,0.382739595751515,0,400,25,4.40806361947665,14.8772147157337,0.161153514000638,0.463316352751834,0.01375,0.011,0.01375,0.01375,0,0,0,0
23/10/2006,0.000163853886780079,0.1,16.486274140794,6,339.003909730285,0,1.6879496127067,6.7517984508268,0.394156186764955,0,400,25,4.50119896721787,15.1915465143603,0.165960499690507,0.477136436610209,0.01375,0.011,0.01375,0.01375,0,0,0,0
24/10/2006,0.000102624773599288,0.1,16.6216488941613,6,338.090194949768,0,1.79269333823803,7.17077335295212,0.428394995970895,0,400,25,4.78051556863475,16.1342400441423,0.180376840408798,0.518583416175294,0.01375,0.011,0.01375,0.01375,0,0,0,0
25/10/2006,0.000607477170778116,0.1,16.7574316687051,27.895884538466,337.159654265367,0,5.78850749034643,23.1540299613857,1.6963213028582,0,400,25,15.4360199742572,52.0965674131179,0.714240548571875,2.05344157714414,0.01375,0.011,0.01375,0.01375,0,0,0,0
26/10/2006,0.000553869067125857,0.1,16.893582269843,24.5964941864748,336.212563136873,0,4.88844364583621,19.5537745833448,1.40028689221919,0,400,25,13.0358497222299,43.9959928125259,0.589594480934398,1.69508413268639,0.01375,0.011,0.01375,0.01375,0,0,0,0
27/10/2006,1.96884347146345e-05,0.1,17.0300603941077,6,335.249201923357,0,2.9152758436614,11.6611033746456,0.795346696668426,0,400,25,7.77406891643039,26.2374825929526,0.334882819649864,0.962788106493358,0.01375,0.011,0.01375,0.01375,0,0,0,0
28/10/2006,6.19197257590575e-05,0.1,17.1668256410784,6,334.269855800181,0,1.95198306921995,7.80793227687981,0.480463897281115,0,400,25,5.20528818458654,17.5678476229796,0.202300588328891,0.58161419144556,0.01375,0.011,0.01375,0.01375,0,0,0,0
29/10/2006,0.000125452727511417,0.1,17.3038375253397,6,333.27481467458,0,1.72230617320465,6.88922469281858,0.405386718368584,0,400,25,4.59281646187905,15.5007555588418,0.170689144576246,0.490731290656708,0.01375,0.011,0.01375,0.01375,0,0,0,0
30/10/2006,0.000160399549478342,0.1,17.4410554884664,6,332.264373099842,0,1.67089305051276,6.68357220205105,0.388580708370378,0,400,25,4.45571480136737,15.0380374546149,0.163612929840159,0.470387173290457,0.01375,0.011,0.01375,0.01375,0,0,0,0
31/10/2006,7.90197688993212e-05,0.1,17.5784389110296,6,331.238830188116,0,1.83609465069266,7.34437860277065,0.44258209165499,0,400,25,4.8962524018471,16.524851856234,0.186350354381049,0.535757268845515,0.01375,0.011,0.01375,0.01375,0,0,0,0
01/11/2006,9.29298976463794e-05,0.1,17.7159471246209,6,330.198489521866,0,1.78245596946647,7.12982387786586,0.425048587254169,0,400,25,4.75321591857724,16.0421037251982,0.178967826212282,0.514532500360309,0.01375,0.011,0.01375,0.01375,0,0,0,0
02/11/2006,0.000148669869557237,0.1,17.853539423891,6,329.143659064006,0,1.67444830074161,6.69779320296645,0.389742854681744,0,400,25,4.4651954686443,15.0700347066745,0.16410225460284,0.471793981983164,0.01375,0.011,0.01375,0.01375,0,0,0,0
03/11/2006,0.00600581218063157,0.1,17.9911750785997,38.3610036983792,328.074651066735,0,7.51525261634754,30.0610104653902,2.23934285516184,0,400,25,20.0406736435934,67.6372735471279,0.942881202173406,2.71078345624854,0.01375,0.011,0.01375,0.01375,0,0,0,0
04/11/2006,0.00581675300629663,0.1,18.1288133456723,38.1834830143732,326.991781979106,0,7.06491481929141,28.2596592771656,2.07974482894747,0,400,25,18.8397728514438,63.5842333736227,0.875682033241041,2.51758584556799,0.01375,0.011,0.01375,0.01375,0,0,0,0
05/11/2006,0.00294866636739852,0.1,18.2664134812612,36.8115873639165,325.895372353347,0,7.13638645237771,28.5455458095108,2.11528737550974,0,400,25,19.0303638730072,64.2274780713993,0.890647316004102,2.56061103351179,0.01375,0.011,0.01375,0.01375,0,0,0,0
06/11/2006,0.00645452595949932,0.1,18.4039347528061,38.4642816117809,324.785746749974,0,7.4146138305461,29.6584553221844,2.20263430576607,0,400,25,19.7723035481229,66.7315244749149,0.927424970848872,2.66634679119051,0.01375,0.011,0.01375,0.01375,0,0,0,0
07/11/2006,0.00384376559751172,0.1,18.5413364510926,37.5502491772033,323.663233641712,0,6.95832355459294,27.8332942183717,2.04621560446629,0,400,25,18.5555294789145,62.6249119913364,0.861564465038437,2.47699783698551,0.01375,0.011,0.01375,0.01375,0,0,0,0
08/11/2006,0.000152465252341392,0.1,18.678577902302,6,322.528165316262,0,1.62877636155445,6.5151054462178,0.374813532624865,0,400,25,4.34340363081187,14.6589872539901,0.157816224263101,0.453721644756415,0.01375,0.011,0.01375,0.01375,0,0,0,0
09/11/2006,0.000167523374809207,0.1,18.8156184800527,6,321.380877777935,0,1.612148754764,6.448595019056,0.369378271910567,0,400,25,4.29906334603733,14.509338792876,0.155527693436028,0.447142118628581,0.01375,0.011,0.01375,0.01375,0,0,0,0
10/11/2006,7.87881466738709e-05,0.1,18.9524176174254,6,320.221710648189,0,1.72271285697383,6.89085142789531,0.405519655858726,0,400,25,4.59390095193021,15.5044157127645,0.170745118256306,0.490892214986879,0.01375,0.011,0.01375,0.01375,0,0,0,0
11/11/2006,0.00186835717559623,0.1,19.0889348189725,37.1402114967205,319.05100706509,0,7.50388498911837,30.0155399564735,2.24293466028287,0,400,25,20.0103599709823,67.5349649020654,0.944393541171733,2.71513143086873,0.01375,0.011,0.01375,0.01375,0,0,0,0
12/11/2006,0.00160471624297465,0.1,19.2251296727055,34.876728921368,317.869113581744,0,6.58546118523167,26.3418447409267,1.9323728683036,0,400,25,17.5612298272845,59.2691506670851,0.813630681390989,2.33918820899909,0.01375,0.011,0.01375,0.01375,0,0,0,0
13/11/2006,4.80657028088119e-05,0.1,19.3609618620575,6,316.676380063702,0,1.82516741233628,7.30066964934512,0.439010177181506,0,400,25,4.86711309956342,16.4265067110265,0.184846390392213,0.531433372377613,0.01375,0.011,0.01375,0.01375,0,0,0,0
14/11/2006,0.000563397465831087,0.1,19.496391177818,33.732327862401,315.473159585395,0,7.07042872661656,28.2817149064662,2.10877481605838,0,400,25,18.8544766043108,63.633858539549,0.887905185708792,2.55272740891278,0.01375,0.011,0.01375,0.01375,0,0,0,0
15/11/2006,0.000374612050640669,0.1,19.6313775300357,33.0828627849762,314.259808325618,0,7.03493717795115,28.1397487118046,2.09757438443491,0,400,25,18.7598324745364,63.3144346015603,0.883189214498912,2.53916899168437,0.01375,0.011,0.01375,0.01375,0,0,0,0
16/11/2006,8.70289459860424e-05,0.1,19.7658809598859,6,313.036685462092,0,1.66917753261754,6.67671013047016,0.388019936929359,0,400,25,4.45114008698011,15.0225977935579,0.163376815549204,0.469708344703961,0.01375,0.011,0.01375,0.01375,0,0,0,0
17/11/2006,8.52489244417095e-05,0.1,19.899861651499,6,311.80415306514,0,1.66540678623924,6.66162714495695,0.386787348865913,0,400,25,4.44108476330463,14.9886610761531,0.162857831101437,0.468216264416632,0.01375,0.011,0.01375,0.01375,0,0,0,0
18/11/2006,5.8568389343576e-05,0.1,20.0332799437473,6,310.562575990505,0,1.72859392584644,6.91437570338577,0.407442069769774,0,400,25,4.60958380225718,15.557345332618,0.171554555692537,0.493219347616043,0.01375,0.011,0.01375,0.01375,0,0,0,0
19/11/2006,2.11191500429778e-06,0.1,20.166096341985,6,309.31232177135,0,3.85714285714286,15.4285714285714,1.10322580645161,0,400,25,10.2857142857143,34.7142857142857,0.464516129032258,1.33548387096774,0.01375,0.011,0.01375,0.01375,0,0,0,0
20/11/2006,2.9696858444726e-05,0.1,20.2982715297398,6,308.053760509454,0,1.9168776653462,7.66751066138479,0.468988582466468,0,400,25,5.11167377425653,17.2518989881158,0.197468876827987,0.567723020880461,0.01375,0.011,0.01375,0.01375,0,0,0,0
21/11/2006,0,0.1,20.4297663803513,0,306.787264765657,0,0,0,0,0,400,25,0,0,0,0,0.01375,0.011,0.01375,0.01375,0,0,0,0
22/11/2006,0,0.1,20.5605419685534,0,305.513209449576,0,0,0,0,0,400,25,0,0,0,0,0.01375,0.011,0.01375,0.01375,0,0,0,0
23/11/2006,2.72474914673993e-05,0.1,20.6905595819968,6,304.231971708621,0,1.92460801444536,7.69843205778143,0.471515492279527,0,400,25,5.13228803852096,17.3214721300082,0.198532838854538,0.570781911706796,0.01375,0.011,0.01375,0.01375,0,0,0,0
24/11/2006,8.7804786282648e-05,0.1,20.8197807327088,6,302.94393081635,0,1.62825810324263,6.51303241297052,0.37464412345627,0,400,25,4.34202160864702,14.6543229291837,0.157744894086851,0.453516570499695,0.01375,0.011,0.01375,0.01375,0,0,0,0
25/11/2006,0,0.1,20.9481671684868,0,301.649468060202,0,0,0,0,0,400,25,0,0,0,0,0.01375,0.011,0.01375,0.01375,0,0,0,0
26/11/2006,7.1987098460281e-05,0.1,21.0756808842214,6,300.348966628621,0,1.64022947335624,6.56091789342498,0.378557345514914,0,400,25,4.37394526228332,14.7620652602062,0.159392566532595,0.458253628781211,0.01375,0.011,0.01375,0.01375,0,0,0,0
27/11/2006,0.000132807037680241,0.1,21.2022841331467,6,299.042811497628,0,1.57274166884779,6.29096667539118,0.356496815869141,0,400,25,4.19397778359412,14.1546750196302,0.150103922471217,0.431548777104749,0.01375,0.011,0.01375,0.01375,0,0,0,0
28/11/2006,0,0.1,21.3279394380145,0,297.73138931686,0,0,0,0,0,400,25,0,0,0,0,0.01375,0.011,0.01375,0.01375,0,0,0,0
29/11/2006,0,0.1,21.4526096021881,0,296.41508829511,0,0,0,0,0,400,25,0,0,0,0,0.01375,0.011,0.01375,0.01375,0,0,0,0
30/11/2006,4.52031385622898e-05,0.1,21.5762577206533,6,295.094298085414,0,1.6658018226308,6.6632072905232,0.38691647904122,0,400,25,4.44213819368213,14.9922164036772,0.162912201701566,0.468372579892003,0.01375,0.011,0.01375,0.01375,0,0,0,0
01/12/2006,9.21357047857006e-07,0.1,21.6988471909432,6,293.769409669701,0,3.85714285714286,15.4285714285714,1.10322580645161,0,400,25,10.2857142857143,34.7142857142857,0.464516129032258,1.33548387096774,0.01375,0.011,0.01375,0.01375,0,0,0,0
02/12/2006,3.41184910648534e-05,0.1,21.8203417239731,6,292.440815243058,0,1.67983304076861,6.71933216307446,0.391503027765839,0,400,25,4.47955477538297,15.1184973669175,0.164843380111932,0.473924717821805,0.01375,0.011,0.01375,0.01375,0,0,0,0
03/12/2006,0.0124784717335646,0.1,21.9407053547832,39.3248552322468,291.108908097629,0,7.67932180624981,30.7172872249992,2.29092338454529,0,400,25,20.4781914833328,69.1138962562483,0.964599319808542,2.77322304444956,0.01375,0.011,0.01375,0.01375,0,0,0,0
04/12/2006,0.00978591452767826,0.1,22.0599024531845,39.1345986111355,289.774082506192,0,7.17607381935955,28.7042952774382,2.11242743292965,0,400,25,19.1361968516255,64.584664374236,0.88944312965459,2.55714899775695,0.01375,0.011,0.01375,0.01375,0,0,0,0
05/12/2006,0,0.1,22.1778977343065,0,288.436733605447,0,0,0,0,0,400,25,0,0,0,0,0.01375,0.011,0.01375,0.01375,0,0,0,0
06/12/2006,0,0.1,22.294656269042,0,287.097257279049,0,0,0,0,0,400,25,0,0,0,0,0.01375,0.011,0.01375,0.01375,0,0,0,0
07/12/2006,0,0.1,22.4101434943871,0,285.756050040415,0,0,0,0,0,400,25,0,0,0,0,0.01375,0.011,0.01375,0.01375,0,0,0,0
08/12/2006,2.33526041475897e-05,0.1,22.5243252236724,6,284.413508915348,0,1.55749258416874,6.22997033667494,0.351512168834266,0,400,25,4.1533135577833,14.0174332575186,0.148005123719691,0.425514730694111,0.01375,0.011,0.01375,0.01375,0,0,0,0
09/12/2006,1.3949938758824e-05,0.1,22.637167656683,6,283.070031324511,0,1.53984741768343,6.15938967073371,0.345744286456272,0,400,25,4.10625978048914,13.8586267591508,0.145576541665799,0.418532557289172,0.01375,0.011,0.01375,0.01375,0,0,0,0
10/12/2006,0,0.1,22.7486373896641,0,281.726014965779,0,0,0,0,0,400,25,0,0,0,0,0.01375,0.011,0.01375,0.01375,0,0,0,0
11/12/2006,0,0.1,22.8587014252095,0,280.381857696517,0,0,0,0,0,400,25,0,0,0,0,0.01375,0.011,0.01375,0.01375,0,0,0,0
12/12/2006,0.00989081432057776,0.1,22.9673271820289,39.1684162217989,279.037957415799,0,7.64383446411022,30.5753378564409,2.27943041653555,0,400,25,20.3835585709606,68.794510176992,0.959760175383391,2.75931050422725,0.01375,0.011,0.01375,0.01375,0,0,0,0
13/12/2006,0.00774686861295736,0.1,23.0744825045931,38.9496398047686,277.694711946626,0,7.14502532652884,28.5801013061154,2.10273305153937,0,400,25,19.0534008707436,64.3052279387596,0.885361284858681,2.54541369396871,0.01375,0.011,0.01375,0.01375,0,0,0,0
14/12/2006,0,0.1,23.180135672653,0,276.352518918163,0,0,0,0,0,400,25,0,0,0,0,0.01375,0.011,0.01375,0.01375,0,0,0,0
15/12/2006,0.000959048877426422,0.1,23.2842554106286,32.3085761833544,275.011775648026,0,6.41880183741772,25.6752073496709,1.89251909817196,0,400,25,17.1168048997806,57.7692165367595,0.796850146598721,2.29094417147132,0.01375,0.011,0.01375,0.01375,0,0,0,0
16/12/2006,0.0102425114783559,0.1,23.3868108968681,39.2186095646292,273.672879024676,0,7.63101092619693,30.5240437047877,2.27447307379112,0,400,25,20.3493624698585,68.6790983357724,0.957672873175208,2.75330951037872,0.01375,0.011,0.01375,0.01375,0,0,0,0
17/12/2006,0.00749270987408866,0.1,23.4877717727713,38.9690459924193,272.336225389925,0,7.17879756415746,28.7151902566298,2.11465244022207,0,400,25,19.1434601710866,64.6091780774171,0.890379974830346,2.55984242763725,0.01375,0.011,0.01375,0.01375,0,0,0,0
18/12/2006,0,0.1,23.5871081517765,0,271.002210421614,0,0,0,0,0,400,25,0,0,0,0,0.01375,0.011,0.01375,0.01375,0,0,0,0
19/12/2006,1.70822541453265e-05,0.1,23.6847906282074,6,269.671229016481,0,1.07037760167807,4.28151040671228,0.192283185310435,0,400,25,2.85434027114152,9.63339841510263,0.0809613411833411,0.232763855902106,0.01375,0.011,0.01375,0.01375,0,0,0,0
20/12/2006,0.00320473360096613,0.1,23.7807902859783,37.7543447495693,268.343675173266,0,7.42385845038836,29.6954338015534,2.21129427626583,0,400,25,19.7969558677023,66.8147260534952,0.931071274217192,2.67682991337443,0.01375,0.011,0.01375,0.01375,0,0,0,0
21/12/2006,0.00819817973673586,0.1,23.8750787071532,39.120871019881,267.019941876079,0,7.55131500016911,30.2052600006764,2.2466805297305,0,400,25,20.136840000451,67.961835001522,0.94597074936021,2.7196659044106,0.01375,0.011,0.01375,0.01375,0,0,0,0
22/12/2006,0.00451168384199199,0.1,23.9676279803587,38.4819955152222,265.700420978066,0,7.17384655397065,28.6953862158826,2.11645962640686,0,400,25,19.1302574772551,64.5646189857359,0.891140895329205,2.56203007407146,0.01375,0.011,0.01375,0.01375,0,0,0,0
23/12/2006,0.00014208221501486,0.1,24.0584107090458,6,264.385503085413,0,1.43175906432188,5.72703625728753,0.310412179550993,0,400,25,3.81802417152502,12.8858315788969,0.130699865074102,0.375762112088044,0.01375,0.011,0.01375,0.01375,0,0,0,0
24/12/2006,0.00557712946883679,0.1,24.1474000196006,38.7021541458342,263.07557744172,0,7.59087364836021,30.3634945934409,2.26397158123241,0,400,25,20.2423297289606,68.3178628352419,0.953251192097858,2.74059717728134,0.01375,0.011,0.01375,0.01375,0,0,0,0
25/12/2006,0.00741241795563749,0.1,24.2345695692986,39.0539231538781,261.771031812774,0,7.42794755935761,29.7117902374305,2.20307871944176,0,400,25,19.807860158287,66.8515280342185,0.927612092396528,2.66688476564002,0.01375,0.011,0.01375,0.01375,0,0,0,0
26/12/2006,0.00247129041824295,0.1,24.3198935541034,37.5466361941206,260.472252371766,0,7.08850431050989,28.3540172420395,2.09277521737054,0,400,25,18.9026781613597,63.796538794589,0.881168512577071,2.53335947365908,0.01375,0.011,0.01375,0.01375,0,0,0,0
27/12/2006,0,0.1,24.4033467163048,0,259.17962358497,0,0,0,0,0,400,25,0,0,0,0,0.01375,0.011,0.01375,0.01375,0,0,0,0
28/12/2006,0,0.1,24.484904351996,0,257.893528097937,0,0,0,0,0,400,25,0,0,0,0,0.01375,0.011,0.01375,0.01375,0,0,0,0
29/12/2006,0.000609554687903158,0.1,24.5645423183859,33.1404367741799,256.614346622224,0,6.75888781827881,27.0355512731152,2.00572944904596,0,400,25,18.0237008487435,60.8299903645093,0.844517662756195,2.42798828042406,0.01375,0.011,0.01375,0.01375,0,0,0,0
30/12/2006,0.00271594633894159,0.1,24.6422370409468,37.5998920910024,255.342457822691,0,7.35608249720976,29.424329988839,2.18820002200826,0,400,25,19.6162199925594,66.2047424748879,0.92134737768769,2.64887371085211,0.01375,0.011,0.01375,0.01375,0,0,0,0
31/12/2006,0.00177117658335821,0.1,24.7179655203918,36.5181397936499,254.078238205414,0,6.8825843478261,27.5303373913044,2.02689805225136,0,400,25,18.3535582608696,61.9432591304349,0.85343075884268,2.4536134316727,0.01375,0.011,0.01375,0.01375,0,0,0,0
01/01/2007,7.33163135248248e-05,0.1,24.8051371179797,6,252.59041410873,0,1.26878339283291,5.07513357133165,0.257138411666427,0,400,25,3.38342238088777,11.4190505354962,0.10826880491218,0.311272814122517,0.01375,0.011,0.01375,0.01375,0,0,0,0
02/01/2007,0.016239960644151,0.1,24.8764918925008,39.534977591114,251.344251726306,0,7.7171675138868,30.8686700555472,2.30292785238972,0,400,25,20.5791133703648,69.4545076249812,0.969653832585144,2.78775476868229,0.01375,0.011,0.01375,0.01375,0,0,0,0
03/01/2007,0.0228652913883493,0.1,24.9458110794992,39.6538813825071,250.106942079986,0,7.44759329275657,29.7903731710263,2.20566059243919,0,400,25,19.8602487806842,67.0283396348091,0.928699196816502,2.67001019084744,0.01375,0.011,0.01375,0.01375,0,0,0,0
04/01/2007,0.00948092770727473,0.1,25.0130741590243,39.2072160597216,248.878851439682,0,7.26942155850896,29.0776862340358,2.14532773984031,0,400,25,19.3851241560239,65.4247940265806,0.903295890459079,2.59697568506985,0.01375,0.011,0.01375,0.01375,0,0,0,0
05/01/2007,0.0011394098218408,0.1,25.0782612197774,36.3949224424166,247.660343346284,0,7.10595397708281,28.4238159083312,2.10672110882604,0,400,25,18.9492106055542,63.9535857937453,0.88704046687412,2.55024134226309,0.01375,0.011,0.01375,0.01375,0,0,0,0
06/01/2007,0,0.1,25.1413529650052,0,246.451778504046,0,0,0,0,0,400,25,0,0,0,0,0.01375,0.011,0.01375,0.01375,0,0,0,0
07/01/2007,6.08171499824958e-05,0.1,25.2023307182122,6,245.253514673805,0,1.15011810398294,4.60047241593178,0.218348897891813,0,400,25,3.06698161062118,10.3510629358465,0.0919363780597109,0.264317086921669,0.01375,0.011,0.01375,0.01375,0,0,0,0
08/01/2007,0.000884871023277005,0.1,25.2611764286895,36.1113953986856,244.065906567085,0,7.3365926598124,29.3463706392496,2.19058231719089,0,400,25,19.5642470928331,66.0293339383116,0.922350449343533,2.65175754186266,0.01375,0.011,0.01375,0.01375,0,0,0,0
09/01/2007,0.000669663178055894,0.1,25.317872676858,34.4890402514504,242.889305741087,0,6.81750455445623,27.2700182178249,2.01701331393049,0,400,25,18.1800121452166,61.3575409901061,0.849268763760207,2.44164769581059,0.01375,0.011,0.01375,0.01375,0,0,0,0
10/01/2007,0,0.1,25.3724026794253,0,241.724060494622,0,0,0,0,0,400,25,0,0,0,0,0.01375,0.011,0.01375,0.01375,0,0,0,0
11/01/2007,0,0.1,25.4247502943533,0,240.570515765012,0,0,0,0,0,400,25,0,0,0,0,0.01375,0.011,0.01375,0.01375,0,0,0,0
12/01/2007,0,0.1,25.4749000256372,0,239.429013025974,0,0,0,0,0,400,25,0,0,0,0,0.01375,0.011,0.01375,0.01375,0,0,0,0
13/01/2007,0,0.1,25.5228370278924,0,238.299890186543,0,0,0,0,0,400,25,0,0,0,0,0.01375,0.011,0.01375,0.01375,0,0,0,0
14/01/2007,0,0.1,25.5685471107489,0,237.18348149104,0,0,0,0,0,400,25,0,0,0,0,0.01375,0.011,0.01375,0.01375,0,0,0,0
15/01/2007,0,0.1,25.6120167430522,0,236.08011742013,0,0,0,0,0,400,25,0,0,0,0,0.01375,0.011,0.01375,0.01375,0,0,0,0
16/01/2007,0,0.1,25.6532330568687,0,234.990124592991,0,0,0,0,0,400,25,0,0,0,0,0.01375,0.011,0.01375,0.01375,0,0,0,0
17/01/2007,0,0.1,25.6921838512949,0,233.91382567063,0,0,0,0,0,400,25,0,0,0,0,0.01375,0.011,0.01375,0.01375,0,0,0,0
18/01/2007,0,0.1,25.7288575960691,0,232.851539260369,0,0,0,0,0,400,25,0,0,0,0,0.01375,0.011,0.01375,0.01375,0,0,0,0
19/01/2007,0,0.1,25.7632434349846,0,231.803579821526,0,0,0,0,0,400,25,0,0,0,0,0.01375,0.011,0.01375,0.01375,0,0,0,0
20/01/2007,0,0.1,25.7953311891033,0,230.770257572335,0,0,0,0,0,400,25,0,0,0,0,0.01375,0.011,0.01375,0.01375,0,0,0,0
21/01/2007,0,0.1,25.8251113597692,0,229.751878398107,0,0,0,0,0,400,25,0,0,0,0,0.01375,0.011,0.01375,0.01375,0,0,0,0
22/01/2007,0,0.1,25.8525751314198,0,228.74874376069,0,0,0,0,0,400,25,0,0,0,0,0.01375,0.011,0.01375,0.01375,0,0,0,0
23/01/2007,0,0.1,25.8777143741959,0,227.761150609223,0,0,0,0,0,400,25,0,0,0,0,0.01375,0.011,0.01375,0.01375,0,0,0,0
24/01/2007,0.00443787087020202,0.1,25.9005216463481,38.6217116801364,226.789391292236,0,7.59678644648874,30.3871457859549,2.26676901215048,0,400,25,20.2580971906366,68.3710780183986,0.95442905774757,2.74398354102426,0.01375,0.011,0.01375,0.01375,0,0,0,0
25/01/2007,0.00463950033399446,0.1,25.9209901964399,38.4970948670235,225.833753471109,0,7.18674908529814,28.7469963411926,2.12121999022521,0,400,25,19.1646642274617,64.6807417676833,0.893145259042195,2.56779261974631,0.01375,0.011,0.01375,0.01375,0,0,0,0
26/01/2007,0.000805894948896923,0.1,25.9391139653462,35.8007888243277,224.894520034914,0,7.04805636158068,28.1922254463227,2.09029418972286,0,400,25,18.7948169642152,63.4325072542262,0.880123869356995,2.53035612440136,0.01375,0.011,0.01375,0.01375,0,0,0,0
27/01/2007,0,0.1,25.9548875880467,0,223.971969016682,0,0,0,0,0,400,25,0,0,0,0,0.01375,0.011,0.01375,0.01375,0,0,0,0
28/01/2007,0,0.1,25.9683063952143,0,223.066373511089,0,0,0,0,0,400,25,0,0,0,0,0.01375,0.011,0.01375,0.01375,0,0,0,0
29/01/2007,0,0.1,25.9793664145975,0,222.178001593623,0,0,0,0,0,400,25,0,0,0,0,0.01375,0.011,0.01375,0.01375,0,0,0,0
30/01/2007,0,0.1,25.9880643721958,0,221.307116241223,0,0,0,0,0,400,25,0,0,0,0,0.01375,0.011,0.01375,0.01375,0,0,0,0
31/01/2007,2.15462793062197e-05,0.1,25.9943976932292,6,220.453975254433,0,0.857142857142857,3.42857142857143,0.12258064516129,0,400,25,2.28571428571429,7.71428571428572,0.0516129032258065,0.148387096774194,0.01375,0.011,0.01375,0.01375,0,0,0,0
01/02/2007,0.000127260277429105,0.1,25.9983645029001,6,219.618831181091,0,1.21826972899481,4.87307891597924,0.2406264183258,0,400,25,3.2487192773195,10.9644275609533,0.101316386663495,0.291284611657547,0.01375,0.011,0.01375,0.01375,0,0,0,0
02/02/2007,3.38978958612856e-05,0.1,25.9999636269489,6,218.801931241564,0,0.857142857142857,3.42857142857143,0.12258064516129,0,400,25,2.28571428571429,7.71428571428572,0.0516129032258065,0.148387096774194,0.01375,0.011,0.01375,0.01375,0,0,0,0
03/02/2007,0,0.1,25.9991945920008,0,218.00351725557,0,0,0,0,0,400,25,0,0,0,0,0.01375,0.011,0.01375,0.01375,0,0,0,0
04/02/2007,0,0.1,25.9960576257065,0,217.22382557059,0,0,0,0,0,400,25,0,0,0,0,0.01375,0.011,0.01375,0.01375,0,0,0,0
05/02/2007,0,0.1,25.9905536566747,0,216.463086991908,0,0,0,0,0,400,25,0,0,0,0,0.01375,0.011,0.01375,0.01375,0,0,0,0
06/02/2007,1.97365144666976e-05,0.1,25.9826843141968,6,215.721526714289,0,0.857142857142857,3.42857142857143,0.12258064516129,0,400,25,2.28571428571429,7.71428571428572,0.0516129032258065,0.148387096774194,0.01375,0.011,0.01375,0.01375,0,0,0,0
07/02/2007,6.99170697311632e-05,0.1,25.9724519277653,6,214.999364255309,0,0.938340090334193,3.75336036133677,0.149122536441039,0,400,25,2.50224024089118,8.44506081300774,0.0627884363962269,0.180516754639152,0.01375,0.011,0.01375,0.01375,0,0,0,0
08/02/2007,0.00130231235387949,0.1,25.9598595263838,37.4045961972791,214.296813390382,0,7.52487507365895,30.0995002946358,2.24942742572917,0,400,25,20.0663335297572,67.7238756629305,0.947127337149125,2.72299109430373,0.01375,0.011,0.01375,0.01375,0,0,0,0
09/02/2007,0.00104816409254526,0.1,25.9449108376702,35.6193271724374,213.614082089472,0,6.80823019239315,27.2329207695726,2.00718676294111,0,400,25,18.1552805130484,61.2740717315384,0.845131268606783,2.4297523972445,0.01375,0.011,0.01375,0.01375,0,0,0,0
10/02/2007,1.2061343335571e-05,0.1,25.9276102867536,6,212.951372455532,0,0.857142857142857,3.42857142857143,0.12258064516129,0,400,25,2.28571428571429,7.71428571428572,0.0516129032258065,0.148387096774194,0.01375,0.011,0.01375,0.01375,0,0,0,0
11/02/2007,0.106260797210718,0.1,25.9079629949642,38.5867315618953,212.308880664676,0,6.67172212554498,26.6868885021799,1.93707844524467,0,400,25,17.7912590014533,60.0454991299049,0.815611976945125,2.34488443371723,0.01375,0.011,0.01375,0.01375,0,0,0,0
12/02/2007,0.404058524967697,0.1,25.8859747783173,38.4279288825222,211.686796908109,0,4.83530128763513,19.3412051505405,1.29817923867333,0,400,25,12.894136767027,43.5177115887162,0.54660178470456,1.57148013102561,0.01375,0.011,0.01375,0.01375,0,0,0,0
13/02/2007,0.531889929148458,0.1,25.8616521457917,38.1466943308378,211.085305335824,0,3.83330354580965,15.3332141832386,0.929329209278564,0,400,25,10.2221427888257,34.4997319122868,0.391296509169922,1.12497746386353,0.01375,0.011,0.01375,0.01375,0,0,0,0
14/02/2007,0.162392677611841,0.1,25.8350022974027,34.9984579144355,210.50458400209,0,3.49689966746265,13.9875986698506,0.820514225778168,0,400,25,9.32506577990039,31.4720970071638,0.34547967401186,0.993254062784099,0.01375,0.011,0.01375,0.01375,0,0,0,0
15/02/2007,0.0259818218535684,0.1,25.8060331220709,19.4828308372208,209.944804812745,0,2.32051645073424,9.28206580293694,0.519313660279292,0,400,25,6.18804386862463,20.8846480566081,0.218658383275491,0.628642851917038,0.01375,0.011,0.01375,0.01375,0,0,0,0
16/02/2007,0.0140466168273105,0.1,25.774753195287,8.15604444771744,209.406133474307,0,1.87672331507753,7.50689326031011,0.442537347465491,0,400,25,5.00459550687341,16.8905098356977,0.186331514722312,0.535703104826647,0.01375,0.011,0.01375,0.01375,0,0,0,0
17/02/2007,0.0108756411029737,0.1,25.7411717765731,6.27087592494887,208.888729444924,0,1.84814832750738,7.3925933100295,0.44484805966605,0,400,25,4.92839554001967,16.6333349475664,0.187304446175179,0.53850028275364,0.01375,0.011,0.01375,0.01375,0,0,0,0
18/02/2007,0.00895494656977979,0.1,25.7052988067417,6.01720862084524,208.392745887169,0,1.87811160600443,7.51244642401772,0.456210307781315,0,400,25,5.00829761601181,16.9030044540399,0.192088550644764,0.552254583103697,0.01375,0.011,0.01375,0.01375,0,0,0,0
19/02/2007,0.0074321734327433,0.1,25.6671449049533,6.00004998262015,207.918329622699,0,1.91865461100259,7.67461844401036,0.46956912460032,0,400,25,5.1164122960069,17.2678914990233,0.197713315621188,0.568425782410914,0.01375,0.011,0.01375,0.01375,0,0,0,0
20/02/2007,0.011084639424469,0.1,25.6267213655722,20.9442325597794,207.465621088795,0,4.52419241366806,18.0967696546723,1.29329845916215,0,400,25,12.0645131031148,40.7177317230126,0.544546719647221,1.56557181898576,0.01375,0.011,0.01375,0.01375,0,0,0,0
21/02/2007,0.00898210141236848,0.1,25.5840401548241,20.4028055784692,207.034754296791,0,4.25170197880427,17.0068079152171,1.19889262896145,0,400,25,11.3378719434781,38.2653178092385,0.504796896404823,1.45129107716387,0.01375,0.011,0.01375,0.01375,0,0,0,0
22/02/2007,0.00436971659377709,0.1,25.5391139072529,6,206.625856792401,0,2.04947242323105,8.1978896929242,0.512331385043882,0,400,25,5.4652597952828,18.4452518090794,0.215718477913214,0.620190624000489,0.01375,0.011,0.01375,0.01375,0,0,0,0
23/02/2007,0.005846601174275,0.1,25.4919559219814,18.5040098084487,206.239049617962,0,4.19790066224691,16.7916026489877,1.19129084186405,0,400,25,11.1944017659918,37.7811059602222,0.501596143942759,1.44208891383543,0.01375,0.011,0.01375,0.01375,0,0,0,0
24/02/2007,0.00484762636608015,0.1,25.4425801587739,17.7921580904027,205.874447276606,0,3.93592734371112,15.7437093748445,1.10180253796047,0,400,25,10.4958062498963,35.4233460934001,0.463916858088619,1.33376096700478,0.01375,0.011,0.01375,0.01375,0,0,0,0
25/02/2007,0.0142132108074518,0.1,25.391001233904,33.3113451840001,205.532157698364,0,6.67973765991817,26.7189506396727,1.97480637069423,0,400,25,17.8126337597818,60.1176389392636,0.831497419239674,2.39055508031406,0.01375,0.011,0.01375,0.01375,0,0,0,0
26/02/2007,0.0113597050471494,0.1,25.3372344158281,32.7376409007766,205.212282208215,0,6.20895321930549,24.835812877222,1.8101909811074,0,400,25,16.5572085848146,55.8805789737494,0.762185676255748,2.19128381923527,0.01375,0.011,0.01375,0.01375,0,0,0,0
27/02/2007,0.00743985940530155,0.1,25.2812956206654,30.2842554130602,204.91491549609,0,6.20749015079058,24.8299606031623,1.82619584543792,0,400,25,16.5533070687749,55.8674113571153,0.768924566500175,2.210658128688,0.01375,0.011,0.01375,0.01375,0,0,0,0
28/02/2007,0.0060068797436133,0.1,25.2232014074861,29.4291937159652,204.640145588848,0,5.75206454563777,23.0082581825511,1.66882003539038,0,400,25,15.3388387883674,51.7685809107399,0.702661067532794,2.02015056915678,0.01375,0.011,0.01375,0.01375,0,0,0,0
01/03/2007,0.152360473109383,0.1,25.1629689734102,38.4795735939619,204.388053824211,0,4.90387241130677,19.6154896452271,1.30947735859357,0,400,25,13.0769930968181,44.1348517017609,0.55135888782887,1.585156802508,0.01375,0.011,0.01375,0.01375,0,0,0,0
02/03/2007,0.254130792983736,0.1,25.1006161485163,38.2282496312933,204.158714826692,0,4.13605632297696,16.5442252919078,1.04099165225164,0,400,25,11.0294835279385,37.2245069067926,0.438312274632268,1.26014778956777,0.01375,0.011,0.01375,0.01375,0,0,0,0
03/03/2007,0.0505718411383574,0.1,25.0361613905638,33.8238057798248,203.952196485501,0,3.47789870293363,13.9115948117345,0.829438860151725,0,400,25,9.27439654115635,31.3010883264027,0.349237414800726,1.00405756755209,0.01375,0.011,0.01375,0.01375,0,0,0,0
04/03/2007,0.00989751625250581,0.1,24.9696237795288,11.5950829035082,203.768559934448,0,1.84620514232118,7.38482056928473,0.411306411155792,0,400,25,4.92321371285649,16.6158462808906,0.173181646802439,0.497897234557011,0.01375,0.011,0.01375,0.01375,0,0,0,0
05/03/2007,0.0118420241858756,0.1,24.9010230119562,19.9292069599184,203.60785953385,0,4.09329379517896,16.3731751807158,1.15200532492793,0,400,25,10.9154501204772,36.8396441566106,0.485054873653865,1.39453276175486,0.01375,0.011,0.01375,0.01375,0,0,0,0
06/03/2007,0.0160757573214282,0.1,24.8303793951287,27.6111819064179,203.470142854435,0,5.44733947120854,21.7893578848341,1.57884833399408,0,400,25,14.5262385898894,49.0260552408768,0.664778245892246,1.91123745694021,0.01375,0.011,0.01375,0.01375,0,0,0,0
07/03/2007,0.013537109281544,0.1,24.7577138410562,27.614986013635,203.355450663264,0,5.39614991478487,21.5845996591395,1.55996563625481,0,400,25,14.389733106093,48.5653492330638,0.656827636317813,1.88837945441371,0.01375,0.011,0.01375,0.01375,0,0,0,0
08/03/2007,0.00682829847728026,0.1,24.6830478602847,19.4814289419637,203.263816911658,0,3.98688071171937,15.9475228468775,1.11438808415304,0,400,25,10.6316818979183,35.8819264054743,0.469216035432859,1.34899610186947,0.01375,0.011,0.01375,0.01375,0,0,0,0
09/03/2007,0.0180412906697542,0.1,24.6064035555288,33.2989577131406,203.195268725153,0,6.40676378127854,25.6270551251142,1.87914023108254,0,400,25,17.0847034167428,57.6608740315069,0.791216939403173,2.27474870078412,0.01375,0.011,0.01375,0.01375,0,0,0,0
10/03/2007,0.0153261778765204,0.1,24.5278036151292,33.1645655806627,203.149826395466,0,5.78588402433476,23.1435360973391,1.65783224789699,0,400,25,15.4290240648927,52.0729562190129,0.698034630693468,2.00684956324372,0.01375,0.011,0.01375,0.01375,0,0,0,0
11/03/2007,0.00285181119076833,0.1,24.4472713063363,6.23188661308416,203.127503374491,0,1.88514598008253,7.54058392033013,0.457182890865782,0,400,25,5.02705594688675,16.9663138207428,0.192498059311908,0.553431920521736,0.01375,0.011,0.01375,0.01375,0,0,0,0
12/03/2007,0.00248695071519282,0.1,24.3648304684224,6.0017890666948,203.128306270316,0,1.93422991150412,7.73691964601648,0.474649657151476,0,400,25,5.15794643067765,17.4080692035371,0.199852487221674,0.574575900762313,0.01375,0.011,0.01375,0.01375,0,0,0,0
13/03/2007,0.00537066827574434,0.1,24.2805055056248,25.8712977110656,203.152234845267,0,5.38099079763156,21.5239631905262,1.56422864325603,0,400,25,14.3493087936842,48.428917178684,0.658622586634117,1.89353993657309,0.01375,0.011,0.01375,0.01375,0,0,0,0
14/03/2007,0.00437989355468272,0.1,24.1943213799221,24.9035661132178,203.199282015978,0,4.98533306316236,19.9413322526494,1.42864075447698,0,400,25,13.2942215017663,44.8679975684612,0.601532949253465,1.72940722910371,0.01375,0.011,0.01375,0.01375,0,0,0,0
15/03/2007,0.00163727260750286,0.1,24.1063036036443,6,203.269433855488,0,2.14609532009723,8.5843812803889,0.543915643804438,0,400,25,5.7229208535926,19.314857880875,0.229017113180816,0.658424200394847,0.01375,0.011,0.01375,0.01375,0,0,0,0
16/03/2007,0.00154153094433525,0.1,24.016478231921,6,203.362669597364,0,2.17590504594922,8.70362018379688,0.553659898276488,0,400,25,5.80241345586459,19.583145413543,0.233119957169048,0.670219876861012,0.01375,0.011,0.01375,0.01375,0,0,0,0
17/03/2007,0.001402502292926,0.1,23.9248718549683,6,203.478961641847,0,2.22977080623463,8.91908322493853,0.57126763067086,0,400,25,5.94605548329236,20.0679372561117,0.240533739229836,0.691534500285778,0.01375,0.011,0.01375,0.01375,0,0,0,0
18/03/2007,0.00718055406620919,0.1,23.8315115902177,33.3458437312106,203.618275564026,0,6.68982758034242,26.7593103213697,1.9779061315423,0,400,25,17.8395402142465,60.2084482230818,0.832802581702019,2.39430742239331,0.01375,0.011,0.01375,0.01375,0,0,0,0
19/03/2007,0.00582467925902517,0.1,23.7364250742888,32.392203554853,203.780570124022,0,6.16220817761281,24.6488327104512,1.79553815019917,0,400,25,16.4325551403008,55.4598735985153,0.756016063241755,2.17354618182005,0.01375,0.011,0.01375,0.01375,0,0,0,0
20/03/2007,0.0084785836551121,0.1,23.6396404548081,35.1470483519759,203.965797279202,0,7.0094059426955,28.037623770782,2.07935404719471,0,400,25,18.6917491805213,63.0846534842595,0.875517493555666,2.51711279397254,0.01375,0.011,0.01375,0.01375,0,0,0,0
21/03/2007,0.00684454585828397,0.1,23.5411863820767,34.2669426217036,204.173902198397,0,6.46204691693329,25.8481876677332,1.88955481422974,0,400,25,17.2321251118221,58.1584222523996,0.795602027044101,2.28735582775179,0.01375,0.011,0.01375,0.01375,0,0,0,0
22/03/2007,0.000982335725036118,0.1,23.4410920005895,6,204.404823278136,0,2.44277643316496,9.77110573265983,0.640895276463138,0,400,25,6.51407048843989,21.9849878984846,0.269850642721321,0.775820597823799,0.01375,0.011,0.01375,0.01375,0,0,0,0
23/03/2007,0.000918206302062953,0.1,23.3393869404073,6,204.658492160877,0,2.48886062413605,9.95544249654421,0.655959356092399,0,400,25,6.63696166436281,22.3997456172245,0.276193413091537,0.794056062638168,0.01375,0.011,0.01375,0.01375,0,0,0,0
24/03/2007,0.000791012776594352,0.1,23.2361013083863,6,204.93483375525,0,2.62534703261402,10.5013881304561,0.700574268111004,0,400,25,7.00092542030406,23.6281232935262,0.294978639204633,0.848063587713321,0.01375,0.011,0.01375,0.01375,0,0,0,0
25/03/2007,0.00919521724308819,0.1,23.1312656792653,36.3886218101773,205.233766258277,0,7.23100458394063,28.9240183357625,2.14979192773657,0,400,25,19.2826788905084,65.0790412554657,0.90517554852066,2.6023797019969,0.01375,0.011,0.01375,0.01375,0,0,0,0
26/03/2007,0.00829752629808664,0.1,23.0249110866152,36.0134973916245,205.555201179595,0,6.776875747944,27.107502991776,1.99003881001892,0,400,25,18.071668661184,60.991881731496,0.837911077902703,2.40899434897027,0.01375,0.011,0.01375,0.01375,0,0,0,0
27/03/2007,0.00155512048070867,0.1,22.9170690136522,20.3795803360238,205.899043367646,0,4.53330082204378,18.1332032881751,1.29184847925222,0,400,25,12.0888021921168,40.799707398394,0.543936201790407,1.56381658014742,0.01375,0.011,0.01375,0.01375,0,0,0,0
28/03/2007,0.000806476764174939,0.1,22.8077713839186,6,206.265191037846,0,2.52929369196967,10.1171747678787,0.669176186868118,0,400,25,6.74478317858578,22.763643227727,0.281758394470786,0.810055384103511,0.01375,0.011,0.01375,0.01375,0,0,0,0
29/03/2007,0.000864962929027529,0.1,22.6970505518319,6,206.653535802714,0,2.44481546633494,9.77926186533974,0.641561799133755,0,400,25,6.5195079102265,22.0033391970144,0.270131283845791,0.77662744105665,0.01375,0.011,0.01375,0.01375,0,0,0,0
30/03/2007,0.00074778404332901,0.1,22.5849392931081,6,207.063962703959,0,2.57491325259088,10.2996530103635,0.684088387329246,0,400,25,6.86643534024235,23.1742192733179,0.288037215717577,0.828106995188034,0.01375,0.011,0.01375,0.01375,0,0,0,0
31/03/2007,0.00073569215822923,0.1,22.4714707950588,6,207.496350246509,0,2.57606115347833,10.3042446139133,0.684463615146221,0,400,25,6.86949640927556,23.184550381305,0.288195206377356,0.828561218334899,0.01375,0.011,0.01375,0.01375,0,0,0,0
01/04/2007,0.000770492286608991,0.1,22.3566786467673,6,207.950570434476,0,2.51276919253004,10.0510767701201,0.663774630062046,0,400,25,6.70071784674677,22.6149227327703,0.279484054762967,0.803516657443529,0.01375,0.011,0.01375,0.01375,0,0,0,0
02/04/2007,0.000760972931293252,0.1,22.2405968291455,6,208.426488809045,0,2.51079457524577,10.0431783009831,0.663129163766972,0,400,25,6.69545220065538,22.5971511772119,0.27921227948083,0.802735303507388,0.01375,0.011,0.01375,0.01375,0,0,0,0
03/04/2007,0.000768942172294468,0.1,22.1232597048746,6,208.923964488279,0,2.48653495907143,9.94613983628572,0.655199138694931,0,400,25,6.63075989085715,22.3788146316429,0.27587332155576,0.793135799472812,0.01375,0.011,0.01375,0.01375,0,0,0,0
04/04/2007,0.000798365344017586,0.1,22.0047020082334,6,209.442850208819,0,2.43756436042919,9.75025744171674,0.639191545160262,0,400,25,6.50017162781116,21.9380792438627,0.269133282172742,0.773758186246633,0.01375,0.011,0.01375,0.01375,0,0,0,0
05/04/2007,0.000687863909898649,0.1,21.8849588348159,6,209.982992369482,0,2.57268258147556,10.2907303259022,0.683359221717357,0,400,25,6.86048688393483,23.1541432332801,0.287730198617835,0.827224321026274,0.01375,0.011,0.01375,0.01375,0,0,0,0
06/04/2007,0.000735001005452334,0.1,21.7640656311426,6,210.544231076725,0,2.49125011009107,9.96500044036426,0.656740435372317,0,400,25,6.64333362690951,22.4212509908196,0.276522288577818,0.795001579661226,0.01375,0.011,0.01375,0.01375,0,0,0,0
07/04/2007,0.000980496310912797,0.1,21.642058184167,13.2315395987064,211.126400191981,0,3.59359134758015,14.3743653903206,1.00380151376323,0,400,25,9.58291026021374,32.3423221282214,0.42265326895294,1.2151281482397,0.01375,0.011,0.01375,0.01375,0,0,0,0
08/04/2007,0.00412265306108829,0.1,21.5189726106826,33.2473808065205,211.72932738084,0,6.70517211231218,26.8206884492487,1.98303217849875,0,400,25,17.8804589661658,60.3465490108096,0.834960917262634,2.40051263713007,0.01375,0.011,0.01375,0.01375,0,0,0,0
09/04/2007,0.00566018323945059,0.1,21.3948453466311,35.0693320871824,212.352834164057,0,6.79782520083974,27.191300803359,2.00398102974174,0,400,25,18.127533868906,61.1804268075577,0.843781486207047,2.42587177284526,0.01375,0.011,0.01375,0.01375,0,0,0,0
10/04/2007,0.00513261202531117,0.1,21.2697131363166,34.6922074201956,212.996735970394,0,6.78926166355218,27.1570466542087,2.00337064977004,0,400,25,18.1046977694725,61.1033549719696,0.843524484113703,2.4251328918269,0.01375,0.011,0.01375,0.01375,0,0,0,0
11/04/2007,0.00268749703881152,0.1,21.1436130215288,30.1601021127331,213.660842191253,0,5.92444221716779,23.6977688686712,1.72449694584674,0,400,25,15.7985125791141,53.3199799545101,0.726103977198627,2.08754893444605,0.01375,0.011,0.01375,0.01375,0,0,0,0
12/04/2007,0.000937535663031924,0.1,21.0165823305776,13.4928979859756,214.3449562371,0,3.63539635315937,14.5415854126375,1.01705037908494,0,400,25,9.69439027509165,32.7185671784343,0.42823173856208,1.23116624836598,0.01375,0.011,0.01375,0.01375,0,0,0,0
13/04/2007,0.000911252533980265,0.1,20.8886586672431,12.0458328451935,215.04887559566,0,3.28502706179627,13.1401082471851,0.902587213913166,0,400,25,8.76007216479006,29.5652435561664,0.380036721647649,1.09260557473699,0.01375,0.011,0.01375,0.01375,0,0,0,0
14/04/2007,0.000693150573850116,0.1,20.7598798996444,6,215.772391891864,0,2.45163859319285,9.80655437277141,0.643792154579783,0,400,25,6.53770291518094,22.0647473387357,0.271070380875698,0.779327345017632,0.01375,0.011,0.01375,0.01375,0,0,0,0
15/04/2007,0.000684565759056125,0.1,20.6302841490292,6,216.515290949537,0,2.45203972585661,9.80815890342642,0.643923277515031,0,400,25,6.53877260228428,22.0683575327094,0.271125590532645,0.779486072781354,0.01375,0.011,0.01375,0.01375,0,0,0,0
16/04/2007,0.00112566106738745,0.1,20.49990977849,18.5487379654712,217.277352854791,0,4.43775549722999,17.75102198892,1.27017712906035,0,400,25,11.83401465928,39.9397994750699,0.534811422762254,1.53758284044148,0.01375,0.011,0.01375,0.01375,0,0,0,0
17/04/2007,0.0010603810371622,0.1,20.3687953816071,16.448000348228,218.058352021133,0,3.91638060454755,15.6655224181902,1.09907142429608,0,400,25,10.4436816121268,35.247425440928,0.462766915493084,1.33045488204262,0.01375,0.011,0.01375,0.01375,0,0,0,0
18/04/2007,0.000675783135599287,0.1,20.2369797710241,6,218.858057256235,0,2.43464737181331,9.73858948725324,0.63823803490303,0,400,25,6.49239299150216,21.9118263463198,0.268731804169697,0.772603936987878,0.01375,0.011,0.01375,0.01375,0,0,0,0
19/04/2007,0.000740778077579452,0.1,20.104501966959,6,219.676231830379,0,2.3442696834476,9.3770787337904,0.60869522064155,0,400,25,6.25138582252694,21.0984271510284,0.256292724480653,0.736841582881877,0.01375,0.011,0.01375,0.01375,0,0,0,0
20/04/2007,0.000680390853491904,0.1,19.9714011856532,6,220.512633546526,0,2.41033628966799,9.64134515867196,0.63029118654585,0,400,25,6.42756343911464,21.6930266070119,0.265385762756147,0.762984067923924,0.01375,0.011,0.01375,0.01375,0,0,0,0
21/04/2007,0.000678029645040526,0.1,19.8377168277622,6,221.367014812022,0,2.40522853717359,9.62091414869435,0.628621555622948,0,400,25,6.41394276579623,21.6470568345623,0.264682760262294,0.760962935754095,0.01375,0.011,0.01375,0.01375,0,0,0,0
22/04/2007,0.000680059532939038,0.1,19.703488466693,6,222.239122711881,0,2.39424348698337,9.57697394793347,0.625030743517758,0,400,25,6.38464929862231,21.5481913828503,0.263170839375898,0.756616163205707,0.01375,0.011,0.01375,0.01375,0,0,0,0
23/04/2007,0.00121185550426481,0.1,19.5687558368887,20.7218970702251,223.128699083657,0,4.76097976419019,19.0439190567608,1.37176570083077,0,400,25,12.6959460378405,42.8488178777117,0.577585558244537,1.66055847995304,0.01375,0.011,0.01375,0.01375,0,0,0,0
24/04/2007,0.010859195272257,0.1,19.4335588220669,37.6445181469356,224.035480593869,0,7.38591960877982,29.5436784351193,2.19701418096551,0,400,25,19.6957856234129,66.4732764790184,0.925058602511792,2.6595434822214,0.01375,0.011,0.01375,0.01375,0,0,0,0
25/04/2007,0.0207086780752214,0.1,19.2979374434129,38.3066654755134,224.959198815945,0,7.29834125460605,29.1933650184242,2.17793645151239,0,400,25,19.4622433456161,65.6850712914544,0.917025874321005,2.63644938867289,0.01375,0.011,0.01375,0.01375,0,0,0,0
26/04/2007,0.00900333783893932,0.1,19.1619318477328,37.1940196142567,225.899580309692,0,6.88158812475993,27.5263524990397,2.01979138099577,0,400,25,18.3509016660265,61.9342931228394,0.850438476208746,2.44501061910014,0.01375,0.011,0.01375,0.01375,0,0,0,0
27/04/2007,0.000718453073007383,0.1,19.025582295569,6,226.856346702231,0,2.30284568690731,9.21138274762923,0.595154473385368,0,400,25,6.14092183175282,20.7256111821658,0.250591357214892,0.720450151992814,0.01375,0.011,0.01375,0.01375,0,0,0,0
28/04/2007,0.00758369757224049,0.1,18.8889291492823,36.7043137876096,227.829214770406,0,7.25323933170659,29.0129573268264,2.15602409640801,0,400,25,19.3419715512176,65.2791539853593,0.907799619540215,2.60992390617812,0.01375,0.011,0.01375,0.01375,0,0,0,0
29/04/2007,0.00767947069746242,0.1,18.7520128611039,36.8076305002845,228.817896524626,0,6.94364336627043,27.7745734650817,2.04459779426435,0,400,25,18.5163823100545,62.4927902964339,0.860883281795515,2.47503943516211,0.01375,0.011,0.01375,0.01375,0,0,0,0
30/04/2007,0.00192430375716503,0.1,18.6148739611606,27.9150999198898,229.82209929411,0,5.57761463727897,22.3104585491159,1.61625655325771,0,400,25,14.8736390327439,50.1985317355108,0.68052907505588,1.95652109078565,0.01375,0.011,0.01375,0.01375,0,0,0,0
01/05/2007,0.00066210956391386,0.1,18.4775530454767,6,230.84152581353,0,2.33109401988886,9.32437607955545,0.604388337069662,0,400,25,6.21625071970364,20.9798461789998,0.254479299818805,0.731627986979065,0.01375,0.011,0.01375,0.01375,0,0,0,0
02/05/2007,0.000608171830340057,0.1,18.3400907639575,6,231.875874311002,0,2.39441265127845,9.57765060511382,0.625086040233571,0,400,25,6.38510040340921,21.5497138615061,0.263194122203609,0.756683101335376,0.01375,0.011,0.01375,0.01375,0,0,0,0
03/05/2007,0.000570136441725279,0.1,18.2025278083553,6,232.924838597422,0,2.444048445358,9.776193781432,0.641311073997208,0,400,25,6.51746252095467,21.996436008222,0.270025715367245,0.77632393168083,0.01375,0.011,0.01375,0.01375,0,0,0,0
04/05/2007,0.00060248907787888,0.1,18.0649049002241,6,233.988108157101,0,2.38466096712527,9.53864386850109,0.621898392940488,0,400,25,6.35909591233406,21.4619487041275,0.261851954922311,0.752824370401644,0.01375,0.011,0.01375,0.01375,0,0,0,0
05/05/2007,0.00061424085975101,0.1,17.927262778865,6,235.065368239687,0,2.35903297676655,9.43613190706619,0.613521071360862,0,400,25,6.29075460471079,21.2312967908989,0.258324661625626,0.742683402173675,0.01375,0.011,0.01375,0.01375,0,0,0,0
06/05/2007,0.000626154623099501,0.1,17.789642189267,6,236.156299953336,0,2.33410548594802,9.33642194379209,0.605372730276097,0,400,25,6.22428129586139,21.0069493735322,0.254893781168883,0.732819620860538,0.01375,0.011,0.01375,0.01375,0,0,0,0
07/05/2007,0.000634088787484412,0.1,17.6520838700448,6,237.260580359109,0,2.31510972322247,9.26043889288988,0.599163362675486,0,400,25,6.17362592859326,20.8359875090022,0.252279310600205,0.725303017975589,0.01375,0.011,0.01375,0.01375,0,0,0,0
08/05/2007,0.000646417489321068,0.1,17.5146285413801,6,238.377882566574,0,2.29106549881577,9.1642619952631,0.591303745235018,0,400,25,6.10950799684206,20.619589489342,0.248969997993692,0.715788744231864,0.01375,0.011,0.01375,0.01375,0,0,0,0
09/05/2007,0.000612754403620469,0.1,17.3773168929669,6,239.507875830567,0,2.3257190066084,9.30287602643359,0.602631343481209,0,400,25,6.20191735095573,20.9314710594756,0.253739513044719,0.729501100003568,0.01375,0.011,0.01375,0.01375,0,0,0,0
10/05/2007,0.00349597509401346,0.1,17.2401895719671,33.411525621826,240.650225649104,0,6.71881128707188,26.8752451482875,1.98759600808402,0,400,25,17.9168300988584,60.4693015836469,0.836882529719587,2.40603727294381,0.01375,0.011,0.01375,0.01375,0,0,0,0
11/05/2007,0.0032001496592903,0.1,17.1032871709775,32.8508455863479,241.804593862396,0,6.29235852674686,25.1694341069874,1.83900280103118,0,400,25,16.7796227379916,56.6312267407217,0.774316968855234,2.2261612854588,0.01375,0.011,0.01375,0.01375,0,0,0,0
12/05/2007,0.000866993846655322,0.1,16.966650216014,15.5530744951378,242.970638752956,0,3.72590810703947,14.9036324281579,1.03879809894895,0,400,25,9.93575495210524,33.5331729633552,0.437388673241664,1.25749243556979,0.01375,0.011,0.01375,0.01375,0,0,0,0
13/05/2007,0.000633734662355961,0.1,16.8303191545148,6,244.148015146753,0,2.26435902636524,9.05743610546097,0.582573887573769,0,400,25,6.03829073697398,20.3792312372872,0.245294268452113,0.705221021799826,0.01375,0.011,0.01375,0.01375,0,0,0,0
14/05/2007,0.000621421387912338,0.1,16.6943343433671,6,245.33637451539,0,2.27090496973582,9.08361987894327,0.584713636804581,0,400,25,6.05574658596218,20.4381447276224,0.246195215496665,0.707811244552913,0.01375,0.011,0.01375,0.01375,0,0,0,0
15/05/2007,0.000575315801441912,0.1,16.5587360369606,6,246.535365079275,0,2.32392993589173,9.29571974356691,0.602046528967373,0,400,25,6.19714649571127,20.9153694230256,0.253493275354683,0.728793166644714,0.01375,0.011,0.01375,0.01375,0,0,0,0
16/05/2007,0.000608394326409084,0.1,16.4235643752715,6,247.744631911759,0,2.27116208054338,9.0846483221735,0.584797681627696,0,400,25,6.05643221478234,20.4404587248904,0.246230602790609,0.707912983023001,0.01375,0.011,0.01375,0.01375,0,0,0,0
17/05/2007,0.000600057393465884,0.1,16.2888593719801,6,248.963817044198,0,2.27352040548676,9.09408162194703,0.585568574942522,0,400,25,6.06272108129802,20.4616836493808,0.246555189449483,0.708846169667264,0.01375,0.011,0.01375,0.01375,0,0,0,0
18/05/2007,0.0132277374460984,0.1,16.1546609026259,38.3504489967762,250.192559571921,0,7.52422797067666,30.0969118827066,2.2417585293215,0,400,25,20.0646079218044,67.7180517360899,0.943898328135367,2.71370769338918,0.01375,0.011,0.01375,0.01375,0,0,0,0
19/05/2007,0.0356467460249167,0.1,16.0210086928035,38.7269054352541,251.430495761065,0,7.15845993930469,28.6338397572187,2.11566984467746,0,400,25,19.0892265048125,64.4261394537422,0.890808355653667,2.56107402250429,0.01375,0.011,0.01375,0.01375,0,0,0,0
20/05/2007,0.0236449169263041,0.1,15.8879423064033,35.2950833872422,252.677259156249,0,5.82333054539434,23.2933221815773,1.65935281951473,0,400,25,15.5288814543849,52.409974908549,0.698674871374622,2.00869025520204,0.01375,0.011,0.01375,0.01375,0,0,0,0
21/05/2007,0.00301243520157063,0.1,15.7555011338993,9.57364985643034,253.932480689051,0,1.86162495707129,7.44649982828517,0.44419557914737,0,400,25,4.96433321885678,16.7546246136416,0.187029717535735,0.537710437915238,0.01375,0.011,0.01375,0.01375,0,0,0,0
22/05/2007,0.00250482031843851,0.1,15.623724380689,9.33494266759046,255.19578878726,0,1.81119495441897,7.24477981767587,0.426622769933655,0,400,25,4.82985321178392,16.3007545897707,0.179630639972065,0.516438089919688,0.01375,0.011,0.01375,0.01375,0,0,0,0
23/05/2007,0.00198527977819963,0.1,15.4926510554879,6,256.466809484872,0,1.27351784820725,5.09407139282902,0.258686018584491,0,400,25,3.39604759521935,11.4616606338653,0.10892042887768,0.313146233023331,0.01375,0.011,0.01375,0.01375,0,0,0,0
24/05/2007,0.00168212348583762,0.1,15.3623199587815,6,257.745166532788,0,1.33148109446929,5.32592437787716,0.27763314424434,0,400,25,3.55061625191811,11.9833298502236,0.116898165997617,0.336082227243148,0.01375,0.011,0.01375,0.01375,0,0,0,0
25/05/2007,0.00148124120676724,0.1,15.2327696713403,6,259.030481510195,0,1.39821468271493,5.5928587308597,0.299447134380547,0,400,25,3.7285724872398,12.5839321444343,0.126083003949704,0.362488636355399,0.01375,0.011,0.01375,0.01375,0,0,0,0
26/05/2007,0.00129370292636257,0.1,15.1040385427983,6,260.322373936585,0,1.46491968427104,5.85967873708415,0.321251780050502,0,400,25,3.90645249138943,13.1842771584393,0.135263907389685,0.388883733745344,0.01375,0.011,0.01375,0.01375,0,0,0,0
27/05/2007,0.00116905866190105,0.1,14.9761646803015,6,261.620461384384,0,1.53287159196019,6.13148636784077,0.343464016542441,0,400,25,4.08765757856051,13.7958443276417,0.14461642801787,0.415772230551376,0.01375,0.011,0.01375,0.01375,0,0,0,0
28/05/2007,0.00149232032401859,0.1,14.8491859372266,15.7667345632671,262.924359592162,0,3.38445129098539,13.5378051639416,0.930426944567652,0,400,25,9.0252034426277,30.4600616188685,0.391758713502169,1.12630630131874,0.01375,0.011,0.01375,0.01375,0,0,0,0
29/05/2007,0.00123722268037328,0.1,14.7231399019762,14.8894232593271,264.23368257838,0,3.16996185901286,12.6798474360514,0.858249341566988,0,400,25,8.45323162403429,28.5296567311157,0.361368143817679,1.03893341347583,0.01375,0.011,0.01375,0.01375,0,0,0,0
30/05/2007,0.00117108201877337,0.1,14.5980638868514,15.1108917902075,265.54804275565,0,3.37726275141198,13.5090510056479,0.929433435738025,0,400,25,9.00603400376527,30.3953647627078,0.391340393994958,1.1251036327355,0.01375,0.011,0.01375,0.01375,0,0,0,0
31/05/2007,0.00107010885101424,0.1,14.4739949170069,13.8736173733902,266.867051045467,0,3.07063711369456,12.2825484547782,0.827987226835354,0,400,25,8.18836563651882,27.635734023251,0.348626200772781,1.00230032722174,0.01375,0.011,0.01375,0.01375,0,0,0,0
01/06/2007,0.000779372985680677,0.1,14.3509697194906,6,268.190316993389,0,1.82659450764065,7.30637803056258,0.439476668549815,0,400,25,4.87091868704172,16.4393505687658,0.185042807810448,0.531998072455039,0.01375,0.011,0.01375,0.01375,0,0,0,0
02/06/2007,0.00073123187113117,0.1,14.2290247123716,6,269.517448884614,0,1.87390269314363,7.49561077257452,0.454940849617457,0,400,25,4.99707384838301,16.8651242382927,0.191554041944192,0.550717870589553,0.01375,0.011,0.01375,0.01375,0,0,0,0
03/06/2007,0.000715214106419028,0.1,14.1081959939597,6,270.848053859939,0,1.90239627482746,7.60958509930982,0.464254880619482,0,400,25,5.07305673287321,17.1215664734471,0.195475739208203,0.561992750223583,0.01375,0.011,0.01375,0.01375,0,0,0,0
04/06/2007,0.000671999770141664,0.1,13.9885193321197,6,272.181738032057,0,1.94381743998048,7.77526975992192,0.477794702346921,0,400,25,5.18351317328128,17.4943569598243,0.201176716777651,0.578383060735747,0.01375,0.011,0.01375,0.01375,0,0,0,0
05/06/2007,0.000654180758884854,0.1,13.870030153683,6,273.51810660215,0,1.96752966744594,7.87011866978374,0.48554579605606,0,400,25,5.24674577985583,17.7077670070134,0.204440335181499,0.58776596364681,0.01375,0.011,0.01375,0.01375,0,0,0,0
06/06/2007,0.000636023402317743,0.1,13.7527635339609,6,274.856763976763,0,1.98903871621782,7.95615486487128,0.492576710923429,0,400,25,5.30410324324752,17.9013484459604,0.207400720388812,0.596277071117835,0.01375,0.011,0.01375,0.01375,0,0,0,0
07/06/2007,0.000587842430642653,0.1,13.6367541863612,6,276.197313884907,0,2.03433192240395,8.13732768961579,0.507382232085346,0,400,25,5.42488512641053,18.3089873016355,0.213634624035935,0.614199544103313,0.01375,0.011,0.01375,0.01375,0,0,0,0
08/06/2007,0.00640915732785706,0.1,13.5220364521127,36.5713785355679,277.539359495362,0,7.20186532331279,28.8074612932512,2.13944184953627,0,400,25,19.2049741955008,64.8167879098152,0.900817620857377,2.58985065996496,0.01375,0.011,0.01375,0.01375,0,0,0,0
09/06/2007,0.0898307266397169,0.1,13.408644290099,38.3008704126878,278.882503534148,0,6.10393430320046,24.4157372128019,1.75091891219147,0,400,25,16.2771581418679,54.9354087288042,0.737229015659565,2.11953342002125,0.01375,0.011,0.01375,0.01375,0,0,0,0
10/06/2007,0.222890645119146,0.1,13.2966112668063,37.5759018050865,280.226348402127,0,4.86975890154984,19.4790356061994,1.32247582880274,0,400,25,12.9860237374662,43.8278301139486,0.556831927916941,1.60089179276121,0.01375,0.011,0.01375,0.01375,0,0,0,0
11/06/2007,0.18489448952315,0.1,13.1859705463869,36.2964213497636,281.570496292702,0,3.84861970776324,15.394478831053,0.952449125264741,0,400,25,10.2629858873686,34.6375773698692,0.401031210637786,1.15296473058363,0.01375,0.011,0.01375,0.01375,0,0,0,0
12/06/2007,0.0235115312671345,0.1,13.076754880842,18.999271395663,282.914549309573,0,2.30524853431465,9.22099413725861,0.47724545513537,0,400,25,6.14732942483907,20.7472368088319,0.20094545479384,0.57771818253229,0.01375,0.011,0.01375,0.01375,0,0,0,0
13/06/2007,0.0119436548511787,0.1,12.9689966003261,6.99585945906931,284.258109584525,0,1.82412240551375,7.29648962205501,0.38992253344719,0,400,25,4.86432641470334,16.4171016496238,0.164177908819869,0.472011487857124,0.01375,0.011,0.01375,0.01375,0,0,0,0
14/06/2007,0.0103166829973401,0.1,12.8627276035769,6.06085869997072,285.600779395208,0,1.92722315355591,7.70889261422362,0.407976396691273,0,400,25,5.13926174281575,17.3450083820032,0.171779535448957,0.493866164415751,0.01375,0.011,0.01375,0.01375,0,0,0,0
15/06/2007,0.243266521114201,0.1,12.7579793484726,36.9536420446641,286.942161282863,0,4.52129844404684,18.0851937761873,1.19041984676826,0,400,25,12.0567958507916,40.6916859964215,0.501229409165584,1.44103455135106,0.01375,0.011,0.01375,0.01375,0,0,0,0
16/06/2007,0.671823206156798,0.1,12.6547828427194,37.934657770291,288.281858169988,0,4.19184547395718,16.7673818958287,1.07705528360665,0,400,25,11.1782545972191,37.7266092656146,0.453496961518588,1.30380376436594,0.01375,0.011,0.01375,0.01375,0,0,0,0
17/06/2007,0.792306388849071,0.1,12.5531686346731,37.5818010695602,289.619473477875,0,4.17619050832319,16.7047620332928,1.07987040370361,0,400,25,11.1365080221952,37.5857145749087,0.454682275243624,1.30721154132542,0.01375,0.011,0.01375,0.01375,0,0,0,0
18/06/2007,0.517644764993071,0.1,12.4531668042954,36.2278248467053,290.954611244008,0,4.03715855130891,16.1486342052356,1.03334168283781,0,400,25,10.7657561368238,36.3344269617802,0.435091234879078,1.25088730027735,0.01375,0.011,0.01375,0.01375,0,0,0,0
19/06/2007,0.0820044955986851,0.1,12.3548069542502,21.0438915386209,292.286876239276,0,3.3226117460759,13.2904469843036,0.725651039935979,0,400,25,8.86029798953573,29.9035057146831,0.305537279973044,0.878419679922501,0.01375,0.011,0.01375,0.01375,0,0,0,0
20/06/2007,0.195241131615193,0.1,12.2581182011404,31.655828240512,293.61587408497,0,4.60179969292707,18.4071987717083,1.23845328168986,0,400,25,12.2714658478055,41.4161972363436,0.521454013343099,1.49918028836141,0.01375,0.011,0.01375,0.01375,0,0,0,0
21/06/2007,0.273725747804223,0.1,12.1631291668888,34.0293105118292,294.941211369524,0,4.34329629876204,17.3731851950482,1.15883987000492,0,400,25,11.5821234633654,39.0896666888584,0.487932576844178,1.40280615842701,0.01375,0.011,0.01375,0.01375,0,0,0,0
22/06/2007,0.0655559728838598,0.1,12.0698679702651,19.3641651274111,296.262495764978,0,3.04426987343209,12.1770794937284,0.617898534570374,0,400,25,8.1180529958189,27.3984288608888,0.260167804029631,0.74798243658519,0.01375,0.011,0.01375,0.01375,0,0,0,0
23/06/2007,0.0438252338070873,0.1,11.9783622185626,12.7365254014779,297.579336143113,0,3.03701985533753,12.1480794213501,0.614349552268051,0,400,25,8.09871961423341,27.3331786980378,0.258673495691811,0.743686300113957,0.01375,0.011,0.01375,0.01375,0,0,0,0
24/06/2007,0.0350526489926924,0.1,11.8886389994256,8.94642735228142,298.891342691233,0,3.01875760903678,12.0750304361471,0.600440766507164,0,400,25,8.05002029076475,27.168818481331,0.252817164845122,0.726849348929725,0.01375,0.011,0.01375,0.01375,0,0,0,0
25/06/2007,0.0328161684214123,0.1,11.8007248728309,12.4667423043673,300.198127027558,0,3.75339184026992,15.0135673610797,0.874676180246265,0,400,25,10.0090449073865,33.7805265624293,0.368284707472111,1.05881853398232,0.01375,0.011,0.01375,0.01375,0,0,0,0
26/06/2007,0.0577745922262112,0.1,11.7146458632257,26.5712717922559,301.499302316194,0,4.65033417784601,18.6013367113841,1.24552712393624,0,400,25,12.4008911409227,41.8530076006141,0.524432473236311,1.50774336055439,0.01375,0.011,0.01375,0.01375,0,0,0,0
27/06/2007,0.149241476459078,0.1,11.6304274518233,33.6073136337905,302.794483381644,0,4.79087672111023,19.1635068844409,1.32932448021563,0,400,25,12.7756712562939,43.1178904899921,0.559715570617109,1.60918226552419,0.01375,0.011,0.01375,0.01375,0,0,0,0
28/06/2007,0.157283923162411,0.1,11.5480945690608,33.369305640606,304.083286822828,0,4.40697686813631,17.6279074725452,1.19421780304541,0,400,25,11.7519383150302,39.6627918132268,0.502828548650701,1.44563207737076,0.01375,0.011,0.01375,0.01375,0,0,0,0
29/06/2007,0.0588208448628733,0.1,11.4676715872185,26.4725247094873,305.365331126578,0,3.71489946328225,14.859597853129,0.908043330246923,0,400,25,9.90639856875267,33.4340951695403,0.382334033788178,1.09921034714101,0.01375,0.011,0.01375,0.01375,0,0,0,0
30/06/2007,0.0553595852797823,0.1,11.3891823132057,26.4277437348006,306.640236780576,0,3.91924562595807,15.6769825038323,1.00128043776361,0,400,25,10.4513216692215,35.2732106336226,0.42159176326889,1.21207631939806,0.01375,0.011,0.01375,0.01375,0,0,0,0
01/07/2007,0.0258269617101279,0.1,11.3126499815131,16.2515874080178,307.907626385693,0,2.67416036694074,10.696641467763,0.545589743041956,0,400,25,7.13109431184197,24.0674433024667,0.229721997070297,0.660450741577105,0.01375,0.011,0.01375,0.01375,0,0,0,0
02/07/2007,0.017679394028633,0.1,11.238097247335,11.5546345898222,309.167124767712,0,2.57608321192988,10.3043328477195,0.531471816533281,0,400,25,6.86955523181302,23.1847489073689,0.223777606961381,0.643360620013971,0.01375,0.011,0.01375,0.01375,0,0,0,0
03/07/2007,0.012254942193368,0.1,11.1655461798626,8.94252369470191,310.418359088383,0,2.46547260477185,9.86189041908742,0.52422097857033,0,400,25,6.57459361272494,22.1892534429467,0.220724622555929,0.634583289848295,0.01375,0.011,0.01375,0.01375,0,0,0,0
04/07/2007,0.00722080087744236,0.1,11.0950182557516,7.80405083153026,311.660958955797,0,2.12813457318515,8.51253829274058,0.504017315216888,0,400,25,5.67502552849372,19.1532111586663,0.212217816933426,0.610126223683601,0.01375,0.011,0.01375,0.01375,0,0,0,0
05/07/2007,0.00677047577853009,0.1,11.026534352764,6.69025073756195,312.894556534024,0,2.30070779469738,9.20283117878954,0.530824771222106,0,400,25,6.13522078585969,20.7063701522765,0.22350516683036,0.642577354637286,0.01375,0.011,0.01375,0.01375,0,0,0,0
06/07/2007,0.00679022879866264,0.1,10.9601147435886,6.24322589719575,314.118786652004,0,2.50385489567664,10.0154195827065,0.557678315568599,0,400,25,6.67694638847103,22.5346940610897,0.234811922344673,0.675084276740936,0.01375,0.011,0.01375,0.01375,0,0,0,0
07/07/2007,0.0059636760995027,0.1,10.8957790898389,6.09593939538194,315.333286911643,0,2.55921728576579,10.2368691430632,0.574309672628642,0,400,25,6.82457942870878,23.0329555718921,0.241814599001533,0.695216972129409,0.01375,0.011,0.01375,0.01375,0,0,0,0
08/07/2007,0.00365514546364914,0.1,10.8335464362339,6.05241697375873,316.53769779509,0,2.26930547787137,9.07722191148549,0.583866827120483,0,400,25,6.05148127432366,20.4237493008424,0.24583866405073,0.706786159145848,0.01375,0.011,0.01375,0.01375,0,0,0,0
09/07/2007,0.0191964010199003,0.1,10.7734352049594,31.2377610839257,317.731662771168,0,6.45141507062868,25.8056602825147,1.88371934459527,0,400,25,17.2037735216765,58.0627356356581,0.793144987198008,2.28029183819427,0.01375,0.011,0.01375,0.01375,0,0,0,0
10/07/2007,0.0344438806613902,0.1,10.7154631902157,33.5746184771334,318.914828400906,0,5.99411851704259,23.9764740681704,1.7190468409981,0,400,25,15.9843160454469,53.9470666533833,0.723809196209728,2.08095143910297,0.01375,0.011,0.01375,0.01375,0,0,0,0
11/07/2007,0.0264681928318365,0.1,10.6596475529492,32.6176155477966,320.086844442171,0,4.37474794274856,17.4989917709942,1.12862157198942,0,400,25,11.6659945139962,39.372731484737,0.475209082942915,1.36622611346088,0.01375,0.011,0.01375,0.01375,0,0,0,0
12/07/2007,0.0102497607085793,0.1,10.6060048157731,29.6277808530694,321.247363953343,0,2.74753835771011,10.9901534308404,0.594484011249854,0,400,25,7.32676895389362,24.727845219391,0.25030905736836,0.719638539934034,0.01375,0.011,0.01375,0.01375,0,0,0,0
13/07/2007,0.00574422209937659,0.1,10.5545508580758,19.9180558922515,322.396043396021,0,2.59145535391671,10.3658214156668,0.58027033034964,0,400,25,6.91054761044455,23.3230981852504,0.244324349620901,0.702432505160091,0.01375,0.011,0.01375,0.01375,0,0,0,0
14/07/2007,0.00353386126612596,0.1,10.5053009113207,13.3961654224379,323.532542736714,0,2.39212136944468,9.56848547777873,0.578624790025149,0,400,25,6.37899031851916,21.5290923250022,0.243631490536905,0.700440535293602,0.01375,0.011,0.01375,0.01375,0,0,0,0
15/07/2007,0.00279864360037766,0.1,10.4582695545372,9.07226275449634,324.656525547499,0,2.35638454285943,9.42553817143773,0.59366711392796,0,400,25,6.28369211429182,21.2074608857349,0.249965100601246,0.718649664228583,0.01375,0.011,0.01375,0.01375,0,0,0,0
16/07/2007,0.00243123990197629,0.1,10.4134707100049,7.15241226799828,325.767659105614,0,2.38579668495802,9.54318673983209,0.615147111988169,0,400,25,6.36212449322139,21.4721701646222,0.259009310310808,0.744651767143573,0.01375,0.011,0.01375,0.01375,0,0,0,0
17/07/2007,0.00218346168788923,0.1,10.3709176391324,6.40636345542488,326.865614491947,0,2.44983759335113,9.79935037340451,0.640691896390709,0,400,25,6.53290024893634,22.0485383401601,0.269765009006614,0.775574400894016,0.01375,0.011,0.01375,0.01375,0,0,0,0
18/07/2007,0.0020151413898666,0.1,10.3306229385318,6.13846968019061,327.950066688404,0,2.51523592137824,10.0609436855129,0.663725141687257,0,400,25,6.70729579034197,22.6371232924041,0.279463217552529,0.803456750463522,0.01375,0.011,0.01375,0.01375,0,0,0,0
19/07/2007,0.00190412029479124,0.1,10.2925985362894,6.04616166979187,329.020694674121,0,2.56662373333291,10.2664949333316,0.681093391116957,0,400,25,6.84432995555442,23.0996135999962,0.286776164680824,0.824481473457369,0.01375,0.011,0.01375,0.01375,0,0,0,0
20/07/2007,0.00182931103948366,0.1,10.2568556884352,6.01509853594513,330.077181520497,0,2.60308134461766,10.4123253784706,0.693202704656203,0,400,25,6.94155025231376,23.4277321015589,0.291874823013138,0.839140116162772,0.01375,0.011,0.01375,0.01375,0,0,0,0
21/07/2007,0.0025354401002467,0.1,10.2234049756106,6.00342932573253,331.119214485005,0,2.86165943686979,11.4466377474792,0.67403546091645,0,400,25,7.63109183165277,25.7549349318281,0.2838044045964,0.81593766321465,0.01375,0.011,0.01375,0.01375,0,0,0,0
22/07/2007,0.00180485933199888,0.1,10.1922562999366,6.00143853309412,332.146485103776,0,2.70126933945015,10.8050773578006,0.707225420298777,0,400,25,7.20338490520041,24.3114240550514,0.297779124336327,0.856114982466941,0.01375,0.011,0.01375,0.01375,0,0,0,0
23/07/2007,0.00164899310169126,0.1,10.1634188820821,6.00046385572325,333.158689282906,0,2.69486199464814,10.7794479785925,0.723294571619014,0,400,25,7.18629865239503,24.2537579518332,0.304545082786953,0.875567113012491,0.01375,0.011,0.01375,0.01375,0,0,0,0
24/07/2007,0.00160768639982382,0.1,10.1369012585347,6,334.155527388481,0,2.71422342228237,10.8568936891295,0.729626335271409,0,400,25,7.23792912608631,24.4280108005413,0.30721108853533,0.883231879539074,0.01375,0.011,0.01375,0.01375,0,0,0,0
25/07/2007,0.00154439767376645,0.1,10.1127112790737,6,335.136704335266,0,2.75164989184832,11.0065995673933,0.741860364032753,0,400,25,7.33773304492885,24.7648490266349,0.312362258540107,0.898041493302806,0.01375,0.011,0.01375,0.01375,0,0,0,0
26/07/2007,0.00147433413128027,0.1,10.0908561044464,6,336.101929674065,0,2.79789408437685,11.1915763375074,0.756976745246381,0,400,25,7.46105089167161,25.1810467593917,0.318727050630055,0.916340270561409,0.01375,0.011,0.01375,0.01375,0,0,0,0
27/07/2007,0.00150393242012076,0.1,10.0713422042482,6,337.050917677694,0,2.7596725055618,11.0386900222472,0.744482809805761,0,400,25,7.35912668149813,24.8370525500562,0.313466446234005,0.901216032922764,0.01375,0.011,0.01375,0.01375,0,0,0,0
28/07/2007,0.00284231627564712,0.1,10.0541753550077,22.6813907339331,337.983387425568,0,5.26327520475585,21.0531008190234,1.53207212483777,0,400,25,14.0354005460156,47.3694768428027,0.645082999931691,1.85461362480361,0.01375,0.011,0.01375,0.01375,0,0,0,0
29/07/2007,0.00256881987791948,0.1,10.0393606384765,20.5798954083009,338.899062886852,0,4.7125376902142,18.8501507608568,1.34924209904679,0,400,25,12.5667671739045,42.4128392119278,0.568101936440753,1.63329306726716,0.01375,0.011,0.01375,0.01375,0,0,0,0
30/07/2007,0.0014263404960175,0.1,10.0269024401251,6,339.797673002179,0,2.7873033474154,11.1492133896616,0.753514826927798,0,400,25,7.43280892644106,25.0857301267386,0.317269400811704,0.91214952733365,0.01375,0.011,0.01375,0.01375,0,0,0,0
31/07/2007,0.00139686931841948,0.1,10.0168044478446,6,340.678951763886,0,2.8007115294432,11.2028461177728,0.757897716536885,0,400,25,7.46856407851519,25.2064037649888,0.319114828015531,0.91745513054465,0.01375,0.011,0.01375,0.01375,0,0,0,0
01/08/2007,0.00131529479521484,0.1,10.0090696508551,6,341.542638294759,0,2.86666617796454,11.4666647118581,0.779457085515904,0,400,25,7.64444314123876,25.7999956016808,0.328192457059328,0.943553314045567,0.01375,0.011,0.01375,0.01375,0,0,0,0
02/08/2007,0.00133015711235585,0.1,10.0037003388204,6,342.388476925256,0,2.83749935405658,11.3499974162263,0.769922983937388,0,400,25,7.56666494415087,25.5374941865092,0.324178098499953,0.932012033187364,0.01375,0.011,0.01375,0.01375,0,0,0,0
03/08/2007,0.00137093065869203,0.1,10.000698101171,6,343.216217269194,0,2.78453574772316,11.1381429908927,0.752610149178939,0,400,25,7.4254286605951,25.0608217295085,0.316888483864816,0.911054391111347,0.01375,0.011,0.01375,0.01375,0,0,0,0
04/08/2007,0.00251563107726592,0.1,10.0000638266329,21.9258430794852,344.025614297865,0,5.15768604166839,20.6307441666736,1.4989821172056,0,400,25,13.753829444449,46.4191743750155,0.631150365139198,1.8145572997752,0.01375,0.011,0.01375,0.01375,0,0,0,0
05/08/2007,0.0022408778286596,0.1,10.0017977029648,19.8847387574544,344.816428412574,0,4.66294310659367,18.6517724263747,1.33519762667372,0,400,25,12.4345149509165,41.966487959343,0.562188474388936,1.61629186386819,0.01375,0.011,0.01375,0.01375,0,0,0,0
06/08/2007,0.00129551827220805,0.1,10.0058992169025,6,345.588425515561,0,2.81754520042502,11.2701808017001,0.763400335868579,0,400,25,7.51345386780006,25.3579068038252,0.321431720365717,0.924116196051438,0.01375,0.011,0.01375,0.01375,0,0,0,0
07/08/2007,0.00129774745246629,0.1,10.0123671543109,6,346.341377079302,0,2.80188946781743,11.2075578712697,0.758282763059214,0,400,25,7.47170524751314,25.2170052103568,0.319276952867037,0.917921239492733,0.01375,0.011,0.01375,0.01375,0,0,0,0
08/08/2007,0.00125079642412074,0.1,10.0211996005432,6,347.075060214155,0,2.83678023604985,11.3471209441994,0.769687917406158,0,400,25,7.56474729613294,25.5310221244487,0.324079123118382,0.931727478965349,0.01375,0.011,0.01375,0.01375,0,0,0,0
09/08/2007,0.0012000742488505,0.1,10.032393941008,6,347.789257734344,0,2.87887240573273,11.5154896229309,0.783447078248733,0,400,25,7.67699308195395,25.9098516515946,0.329872453999467,0.948383305248467,0.01375,0.011,0.01375,0.01375,0,0,0,0
10/08/2007,0.0011455246792446,0.1,10.0459468619428,6,348.483758222246,0,2.92960131184371,11.7184052473748,0.800029430353827,0,400,25,7.81227016491656,26.3664118065934,0.336854496991085,0.96845667884937,0.01375,0.011,0.01375,0.01375,0,0,0,0
11/08/2007,0.00114911761117013,0.1,10.0618543513956,6,349.15835609098,0,2.91076104147192,11.6430441658877,0.793870890361328,0,400,25,7.76202944392512,26.1968493732473,0.334261427520559,0.961001604121608,0.01375,0.011,0.01375,0.01375,0,0,0,0
12/08/2007,0.00123562198835723,0.1,10.0801117004118,6,349.812851645262,0,2.79923878307069,11.1969551322828,0.757416302668883,0,400,25,7.46463675485517,25.1931490476362,0.31891212743953,0.916872366388648,0.01375,0.011,0.01375,0.01375,0,0,0,0
13/08/2007,0.00119828833644847,0.1,10.1007135044287,6,350.447051140518,0,2.82602813851601,11.304112554064,0.766173253266062,0,400,25,7.53607503604269,25.4342532466441,0.322599264533079,0.927472885532601,0.01375,0.011,0.01375,0.01375,0,0,0,0
14/08/2007,0.00125207954526081,0.1,10.1236536648752,6,351.06076684024,0,2.75659112295305,11.0263644918122,0.743475562157312,0,400,25,7.35090966120814,24.8093201065775,0.313042341960973,0.899996733137799,0.01375,0.011,0.01375,0.01375,0,0,0,0
15/08/2007,0.00125640633961264,0.1,10.1489253909769,6,351.653817071558,0,2.73971332213835,10.9588532885534,0.737958517589926,0,400,25,7.30590219236895,24.6574198992452,0.310719375827337,0.893318205503595,0.01375,0.011,0.01375,0.01375,0,0,0,0
16/08/2007,0.0022457682872069,0.1,10.1765212017667,6,352.226026279017,0,3.01118352568819,12.0447341027528,0.67696875874523,0,400,25,8.02982273516851,27.1006517311937,0.285039477366413,0.819488497428437,0.01375,0.011,0.01375,0.01375,0,0,0,0
17/08/2007,0.00196848848874548,0.1,10.206432928299,18.9194700712794,352.777225076551,0,4.68254948485873,18.7301979394349,1.34920592202767,0,400,25,12.48679862629,42.1429453637286,0.568086704011649,1.63324927403349,0.01375,0.011,0.01375,0.01375,0,0,0,0
18/08/2007,0.00238620405987846,0.1,10.2386517160679,22.1490897308182,353.307250297619,0,5.00396143213373,20.0158457285349,1.44430757330999,0,400,25,13.3438971523566,45.0356528892035,0.608129504551577,1.74837232558578,0.01375,0.011,0.01375,0.01375,0,0,0,0
19/08/2007,0.0016061652950162,0.1,10.2731680276286,14.7316815098384,353.815945043506,0,3.9413863038241,15.7655452152964,1.11107531340109,0,400,25,10.5103634768643,35.4724767344169,0.467821184589933,1.34498590569606,0.01375,0.011,0.01375,0.01375,0,0,0,0
20/08/2007,0.0262593544889888,0.1,10.3099716454204,37.2757183776682,354.303158729775,0,7.36732181075527,29.4692872430211,2.19600714209696,0,400,25,19.6461914953474,66.3058962967974,0.924634586146087,2.65832443517,0.01375,0.011,0.01375,0.01375,0,0,0,0
21/08/2007,0.0249380513931385,0.1,10.3490516747915,37.4799367093554,354.768747130835,0,7.02263623193823,28.0905449277529,2.08081510521428,0,400,25,18.7270299518353,63.2037260874441,0.876132675879698,2.51888144315413,0.01375,0.011,0.01375,0.01375,0,0,0,0
22/08/2007,0.00525557768196404,0.1,10.3903965472238,32.095604433158,355.212572422639,0,6.36682757834239,25.4673103133695,1.86762826915624,0,400,25,16.9782068755797,57.3014482050815,0.786369797539471,2.26081316792598,0.01375,0.011,0.01375,0.01375,0,0,0,0
23/08/2007,0.00619162735574522,0.1,10.4339940237578,31.3973724860797,355.634503223483,0,6.42699653678503,25.7079861471401,1.8807450659539,0,400,25,17.1386574314267,57.8429688310652,0.791892659349011,2.27669139562841,0.01375,0.011,0.01375,0.01375,0,0,0,0
24/08/2007,0.00408401107483489,0.1,10.4798311986152,29.8274356537614,356.034414632895,0,5.93012840625497,23.7205136250199,1.72639869675733,0,400,25,15.8136757500132,53.3711556562947,0.72690471442414,2.0898510539694,0.01375,0.011,0.01375,0.01375,0,0,0,0
25/08/2007,0.00242345936740239,0.1,10.5278945030197,23.4347617788726,356.412188268613,0,5.28734951242007,21.1493980496803,1.53745443536202,0,400,25,14.0995986997868,47.5861456117806,0.647349235941905,1.86112905333298,0.01375,0.011,0.01375,0.01375,0,0,0,0
26/08/2007,0.00198288538768459,0.1,10.5781697092131,20.2186252619288,356.767712301624,0,4.65633904181389,18.6253561672555,1.3323386538846,0,400,25,12.4169041115037,41.907051376325,0.560984696372464,1.61283100207083,0.01375,0.011,0.01375,0.01375,0,0,0,0
27/08/2007,0.00109390966806708,0.1,10.6306419346675,6,357.10088148927,0,2.75978855225448,11.0391542090179,0.744520743348317,0,400,25,7.35943613934529,24.8380969702904,0.313482418251923,0.901261952474278,0.01375,0.011,0.01375,0.01375,0,0,0,0
28/08/2007,0.00106189220712799,0.1,10.6852956464909,6,357.4115972064,0,2.78461958433373,11.1384783373349,0.752637553834435,0,400,25,7.42565222488994,25.0615762590036,0.316900022667131,0.911087565168,0.01375,0.011,0.01375,0.01375,0,0,0,0
29/08/2007,0.00110026475455793,0.1,10.7421146660246,6,357.69976747457,0,2.72763882316675,10.910555292667,0.734011584592758,0,400,25,7.27370352844468,24.5487494085008,0.309057509302214,0.888540339243865,0.01375,0.011,0.01375,0.01375,0,0,0,0
30/08/2007,0.001051910230809,0.1,10.8010821736331,6,357.965306989265,0,2.77087553745919,11.0835021498368,0.748144876146414,0,400,25,7.38900143322451,24.9378798371327,0.315008368903753,0.905649060598291,0.01375,0.011,0.01375,0.01375,0,0,0,0
31/08/2007,0.000991238843402998,0.1,10.862180713683,6,358.208137145153,0,2.83468035785059,11.3387214314023,0.769001505607688,0,400,25,7.5591476209349,25.5121232206553,0.32379010762429,0.930896559419833,0.01375,0.011,0.01375,0.01375,0,0,0,0
01/09/2007,0.001100156290557,0.1,10.9253921997097,6,358.428186059355,0,2.69107528717153,10.7643011486861,0.722059633041631,0,400,25,7.17620076579075,24.2196775845438,0.304025108649108,0.874072187366185,0.01375,0.011,0.01375,0.01375,0,0,0,0
02/09/2007,0.0010396376542307,0.1,10.9906979197721,6,358.625388592724,0,2.74728350856256,10.9891340342503,0.740433073152248,0,400,25,7.32608935616684,24.7255515770631,0.311761293958841,0.896313720131669,0.01375,0.011,0.01375,0.01375,0,0,0,0
03/09/2007,0.00103293476607145,0.1,11.0580785419912,6,358.799686369124,0,2.74262035565155,10.9704814226062,0.738908773706068,0,400,25,7.31365428173747,24.683583200864,0.311119483665713,0.894468515538925,0.01375,0.011,0.01375,0.01375,0,0,0,0
04/09/2007,0.00105110310126598,0.1,11.1275141202729,6,358.951027792715,0,2.70886742517338,10.8354697006935,0.727875557721806,0,400,25,7.22364646712902,24.3798068265604,0.30647391904076,0.881112517242186,0.01375,0.011,0.01375,0.01375,0,0,0,0
05/09/2007,0.00521840053227365,0.1,11.1989841002127,32.7487317182488,359.079368063225,0,6.70324541137513,26.8129816455005,1.98400455757992,0,400,25,17.8753210970003,60.3292087023761,0.835370340033651,2.40168972759675,0.01375,0.011,0.01375,0.01375,0,0,0,0
06/09/2007,0.00764230136788242,0.1,11.2724673251798,34.9432880622266,359.184669189209,0,6.80274864450759,27.2109945780304,2.00554590544958,0,400,25,18.1406630520202,61.2247378005683,0.844440381241929,2.42776609607055,0.01375,0.011,0.01375,0.01375,0,0,0,0
07/09/2007,0.00647680782207856,0.1,11.3479420425803,34.145395864889,359.2668999993,0,6.71113450768436,26.8445380307374,1.97792691800559,0,400,25,17.8963586871583,60.4002105691592,0.832811333897089,2.39433258495413,0.01375,0.011,0.01375,0.01375,0,0,0,0
08/09/2007,0.0076850806950558,0.1,11.4253859102962,35.0413784315983,359.326036151433,0,6.88639279340222,27.5455711736089,2.03483406572306,0,400,25,18.3637141157393,61.97753514062,0.856772238199182,2.46322018482265,0.01375,0.011,0.01375,0.01375,0,0,0,0
09/09/2007,0.00547528244909083,0.1,11.5047760032994,33.1356641958248,359.362060140052,0,6.44124425109709,25.7649770043884,1.88811530294089,0,400,25,17.1766513362589,57.9711982598738,0.794995917027742,2.28561326145476,0.01375,0.011,0.01375,0.01375,0,0,0,0
10/09/2007,0.00322060516390818,0.1,11.5860888204375,28.7063788052225,359.374961301293,0,5.98120638383287,23.9248255353315,1.75224084307905,0,400,25,15.949883690221,53.8308574544958,0.737785618138549,2.12113365214833,0.01375,0.011,0.01375,0.01375,0,0,0,0
11/09/2007,0.00310052385378388,0.1,11.6693002913912,28.4492928594316,359.364735816136,0,5.89717098946049,23.5886839578419,1.72378146685248,0,400,25,15.725789305228,53.0745389051444,0.725802722885256,2.08668282829511,0.01375,0.011,0.01375,0.01375,0,0,0,0
12/09/2007,0.00176035725916306,0.1,11.7543857837993,20.2582448923144,359.331386711544,0,4.63912569155413,18.5565027662165,1.32690399070125,0,400,25,12.3710018441443,41.7521312239871,0.558696417137366,1.60625219926993,0.01375,0.011,0.01375,0.01375,0,0,0,0
13/09/2007,0.00096876440918157,0.1,11.8413201105505,6,359.274923859559,0,2.69809923577354,10.7923969430941,0.724355633444867,0,400,25,7.1949312953961,24.2828931219618,0.304991845660997,0.876851556275365,0.01375,0.011,0.01375,0.01375,0,0,0,0
14/09/2007,0.00090934774229363,0.1,11.9300775372393,6,359.195363974383,0,2.76545515811824,11.061820632473,0.746373053222061,0,400,25,7.37454708831531,24.8890964230642,0.314262338198763,0.903504222321442,0.01375,0.011,0.01375,0.01375,0,0,0,0
15/09/2007,0.000937215357503759,0.1,12.0206317897838,6,359.09273060743,0,2.71767275596857,10.8706910238743,0.730753859401092,0,400,25,7.24712734924952,24.4590548037171,0.307685835537302,0.884596777169744,0.01375,0.011,0.01375,0.01375,0,0,0,0
16/09/2007,0.000906479458826402,0.1,12.1129560622039,6,358.967054140356,0,2.74869352132837,10.9947740853135,0.740893980550964,0,400,25,7.32984939020899,24.7382416919554,0.311955360231985,0.896871660666956,0.01375,0.011,0.01375,0.01375,0,0,0,0
17/09/2007,0.000891981638998216,0.1,12.2070230245555,6,358.818371776061,0,2.75904466063397,11.0361786425359,0.744277578775588,0,400,25,7.35745242835724,24.8314019457057,0.313380033168669,0.900967595359923,0.01375,0.011,0.01375,0.01375,0,0,0,0
18/09/2007,0.000953754740995383,0.1,12.3028048310218,6,358.646727527679,0,2.6676106707136,10.6704426828544,0.714389478844631,0,400,25,7.11362845523628,24.0084960364224,0.300795570039845,0.864787263864554,0.01375,0.011,0.01375,0.01375,0,0,0,0
19/09/2007,0.000885711054457918,0.1,12.4002731281556,6,358.452172205552,0,2.74703980784736,10.9881592313894,0.740353411843192,0,400,25,7.32543948759295,24.7233582706262,0.311727752355028,0.896217288020706,0.01375,0.011,0.01375,0.01375,0,0,0,0
20/09/2007,0.000960608108887385,0.1,12.4993990632724,6,358.234763402183,0,2.63986783440044,10.5594713376017,0.705320852780972,0,400,25,7.03964755840116,23.7588105096039,0.296977201170936,0.85380945336644,0.01375,0.011,0.01375,0.01375,0,0,0,0
21/09/2007,0.00570225300861279,0.1,12.600153292992,34.2262089171046,357.994565475191,0,6.93898634280159,27.7559453712063,2.05867878712425,0,400,25,18.5039635808042,62.4508770852143,0.866812120894419,2.49208484757146,0.01375,0.011,0.01375,0.01375,0,0,0,0
22/09/2007,0.00466451186885152,0.1,12.7025059919243,32.910972475975,357.73164952826,0,6.35290606238255,25.4116242495302,1.85785434433196,0,400,25,16.9410828330201,57.176154561443,0.782254460771354,2.24898157471764,0.01375,0.011,0.01375,0.01375,0,0,0,0
23/09/2007,0.000875796486006831,0.1,12.8064268614986,6,357.446093390089,0,2.71868247036666,10.8747298814666,0.731083916580683,0,400,25,7.24981992097775,24.4681422332999,0.30782480698134,0.884996320071353,0.01375,0.011,0.01375,0.01375,0,0,0,0
24/09/2007,0.000858557310164453,0.1,12.9118851389321,6,357.137981591355,0,2.73279253145768,10.9311701258307,0.735696237625489,0,400,25,7.2874467505538,24.5951327831191,0.309766836894943,0.89057965607296,0.01375,0.011,0.01375,0.01375,0,0,0,0
25/09/2007,0.000832575976503008,0.1,13.0188496063369,6,356.807405339689,0,2.76102745588441,11.0441098235376,0.744925718298314,0,400,25,7.36273988235842,24.8492471029597,0.313652934020343,0.901752185308485,0.01375,0.011,0.01375,0.01375,0,0,0,0
26/09/2007,0.000861289498788928,0.1,13.1272885999607,6,356.454462492675,0,2.70894654566786,10.8357861826714,0.727901420765163,0,400,25,7.2238574551143,24.3805189110108,0.306484808743226,0.881143825136776,0.01375,0.011,0.01375,0.01375,0,0,0,0
27/09/2007,0.000763682748772296,0.1,13.2371700195604,6,356.079257528887,0,2.85313649250652,11.4125459700261,0.77503447865651,0,400,25,7.60836398001739,25.6782284325587,0.326330306802741,0.93819963205788,0.01375,0.011,0.01375,0.01375,0,0,0,0
28/09/2007,0.000680733745528672,0.1,13.3484613379039,6,355.681901516956,0,3.00855028964434,12.0342011585774,0.825836408043497,0,400,25,8.02280077238492,27.0769526067991,0.34772059286042,0.999696704473706,0.01375,0.011,0.01375,0.01375,0,0,0,0
29/09/2007,0.000710571174882303,0.1,13.4611296103994,6,355.262512082693,0,2.93630705065753,11.7452282026301,0.802221413794042,0,400,25,7.83015213508674,26.4267634559177,0.337777437386965,0.971110132487525,0.01375,0.011,0.01375,0.01375,0,0,0,0
30/09/2007,0.000669470142612077,0.1,13.5751414848473,6,354.82121337427,0,3.01514443289774,12.0605777315909,0.827991912934928,0,400,25,8.04038515439396,27.1362998960796,0.348628173867338,1.0023059998686,0.01375,0.011,0.01375,0.01375,0,0,0,0
01/10/2007,0.00063627283344021,0.1,13.6904632113135,6,354.35813602547,0,3.08500773381403,12.3400309352561,0.850828948933373,0,400,25,8.22668729017075,27.7650696043263,0.358243767971946,1.02995083291935,0.01375,0.011,0.01375,0.01375,0,0,0,0
02/10/2007,0.000696045843334708,0.1,13.8070606521197,6,353.873417117015,0,2.93967855582233,11.7587142232893,0.803323497202754,0,400,25,7.83914281552622,26.457107002401,0.338241472506423,0.972444233455965,0.01375,0.011,0.01375,0.01375,0,0,0,0
03/10/2007,0.00054588457231231,0.1,13.9248992919492,6,353.367200135988,0,3.32541305356714,13.3016522142686,0.929413053454819,0,400,25,8.86776814284571,29.9287174821043,0.391331811980977,1.12507895944531,0.01375,0.011,0.01375,0.01375,0,0,0,0
04/10/2007,0.000638365706909731,0.1,14.0439442480639,6,352.839634933357,0,3.05199089914077,12.2079635965631,0.84003634921222,0,400,25,8.13864239770871,27.4679180922669,0.353699515457777,1.01688610694111,0.01375,0.011,0.01375,0.01375,0,0,0,0
05/10/2007,0.000665783038496639,0.1,14.1641602806307,6,352.290877679617,0,2.97793335866434,11.9117334346574,0.815828292970464,0,400,25,7.94115562310491,26.8014002279791,0.343506649671774,0.987581617806351,0.01375,0.011,0.01375,0.01375,0,0,0,0
06/10/2007,0.000626574707147634,0.1,14.2855118031529,6,351.721090818561,0,3.05959613825393,12.2383845530157,0.842522362857811,0,400,25,8.1589230353438,27.5363652442853,0.354746258045394,1.01989549188051,0.01375,0.011,0.01375,0.01375,0,0,0,0
07/10/2007,0.000713688622217947,0.1,14.4079628930047,6,351.13044301919,0,2.85898799408228,11.4359519763291,0.776947227558693,0,400,25,7.62396798421942,25.7308919467405,0.327135674761555,0.940515064939471,0.01375,0.011,0.01375,0.01375,0,0,0,0
08/10/2007,0.00073537847427257,0.1,14.5314773020651,6,350.519109125787,0,2.80787893322995,11.2315157329198,0.760240609817718,0,400,25,7.48767715527988,25.2709103990696,0.320101309396934,0.920291264516185,0.01375,0.011,0.01375,0.01375,0,0,0,0
09/10/2007,0.00065222469835991,0.1,14.6560184674478,6,349.887270106158,0,2.96276165324468,11.8510466129787,0.810868939801027,0,400,25,7.90069774198582,26.6648548792022,0.341418500968853,0.981578190285454,0.01375,0.011,0.01375,0.01375,0,0,0,0
10/10/2007,0.000702706067867982,0.1,14.7815495223251,6,349.235112998059,0,2.84686448263715,11.3874579305486,0.772984273279856,0,400,25,7.59163862036574,25.6217803437344,0.325467062433624,0.935717804496668,0.01375,0.011,0.01375,0.01375,0,0,0,0
11/10/2007,0.000602612093601356,0.1,14.908033306841,6,348.562830853834,0,3.05834631596387,12.2333852638555,0.842113818797407,0,400,25,8.15559017590366,27.5251168436749,0.354574239493645,1.01940093854423,0.01375,0.011,0.01375,0.01375,0,0,0,0
12/10/2007,0.00186333885691935,0.1,15.0354323791111,26.9973584744028,347.870622683264,0,5.9570670104057,23.8282680416228,1.7520660335659,0,400,25,15.8855120277485,53.6136030936513,0.737712014133011,2.12092204063241,0.01375,0.011,0.01375,0.01375,0,0,0,0
13/10/2007,0.00232792625951655,0.1,15.1637090263067,29.6074811429873,347.158693394657,0,6.18253398577101,24.730135943084,1.81635899793076,0,400,25,16.4867572953894,55.6428058719391,0.764782735970848,2.19875036591619,0.01375,0.011,0.01375,0.01375,0,0,0,0
14/10/2007,0.00120217197005107,0.1,15.292825275818,21.2738149917302,346.427253734189,0,4.99805895966177,19.9922358386471,1.44418256368603,0,400,25,13.3281572257647,44.9825306369559,0.608076868920433,1.74822099814625,0.01375,0.011,0.01375,0.01375,0,0,0,0
15/10/2007,0.000494818804020581,0.1,15.4227429064953,6,345.676520223521,0,3.34017399144561,13.3606959657825,0.934238134223697,0,400,25,8.90713064385498,30.0615659230105,0.393363424936294,1.13091984669184,0.01375,0.011,0.01375,0.01375,0,0,0,0
16/10/2007,0.000418138459752565,0.1,15.553423459963,6,344.906715095704,0,3.66380399426805,14.6552159770722,1.0400268663291,0,400,25,9.77014398471481,32.9742359484125,0.437906048980672,1.25897989081943,0.01375,0.011,0.01375,0.01375,0,0,0,0
17/10/2007,0.00056331384971414,0.1,15.6848282520041,6,344.11806622939,0,3.09555861194172,12.3822344477669,0.854277838127802,0,400,25,8.25482296517793,27.8600275074755,0.359695931843285,1.03412580404944,0.01375,0.011,0.01375,0.01375,0,0,0,0
18/10/2007,0.000534641378613935,0.1,15.8169183840117,6,343.310807081381,0,3.16822164377113,12.6728865750845,0.878030054983867,0,400,25,8.44859105005636,28.5139947939402,0.369696865256365,1.06287848761205,0.01375,0.011,0.01375,0.01375,0,0,0,0
19/10/2007,0.000509990923839169,0.1,15.9496547545038,6,342.485176617513,0,3.23571972369424,12.9428788947769,0.900093943474859,0,400,25,8.6285859298513,29.1214775132481,0.378986923568362,1.08958740525904,0.01375,0.011,0.01375,0.01375,0,0,0,0
20/10/2007,0.000573367430614093,0.1,16.0829980706979,6,341.641419241926,0,3.03201854601908,12.1280741840763,0.833507752062766,0,400,25,8.08538278938422,27.2881669141718,0.350950632447481,1.00898306828651,0.01375,0.011,0.01375,0.01375,0,0,0,0
21/10/2007,0.000482669704716712,0.1,16.2169088601428,6,340.779784724706,0,3.30537667886584,13.2215067154634,0.922863528821277,0,400,25,8.81433781030891,29.7483901097926,0.388574117398432,1.11715058752049,0.01375,0.011,0.01375,0.01375,0,0,0,0
22/10/2007,0.000466442763748199,0.1,16.3513474824032,6,339.900528127956,0,3.35436557913045,13.4174623165218,0.938877104821751,0,400,25,8.9449748776812,30.1892902121741,0.395316675714421,1.13653544267896,0.01375,0.011,0.01375,0.01375,0,0,0,0
23/10/2007,0.000580181046226209,0.1,16.486274140794,6,339.003909730285,0,2.9793826369351,11.9175305477404,0.816302035544992,0,400,25,7.94502036516027,26.8144437324159,0.34370612022947,0.988155095659727,0.01375,0.011,0.01375,0.01375,0,0,0,0
24/10/2007,0.000687211170298532,0.1,16.6216488941613,6,338.090194949768,0,2.7379051708748,10.9516206834992,0.737367465994097,0,400,25,7.30108045566613,24.6411465378732,0.310470511997514,0.892602721992854,0.01375,0.011,0.01375,0.01375,0,0,0,0
25/10/2007,0.00195648844631247,0.1,16.7574316687051,28.2850414182287,337.159654265367,0,6.08665919257228,24.3466367702891,1.79118881725374,0,400,25,16.2310911801928,54.7799327331505,0.754184765159469,2.16828119983347,0.01375,0.011,0.01375,0.01375,0,0,0,0
26/10/2007,0.00285029645848902,0.1,16.893582269843,31.9577099683728,336.212563136873,0,6.46636754029432,25.8654701611773,1.90362311212156,0,400,25,17.2436467741182,58.1973078626489,0.801525520893288,2.3043858725682,0.01375,0.011,0.01375,0.01375,0,0,0,0
27/10/2007,0.0092414436349495,0.1,17.0300603941077,37.5202849277236,335.249201923357,0,7.40284189205208,29.6113675682083,2.20289963669572,0,400,25,19.7409117121389,66.6255770284687,0.927536689135042,2.66666798126325,0.01375,0.011,0.01375,0.01375,0,0,0,0
28/10/2007,0.00664202921098494,0.1,17.1668256410784,36.5319822152526,334.269855800181,0,6.865956438182,27.463825752728,2.01736605605727,0,400,25,18.3092171684853,61.793607943638,0.849417286760957,2.44207469943775,0.01375,0.011,0.01375,0.01375,0,0,0,0
29/10/2007,0.000381910032175602,0.1,17.3038375253397,6,333.27481467458,0,3.6259034169844,14.5036136679376,1.02763786042132,0,400,25,9.66907577862506,32.6331307528596,0.432689625440556,1.2439826731416,0.01375,0.011,0.01375,0.01375,0,0,0,0
30/10/2007,0.000433473198937503,0.1,17.4410554884664,6,332.264373099842,0,3.35849005961986,13.4339602384795,0.94022532210001,0,400,25,8.95597349231964,30.2264105365788,0.395884346147373,1.1381674951737,0.01375,0.011,0.01375,0.01375,0,0,0,0
31/10/2007,0.000556529375483673,0.1,17.5784389110296,6,331.238830188116,0,2.93584982407103,11.7433992962841,0.802071954780822,0,400,25,7.82893286418941,26.4226484166393,0.337714507276136,0.97092920841889,0.01375,0.011,0.01375,0.01375,0,0,0,0
01/11/2007,0.000505514412006205,0.1,17.7159471246209,6,330.198489521866,0,3.06628793289187,12.2651517315675,0.844709788201827,0,400,25,8.17676782104498,27.5965913960268,0.355667279242875,1.02254342782326,0.01375,0.011,0.01375,0.01375,0,0,0,0
02/11/2007,0.000970585814429497,0.1,17.853539423891,20.3275685638574,329.143659064006,0,5.03470755068677,20.1388302027471,1.46281880558993,0,400,25,13.4258868018314,45.3123679561809,0.615923707616813,1.77078065939834,0.01375,0.011,0.01375,0.01375,0,0,0,0
03/11/2007,0.027149016157688,0.1,17.9911750785997,39.1648068086842,328.074651066735,0,7.64942780498431,30.5977112199372,2.28060458049878,0,400,25,20.3984741466248,68.8448502448588,0.960254560210012,2.76073186060379,0.01375,0.011,0.01375,0.01375,0,0,0,0
04/11/2007,0.0323217041574502,0.1,18.1288133456723,39.3066902627343,326.991781979106,0,7.368492100496,29.473968401984,2.17924199760763,0,400,25,19.6493122679893,66.316428904464,0.917575577940056,2.63802978657766,0.01375,0.011,0.01375,0.01375,0,0,0,0
05/11/2007,0.00974553282688892,0.1,18.2664134812612,36.6114340917578,325.895372353347,0,6.76785509778621,27.0714203911448,1.98376481967125,0,400,25,18.0476135940966,60.9106958800759,0.835269397756315,2.40139951854941,0.01375,0.011,0.01375,0.01375,0,0,0,0
06/11/2007,0.00200469345175992,0.1,18.4039347528061,13.1799861519075,324.785746749974,0,2.89255452499811,11.5702180999924,0.774487169350329,0,400,25,7.71347873332829,26.032990724983,0.326099860779086,0.937537099739872,0.01375,0.011,0.01375,0.01375,0,0,0,0
07/11/2007,0.0176029014657464,0.1,18.5413364510926,36.4415383634029,323.663233641712,0,7.00625993086565,28.0250397234626,2.07207491911721,0,400,25,18.6833598156417,63.0563393777909,0.872452597523038,2.50830121787873,0.01375,0.011,0.01375,0.01375,0,0,0,0
08/11/2007,0.0337935586967151,0.1,18.678577902302,36.1852891689296,322.528165316262,0,6.50359581402322,26.0143832560929,1.90118535969384,0,400,25,17.3429221707286,58.532362326209,0.800499098818457,2.30143490910307,0.01375,0.011,0.01375,0.01375,0,0,0,0
09/11/2007,0.0382297993954901,0.1,18.8156184800527,35.093226327987,321.380877777935,0,5.84034706635963,23.3613882654385,1.67208342569684,0,400,25,15.5742588436257,52.5631235972367,0.704035126609194,2.02410098900143,0.01375,0.011,0.01375,0.01375,0,0,0,0
10/11/2007,0.026716980989502,0.1,18.9524176174254,32.3457369796644,320.221710648189,0,4.9929180933841,19.9716723735364,1.38620717713706,0,400,25,13.3144482490243,44.9362628404569,0.583666179847182,1.67804026706065,0.01375,0.011,0.01375,0.01375,0,0,0,0
11/11/2007,0.00813010895570811,0.1,19.0889348189725,19.742004208209,319.05100706509,0,3.50283120383339,14.0113248153336,0.952805914227991,0,400,25,9.34088321022237,31.5254808345005,0.40118143756968,1.15339663301283,0.01375,0.011,0.01375,0.01375,0,0,0,0
12/11/2007,0.00441967050237583,0.1,19.2251296727055,9.13625191902899,317.869113581744,0,1.73096603805616,6.92386415222464,0.402294849493693,0,400,25,4.61590943481642,15.5786943425054,0.169387305049976,0.486988502018681,0.01375,0.011,0.01375,0.01375,0,0,0,0
13/11/2007,0.00365495845768916,0.1,19.3609618620575,8.9785290316761,316.676380063702,0,1.69942261648773,6.79769046595092,0.390896462891707,0,400,25,4.53179364396728,15.2948035483896,0.164587984375455,0.473190455079434,0.01375,0.011,0.01375,0.01375,0,0,0,0
14/11/2007,0.00275047458026978,0.1,19.496391177818,6,315.473159585395,0,1.20632860806111,4.82531443224445,0.236723084171128,0,400,25,3.21687628816296,10.85695747255,0.0996728775457383,0.286559522943998,0.01375,0.011,0.01375,0.01375,0,0,0,0
15/11/2007,0.0022959516997936,0.1,19.6313775300357,6,314.259808325618,0,1.27020159902411,5.08080639609646,0.257601997346131,0,400,25,3.3872042640643,11.431814391217,0.108463998882582,0.311833996787422,0.01375,0.011,0.01375,0.01375,0,0,0,0
16/11/2007,0.00197499232563151,0.1,19.7658809598859,6,313.036685462092,0,1.34621795362611,5.38487181450442,0.282450354119255,0,400,25,3.58991454300295,12.1159615826349,0.118926464892318,0.341913586565414,0.01375,0.011,0.01375,0.01375,0,0,0,0
17/11/2007,0.00163380332641563,0.1,19.899861651499,6,311.80415306514,0,1.4229843430395,5.69193737215801,0.307543883561914,0,400,25,3.79462491477201,12.8068590873555,0.129492161499753,0.372289964311791,0.01375,0.011,0.01375,0.01375,0,0,0,0
18/11/2007,0.00137834490115164,0.1,20.0332799437473,6,310.562575990505,0,1.51148175241409,6.04592700965638,0.336472068991888,0,400,25,4.03061800643759,13.6033357717269,0.141672450101848,0.407308294042812,0.01375,0.011,0.01375,0.01375,0,0,0,0
19/11/2007,0.00117262118662235,0.1,20.166096341985,6,309.31232177135,0,1.60938811538761,6.43755246155046,0.368475869361727,0,400,25,4.29170164103364,14.4844930384885,0.155147734468096,0.446049736595775,0.01375,0.011,0.01375,0.01375,0,0,0,0
20/11/2007,0.00104485771984292,0.1,20.2982715297398,6,308.053760509454,0,1.70819159566983,6.83276638267932,0.40077292098086,0,400,25,4.55517758845288,15.3737243610285,0.168746493044573,0.485146167503147,0.01375,0.011,0.01375,0.01375,0,0,0,0
21/11/2007,0.00095476647479814,0.1,20.4297663803513,6,306.787264765657,0,1.80166516913083,7.20666067652331,0.431327723488541,0,400,25,4.80444045101554,16.2149865221775,0.181611673047807,0.522133560012444,0.01375,0.011,0.01375,0.01375,0,0,0,0
22/11/2007,0.0043549789923057,0.1,20.5605419685534,32.134095439908,305.513209449576,0,6.4262440811666,25.7049763246664,1.89446581446143,0,400,25,17.1366508831109,57.8361967304994,0.79766981661534,2.2933007227691,0.01375,0.011,0.01375,0.01375,0,0,0,0
23/11/2007,0.0135979855776634,0.1,20.6905595819968,37.6074513441087,304.231971708621,0,7.27796249134499,29.1118499653799,2.15949552702857,0,400,25,19.40789997692,65.5016624221049,0.909261274538345,2.61412616429774,0.01375,0.011,0.01375,0.01375,0,0,0,0
24/11/2007,0.00872531074276114,0.1,20.8197807327088,36.5137574678282,302.94393081635,0,6.74994010868922,26.9997604347569,1.97833579881854,0,400,25,17.9998402898379,60.749460978203,0.832983494239385,2.39482754593823,0.01375,0.011,0.01375,0.01375,0,0,0,0
25/11/2007,0.000693339251149522,0.1,20.9481671684868,6,301.649468060202,0,2.14233545133101,8.56934180532405,0.542686611433547,0,400,25,5.7128945368827,19.2810190619791,0.228499625866757,0.656936424366926,0.01375,0.011,0.01375,0.01375,0,0,0,0
26/11/2007,0.000608691731181964,0.1,21.0756808842214,6,300.348966628621,0,2.26291218071217,9.05164872284866,0.582100940177494,0,400,25,6.03443248189911,20.3662096264095,0.245095132706313,0.704648506530651,0.01375,0.011,0.01375,0.01375,0,0,0,0
27/11/2007,0.00769217914238818,0.1,21.2022841331467,36.6587785316284,299.042811497628,0,7.24123226724148,28.9649290689659,2.15243122833311,0,400,25,19.309952712644,65.1710904051734,0.906286832982363,2.60557464482429,0.01375,0.011,0.01375,0.01375,0,0,0,0
28/11/2007,0.00606685061198564,0.1,21.3279394380145,36.0256061670924,297.73138931686,0,6.7445229127916,26.9780916511664,1.97900023115406,0,400,25,17.9853944341109,60.7007062151244,0.833263255222763,2.39563185876544,0.01375,0.011,0.01375,0.01375,0,0,0,0
29/11/2007,0.000528511847129543,0.1,21.4526096021881,6,296.41508829511,0,2.43868924448758,9.75475697795032,0.639559249196554,0,400,25,6.50317131863355,21.9482032003882,0.269288104924865,0.774203301658987,0.01375,0.011,0.01375,0.01375,0,0,0,0
30/11/2007,0.000566519035166192,0.1,21.5762577206533,6,295.094298085414,0,2.38438230528072,9.5375292211229,0.621807303477324,0,400,25,6.35835281408193,21.4594407475265,0.261813601464137,0.752714104209393,0.01375,0.011,0.01375,0.01375,0,0,0,0
01/12/2007,0.000632626299381775,0.1,21.6988471909432,6,293.769409669701,0,2.2967566640198,9.18702665607921,0.593164083108163,0,400,25,6.12468443738614,20.6708099761782,0.249753298150805,0.718040732183566,0.01375,0.011,0.01375,0.01375,0,0,0,0
02/12/2007,0.000507066773659573,0.1,21.8203417239731,6,292.440815243058,0,2.49423491282094,9.97693965128376,0.657716112823803,0,400,25,6.65129310085584,22.4481142153885,0.276933100136338,0.796182662891972,0.01375,0.011,0.01375,0.01375,0,0,0,0
03/12/2007,0.000475692606000149,0.1,21.9407053547832,6,291.108908097629,0,2.60787912011442,10.4315164804577,0.694864326820812,0,400,25,6.95434432030513,23.4709120810298,0.292574453398237,0.841151553519931,0.01375,0.011,0.01375,0.01375,0,0,0,0
04/12/2007,0.000811105920283131,0.1,22.0599024531845,22.2225619898427,289.774082506192,0,5.30644528915602,21.2257811566241,1.54928044730217,0,400,25,14.1505207710827,47.7580076024042,0.652328609390386,1.87544475199736,0.01375,0.011,0.01375,0.01375,0,0,0,0
05/12/2007,0.000875227093806673,0.1,22.1778977343065,18.5092029941217,288.436733605447,0,4.27941935851253,17.1176774340501,1.21346900386827,0,400,25,11.4117849560334,38.5147742266128,0.510934317418218,1.46893616257738,0.01375,0.011,0.01375,0.01375,0,0,0,0
06/12/2007,0.00231741648070114,0.1,22.294656269042,32.2484720474881,287.097257279049,0,6.65604109985956,26.6241643994382,1.97101045065738,0,400,25,17.7494429329588,59.9043698987361,0.829899137118896,2.38596001921683,0.01375,0.011,0.01375,0.01375,0,0,0,0
07/12/2007,0.00998483810951739,0.1,22.4101434943871,38.0313633755671,285.756050040415,0,7.4340238147206,29.7360952588824,2.21137883788037,0,400,25,19.8240635059216,66.9062143324854,0.931106879107523,2.67693227743413,0.01375,0.011,0.01375,0.01375,0,0,0,0
08/12/2007,0.0209783750828995,0.1,22.5243252236724,39.0205295388967,284.413508915348,0,7.47477443585551,29.899097743422,2.21938622836555,0,400,25,19.932731828948,67.2729699226996,0.934478411943388,2.68662543433724,0.01375,0.011,0.01375,0.01375,0,0,0,0
09/12/2007,0.0115041358195834,0.1,22.637167656683,38.2645347753938,283.070031324511,0,7.06159904416896,28.2463961766758,2.07674392878022,0,400,25,18.8309307844506,63.5543913975206,0.874418496328514,2.51395317694448,0.01375,0.011,0.01375,0.01375,0,0,0,0
10/12/2007,0.0048154799023487,0.1,22.7486373896641,36.171326065265,281.726014965779,0,7.23505828486642,28.9402331394657,2.15251772671,0,400,25,19.2934887596438,65.1155245637978,0.90632325335158,2.60567935338579,0.01375,0.011,0.01375,0.01375,0,0,0,0
11/12/2007,0.00393817665959027,0.1,22.8587014252095,35.0500126928678,280.381857696517,0,6.60700912889361,26.4280365155745,1.93587810779801,0,400,25,17.618691010383,59.4630821600425,0.815106571704426,2.34343139365023,0.01375,0.011,0.01375,0.01375,0,0,0,0
12/12/2007,0.00617433060284619,0.1,22.9673271820289,36.8958031513736,279.037957415799,0,7.31543686298998,29.2617474519599,2.17666558197731,0,400,25,19.5078316346399,65.8389317669098,0.916490771358866,2.63491096765674,0.01375,0.011,0.01375,0.01375,0,0,0,0
13/12/2007,0.0148562014954282,0.1,23.0744825045931,38.6724788002509,277.694711946626,0,7.40545252442792,29.6218100977117,2.1969628724288,0,400,25,19.7478733984745,66.6490727198513,0.92503699891739,2.6594813718875,0.01375,0.011,0.01375,0.01375,0,0,0,0
14/12/2007,0.0142715848611735,0.1,23.180135672653,38.6460576033267,276.352518918163,0,7.27776431851853,29.1110572740741,2.15147178929423,0,400,25,19.4073715160494,65.4998788666668,0.905882858650202,2.60441321861933,0.01375,0.011,0.01375,0.01375,0,0,0,0
15/12/2007,0.00549044663958503,0.1,23.2842554106286,34.3340169338854,275.011775648026,0,6.42125643516251,25.68502574065,1.87738215702594,0,400,25,17.1233504937667,57.7913079164626,0.790476697695131,2.2726205058735,0.01375,0.011,0.01375,0.01375,0,0,0,0
16/12/2007,0.000802014175400784,0.1,23.3868108968681,6,273.672879024676,0,1.80276793138987,7.21107172555948,0.431688196313002,0,400,25,4.80738115037298,16.2249113825088,0.181763451079159,0.522569921852581,0.01375,0.011,0.01375,0.01375,0,0,0,0
17/12/2007,0.0167726053688479,0.1,23.4877717727713,38.3548374617738,272.336225389925,0,7.46980707328758,29.8792282931503,2.22280459062106,0,400,25,19.9194855287669,67.2282636595882,0.935917722366761,2.69076345180444,0.01375,0.011,0.01375,0.01375,0,0,0,0
18/12/2007,0.0141368018117958,0.1,23.5871081517765,38.1275080679371,271.002210421614,0,6.93614937832557,27.7445975133023,2.03358472257132,0,400,25,18.4963983422015,62.4253444049302,0.856246198977397,2.46170782206001,0.01375,0.011,0.01375,0.01375,0,0,0,0
19/12/2007,0.00177002915192669,0.1,23.6847906282074,15.3967407231733,269.671229016481,0,3.08024332551154,12.3209733020462,0.827603133795784,0,400,25,8.21398220136411,27.7221899296039,0.348464477387699,1.00183537248963,0.01375,0.011,0.01375,0.01375,0,0,0,0
20/12/2007,0.00420552295980215,0.1,23.7807902859783,30.4876866985299,268.343675173266,0,6.04096711836527,24.1638684734611,1.77140415614148,0,400,25,16.1092456489741,54.3687040652875,0.745854381533254,2.14433134690811,0.01375,0.011,0.01375,0.01375,0,0,0,0
21/12/2007,0.00566869848409574,0.1,23.8750787071532,34.0838509708607,267.019941876079,0,6.55608638299457,26.2243455319783,1.92798392769819,0,400,25,17.4828970213188,59.0047774469511,0.811782706399236,2.3338752808978,0.01375,0.011,0.01375,0.01375,0,0,0,0
22/12/2007,0.00784942455043629,0.1,23.9676279803587,35.9902364704257,265.700420978066,0,6.97297728263295,27.8919091305318,2.06277287691034,0,400,25,18.5946060870212,62.7567955436966,0.868535948172774,2.49704085099673,0.01375,0.011,0.01375,0.01375,0,0,0,0
23/12/2007,0.00559223888285308,0.1,24.0584107090458,34.9917591490533,264.385503085413,0,6.60779226762099,26.4311690704839,1.9391191917496,0,400,25,17.6207793803226,59.4701304085889,0.816471238631411,2.34735481106531,0.01375,0.011,0.01375,0.01375,0,0,0,0
24/12/2007,0.00129949254886876,0.1,24.1474000196006,22.2941909349535,263.07557744172,0,4.57218779312045,18.2887511724818,1.30122683773335,0,400,25,12.1925007816545,41.1496901380841,0.547884984308778,1.57516932988774,0.01375,0.011,0.01375,0.01375,0,0,0,0
25/12/2007,0.000986149518850479,0.1,24.2345695692986,16.6185063502508,261.771031812774,0,3.78178533454018,15.1271413381607,1.05908830660207,0,400,25,10.0847608921071,34.0360680108616,0.445931918569292,1.28205426588671,0.01375,0.011,0.01375,0.01375,0,0,0,0
26/12/2007,0.000772006311069133,0.1,24.3198935541034,15.7085626907465,260.472252371766,0,3.63792295200701,14.5516918080281,1.01060849718887,0,400,25,9.7011278720187,32.7413065680631,0.425519367237418,1.22336818080758,0.01375,0.011,0.01375,0.01375,0,0,0,0
27/12/2007,0.000464761108269956,0.1,24.4033467163048,6,259.17962358497,0,2.32117436892113,9.28469747568452,0.601145784495263,0,400,25,6.18979831712301,20.8905693202902,0.253114014524321,0.727702791757424,0.01375,0.011,0.01375,0.01375,0,0,0,0
28/12/2007,0.000311696469712412,0.1,24.484904351996,6,257.893528097937,0,2.76939881903083,11.0775952761233,0.747662163885959,0,400,25,7.38506351741553,24.9245893712774,0.314805121636193,0.905064724704056,0.01375,0.011,0.01375,0.01375,0,0,0,0
29/12/2007,0.000251807378344571,0.1,24.5645423183859,6,256.614346622224,0,3.05995914224364,12.2398365689745,0.842641022226491,0,400,25,8.15989104598303,27.5396322801927,0.354796219884838,1.02003913216891,0.01375,0.011,0.01375,0.01375,0,0,0,0
30/12/2007,0.000245519071496138,0.1,24.6422370409468,6,255.342457822691,0,3.09034522158787,12.3613808863515,0.85257367611966,0,400,25,8.24092059090098,27.8131069942908,0.35897838994512,1.03206287109222,0.01375,0.011,0.01375,0.01375,0,0,0,0
31/12/2007,0.000276886670425811,0.1,24.7179655203918,6,254.078238205414,0,2.90175565547196,11.6070226218878,0.790927194292523,0,400,25,7.73801508125855,26.1158008992476,0.33302197654422,0.957438182564633,0.01375,0.011,0.01375,0.01375,0,0,0,0
01/01/2008,0.000241760327884787,0.1,24.8051371179797,6,252.59041410873,0,3.09507732850716,12.3803093140286,0.854120515370697,0,400,25,8.25353954268577,27.8556959565645,0.359629690682399,1.0339353607119,0.01375,0.011,0.01375,0.01375,0,0,0,0
02/01/2008,0.000248210194003439,0.1,24.8764918925008,6,251.344251726306,0,3.04428105492187,12.1771242196875,0.837516142069699,0,400,25,8.11808281312499,27.3985294942968,0.352638375608294,1.01383532987385,0.01375,0.011,0.01375,0.01375,0,0,0,0
03/01/2008,0.000305146555504322,0.1,24.9458110794992,6,250.106942079986,0,2.74795655614528,10.9918262245811,0.740653080104017,0,400,25,7.32788414972074,24.7316090053075,0.311853928464849,0.896580044336441,0.01375,0.011,0.01375,0.01375,0,0,0,0
04/01/2008,0.00169586655667736,0.1,25.0130741590243,32.5362491796859,248.878851439682,0,6.79479388190413,27.1791755276165,2.01770004282665,0,400,25,18.1194503517443,61.1531449371371,0.849557912769115,2.44247899921121,0.01375,0.011,0.01375,0.01375,0,0,0,0
05/01/2008,0.0027043844296802,0.1,25.0782612197774,34.1857243817725,247.660343346284,0,6.72588474599571,26.9035389839828,1.98423342950335,0,400,25,17.9356926559886,60.5329627139614,0.835466707159305,2.401966783083,0.01375,0.011,0.01375,0.01375,0,0,0,0
06/01/2008,0.00228549394525731,0.1,25.1413529650052,34.1298858370677,246.451778504046,0,6.85964317610961,27.4385727044384,2.03128104390789,0,400,25,18.292381802959,61.7367885849865,0.855276229013849,2.45891915841482,0.01375,0.011,0.01375,0.01375,0,0,0,0
07/01/2008,0.00111820409561934,0.1,25.2023307182122,28.8371425601466,245.253514673805,0,5.9759817309841,23.9039269239364,1.74942942675539,0,400,25,15.9359512826243,53.7838355788569,0.736601863897005,2.11773035870389,0.01375,0.011,0.01375,0.01375,0,0,0,0
08/01/2008,0.000386116962438261,0.1,25.2611764286895,6,244.065906567085,0,2.44734269611682,9.78937078446729,0.64238790435278,0,400,25,6.52624718964486,22.0260842650514,0.270479117622223,0.777627463163891,0.01375,0.011,0.01375,0.01375,0,0,0,0
09/01/2008,0.00029502036827929,0.1,25.317872676858,6,242.889305741087,0,2.72731080680529,10.9092432272212,0.733904362040192,0,400,25,7.27282881814743,24.5457972612476,0.309012362964291,0.888410543522338,0.01375,0.011,0.01375,0.01375,0,0,0,0
10/01/2008,0.000244846785519305,0.1,25.3724026794253,6,241.724060494622,0,2.96612343003437,11.8644937201375,0.81196784318174,0,400,25,7.90966248009164,26.6951108703093,0.341881197129154,0.982908441746317,0.01375,0.011,0.01375,0.01375,0,0,0,0
11/01/2008,0.000160877711672255,0.1,25.4247502943533,6,240.570515765012,0,3.71385817338716,14.8554326935487,1.05638866251427,0,400,25,9.9036217956991,33.4247235604845,0.444795226321797,1.27878627567517,0.01375,0.011,0.01375,0.01375,0,0,0,0
12/01/2008,0.000222358643930587,0.1,25.4749000256372,6,239.429013025974,0,3.09149989480641,12.3659995792256,0.852951117687871,0,400,25,8.24399971948376,27.8234990532577,0.359137312710682,1.03251977404321,0.01375,0.011,0.01375,0.01375,0,0,0,0
13/01/2008,0.000831812113020407,0.1,25.5228370278924,29.3050735173429,238.299890186543,0,6.51864637225554,26.0745854890222,1.93519534248323,0,400,25,17.3830569926814,58.6678173502999,0.814819091571887,2.34260488826917,0.01375,0.011,0.01375,0.01375,0,0,0,0
14/01/2008,0.0152977999296906,0.1,25.5685471107489,37.657649135538,237.18348149104,0,7.40143581640764,29.6057432656306,2.20316635264056,0,400,25,19.7371621770871,66.6129223476688,0.927648990585499,2.66699084793331,0.01375,0.011,0.01375,0.01375,0,0,0,0
15/01/2008,0.0105777313189939,0.1,25.6120167430522,38.5167087207187,236.08011742013,0,7.0803816602618,28.3215266410472,2.08190011113374,0,400,25,18.8810177606981,63.7234349423562,0.876589520477364,2.52019487137242,0.01375,0.011,0.01375,0.01375,0,0,0,0
16/01/2008,0.000159002873385932,0.1,25.6532330568687,6,234.990124592991,0,3.63820997974548,14.5528399189819,1.03166065082924,0,400,25,9.70189327932128,32.7438898177093,0.434383431928103,1.2488523667933,0.01375,0.011,0.01375,0.01375,0,0,0,0
17/01/2008,0.0205856766502929,0.1,25.6921838512949,39.2439426801312,233.91382567063,0,7.6618454418316,30.6473817673264,2.28481860601062,0,400,25,20.4315878448843,68.9566089764844,0.962028886741315,2.76583304938128,0.01375,0.011,0.01375,0.01375,0,0,0,0
18/01/2008,0.0185530703767753,0.1,25.7288575960691,38.1864539607975,232.851539260369,0,7.04204951309578,28.1681980523831,2.08783293011997,0,400,25,18.7787987015887,63.378445617862,0.879087549524197,2.52737670488207,0.01375,0.011,0.01375,0.01375,0,0,0,0
19/01/2008,0.0292907673565231,0.1,25.7632434349846,36.3074386301305,231.803579821526,0,6.75810251681907,27.0324100672763,1.99252261062773,0,400,25,18.0216067115175,60.8229226513717,0.83895688868536,2.41200105497041,0.01375,0.011,0.01375,0.01375,0,0,0,0
20/01/2008,0.0346806345028509,0.1,25.7953311891033,35.9920781946666,230.770257572335,0,6.14269956528982,24.5707982611593,1.76846405895365,0,400,25,16.3805321741062,55.2842960876083,0.74461644587522,2.14077228189126,0.01375,0.011,0.01375,0.01375,0,0,0,0
21/01/2008,0.0129811023732712,0.1,25.8251113597692,31.1973321997879,229.751878398107,0,5.46952939904915,21.8781175961966,1.56577666851202,0,400,25,14.5854117307977,49.2257645914424,0.659274386741902,1.89541386188297,0.01375,0.011,0.01375,0.01375,0,0,0,0
22/01/2008,0.0050580057631525,0.1,25.8525751314198,17.1356548785189,228.74874376069,0,3.10862064222475,12.434482568899,0.833588823362515,0,400,25,8.28965504593266,27.9775857800227,0.350984767731585,1.00908120722831,0.01375,0.011,0.01375,0.01375,0,0,0,0
23/01/2008,0.00300461359917063,0.1,25.8777143741959,8.63955714318635,227.761150609223,0,1.53260560759284,6.13042243037134,0.33710786695703,0,400,25,4.08694828691423,13.7934504683355,0.141940154508223,0.408077944211142,0.01375,0.011,0.01375,0.01375,0,0,0,0
24/01/2008,0.00220459911254802,0.1,25.9005216463481,6,226.789391292236,0,1.05424299391125,4.216971975645,0.187009076965152,0,400,25,2.81131465043,9.48818694520125,0.0787406639853272,0.226379408957816,0.01375,0.011,0.01375,0.01375,0,0,0,0
25/01/2008,0.00196455189291493,0.1,25.9209901964399,6,225.833753471109,0,1.12493103818309,4.49972415273237,0.210115706490572,0,400,25,2.99981610182158,10.1243793436478,0.088469771153925,0.254350592067534,0.01375,0.011,0.01375,0.01375,0,0,0,0
26/01/2008,0.00151960763959367,0.1,25.9391139653462,6,224.894520034914,0,1.14344638232079,4.57378552928315,0.216168034036657,0,400,25,3.04919035285543,10.2910174408871,0.0910181195943818,0.261677093833848,0.01375,0.011,0.01375,0.01375,0,0,0,0
27/01/2008,0.00125990958031304,0.1,25.9548875880467,6,223.971969016682,0,1.19420107555873,4.77680430223492,0.232758815482178,0,400,25,3.18453620148995,10.7478096800286,0.0980037117819697,0.281760671373163,0.01375,0.011,0.01375,0.01375,0,0,0,0
28/01/2008,0.00102455596674701,0.1,25.9683063952143,6,223.066373511089,0,1.24578569951416,4.98314279805662,0.249620886108468,0,400,25,3.32209519870442,11.2120712956274,0.105103530993039,0.302172651604987,0.01375,0.011,0.01375,0.01375,0,0,0,0
29/01/2008,0.000915489101174331,0.1,25.9793664145975,6,222.178001593623,0,1.32481421376087,5.29925685504347,0.275453862808467,0,400,25,3.53283790336231,11.9233279238478,0.115980573814092,0.333444149715513,0.01375,0.011,0.01375,0.01375,0,0,0,0
30/01/2008,0.000776094648092104,0.1,25.9880643721958,6,221.307116241223,0,1.39556809704488,5.58227238817954,0.298582013903458,0,400,25,3.72151492545302,12.560112873404,0.125718742696193,0.361441385251555,0.01375,0.011,0.01375,0.01375,0,0,0,0
31/01/2008,0.000662144606924653,0.1,25.9943976932292,6,220.453975254433,0,1.4727659365444,5.89106374617758,0.323816576492546,0,400,25,3.92737583078506,13.2548934288996,0.136343821681072,0.391988487333082,0.01375,0.011,0.01375,0.01375,0,0,0,0
01/02/2008,0.0264177916506174,0.1,25.9983645029001,38.9669160122955,219.618831181091,0,7.58810752249009,30.3524300899604,2.26100181166263,0,400,25,20.2349533933069,68.2929677024108,0.952000762805318,2.73700219306529,0.01375,0.011,0.01375,0.01375,0,0,0,0
02/02/2008,0.0209262991374826,0.1,25.9999636269489,38.78555644337,218.801931241564,0,7.06919192806524,28.276767712261,2.07703893254891,0,400,25,18.8511784748407,63.6227273525872,0.874542708441647,2.51431028676973,0.01375,0.011,0.01375,0.01375,0,0,0,0
03/02/2008,0.00229017331805286,0.1,25.9991945920008,29.8156838471729,218.00351725557,0,5.96418226883034,23.8567290753213,1.74797540490513,0,400,25,15.9044860502142,53.677640419473,0.735989644170581,2.11597022699042,0.01375,0.011,0.01375,0.01375,0,0,0,0
04/02/2008,0.0267543791432687,0.1,25.9960576257065,36.9953422818238,217.22382557059,0,6.72608554213267,26.9043421685307,1.97410928047379,0,400,25,17.9362281123538,60.5347698791941,0.831203907567912,2.38971123425775,0.01375,0.011,0.01375,0.01375,0,0,0,0
05/02/2008,0.70795011045255,0.1,25.9905536566747,38.5155265878363,216.463086991908,0,4.49378872480972,17.9751548992389,1.17922151874336,0,400,25,11.9834365994926,40.4440985232875,0.496514323681415,1.42747868058407,0.01375,0.011,0.01375,0.01375,0,0,0,0
06/02/2008,1.10424986572303,0.1,25.9826843141968,38.4322094037765,215.721526714289,0,3.87581497495952,15.5032598998381,0.957678727679277,0,400,25,10.335506599892,34.8823347746356,0.403233148496538,1.15929530192755,0.01375,0.011,0.01375,0.01375,0,0,0,0
07/02/2008,0.143417142122924,0.1,25.9724519277653,29.2811989035188,214.999364255309,0,4.48322613755864,17.9329045502346,1.18560257598365,0,400,25,11.9552697001564,40.3490352380278,0.499201084624693,1.43520311829599,0.01375,0.011,0.01375,0.01375,0,0,0,0
08/02/2008,0.321184211924852,0.1,25.9598595263838,34.2633967125751,214.296813390382,0,4.67464762604228,18.6985905041691,1.27546310376064,0,400,25,12.4657270027794,42.0718286343805,0.53703709632027,1.54398165192078,0.01375,0.011,0.01375,0.01375,0,0,0,0
09/02/2008,0.387623872169047,0.1,25.9449108376702,34.8911974676116,213.614082089472,0,4.44579991319639,17.7831996527856,1.1926087736622,0,400,25,11.8554664351904,40.0121992187675,0.502151062594609,1.4436843049595,0.01375,0.011,0.01375,0.01375,0,0,0,0
10/02/2008,0.21923685591051,0.1,25.9276102867536,32.0819713808577,212.951372455532,0,4.08223312957222,16.3289325182889,1.05333725671122,0,400,25,10.8859550121926,36.74009816615,0.443510423878407,1.27509246865042,0.01375,0.011,0.01375,0.01375,0,0,0,0
11/02/2008,0.0541407855994484,0.1,25.9079629949642,17.3158034663628,212.308880664676,0,2.88792828183664,11.5517131273466,0.59164057143036,0,400,25,7.7011420848977,25.9913545365297,0.249111819549625,0.716196481205173,0.01375,0.011,0.01375,0.01375,0,0,0,0
12/02/2008,0.0358814230186126,0.1,25.8859747783173,10.1387857016045,211.686796908109,0,2.86653249537381,11.4661299814952,0.586834061538132,0,400,25,7.64408665433017,25.7987924583643,0.247088025910793,0.710378074493529,0.01375,0.011,0.01375,0.01375,0,0,0,0
13/02/2008,0.0291557208282761,0.1,25.8616521457917,7.39269827323014,211.085305335824,0,2.89589805360734,11.5835922144294,0.590577878889958,0,400,25,7.72239480961958,26.0630824824661,0.24866437005893,0.714910063919423,0.01375,0.011,0.01375,0.01375,0,0,0,0
14/02/2008,0.0191524992110811,0.1,25.8350022974027,6.54071668490708,210.50458400209,0,2.7920013630008,11.1680054520032,0.592989240245928,0,400,25,7.44533696800213,25.1280122670072,0.249679680103549,0.717829080297702,0.01375,0.011,0.01375,0.01375,0,0,0,0
15/02/2008,0.0149449256008159,0.1,25.8060331220709,6.16148667935218,209.944804812745,0,2.7753641116159,11.1014564464636,0.600809220883752,0,400,25,7.40097096430908,24.9782770045431,0.252972303530001,0.727295372648752,0.01375,0.011,0.01375,0.01375,0,0,0,0
16/02/2008,0.00953560089432155,0.1,25.774753195287,6.05165007879121,209.406133474307,0,2.6094022115423,10.4376088461692,0.610665462223942,0,400,25,6.95840589744614,23.4846199038807,0.257122299883765,0.739226612165825,0.01375,0.011,0.01375,0.01375,0,0,0,0
17/02/2008,0.0111475994678777,0.1,25.7411717765731,6.00771786193788,208.888729444924,0,2.85178276104432,11.4071310441773,0.619477372095093,0,400,25,7.60475402945151,25.6660448493989,0.26083257772425,0.749893660957217,0.01375,0.011,0.01375,0.01375,0,0,0,0
18/02/2008,0.00828290214514605,0.1,25.7052988067417,6.00149556091367,208.392745887169,0,2.79827523645602,11.1931009458241,0.631815666473942,0,400,25,7.46206729721605,25.1844771281042,0.26602764904166,0.764829490994772,0.01375,0.011,0.01375,0.01375,0,0,0,0
19/02/2008,0.00640027293621723,0.1,25.6671449049533,6.00022103130415,207.918329622699,0,2.76128939292691,11.0451575717077,0.646371033611413,0,400,25,7.36343838113844,24.8516045363422,0.27215622467849,0.782449145950659,0.01375,0.011,0.01375,0.01375,0,0,0,0
20/02/2008,0.00391878223413751,0.1,25.6267213655722,6,207.465621088795,0,2.57420299515501,10.29681198062,0.68385621715666,0,400,25,6.86454132041336,23.1678269563951,0.287939459855436,0.827825947084378,0.01375,0.011,0.01375,0.01375,0,0,0,0
21/02/2008,0.00447914276196427,0.1,25.5840401548241,11.7423249096004,207.034754296791,0,3.51265550398378,14.0506220159351,0.965091176435039,0,400,25,9.36708134395674,31.613899535854,0.406354179551595,1.16826826621084,0.01375,0.011,0.01375,0.01375,0,0,0,0
22/02/2008,0.00839602189970834,0.1,25.5391139072529,27.5313091970161,206.625856792401,0,5.8957932879198,23.5831731516792,1.72883886336533,0,400,25,15.7221154344528,53.0621395912782,0.727932152995928,2.09280493986329,0.01375,0.011,0.01375,0.01375,0,0,0,0
23/02/2008,0.00640746004310356,0.1,25.4919559219814,25.4344420407485,206.239049617962,0,5.36915811950772,21.4766324780309,1.55353003673159,0,400,25,14.3177549853539,48.3224230755695,0.654117910202773,1.88058899183297,0.01375,0.011,0.01375,0.01375,0,0,0,0
24/02/2008,0.00236168288712925,0.1,25.4425801587739,6,205.874447276606,0,2.81493433529425,11.259737341177,0.762546891782821,0,400,25,7.50649156078467,25.3344090176483,0.321072375487504,0.923083079526573,0.01375,0.011,0.01375,0.01375,0,0,0,0
25/02/2008,0.00225924112576917,0.1,25.391001233904,6,205.532157698364,0,2.78982362914437,11.1592945165775,0.754338660955334,0,400,25,7.43952967771833,25.1084126622994,0.317616278296983,0.913146800103826,0.01375,0.011,0.01375,0.01375,0,0,0,0
26/02/2008,0.00201797538734141,0.1,25.3372344158281,6,205.212282208215,0,2.86093531346777,11.4437412538711,0.777583770669647,0,400,25,7.62916083591404,25.7484178212099,0.327403692913536,0.941285617126415,0.01375,0.011,0.01375,0.01375,0,0,0,0
27/02/2008,0.0183268861397202,0.1,25.2812956206654,36.2329003408853,204.91491549609,0,7.23498507533898,28.9399403013559,2.15101127525762,0,400,25,19.2932935342373,65.1148656780508,0.905688958003207,2.60385575425922,0.01375,0.011,0.01375,0.01375,0,0,0,0
28/02/2008,0.0197719657738434,0.1,25.2232014074861,36.3052057425453,204.640145588848,0,6.91988598251549,27.679543930062,2.03735321404612,0,400,25,18.453029286708,62.2789738426395,0.857832932229946,2.46626968016109,0.01375,0.011,0.01375,0.01375,0,0,0,0
29/02/2008,0.0180309591460064,0.1,25.1629689734102,36.6024471790185,204.388053824211,0,7.03445390081958,28.1378156032783,2.07687807813365,0,400,25,18.7585437355189,63.3100851073762,0.874474980266801,2.51411556826705,0.01375,0.011,0.01375,0.01375,0,0,0,0
01/03/2008,0.0122887782623456,0.1,25.1006161485163,35.2493085586363,204.158714826692,0,6.27366970175668,25.0946788070267,1.81344794672899,0,400,25,16.7297858713511,56.4630273158101,0.763557030201679,2.19522646182983,0.01375,0.011,0.01375,0.01375,0,0,0,0
02/03/2008,0.00201154455358253,0.1,25.0361613905638,6,203.952196485501,0,2.42826845044167,9.7130738017667,0.636152882110581,0,400,25,6.47538253451113,21.8544160539751,0.267853845099192,0.770079804660177,0.01375,0.011,0.01375,0.01375,0,0,0,0
03/03/2008,0.00180675149496814,0.1,24.9696237795288,6,203.768559934448,0,2.52562375587904,10.1024950235162,0.667976551844947,0,400,25,6.73499668234412,22.7306138029114,0.281253284987346,0.80860319433862,0.01375,0.011,0.01375,0.01375,0,0,0,0
04/03/2008,0.00165953033528692,0.1,24.9010230119562,6,203.60785953385,0,2.60614538395707,10.4245815358283,0.694297600162927,0,400,25,6.94972102388553,23.4553084556137,0.292335831647548,0.8404655159867,0.01375,0.011,0.01375,0.01375,0,0,0,0
05/03/2008,0.00158511219733828,0.1,24.8303793951287,6,203.470142854435,0,2.64593444009108,10.5837377603643,0.707303915286302,0,400,25,7.05582517357622,23.8134099608197,0.29781217485739,0.856210002714997,0.01375,0.011,0.01375,0.01375,0,0,0,0
06/03/2008,0.00144266389699766,0.1,24.7577138410562,6,203.355450663264,0,2.74438865936018,10.9775546374407,0.739486799864587,0,400,25,7.31836975829381,24.6994979342416,0.311362863100879,0.895168231415027,0.01375,0.011,0.01375,0.01375,0,0,0,0
07/03/2008,0.00168467844189116,0.1,24.6830478602847,12.222429787836,203.263816911658,0,3.73149377269023,14.9259750907609,1.05092677169946,0,400,25,9.95065006050727,33.583443954212,0.442495482820825,1.27217451310987,0.01375,0.011,0.01375,0.01375,0,0,0,0
08/03/2008,0.0092790304657234,0.1,24.6064035555288,34.6217766229812,203.195268725153,0,6.98792591337357,27.9517036534943,2.07330305491753,0,400,25,18.6344691023295,62.8913332203621,0.872969707333697,2.50978790858438,0.01375,0.011,0.01375,0.01375,0,0,0,0
09/03/2008,0.00734997523144441,0.1,24.5278036151292,33.3578650823249,203.149826395466,0,6.41769076065719,25.6707630426288,1.87755972985111,0,400,25,17.1138420284192,57.7592168459148,0.790551465200466,2.27283546245134,0.01375,0.011,0.01375,0.01375,0,0,0,0
10/03/2008,0.00122233968184016,0.1,24.4472713063363,6,203.127503374491,0,2.89749003552409,11.5899601420963,0.789532841105262,0,400,25,7.7266400947309,26.0774103197168,0.332434880465374,0.955750281337949,0.01375,0.011,0.01375,0.01375,0,0,0,0
11/03/2008,0.00118602154327703,0.1,24.3648304684224,6,203.128306270316,0,2.92230867610262,11.6892347044105,0.797645601036309,0,400,25,7.79282313627365,26.3007780849236,0.335850779383709,0.965570990728163,0.01375,0.011,0.01375,0.01375,0,0,0,0
12/03/2008,0.00115508557519029,0.1,24.2805055056248,6,203.152234845267,0,2.94233659497097,11.7693463798839,0.80419236161263,0,400,25,7.84623091992259,26.4810293547387,0.338607310152686,0.973496016688973,0.01375,0.011,0.01375,0.01375,0,0,0,0
13/03/2008,0.00109034309622756,0.1,24.1943213799221,6,203.199282015978,0,3.04413290917773,12.1765316367109,0.837467715933979,0,400,25,8.11768775780727,27.3971961825995,0.352617985656412,1.01377670876218,0.01375,0.011,0.01375,0.01375,0,0,0,0
14/03/2008,0.00105563428149701,0.1,24.1063036036443,6,203.269433855488,0,3.07307234778626,12.292289391145,0.846927489414618,0,400,25,8.19485959409669,27.6576511300763,0.356601048174576,1.02522801350191,0.01375,0.011,0.01375,0.01375,0,0,0,0
15/03/2008,0.00104244166343601,0.1,24.016478231921,6,203.362669597364,0,3.07278598409554,12.2911439363822,0.846833882358727,0,400,25,8.19409595758811,27.6550738568599,0.356561634677359,1.02511469969741,0.01375,0.011,0.01375,0.01375,0,0,0,0
16/03/2008,0.00104280371525763,0.1,23.9248718549683,6,203.478961641847,0,3.0533826660551,12.2135306642204,0.840491292375614,0,400,25,8.14235377614693,27.4804439944959,0.353891070473943,1.01743682761259,0.01375,0.011,0.01375,0.01375,0,0,0,0
17/03/2008,0.00105701946029168,0.1,23.8315115902177,6,203.618275564026,0,3.01473596982146,12.0589438792858,0.827858393821822,0,400,25,8.03929591952389,27.1326237283931,0.348571955293399,1.00214437146852,0.01375,0.011,0.01375,0.01375,0,0,0,0
18/03/2008,0.00100030144893935,0.1,23.7364250742888,6,203.780570124022,0,3.08330163496959,12.3332065398784,0.850271256407878,0,400,25,8.22213769325224,27.7497147147263,0.358008950066475,1.02927573144112,0.01375,0.011,0.01375,0.01375,0,0,0,0
19/03/2008,0.00104071090734601,0.1,23.6396404548081,6,203.965797279202,0,3.0057626427131,12.0230505708524,0.824925177218661,0,400,25,8.01536704723494,27.0518637844179,0.347336916723647,0.998593635580484,0.01375,0.011,0.01375,0.01375,0,0,0,0
20/03/2008,0.000964044189173912,0.1,23.5411863820767,6,204.173902198397,0,3.10938910610401,12.4375564244161,0.858798773853969,0,400,25,8.29170428294404,27.9845019549361,0.361599483727987,1.03959851571796,0.01375,0.011,0.01375,0.01375,0,0,0,0
21/03/2008,0.00230076206459369,0.1,23.4410920005895,23.4735329254901,204.404823278136,0,5.4158096702147,21.6632386808588,1.58044183045123,0,400,25,14.4421591205725,48.7422870319323,0.665449191768939,1.9131664263357,0.01375,0.011,0.01375,0.01375,0,0,0,0
22/03/2008,0.00714290910108417,0.1,23.3393869404073,34.6463647430091,204.658492160877,0,6.9592982460835,27.837192984334,2.06219460862204,0,400,25,18.5581286562227,62.6336842147515,0.868292466788227,2.49634084201615,0.01375,0.011,0.01375,0.01375,0,0,0,0
23/03/2008,0.00575153217581182,0.1,23.2361013083863,33.3766686797425,204.93483375525,0,6.495959457265,25.98383782906,1.90462486291381,0,400,25,17.3225585527067,58.463635115385,0.801947310700552,2.30559851826409,0.01375,0.011,0.01375,0.01375,0,0,0,0
24/03/2008,0.0014971362123567,0.1,23.1312656792653,16.9218982372117,205.233766258277,0,4.4129108043371,17.6516432173484,1.26110502710502,0,400,25,11.7677621448989,39.7161972390339,0.53099159036001,1.52660082228503,0.01375,0.011,0.01375,0.01375,0,0,0,0
25/03/2008,0.00812469659379323,0.1,23.0249110866152,35.4315518947438,205.555201179595,0,7.13850477515405,28.5540191006162,2.12130720334045,0,400,25,19.0360127337441,64.2465429763864,0.893181980353875,2.56789819351739,0.01375,0.011,0.01375,0.01375,0,0,0,0
26/03/2008,0.0158352726420581,0.1,22.9170690136522,37.6508548537847,205.899043367646,0,7.28155644860848,29.1262257944339,2.15851842053621,0,400,25,19.4174838629559,65.5340080374763,0.908849861278405,2.61294335117541,0.01375,0.011,0.01375,0.01375,0,0,0,0
27/03/2008,0.00829224350781321,0.1,22.8077713839186,35.5512695334355,206.265191037846,0,6.72301181545839,26.8920472618336,1.97211133906661,0,400,25,17.928031507889,60.5071063391255,0.830362669080678,2.38729267360695,0.01375,0.011,0.01375,0.01375,0,0,0,0
28/03/2008,0.00390418124865043,0.1,22.6970505518319,31.1007457883488,206.653535802714,0,6.55280129284129,26.2112051713652,1.93865482795297,0,400,25,17.4741367809101,58.9752116355716,0.81627571703283,2.34679268646938,0.01375,0.011,0.01375,0.01375,0,0,0,0
29/03/2008,0.00898642760657526,0.1,22.5849392931081,35.9685647711697,207.063962703959,0,7.08630980181363,28.3452392072545,2.09935238516632,0,400,25,18.8968261381697,63.7767882163227,0.883937846385818,2.54132130835923,0.01375,0.011,0.01375,0.01375,0,0,0,0
30/03/2008,0.0080724737221237,0.1,22.4714707950588,35.6435047870416,207.496350246509,0,6.93361621335683,27.7344648534273,2.04668159501063,0,400,25,18.4896432356182,62.4025459202115,0.861760671583423,2.47756193080234,0.01375,0.011,0.01375,0.01375,0,0,0,0
31/03/2008,0.00304474055613172,0.1,22.3566786467673,28.892788262545,207.950570434476,0,5.93617218308428,23.7446887323371,1.73211281862765,0,400,25,15.8297924882248,53.4255496477585,0.729310660474801,2.09676814886505,0.01375,0.011,0.01375,0.01375,0,0,0,0
01/04/2008,0.000933996917077218,0.1,22.2405968291455,6,208.426488809045,0,2.97378820932169,11.8951528372867,0.814473319421897,0,400,25,7.9301018915245,26.7640938838952,0.34293613449343,0.985941386668612,0.01375,0.011,0.01375,0.01375,0,0,0,0
02/04/2008,0.000829600433275823,0.1,22.1232597048746,6,208.923964488279,0,3.14394066171851,12.575762646874,0.870093045796771,0,400,25,8.38384176458268,28.2954659554666,0.366354966651272,1.05327052912241,0.01375,0.011,0.01375,0.01375,0,0,0,0
03/04/2008,0.000828165205123768,0.1,22.0047020082334,6,209.442850208819,0,3.13288058091333,12.5315223236533,0.866477707555077,0,400,25,8.35434821576887,28.1959252282199,0.364832718970559,1.04889406704036,0.01375,0.011,0.01375,0.01375,0,0,0,0
04/04/2008,0.000919055788927244,0.1,21.8849588348159,6,209.982992369482,0,2.95880440520135,11.8352176208054,0.809575387752454,0,400,25,7.89014508053694,26.6292396468122,0.340873847474717,0.980012311489812,0.01375,0.011,0.01375,0.01375,0,0,0,0
05/04/2008,0.000902292271268916,0.1,21.7640656311426,6,210.544231076725,0,2.9726252824472,11.8905011297888,0.81409317988443,0,400,25,7.92700075319254,26.7536275420248,0.342776075740813,0.985481217754837,0.01375,0.011,0.01375,0.01375,0,0,0,0
06/04/2008,0.000931676279236329,0.1,21.642058184167,6,211.126400191981,0,2.91339142592098,11.6535657036839,0.794730714955428,0,400,25,7.76904380245594,26.2205228332888,0.334623458928601,0.962042444419729,0.01375,0.011,0.01375,0.01375,0,0,0,0
07/04/2008,0.00363941048347999,0.1,21.5189726106826,31.0433494235292,211.72932738084,0,6.52296029596939,26.0918411838776,1.92871127470801,0,400,25,17.3945607892517,58.7066426637245,0.812088957771796,2.33475575359391,0.01375,0.011,0.01375,0.01375,0,0,0,0
08/04/2008,0.00405213617927954,0.1,21.3948453466311,31.8123998163832,212.352834164057,0,6.36035166951117,25.4414066780447,1.86611144158977,0,400,25,16.9609377853631,57.2431650256005,0.785731133300955,2.25897700824024,0.01375,0.011,0.01375,0.01375,0,0,0,0
09/04/2008,0.00453775809055945,0.1,21.2697131363166,32.7342064143576,212.996735970394,0,6.66157514487342,26.6463005794937,1.9679850142263,0,400,25,17.7642003863291,59.9541763038607,0.828625269147918,2.38229764880026,0.01375,0.011,0.01375,0.01375,0,0,0,0
10/04/2008,0.00520837627699242,0.1,21.1436130215288,33.7114714775176,213.660842191253,0,6.68221435972422,26.7288574388969,1.96920840324686,0,400,25,17.8192382925979,60.139929237518,0.829140380314466,2.38377859340409,0.01375,0.011,0.01375,0.01375,0,0,0,0
11/04/2008,0.00248843994170118,0.1,21.0165823305776,27.4092919478579,214.3449562371,0,5.7153518715462,22.8614074861848,1.66284741789993,0,400,25,15.2409383241232,51.4381668439158,0.700146281221023,2.01292055851044,0.01375,0.011,0.01375,0.01375,0,0,0,0
12/04/2008,0.000903621860105377,0.1,20.8886586672431,6,215.04887559566,0,2.87898895025583,11.5159558010233,0.783485174522949,0,400,25,7.67730386734887,25.9109005523025,0.329888494535979,0.948429421790939,0.01375,0.011,0.01375,0.01375,0,0,0,0
13/04/2008,0.000875806903005172,0.1,20.7598798996444,6,215.772391891864,0,2.90956689080792,11.6382675632317,0.793480544337826,0,400,25,7.75884504215445,26.1861020172713,0.334097071300137,0.960529079987895,0.01375,0.011,0.01375,0.01375,0,0,0,0
14/04/2008,0.00852768825057749,0.1,20.6302841490292,36.2465112778345,216.515290949537,0,7.24672806124733,28.9869122449893,2.15504473594516,0,400,25,19.3246081633262,65.220552551226,0.907387257240068,2.60873836456519,0.01375,0.011,0.01375,0.01375,0,0,0,0
15/04/2008,0.00689325345190697,0.1,20.49990977849,35.3465456026569,217.277352854791,0,6.68285719397738,26.7314287759095,1.95925439590324,0,400,25,17.820952517273,60.1457147457964,0.82494921932768,2.37172900556708,0.01375,0.011,0.01375,0.01375,0,0,0,0
16/04/2008,0.000872434009460589,0.1,20.3687953816071,6,218.058352021133,0,2.8756968431748,11.5027873726992,0.782409044896464,0,400,25,7.66852491513281,25.8812715885732,0.329435387324827,0.947126738558878,0.01375,0.011,0.01375,0.01375,0,0,0,0
17/04/2008,0.00173618394752839,0.1,20.2369797710241,22.6877690278327,218.858057256235,0,5.30050711217041,21.2020284486816,1.54446939613422,0,400,25,14.1346856324544,47.7045640095337,0.650302903635462,1.86962084795195,0.01375,0.011,0.01375,0.01375,0,0,0,0
18/04/2008,0.00360404251591385,0.1,20.104501966959,31.5659265573759,219.676231830379,0,6.49581154815067,25.9832461926027,1.91608890442791,0,400,25,17.3221641284018,58.4623039333561,0.806774275548592,2.3194760422022,0.01375,0.011,0.01375,0.01375,0,0,0,0
19/04/2008,0.00420418975404797,0.1,19.9714011856532,32.7871312360407,220.512633546526,0,6.57884369934633,26.3153747973853,1.93812772558902,0,400,25,17.5435831982569,59.209593294117,0.816053779195375,2.3461546151867,0.01375,0.011,0.01375,0.01375,0,0,0,0
20/04/2008,0.00448581541903381,0.1,19.8377168277622,33.2881767299483,221.367014812022,0,6.68928817333427,26.7571526933371,1.97445047301999,0,400,25,17.8381017955581,60.2035935600084,0.831347567587365,2.39012425681368,0.01375,0.011,0.01375,0.01375,0,0,0,0
21/04/2008,0.00605292507165998,0.1,19.703488466693,34.921011246485,222.239122711881,0,6.89754746874293,27.5901898749717,2.0387903500996,0,400,25,18.3934599166478,62.0779272186864,0.8584380421472,2.4680093711732,0.01375,0.011,0.01375,0.01375,0,0,0,0
22/04/2008,0.0051427485109566,0.1,19.5687558368887,34.0952768741637,223.128699083657,0,6.67759576571752,26.7103830628701,1.96539688875317,0,400,25,17.8069220419134,60.0983618914576,0.8275355321066,2.37916465480647,0.01375,0.011,0.01375,0.01375,0,0,0,0
23/04/2008,0.0037760251207473,0.1,19.4335588220669,32.0314821487877,224.035480593869,0,6.45991837157236,25.8396734862894,1.90072951991236,0,400,25,17.2264489908596,58.1392653441512,0.800307166278887,2.3008831030518,0.01375,0.011,0.01375,0.01375,0,0,0,0
24/04/2008,0.00345084003601715,0.1,19.2979374434129,31.3109505548907,224.959198815945,0,6.33314905984542,25.3325962393817,1.86007481963198,0,400,25,16.8883974929211,56.9983415386088,0.783189397739783,2.25166951850188,0.01375,0.011,0.01375,0.01375,0,0,0,0
25/04/2008,0.00469217794430818,0.1,19.1619318477328,33.6998619321836,225.899580309692,0,6.76865400768827,27.0746160307531,2.00046309342464,0,400,25,18.0497440205021,60.9178860691944,0.842300249863006,2.42161321835614,0.01375,0.011,0.01375,0.01375,0,0,0,0
26/04/2008,0.00351775631050469,0.1,19.025582295569,31.9447096740203,226.856346702231,0,6.37094696199446,25.4837878479778,1.86909176117001,0,400,25,16.9891918986519,57.3385226579501,0.786986004703164,2.2625847635216,0.01375,0.011,0.01375,0.01375,0,0,0,0
27/04/2008,0.00114028622248262,0.1,18.8889291492823,17.6169551600692,227.829214770406,0,4.51639321203179,18.0655728481272,1.29408401897765,0,400,25,12.0437152320848,40.6475389082861,0.544877481674799,1.56652275981505,0.01375,0.011,0.01375,0.01375,0,0,0,0
28/04/2008,0.000790746489668093,0.1,18.7520128611039,6,228.817896524626,0,2.85381659371141,11.4152663748456,0.77525679130843,0,400,25,7.61017758323043,25.6843493434027,0.326423912129865,0.938468747373363,0.01375,0.011,0.01375,0.01375,0,0,0,0
29/04/2008,0.000784837171547072,0.1,18.6148739611606,6,229.82209929411,0,2.85111018142272,11.4044407256909,0.77437211460331,0,400,25,7.60296048379392,25.6599916328045,0.326051416675078,0.937397822940849,0.01375,0.011,0.01375,0.01375,0,0,0,0
30/04/2008,0.000787264565345025,0.1,18.4775530454767,6,230.84152581353,0,2.83425013387896,11.3370005355159,0.768860873255673,0,400,25,7.55800035701057,25.5082512049107,0.323730894002389,0.930726320256868,0.01375,0.011,0.01375,0.01375,0,0,0,0
01/05/2008,0.00081069926422898,0.1,18.3400907639575,6,231.875874311002,0,2.78340419808181,11.1336167923272,0.75224026628542,0,400,25,7.42241119488482,25.0506377827363,0.316732743699124,0.910606638134982,0.01375,0.011,0.01375,0.01375,0,0,0,0
02/05/2008,0.000763367692553831,0.1,18.2025278083553,6,232.924838597422,0,2.84988325936481,11.3995330374592,0.773971056210185,0,400,25,7.59968869163948,25.6489493342833,0.325882549983236,0.936912331201803,0.01375,0.011,0.01375,0.01375,0,0,0,0
03/05/2008,0.000744809021789005,0.1,18.0649049002241,6,233.988108157101,0,2.87065609076279,11.4826243630511,0.780761315075761,0,400,25,7.65508290870076,25.8359048168651,0.328741606347689,0.945132118249606,0.01375,0.011,0.01375,0.01375,0,0,0,0
04/05/2008,0.000759582762252164,0.1,17.927262778865,6,235.065368239687,0,2.8316092754345,11.326437101738,0.767997624903936,0,400,25,7.55095806782534,25.4844834789105,0.323367421012183,0.929681335410027,0.01375,0.011,0.01375,0.01375,0,0,0,0
05/05/2008,0.00075369436335017,0.1,17.789642189267,6,236.156299953336,0,2.82948663195573,11.3179465278229,0.767303771551735,0,400,25,7.54529768521528,25.4653796876016,0.323075272232309,0.92884140766789,0.01375,0.011,0.01375,0.01375,0,0,0,0
06/05/2008,0.000752011322331396,0.1,17.6520838700448,6,237.260580359109,0,2.82003365392591,11.2801346157037,0.76421376583016,0,400,25,7.52008974380244,25.3803028853332,0.321774217191646,0.925100874425983,0.01375,0.011,0.01375,0.01375,0,0,0,0
07/05/2008,0.000742021689054628,0.1,17.5146285413801,6,238.377882566574,0,2.82531748420146,11.3012699368058,0.765940953361092,0,400,25,7.53417995787057,25.4278573578132,0.322501454046776,0.92719168038448,0.01375,0.011,0.01375,0.01375,0,0,0,0
08/05/2008,0.000736187829662347,0.1,17.3773168929669,6,239.507875830567,0,2.82340251442221,11.2936100576888,0.765314984745078,0,400,25,7.52907337179255,25.4106226297999,0.322237888313717,0.926433928901936,0.01375,0.011,0.01375,0.01375,0,0,0,0
09/05/2008,0.00073876543314181,0.1,17.2401895719671,6,240.650225649104,0,2.80651013270031,11.2260405308012,0.75979317394566,0,400,25,7.48402702053415,25.2585911943027,0.319912915345541,0.919749631618431,0.01375,0.011,0.01375,0.01375,0,0,0,0
10/05/2008,0.000745685048796629,0.1,17.1032871709775,6,241.804593862396,0,2.78222903362087,11.1289161344835,0.751856126504641,0,400,25,7.41927742298899,25.0400613025878,0.316571000633533,0.910141626821408,0.01375,0.011,0.01375,0.01375,0,0,0,0
11/05/2008,0.000752816603981577,0.1,16.966650216014,6,242.970638752956,0,2.75800213901135,11.0320085560454,0.743936797514002,0,400,25,7.35467237069694,24.8220192511022,0.313236546321685,0.900555070674845,0.01375,0.011,0.01375,0.01375,0,0,0,0
12/05/2008,0.000718220188587948,0.1,16.8303191545148,6,244.148015146753,0,2.80604435660153,11.2241774264061,0.759640920253158,0,400,25,7.48278495093742,25.2543992094138,0.319848808527645,0.91956532451698,0.01375,0.011,0.01375,0.01375,0,0,0,0
13/05/2008,0.000746152421384207,0.1,16.6943343433671,6,245.33637451539,0,2.7453239821324,10.9812959285296,0.739792539781529,0,400,25,7.32086395235308,24.7079158391916,0.311491595697486,0.895538337630272,0.01375,0.011,0.01375,0.01375,0,0,0,0
14/05/2008,0.000715878897544701,0.1,16.5587360369606,6,246.535365079275,0,2.78555429971419,11.1422171988568,0.752943095206113,0,400,25,7.42814479923784,25.0699886974277,0.317028671665732,0.911457431038978,0.01375,0.011,0.01375,0.01375,0,0,0,0
15/05/2008,0.000710447109371892,0.1,16.4235643752715,6,247.744631911759,0,2.78320357714266,11.1328143085706,0.752174686967678,0,400,25,7.42187620571377,25.048832194284,0.316705131354812,0.910527252645084,0.01375,0.011,0.01375,0.01375,0,0,0,0
16/05/2008,0.00168031598952746,0.1,16.2888593719801,25.3972575678631,248.963817044198,0,5.65956205452374,22.638248218095,1.65690742362252,0,400,25,15.09216547873,50.9360584907137,0.697645230998957,2.005730039122,0.01375,0.011,0.01375,0.01375,0,0,0,0
17/05/2008,0.00142838502643692,0.1,16.1546609026259,23.3836224076229,250.192559571921,0,5.16148652381014,20.6459460952405,1.49127256962438,0,400,25,13.7639640634937,46.4533787142912,0.627904239841846,1.80522468954531,0.01375,0.011,0.01375,0.01375,0,0,0,0
18/05/2008,0.00121921987807159,0.1,16.0210086928035,20.6799632292847,251.430495761065,0,4.98204944578344,19.9281977831337,1.44425822333157,0,400,25,13.2854651887558,44.8384450120509,0.608108725613291,1.74831258613821,0.01375,0.011,0.01375,0.01375,0,0,0,0
19/05/2008,0.00111030252923134,0.1,15.8879423064033,18.5290001200285,252.677259156249,0,4.46776434995782,17.8710573998313,1.2748511170603,0,400,25,11.9140382665542,40.2098791496204,0.536779417709598,1.54324082591509,0.01375,0.011,0.01375,0.01375,0,0,0,0
20/05/2008,0.000699660119712314,0.1,15.7555011338993,6,253.932480689051,0,2.74364607728176,10.9745843091271,0.739244063357234,0,400,25,7.31638953941804,24.6928146955359,0.311260658255677,0.894874392485073,0.01375,0.011,0.01375,0.01375,0,0,0,0
21/05/2008,0.000669589051841979,0.1,15.623724380689,6,255.19578878726,0,2.78707074652257,11.1482829860903,0.753438793947777,0,400,25,7.43218865739352,25.0836367187031,0.31723738692538,0.912057487410467,0.01375,0.011,0.01375,0.01375,0,0,0,0
22/05/2008,0.00066435991681858,0.1,15.4926510554879,6,256.466809484872,0,2.78503929840675,11.140157193627,0.752774750692712,0,400,25,7.42677146241799,25.0653536856607,0.316957789765352,0.911253645575388,0.01375,0.011,0.01375,0.01375,0,0,0,0
23/05/2008,0.000675929142892271,0.1,15.3623199587815,6,257.745166532788,0,2.75115026192229,11.0046010476892,0.741697044142956,0,400,25,7.33640069845945,24.7603523573007,0.312293492270718,0.897843790278315,0.01375,0.011,0.01375,0.01375,0,0,0,0
24/05/2008,0.000658426284093335,0.1,15.2327696713403,6,259.030481510195,0,2.77217897297305,11.0887158918922,0.748570945389654,0,400,25,7.39247726126147,24.9496107567575,0.315187766479854,0.906164828629582,0.01375,0.011,0.01375,0.01375,0,0,0,0
25/05/2008,0.000695264243145903,0.1,15.1040385427983,6,260.322373936585,0,2.69329738495507,10.7731895398203,0.722785996188077,0,400,25,7.18212635988018,24.2396764645956,0.304330945763401,0.874951469069778,0.01375,0.011,0.01375,0.01375,0,0,0,0
26/05/2008,0.000661463794017436,0.1,14.9761646803015,6,261.620461384384,0,2.74198658998695,10.9679463599478,0.738701607295273,0,400,25,7.3119642399652,24.6778793098826,0.311032255703273,0.89421773514691,0.01375,0.011,0.01375,0.01375,0,0,0,0
27/05/2008,0.000685967544142272,0.1,14.8491859372266,6,262.924359592162,0,2.68607814828852,10.7443125931541,0.720426159686323,0,400,25,7.16287506210271,24.1747033345967,0.303337330394241,0.872094824883444,0.01375,0.011,0.01375,0.01375,0,0,0,0
28/05/2008,0.00100522272731041,0.1,14.7231399019762,6,264.23368257838,0,2.90625009318776,11.625000372751,0.682549518943803,0,400,25,7.7500002485007,26.1562508386899,0.287389271134233,0.826244154510919,0.01375,0.011,0.01375,0.01375,0,0,0,0
29/05/2008,0.0120530652403563,0.1,14.5980638868514,36.8774980812714,265.54804275565,0,7.32522760496081,29.3009104198433,2.17424432363941,0,400,25,19.5339402798955,65.9270484446473,0.915471294163961,2.63197997072139,0.01375,0.011,0.01375,0.01375,0,0,0,0
30/05/2008,0.011370290462093,0.1,14.4739949170069,34.7945627266276,266.867051045467,0,6.64074500874612,26.5629800349845,1.94791128764717,0,400,25,17.7086533566563,59.7667050787151,0.820173173746178,2.35799787452026,0.01375,0.011,0.01375,0.01375,0,0,0,0
31/05/2008,0.000660545749310724,0.1,14.3509697194906,6,268.190316993389,0,2.68333662006585,10.7333464802634,0.719530004224289,0,400,25,7.15556432017559,24.1500295805926,0.302960001778648,0.871010005113613,0.01375,0.011,0.01375,0.01375,0,0,0,0
01/06/2008,0.0015533817912522,0.1,14.2290247123716,6,269.517448884614,0,3.08081579193353,12.3232631677341,0.652851561265588,0,400,25,8.21550877848941,27.7273421274017,0.2748848679013,0.790293995216239,0.01375,0.011,0.01375,0.01375,0,0,0,0
02/06/2008,0.00605087079994771,0.1,14.1081959939597,28.0815630335029,270.848053859939,0,6.13426522503253,24.5370609001301,1.73982234442419,0,400,25,16.3580406000867,55.2083870252927,0.732556776599661,2.10610073272403,0.01375,0.011,0.01375,0.01375,0,0,0,0
03/06/2008,0.0139283731748551,0.1,13.9885193321197,35.9364803121439,272.181738032057,0,7.08432917358027,28.3373166943211,2.09416942547956,0,400,25,18.8915444628807,63.7589625622224,0.881755547570342,2.53504719926473,0.01375,0.011,0.01375,0.01375,0,0,0,0
04/06/2008,0.0686035423984012,0.1,13.870030153683,37.3566929361738,273.51810660215,0,6.57935099949716,26.3174039979887,1.93135064415653,0,400,25,17.5449359986591,59.2141589954745,0.813200271223803,2.33795077976843,0.01375,0.011,0.01375,0.01375,0,0,0,0
05/06/2008,0.0968256482452092,0.1,13.7527635339609,36.095122646213,274.856763976763,0,5.52390090782458,22.0956036312983,1.57585974573664,0,400,25,14.7304024208655,49.7151081704212,0.663519892941743,1.90761969220751,0.01375,0.011,0.01375,0.01375,0,0,0,0
06/06/2008,0.0413941893972457,0.1,13.6367541863612,31.4613017151205,276.197313884907,0,4.04772303887016,16.1908921554806,1.05653507765001,0,400,25,10.7939281036538,36.4295073498314,0.444856874800004,1.27896351505001,0.01375,0.011,0.01375,0.01375,0,0,0,0
07/06/2008,0.00822758805470596,0.1,13.5220364521127,7.76238210036026,277.539359495362,0,1.55517979105862,6.22071916423448,0.346629165396146,0,400,25,4.14714610948965,13.9966181195276,0.145949122272061,0.419603726532177,0.01375,0.011,0.01375,0.01375,0,0,0,0
08/06/2008,0.00645322858504508,0.1,13.408644290099,6,278.882503534148,0,1.28070311601436,5.12281246405745,0.26103475128703,0,400,25,3.41520830937164,11.5263280441293,0.10990936896296,0.31598943576851,0.01375,0.011,0.01375,0.01375,0,0,0,0
09/06/2008,0.00620369290669685,0.1,13.2966112668063,10.7548249884365,280.226348402127,0,2.22631791105423,8.90527164421692,0.561193120908726,0,400,25,5.93684776281128,20.0368611994881,0.236291840382622,0.679339041100037,0.01375,0.011,0.01375,0.01375,0,0,0,0
10/06/2008,0.00630214775379654,0.1,13.1859705463869,13.0234241205855,281.570496292702,0,2.80644615623203,11.2257846249281,0.718744418130808,0,400,25,7.48385641661874,25.2580154060883,0.302629228686656,0.870059032474136,0.01375,0.011,0.01375,0.01375,0,0,0,0
11/06/2008,0.00721306213078358,0.1,13.076754880842,22.3870740615577,282.914549309573,0,4.45554436084633,17.8221774433853,1.26712561725498,0,400,25,11.8814516289236,40.099899247617,0.533526575686306,1.53388890509813,0.01375,0.011,0.01375,0.01375,0,0,0,0
12/06/2008,0.00858954323463142,0.1,12.9689966003261,27.5421034903922,284.258109584525,0,5.33117002038689,21.3246800815475,1.54034522675054,0,400,25,14.2164533876984,47.980530183482,0.648566411263384,1.86462843238223,0.01375,0.011,0.01375,0.01375,0,0,0,0
13/06/2008,0.00503295801360799,0.1,12.8627276035769,22.0643741259298,285.600779395208,0,4.25840922481895,17.0336368992758,1.1970761261315,0,400,25,11.3557579328505,38.3256830233705,0.504032053107998,1.44909215268549,0.01375,0.011,0.01375,0.01375,0,0,0,0
14/06/2008,0.00226123391094738,0.1,12.7579793484726,6,286.942161282863,0,1.60575434334143,6.42301737336572,0.36728805570362,0,400,25,4.28201158224381,14.4517890900729,0.154647602401524,0.444611856904382,0.01375,0.011,0.01375,0.01375,0,0,0,0
15/06/2008,0.00198915909478762,0.1,12.6547828427194,6,288.281858169988,0,1.67253568072179,6.69014272288717,0.389117654159136,0,400,25,4.46009514859145,15.0528211264961,0.163839012277531,0.471037160297901,0.01375,0.011,0.01375,0.01375,0,0,0,0
16/06/2008,0.00175886648702792,0.1,12.5531686346731,6,289.619473477875,0,1.74034204454614,6.96136817818457,0.411282315022149,0,400,25,4.64091211878972,15.6630784009153,0.173171501061958,0.497868065553128,0.01375,0.011,0.01375,0.01375,0,0,0,0
17/06/2008,0.00155903227928891,0.1,12.4531668042954,6,290.954611244008,0,1.80977042725982,7.23908170903927,0.433977184210275,0,400,25,4.82605447269285,16.2879338453384,0.182727235456958,0.525340801938754,0.01375,0.011,0.01375,0.01375,0,0,0,0
18/06/2008,0.00138467276659883,0.1,12.3548069542502,6,292.286876239276,0,1.88131426959131,7.52525707836522,0.457363558477773,0,400,25,5.01683805224348,16.9318284263218,0.192574129885378,0.553650623420462,0.01375,0.011,0.01375,0.01375,0,0,0,0
19/06/2008,0.00126978877920898,0.1,12.2581182011404,6,293.61587408497,0,1.94214403023065,7.76857612092259,0.477247695288912,0,400,25,5.17905074728173,17.4792962720758,0.200946398016384,0.577720894297104,0.01375,0.011,0.01375,0.01375,0,0,0,0
20/06/2008,0.00612699124288137,0.1,12.1631291668888,32.7890096019197,294.941211369524,0,6.58045103132471,26.3218041252989,1.93824408505088,0,400,25,17.5478694168659,59.2240592819224,0.816102772653001,2.34629547137738,0.01375,0.011,0.01375,0.01375,0,0,0,0
21/06/2008,0.00568907463196397,0.1,12.0698679702651,33.541319094472,296.262495764978,0,6.3784531394709,25.5138125578836,1.86609975220121,0,400,25,17.0092083719224,57.4060782552381,0.785726211453139,2.25896285792778,0.01375,0.011,0.01375,0.01375,0,0,0,0
22/06/2008,0.00166495552835186,0.1,11.9783622185626,19.7076014470001,297.579336143113,0,4.218047947007,16.872191788028,1.18967733660427,0,400,25,11.2481278586853,37.962431523063,0.50091677330706,1.4401357232578,0.01375,0.011,0.01375,0.01375,0,0,0,0
23/06/2008,0.000934712619398685,0.1,11.8886389994256,6,298.891342691233,0,2.16383810190928,8.65535240763714,0.549715434848381,0,400,25,5.77023493842476,19.4745429171836,0.231459130462476,0.665445000079618,0.01375,0.011,0.01375,0.01375,0,0,0,0
24/06/2008,0.000870606376579282,0.1,11.8007248728309,6,300.198127027558,0,2.2166748749945,8.86669949997801,0.566986810136452,0,400,25,5.91113299998534,19.9500738749505,0.238731288478506,0.686352454375705,0.01375,0.011,0.01375,0.01375,0,0,0,0
25/06/2008,0.000819057818330653,0.1,11.7146458632257,6,301.499302316194,0,2.26285633660616,9.05142534642463,0.582082685760047,0,400,25,6.03428356428309,20.3657070294554,0.245087446635809,0.704626409077952,0.01375,0.011,0.01375,0.01375,0,0,0,0
26/06/2008,0.000766043969657604,0.1,11.6304274518233,6,302.794483381644,0,2.31413810415183,9.25655241660732,0.598845758162073,0,400,25,6.17103494440488,20.8272429373665,0.252145582384031,0.724918549354089,0.01375,0.011,0.01375,0.01375,0,0,0,0
27/06/2008,0.000768139998127852,0.1,11.5480945690608,6,304.083286822828,0,2.30887461473923,9.23549845895693,0.597125219687417,0,400,25,6.15699897263795,20.7798715326531,0.251421145131544,0.722835792253189,0.01375,0.011,0.01375,0.01375,0,0,0,0
28/06/2008,0.000770545536675063,0.1,11.4676715872185,6,305.365331126578,0,2.30179813655555,9.20719254622221,0.59481204832415,0,400,25,6.13812836414814,20.716183229,0.250447178241747,0.720035637445024,0.01375,0.011,0.01375,0.01375,0,0,0,0
29/06/2008,0.000722798256040729,0.1,11.3891823132057,6,306.640236780576,0,2.34822942597584,9.39291770390337,0.609989588091643,0,400,25,6.26194513593558,21.1340648337826,0.256837721301744,0.738408448742515,0.01375,0.011,0.01375,0.01375,0,0,0,0
30/06/2008,0.00067382509152001,0.1,11.3126499815131,6,307.907626385693,0,2.40188651613655,9.60754606454619,0.627529110036647,0,400,25,6.40503070969746,21.6169786452289,0.264222783173325,0.75964050162331,0.01375,0.011,0.01375,0.01375,0,0,0,0
01/07/2008,0.00229143512160627,0.1,11.238097247335,29.6985437678263,309.167124767712,0,6.18883302604602,24.7553321041841,1.82206530898875,0,400,25,16.5035547361227,55.6994972344142,0.767185393258422,2.20565800561796,0.01375,0.011,0.01375,0.01375,0,0,0,0
02/07/2008,0.00195251186163507,0.1,11.1655461798626,27.7256450170387,310.418359088383,0,5.55024798982464,22.2009919592985,1.60747088644186,0,400,25,14.800661306199,49.9522319084217,0.67682984692289,1.94588580990331,0.01375,0.011,0.01375,0.01375,0,0,0,0
03/07/2008,0.000688173821006208,0.1,11.0950182557516,6,311.660958955797,0,2.35774694711595,9.43098778846381,0.613100691776151,0,400,25,6.28732519230921,21.2197225240436,0.258147659695222,0.742174521623762,0.01375,0.011,0.01375,0.01375,0,0,0,0
04/07/2008,0.000858828474746701,0.1,11.026534352764,6,312.894556534024,0,2.51821318410813,10.0728527364325,0.604162378505445,0,400,25,6.71523515762168,22.6639186569732,0.254384159370714,0.731354458190801,0.01375,0.011,0.01375,0.01375,0,0,0,0
05/07/2008,0.000675669967652755,0.1,10.9601147435886,6,314.118786652004,0,2.35476614340921,9.41906457363685,0.612126321532228,0,400,25,6.27937638242457,21.1928952906829,0.257737398539885,0.740995020802171,0.01375,0.011,0.01375,0.01375,0,0,0,0
06/07/2008,0.000668692823901677,0.1,10.8957790898389,6,315.333286911643,0,2.35399602214493,9.41598408857974,0.611874582968421,0,400,25,6.27732272571983,21.1859641993044,0.257631403355125,0.740690284645983,0.01375,0.011,0.01375,0.01375,0,0,0,0
07/07/2008,0.000658258898427334,0.1,10.8335464362339,6,316.53769779509,0,2.35762417630457,9.43049670521829,0.613060560242109,0,400,25,6.28699780347886,21.2186175867412,0.258130762207204,0.742125941345711,0.01375,0.011,0.01375,0.01375,0,0,0,0
08/07/2008,0.00643686738765639,0.1,10.7734352049594,36.3676426637378,317.731662771168,0,7.20899990825891,28.8359996330356,2.14236660450464,0,400,25,19.2239997553571,64.8809991743302,0.902049096633531,2.5933911528214,0.01375,0.011,0.01375,0.01375,0,0,0,0
09/07/2008,0.00518970952863232,0.1,10.7154631902157,35.500159386878,318.914828400906,0,6.64015623846378,26.5606249538551,1.94493341404971,0,400,25,17.7070833025701,59.761406146174,0.818919332231456,2.35439308016544,0.01375,0.011,0.01375,0.01375,0,0,0,0
10/07/2008,0.00289200968758417,0.1,10.6596475529492,32.4399838105651,320.086844442171,0,6.61449599074391,26.4579839629756,1.95603011992679,0,400,25,17.6386559753171,59.5304639166952,0.823591629442861,2.36782593464822,0.01375,0.011,0.01375,0.01375,0,0,0,0
11/07/2008,0.00242918908726142,0.1,10.6060048157731,30.718401929593,321.247363953343,0,5.96041440356656,23.8416576142662,1.73426204712905,0,400,25,15.8944384095108,53.643729632099,0.730215598791181,2.09936984652464,0.01375,0.011,0.01375,0.01375,0,0,0,0
12/07/2008,0.000637451778235194,0.1,10.5545508580758,6,322.396043396021,0,2.33537979679052,9.34151918716207,0.605789279196655,0,400,25,6.22767945810805,21.0184181711147,0.255069170188065,0.733323864290687,0.01375,0.011,0.01375,0.01375,0,0,0,0
13/07/2008,0.000649834616516202,0.1,10.5053009113207,6,323.532542736714,0,2.31000264511101,9.24001058044403,0.59749395219604,0,400,25,6.16000705362935,20.7900238059991,0.251576400924649,0.723282152658365,0.01375,0.011,0.01375,0.01375,0,0,0,0
14/07/2008,0.000625182179196812,0.1,10.4582695545372,6,324.656525547499,0,2.33181070319782,9.32724281279126,0.604622607742696,0,400,25,6.21816187519417,20.9862963287803,0.254577940102188,0.73191157779379,0.01375,0.011,0.01375,0.01375,0,0,0,0
15/07/2008,0.000613078628269402,0.1,10.4134707100049,6,325.767659105614,0,2.33813797390795,9.3525518956318,0.606690876878052,0,400,25,6.23503459708787,21.0432417651716,0.255448790264443,0.734415272010274,0.01375,0.011,0.01375,0.01375,0,0,0,0
16/07/2008,0.00118064672586972,0.1,10.3709176391324,21.4615539394454,326.865614491947,0,4.80348434501767,19.2139373800707,1.38384144065821,0,400,25,12.8092915867138,43.231359105159,0.58267008027714,1.67517648079678,0.01375,0.011,0.01375,0.01375,0,0,0,0
17/07/2008,0.00104037978647803,0.1,10.3306229385318,19.5332162248486,327.950066688404,0,4.31668255483586,17.2667302193434,1.22267384762426,0,400,25,11.5111534795623,38.8501429935228,0.51481004110495,1.48007886817673,0.01375,0.011,0.01375,0.01375,0,0,0,0
18/07/2008,0.000573298393348839,0.1,10.2925985362894,6,329.020694674121,0,2.36452099348269,9.45808397393078,0.615315003706786,0,400,25,6.30538931595385,21.2806889413443,0.259080001560752,0.744855004487161,0.01375,0.011,0.01375,0.01375,0,0,0,0
19/07/2008,0.000582258555807166,0.1,10.2568556884352,6,330.077181520497,0,2.34125612636984,9.36502450547937,0.607710143919359,0,400,25,6.24334967031958,21.0713051373286,0.255877955334467,0.735649121586592,0.01375,0.011,0.01375,0.01375,0,0,0,0
20/07/2008,0.000616091300927069,0.1,10.2234049756106,6,331.119214485005,0,2.28601264442685,9.1440505777074,0.589652059499284,0,400,25,6.0960337184716,20.5741137998417,0.24827455136812,0.713789335183344,0.01375,0.011,0.01375,0.01375,0,0,0,0
21/07/2008,0.00645680962279367,0.1,10.1922562999366,36.721026399073,332.146485103776,0,7.27444992821396,29.0977997128558,2.16345656802561,0,400,25,19.3985331419039,65.4700493539256,0.910929081273942,2.61892110866258,0.01375,0.011,0.01375,0.01375,0,0,0,0
22/07/2008,0.00521328681919947,0.1,10.1634188820821,35.8622537336501,333.158689282906,0,6.69165178589636,26.7666071435854,1.96108745919185,0,400,25,17.8444047623903,60.2248660730673,0.8257210354492,2.37394797691645,0.01375,0.011,0.01375,0.01375,0,0,0,0
23/07/2008,0.00127618123154574,0.1,10.1369012585347,6,334.155527388481,0,2.84104109459162,11.3641643783665,0.594044405958255,0,400,25,7.57610958557765,25.5693698513246,0.250123960403476,0.719106386159993,0.01375,0.011,0.01375,0.01375,0,0,0,0
24/07/2008,0.00126300731030858,0.1,10.1127112790737,23.3620161040977,335.136704335266,0,5.09077190999939,20.3630876399975,1.47422237589257,0,400,25,13.5753917599984,45.8169471899945,0.620725210902136,1.78458498134364,0.01375,0.011,0.01375,0.01375,0,0,0,0
25/07/2008,0.0018774755109185,0.1,10.0908561044464,28.8232925040039,336.101929674065,0,5.84767654322997,23.3907061729199,1.70754049232249,0,400,25,15.5938041152799,52.6290888890698,0.718964417819996,2.06702270123249,0.01375,0.011,0.01375,0.01375,0,0,0,0
26/07/2008,0.0011788643859807,0.1,10.0713422042482,22.7480669458748,337.050917677694,0,4.76988036397664,19.0795214559066,1.36354096657989,0,400,25,12.7196809706044,42.9289232757898,0.574122512244166,1.65060222270198,0.01375,0.011,0.01375,0.01375,0,0,0,0
27/07/2008,0.000568972875174952,0.1,10.0541753550077,6,337.983387425568,0,2.282004124724,9.12801649889602,0.588341747682439,0,400,25,6.08534433259735,20.538037122516,0.247722841129448,0.712203168247164,0.01375,0.011,0.01375,0.01375,0,0,0,0
28/07/2008,0.00394579713858135,0.1,10.0393606384765,34.8251819225616,338.899062886852,0,6.96215781363166,27.8486312545266,2.06487875751331,0,400,25,18.5657541696844,62.6594203226849,0.869422634742446,2.49959007488453,0.01375,0.011,0.01375,0.01375,0,0,0,0
29/07/2008,0.00749856106443235,0.1,10.0269024401251,37.1923254039499,339.797673002179,0,7.15299111944337,28.6119644777735,2.11704197041129,0,400,25,19.0746429851823,64.3769200749903,0.891386092804754,2.56273501681367,0.01375,0.011,0.01375,0.01375,0,0,0,0
30/07/2008,0.0039094507562336,0.1,10.0168044478446,34.7124264439606,340.678951763886,0,6.51809600126133,26.0723840050453,1.90708506017678,0,400,25,17.3815893366969,58.662864011352,0.802983183232329,2.30857665179294,0.01375,0.011,0.01375,0.01375,0,0,0,0
31/07/2008,0.000515613104763005,0.1,10.0090696508551,6,341.542638294759,0,2.32127754146069,9.28511016584276,0.601179509712496,0,400,25,6.19007344389518,20.8914978731462,0.253128214615788,0.72774361702039,0.01375,0.011,0.01375,0.01375,0,0,0,0
01/08/2008,0.000520942560267298,0.1,10.0037003388204,6,342.388476925256,0,2.30304615170842,9.2121846068337,0.595220001664443,0,400,25,6.1414564045558,20.7274153653758,0.250618948069239,0.720529475699063,0.01375,0.011,0.01375,0.01375,0,0,0,0
02/08/2008,0.000526295931727961,0.1,10.000698101171,6,343.216217269194,0,2.28523998018254,9.14095992073015,0.589399489681788,0,400,25,6.09397328048676,20.5671598216428,0.248168206181805,0.71348359277269,0.01375,0.011,0.01375,0.01375,0,0,0,0
03/08/2008,0.000519269352204296,0.1,10.0000638266329,6,344.025614297865,0,2.28602899998208,9.14411599992831,0.589657405831315,0,400,25,6.09607733328554,20.5742609998387,0.24827680245529,0.71379580705896,0.01375,0.011,0.01375,0.01375,0,0,0,0
04/08/2008,0.000549474761186178,0.1,10.0017977029648,6,344.816428412574,0,2.23406321155174,8.93625284620695,0.572670739505698,0,400,25,5.9575018974713,20.1065689039656,0.241124521897136,0.693233000454266,0.01375,0.011,0.01375,0.01375,0,0,0,0
05/08/2008,0.000546627156065204,0.1,10.0058992169025,6,345.588425515561,0,2.22876438948996,8.91505755795983,0.570938651433891,0,400,25,5.94337170530656,20.0588795054096,0.240395221656375,0.691136262262079,0.01375,0.011,0.01375,0.01375,0,0,0,0
06/08/2008,0.00143469688716834,0.1,10.0123671543109,26.3596809474317,346.341377079302,0,5.55895637879432,22.2358255151773,1.621785320957,0,400,25,14.8238836767849,50.0306074091489,0.682856977245053,1.96321380957953,0.01375,0.011,0.01375,0.01375,0,0,0,0
07/08/2008,0.00122977539295906,0.1,10.0211996005432,24.3705106492086,347.075060214155,0,4.98206930716414,19.9282772286566,1.42920270837115,0,400,25,13.2855181524377,44.8386237644773,0.601769561419431,1.73008748908087,0.01375,0.011,0.01375,0.01375,0,0,0,0
08/08/2008,0.000509271419430772,0.1,10.032393941008,6,347.789257734344,0,2.25299900828328,9.01199603313311,0.578860505319019,0,400,25,6.00799735542208,20.2769910745495,0.243730739081692,0.700725874859865,0.01375,0.011,0.01375,0.01375,0,0,0,0
09/08/2008,0.000514776503820657,0.1,10.0459468619428,6,348.483758222246,0,2.23571662865336,8.94286651461343,0.573211211332465,0,400,25,5.96191100974229,20.1214496578802,0.24135208898209,0.69388725582351,0.01375,0.011,0.01375,0.01375,0,0,0,0
10/08/2008,0.000512032979494004,0.1,10.0618543513956,6,349.15835609098,0,2.23035687512088,8.92142750048351,0.571459205876686,0,400,25,5.94761833365567,20.0732118760879,0.240614402474394,0.691766407113883,0.01375,0.011,0.01375,0.01375,0,0,0,0
11/08/2008,0.000496906194889195,0.1,10.0801117004118,6,349.812851645262,0,2.24292540814352,8.97170163257408,0.57556762957441,0,400,25,5.98113442171605,20.1863286732917,0.242344265083962,0.696739762116391,0.01375,0.011,0.01375,0.01375,0,0,0,0
12/08/2008,0.000490067801219228,0.1,10.1007135044287,6,350.447051140518,0,2.24369300603092,8.97477202412366,0.575818543292441,0,400,25,5.98318134941577,20.1932370542782,0.242449912965238,0.69704349977506,0.01375,0.011,0.01375,0.01375,0,0,0,0
13/08/2008,0.000483248805937865,0.1,10.1236536648752,6,351.06076684024,0,2.24454038865598,8.97816155462393,0.576095537182785,0,400,25,5.98544103641595,20.2008634979038,0.242566541971699,0.697378808168634,0.01375,0.011,0.01375,0.01375,0,0,0,0
14/08/2008,0.000459911470853668,0.1,10.1489253909769,6,351.653817071558,0,2.27203508118614,9.08814032474455,0.585083049579739,0,400,25,6.05876021649637,20.4483157306753,0.246350757717785,0.708258428438632,0.01375,0.011,0.01375,0.01375,0,0,0,0
15/08/2008,0.000465533773441739,0.1,10.1765212017667,6,352.226026279017,0,2.25305582506394,9.01222330025578,0.578879077686033,0,400,25,6.00814886683719,20.2775024255755,0.243738559025698,0.700748357198882,0.01375,0.011,0.01375,0.01375,0,0,0,0
16/08/2008,0.000458771716886309,0.1,10.206432928299,6,352.777225076551,0,2.25426670961577,9.01706683846308,0.579274893711575,0,400,25,6.01137789230872,20.2884003865419,0.243905218404874,0.701227502914012,0.01375,0.011,0.01375,0.01375,0,0,0,0
17/08/2008,0.000480968917504145,0.1,10.2386517160679,6,353.307250297619,0,2.21051236355812,8.84204945423249,0.564972397795957,0,400,25,5.89469963615499,19.8946112720231,0.237883114861456,0.683913955226685,0.01375,0.011,0.01375,0.01375,0,0,0,0
18/08/2008,0.000507318915445633,0.1,10.2731680276286,6,353.815945043506,0,2.16526342512382,8.66105370049529,0.550181346952918,0,400,25,5.77403580033019,19.4873708261144,0.231655303980176,0.666008998943006,0.01375,0.011,0.01375,0.01375,0,0,0,0
19/08/2008,0.000803690181708413,0.1,10.3099716454204,19.1153034380356,354.303158729775,0,4.39054400375439,17.5621760150176,1.25367506634005,0,400,25,11.708117343345,39.5148960337895,0.527863185827389,1.51760665925374,0.01375,0.011,0.01375,0.01375,0,0,0,0
20/08/2008,0.000743946830105122,0.1,10.3490516747915,17.0017967903559,354.768747130835,0,3.86425397126478,15.4570158850591,1.08089448996226,0,400,25,10.3046772567061,34.778285741383,0.455113469457794,1.30845122469116,0.01375,0.011,0.01375,0.01375,0,0,0,0
21/08/2008,0.000478962511671455,0.1,10.3903965472238,6,355.212572422639,0,2.17715683156697,8.70862732626788,0.554069084112828,0,400,25,5.80575155084525,19.5944114841027,0.233292245942243,0.67071520708395,0.01375,0.011,0.01375,0.01375,0,0,0,0
22/08/2008,0.00124007066446148,0.1,10.4339940237578,26.2631177282831,355.634503223483,0,5.55466317973987,22.2186527189595,1.62106486647983,0,400,25,14.812435145973,49.9919686176588,0.682553627991506,1.96234168047558,0.01375,0.011,0.01375,0.01375,0,0,0,0
23/08/2008,0.0143026886477069,0.1,10.4798311986152,38.6955363588223,356.034414632895,0,7.54754242472896,30.1901696989158,2.24789399562921,0,400,25,20.1267797992772,67.9278818225607,0.946481682370195,2.72113483681431,0.01375,0.011,0.01375,0.01375,0,0,0,0
24/08/2008,0.0108776827025932,0.1,10.5278945030197,38.2814809004747,356.412188268613,0,7.02437393443727,28.0974957377491,2.06376461401994,0,400,25,18.731663825166,63.2193654099354,0.868953521692606,2.49824137486624,0.01375,0.011,0.01375,0.01375,0,0,0,0
25/08/2008,0.000473461016158665,0.1,10.5781697092131,6,356.767712301624,0,2.15472351803652,8.61889407214608,0.546736043991047,0,400,25,5.74592938143072,19.3925116623287,0.230204650101494,0.661838369041794,0.01375,0.011,0.01375,0.01375,0,0,0,0
26/08/2008,0.000441208857774666,0.1,10.6306419346675,6,357.10088148927,0,2.19407111142523,8.77628444570093,0.559598053012734,0,400,25,5.85085629713396,19.7466400028271,0.235620232847467,0.677408169436467,0.01375,0.011,0.01375,0.01375,0,0,0,0
27/08/2008,0.0004628873099192,0.1,10.6852956464909,6,357.4115972064,0,2.15407919374495,8.61631677497978,0.546525426158102,0,400,25,5.74421118331985,19.3867127437045,0.230115968908674,0.661583410612439,0.01375,0.011,0.01375,0.01375,0,0,0,0
28/08/2008,0.000459722508511145,0.1,10.7421146660246,6,357.69976747457,0,2.15083839651712,8.6033535860685,0.545466068784706,0,400,25,5.735569057379,19.3575455686541,0.229669923698824,0.660301030634118,0.01375,0.011,0.01375,0.01375,0,0,0,0
29/08/2008,0.000456527542029473,0.1,10.8010821736331,6,357.965306989265,0,2.14774196914729,8.59096787658915,0.544453903278868,0,400,25,5.7273119177261,19.3296777223256,0.229243748748997,0.659075777653367,0.01375,0.011,0.01375,0.01375,0,0,0,0
30/08/2008,0.000470051910830302,0.1,10.862180713683,6,358.208137145153,0,2.12176122242166,8.48704488968663,0.535961272091135,0,400,25,5.65802992645775,19.0958510017949,0.225667904038372,0.648795224110321,0.01375,0.011,0.01375,0.01375,0,0,0,0
31/08/2008,0.010379360324141,0.1,10.9253921997097,38.3156502846933,358.428186059355,0,7.51360358580047,30.0544143432019,2.23842415040371,0,400,25,20.0362762288013,67.6224322722042,0.942494379117352,2.70967133996239,0.01375,0.011,0.01375,0.01375,0,0,0,0
01/09/2008,0.00912750249214502,0.1,10.9906979197721,38.0640766804306,358.625388592724,0,7.04725938246697,28.1890375298679,2.07349707817138,0,400,25,18.7926916865786,63.4253344422028,0.873051401335317,2.51002277883904,0.01375,0.011,0.01375,0.01375,0,0,0,0
02/09/2008,0.00109165024031869,0.1,11.0580785419912,25.9413682970336,358.799686369124,0,5.25657877630805,21.0263151052322,1.5167912662454,0,400,25,14.0175434034881,47.3092089867724,0.638648954208588,1.83611574334969,0.01375,0.011,0.01375,0.01375,0,0,0,0
03/09/2008,0.00250133389048809,0.1,11.1275141202729,33.5780788602382,358.951027792715,0,6.75689462130853,27.0275784852341,2.00066030923037,0,400,25,18.0183856568227,60.8120515917768,0.842383288096997,2.42185195327887,0.01375,0.011,0.01375,0.01375,0,0,0,0
04/09/2008,0.0100487285605744,0.1,11.1989841002127,38.2791684009663,359.079368063225,0,7.42256675268096,29.6902670107238,2.20617485807817,0,400,25,19.7935113404826,66.8031007741286,0.928915729717126,2.67063272293674,0.01375,0.011,0.01375,0.01375,0,0,0,0
05/09/2008,0.00724096609143892,0.1,11.2724673251798,36.4651742712463,359.184669189209,0,6.78423133552059,27.1369253420824,1.98859507185332,0,400,25,18.0912835613882,61.0580820196853,0.837303188148766,2.4072466659277,0.01375,0.011,0.01375,0.01375,0,0,0,0
06/09/2008,0.0264763083717884,0.1,11.3479420425803,36.9367539101783,359.2668999993,0,6.84833366657756,27.3933346663102,2.01496305690042,0,400,25,18.2622231108735,61.635002999198,0.848405497642283,2.43916580572156,0.01375,0.011,0.01375,0.01375,0,0,0,0
07/09/2008,0.0283189372642707,0.1,11.4253859102962,36.1136646122724,359.326036151433,0,6.00429290546848,24.0171716218739,1.719117253449,0,400,25,16.011447747916,54.0386361492164,0.723838843557474,2.08103667522774,0.01375,0.011,0.01375,0.01375,0,0,0,0
08/09/2008,0.00656989122806891,0.1,11.5047760032994,26.6105248886959,359.362060140052,0,4.56681824955479,18.2672729982192,1.27894956123525,0,400,25,12.1781819988128,41.1013642459931,0.538505078414842,1.54820210044267,0.01375,0.011,0.01375,0.01375,0,0,0,0
09/09/2008,0.00243326778612002,0.1,11.5860888204375,6,359.374961301293,0,1.06441291010169,4.25765164040675,0.190333436666112,0,400,25,2.83843442693783,9.57971619091519,0.0801403943857315,0.230403633858978,0.01375,0.011,0.01375,0.01375,0,0,0,0
10/09/2008,0.00206145824580432,0.1,11.6693002913912,6,359.364735816136,0,1.10848652274368,4.4339460909747,0.204740294992095,0,400,25,2.9559640606498,9.97637870469308,0.0862064399966717,0.247843514990431,0.01375,0.011,0.01375,0.01375,0,0,0,0
11/09/2008,0.00171860881197815,0.1,11.7543857837993,6,359.331386711544,0,1.14792553753736,4.59170215014943,0.217632187999923,0,400,25,3.06113476676629,10.3313298378362,0.0916346054736518,0.263449490736749,0.01375,0.011,0.01375,0.01375,0,0,0,0
12/09/2008,0.00138096498868715,0.1,11.8413201105505,6,359.274923859559,0,1.1785078193994,4.71403127759762,0.227628976909667,0,400,25,3.14268751839841,10.6065703745946,0.0958437797514388,0.275550866785386,0.01375,0.011,0.01375,0.01375,0,0,0,0
13/09/2008,0.00112704999768293,0.1,11.9300775372393,6,359.195363974383,0,1.22036698674077,4.8814679469631,0.241311973545986,0,400,25,3.25431196464206,10.983302880667,0.101605041493047,0.292114494292509,0.01375,0.011,0.01375,0.01375,0,0,0,0
14/09/2008,0.00458488350576023,0.1,12.0206317897838,31.6147592359395,359.09273060743,0,6.20430394459627,24.8172157783851,1.82279644935023,0,400,25,16.5448105189234,55.8387355013664,0.767493241831677,2.20654307026607,0.01375,0.011,0.01375,0.01375,0,0,0,0
15/09/2008,0.0124546432214854,0.1,12.1129560622039,37.3919186964478,358.967054140356,0,7.2252265961705,28.900906384682,2.14332120510425,0,400,25,19.2672709231213,65.0270393655345,0.902451033728107,2.59454672196831,0.01375,0.011,0.01375,0.01375,0,0,0,0
16/09/2008,0.0078166206377898,0.1,12.2070230245555,36.0913118556645,358.818371776061,0,6.64437619247056,26.5775047698822,1.94540873129537,0,400,25,17.7183365132548,59.7993857322351,0.819119465808577,2.35496846419966,0.01375,0.011,0.01375,0.01375,0,0,0,0
17/09/2008,0.000788700768515477,0.1,12.3028048310218,6,358.646727527679,0,1.48474756280938,5.9389902512375,0.327733151099593,0,400,25,3.95932683415833,13.3627280652844,0.137992905726144,0.396729603962665,0.01375,0.011,0.01375,0.01375,0,0,0,0
18/09/2008,0.000676434737150595,0.1,12.4002731281556,6,358.452172205552,0,1.54229306821081,6.16917227284324,0.346543724908234,0,400,25,4.11278151522883,13.8806376138973,0.145913147329783,0.419500298573126,0.01375,0.011,0.01375,0.01375,0,0,0,0
19/09/2008,0.000519865097940829,0.1,12.4993990632724,6,358.234763402183,0,1.6157414482993,6.4629657931972,0.370552657754364,0,400,25,4.30864386213147,14.5416730346937,0.156022171686048,0.448563743597388,0.01375,0.011,0.01375,0.01375,0,0,0,0
20/09/2008,0.000432080670475607,0.1,12.600153292992,6,357.994565475191,0,1.69706715268373,6.78826861073493,0.397136543918737,0,400,25,4.52551240715662,15.2736043741536,0.167215386913153,0.480744237375314,0.01375,0.011,0.01375,0.01375,0,0,0,0
21/09/2008,0.000497756667638572,0.1,12.7025059919243,6,357.73164952826,0,1.71196476373351,6.84785905493403,0.402006300648987,0,400,25,4.56523936995602,15.4076828736016,0.169265810799573,0.486639206048773,0.01375,0.011,0.01375,0.01375,0,0,0,0
22/09/2008,0.000316841241200423,0.1,12.8064268614986,6,357.446093390089,0,2.11798931773807,8.47195727095229,0.534728305398866,0,400,25,5.64797151396819,19.0619038596426,0.225148760167944,0.647302685482838,0.01375,0.011,0.01375,0.01375,0,0,0,0
23/09/2008,0.00248510559303311,0.1,12.9118851389321,33.7877027698438,357.137981591355,0,6.75962624366583,27.0385049746633,2.00107276839171,0,400,25,18.0256699831089,60.8366361929924,0.842556955112301,2.42235124594786,0.01375,0.011,0.01375,0.01375,0,0,0,0
24/09/2008,0.00201171164780409,0.1,13.0188496063369,32.4199520624113,356.807405339689,0,6.17569764639535,24.7027905855814,1.80202458635311,0,400,25,16.4685270570543,55.5812788175582,0.758747194253942,2.18139818348008,0.01375,0.011,0.01375,0.01375,0,0,0,0
25/09/2008,0.000355344589356224,0.1,13.1272885999607,6,356.454462492675,0,2.03453571218411,8.13814284873644,0.507448847239291,0,400,25,5.42542856582429,18.310821409657,0.213662672521807,0.614280183500195,0.01375,0.011,0.01375,0.01375,0,0,0,0
26/09/2008,0.000334551607660777,0.1,13.2371700195604,6,356.079257528887,0,2.06254307764047,8.2501723105619,0.516603943044382,0,400,25,5.50011487370793,18.5628876987643,0.217517449702898,0.625362667895831,0.01375,0.011,0.01375,0.01375,0,0,0,0
27/09/2008,0.00023371233132067,0.1,13.3484613379039,6,355.681901516956,0,2.29981050015972,9.1992420006389,0.594162326319492,0,400,25,6.13282800042593,20.6982945014375,0.250173611081891,0.719249131860437,0.01375,0.011,0.01375,0.01375,0,0,0,0
28/09/2008,0.000227945739359754,0.1,13.4611296103994,6,355.262512082693,0,2.31746194284922,9.26984777139687,0.599932260273907,0,400,25,6.17989851426458,20.857157485643,0.252603056957435,0.726233788752624,0.01375,0.011,0.01375,0.01375,0,0,0,0
29/09/2008,0.00032298573257119,0.1,13.5751414848473,6,354.82121337427,0,2.07412130015165,8.29648520060661,0.520388652338359,0,400,25,5.53099013373774,18.6670917013649,0.219111011510888,0.629944158093803,0.01375,0.011,0.01375,0.01375,0,0,0,0
30/09/2008,0.00054162339346437,0.1,13.6904632113135,18.1727299946747,354.35813602547,0,4.19760082658129,16.7904033063251,1.19279965002455,0,400,25,11.1936022042168,37.7784074392316,0.502231431589283,1.44391536581919,0.01375,0.011,0.01375,0.01375,0,0,0,0
01/10/2008,0.000436637600578911,0.1,13.8070606521197,16.638404516065,353.873417117015,0,3.91068221099693,15.6427288439877,1.09878495831409,0,400,25,10.4284858959918,35.1961398989724,0.462646298237512,1.33010810743285,0.01375,0.011,0.01375,0.01375,0,0,0,0
02/10/2008,0.000221890025529985,0.1,13.9248992919492,6,353.367200135988,0,2.31781509238078,9.27126036952313,0.600047698400354,0,400,25,6.18084024634875,20.860335831427,0.252651662484359,0.726373529642534,0.01375,0.011,0.01375,0.01375,0,0,0,0
03/10/2008,0.000149512470053373,0.1,14.0439442480639,6,352.839634933357,0,2.70999006787929,10.8399602715171,0.72824252910094,0,400,25,7.22664018101143,24.3899106109136,0.306628433305659,0.881556745753769,0.01375,0.011,0.01375,0.01375,0,0,0,0
04/10/2008,0.00337115764461388,0.1,14.1641602806307,35.5411924786426,352.290877679617,0,7.02169225597232,28.0867690238893,2.08261287155191,0,400,25,18.7245126825929,63.1952303037509,0.876889630127121,2.52105768661547,0.01375,0.011,0.01375,0.01375,0,0,0,0
05/10/2008,0.013443207830076,0.1,14.2855118031529,38.7279889273409,351.721090818561,0,7.48001652462571,29.9200660985028,2.22371983184911,0,400,25,19.9467107323352,67.3201487216314,0.936303087094362,2.69187137539629,0.01375,0.011,0.01375,0.01375,0,0,0,0
06/10/2008,0.00997066040664534,0.1,14.4079628930047,38.5106815647492,351.13044301919,0,7.13311124764653,28.5324449905861,2.1012470558801,0,400,25,19.0216299937241,64.1980012288188,0.884735602475832,2.54361485711802,0.01375,0.011,0.01375,0.01375,0,0,0,0
07/10/2008,0.00128405932556542,0.1,14.5314773020651,30.8081546181802,350.519109125787,0,6.04690344448314,24.1876137779326,1.76620072164293,0,400,25,16.125075851955,54.4221310003483,0.74366346174439,2.13803245251512,0.01375,0.011,0.01375,0.01375,0,0,0,0
08/10/2008,0.000318501285043046,0.1,14.6560184674478,6,349.887270106158,0,2.0349142992846,8.1396571971384,0.507572600442032,0,400,25,5.4264381314256,18.3142286935614,0.213714779133487,0.614429990008776,0.01375,0.011,0.01375,0.01375,0,0,0,0
09/10/2008,0.000265696157777124,0.1,14.7815495223251,6,349.235112998059,0,2.13297649602592,8.53190598410367,0.53962734002199,0,400,25,5.68793732273578,19.1967884642333,0.227211511588206,0.653233095816093,0.01375,0.011,0.01375,0.01375,0,0,0,0
10/10/2008,0.000254046308193583,0.1,14.908033306841,6,348.562830853834,0,2.15507485451525,8.62029941806099,0.546850889463663,0,400,25,5.74686627870733,19.3956736906372,0.230253006089964,0.661977392508645,0.01375,0.011,0.01375,0.01375,0,0,0,0
11/10/2008,0.000279821211285212,0.1,15.0354323791111,6,347.870622683264,0,2.08895843808864,8.35583375235457,0.525238641513461,0,400,25,5.57055583490305,18.8006259427978,0.221153112216194,0.635815197621558,0.01375,0.011,0.01375,0.01375,0,0,0,0
12/10/2008,0.00242909267633791,0.1,15.1637090263067,35.2912171595146,347.158693394657,0,7.09164642913938,28.3665857165575,2.10846119448634,0,400,25,18.9110571443717,63.8248178622544,0.887773134520565,2.55234776174662,0.01375,0.011,0.01375,0.01375,0,0,0,0
13/10/2008,0.00189496532413179,0.1,15.292825275818,34.1193394722474,346.427253734189,0,6.58750316086122,26.3500126434449,1.93634647786754,0,400,25,17.5666750956299,59.287528447751,0.815303780154753,2.34399836794491,0.01375,0.011,0.01375,0.01375,0,0,0,0
14/10/2008,0.00952088684529388,0.1,15.4227429064953,38.5379133981022,345.676520223521,0,7.54191032621307,30.1676413048523,2.24721178119444,0,400,25,20.1117608699015,67.8771929359176,0.946194434187134,2.72030899828801,0.01375,0.011,0.01375,0.01375,0,0,0,0
15/10/2008,0.0193366832505828,0.1,15.553423459963,39.2674461079263,344.906715095704,0,7.4738171828958,29.8952687315832,2.21766830361698,0,400,25,19.9301791543888,67.2643546460622,0.933755075207148,2.68454584122055,0.01375,0.011,0.01375,0.01375,0,0,0,0
16/10/2008,0.00954369898558674,0.1,15.6848282520041,38.5576920569718,344.11806622939,0,7.08481075032252,28.3392430012901,2.08365682230055,0,400,25,18.8928286675267,63.7632967529027,0.877329188337074,2.52232141646909,0.01375,0.011,0.01375,0.01375,0,0,0,0
17/10/2008,0.000201630117803524,0.1,15.8169183840117,6,343.310807081381,0,2.25578737529974,9.02314950119895,0.57977197152655,0,400,25,6.0154330007993,20.3020863776976,0.244114514326968,0.701829228690034,0.01375,0.011,0.01375,0.01375,0,0,0,0
18/10/2008,0.000203185165882267,0.1,15.9496547545038,6,342.485176617513,0,2.24047058190338,8.96188232761354,0.574765191749677,0,400,25,5.97458821840902,20.1642352371305,0.24200639652618,0.695768390012767,0.01375,0.011,0.01375,0.01375,0,0,0,0
19/10/2008,0.000183679017410833,0.1,16.0829980706979,6,341.641419241926,0,2.30933721650336,9.23734886601344,0.59727643574795,0,400,25,6.1582325773423,20.7840349485303,0.251484815051768,0.723018843273834,0.01375,0.011,0.01375,0.01375,0,0,0,0
20/10/2008,0.000217969972926154,0.1,16.2169088601428,6,340.779784724706,0,2.17542440781956,8.70169763127824,0.553502786457761,0,400,25,5.80113175418549,19.578819670376,0.23305380482432,0.670029688869921,0.01375,0.011,0.01375,0.01375,0,0,0,0
21/10/2008,0.000239954632139803,0.1,16.3513474824032,6,339.900528127956,0,2.10707753669159,8.42831014676636,0.531161443637435,0,400,25,5.61887343117757,18.9636978302243,0.223646923636815,0.642984905455842,0.01375,0.011,0.01375,0.01375,0,0,0,0
22/10/2008,0.0104098355006581,0.1,16.486274140794,38.7745412881961,339.003909730285,0,7.60103488562312,30.4041395424925,2.26663757459481,0,400,25,20.2694263616617,68.4093139706081,0.954373715618866,2.74382443240424,0.01375,0.011,0.01375,0.01375,0,0,0,0
23/10/2008,0.00827524668000311,0.1,16.6216488941613,38.3982363592095,338.090194949768,0,7.05234325132187,28.2093730052875,2.07322248820559,0,400,25,18.8062486701917,63.4710892618969,0.872935784507619,2.5096903804594,0.01375,0.011,0.01375,0.01375,0,0,0,0
24/10/2008,0.000261893081571672,0.1,16.7574316687051,6,337.159654265367,0,2.03438328106949,8.13753312427796,0.507399020294297,0,400,25,5.42502208285197,18.3094495296254,0.213641692755494,0.614219866672044,0.01375,0.011,0.01375,0.01375,0,0,0,0
25/10/2008,0.000163963394130767,0.1,16.893582269843,6,336.212563136873,0,2.33998145886154,9.35992583544615,0.607293478411267,0,400,25,6.2399505569641,21.0598331297538,0.255702517225797,0.735144737024166,0.01375,0.011,0.01375,0.01375,0,0,0,0
26/10/2008,0.000106790710815305,0.1,17.0300603941077,6,335.249201923357,0,2.77524515317443,11.1009806126977,0.749573223649029,0,400,25,7.40065374179847,24.9772063785699,0.315609778378539,0.907378112838299,0.01375,0.011,0.01375,0.01375,0,0,0,0
27/10/2008,6.1491652537706e-05,0.1,17.1668256410784,6,334.269855800181,0,3.69695963059813,14.7878385223925,1.05086483777463,0,400,25,9.85855901492834,33.2726366753831,0.44246940537879,1.27209954046402,0.01375,0.011,0.01375,0.01375,0,0,0,0
28/10/2008,0.000224145002016763,0.1,17.3038375253397,6,333.27481467458,0,2.10061866972737,8.40247467890947,0.529050158092141,0,400,25,5.60164978593965,18.9055680275463,0.222757961301954,0.640429138743118,0.01375,0.011,0.01375,0.01375,0,0,0,0
29/10/2008,0.00242309403264263,0.1,17.4410554884664,34.8264801974106,332.264373099842,0,6.89971937625916,27.5988775050366,2.04427266417819,0,400,25,18.3992516700244,62.0974743863324,0.860746384917133,2.47464585663676,0.01375,0.011,0.01375,0.01375,0,0,0,0
30/10/2008,0.00254482027577877,0.1,17.5784389110296,35.4526751507036,331.238830188116,0,6.7734497768927,27.0937991075708,1.99436249441409,0,400,25,18.0625327383805,60.9610479920343,0.839731576595406,2.41422828271179,0.01375,0.011,0.01375,0.01375,0,0,0,0
31/10/2008,0.00156367583359695,0.1,17.7159471246209,35.1376344524811,330.198489521866,0,7.12225135286596,28.4890054114638,2.11908789357628,0,400,25,18.9926702743092,64.1002621757936,0.892247534137383,2.56521166064498,0.01375,0.011,0.01375,0.01375,0,0,0,0
01/11/2008,0.00100123947389321,0.1,17.853539423891,29.9266259434989,329.143659064006,0,5.87536849400559,23.5014739760224,1.71164731511652,0,400,25,15.6676493173482,52.8783164460503,0.72069360636485,2.07199411829894,0.01375,0.011,0.01375,0.01375,0,0,0,0
02/11/2008,0.000257234953138653,0.1,17.9911750785997,6,328.074651066735,0,1.99246279648064,7.96985118592256,0.49369598017063,0,400,25,5.31323412394837,17.9321651683258,0.207871991650792,0.597631975996026,0.01375,0.011,0.01375,0.01375,0,0,0,0
03/11/2008,0.000100899262139449,0.1,18.1288133456723,6,326.991781979106,0,2.73543974340326,10.9417589736131,0.736561562820606,0,400,25,7.29450598240871,24.6189576906294,0.310131184345518,0.891627154993365,0.01375,0.011,0.01375,0.01375,0,0,0,0
04/11/2008,0.000164193737654381,0.1,18.2664134812612,6,325.895372353347,0,2.2539855136297,9.01594205451881,0.579182975883872,0,400,25,6.01062803634587,20.2858696226673,0.24386651616163,0.701116233964687,0.01375,0.011,0.01375,0.01375,0,0,0,0
05/11/2008,0.000211349399370853,0.1,18.4039347528061,6,324.785746749974,0,2.08010059148774,8.32040236595097,0.522343173377253,0,400,25,5.54693491063398,18.7209053233897,0.219933967737791,0.632310157246148,0.01375,0.011,0.01375,0.01375,0,0,0,0
06/11/2008,0.000100610111536249,0.1,18.5413364510926,6,323.663233641712,0,2.7015563242848,10.8062252971392,0.725485692485109,0,400,25,7.2041501980928,24.3140069185632,0.30546765999373,0.878219522481974,0.01375,0.011,0.01375,0.01375,0,0,0,0
07/11/2008,0.000205701455826896,0.1,18.678577902302,6,322.528165316262,0,2.08384764460523,8.33539057842093,0.523568016546841,0,400,25,5.55692705228062,18.7546288014471,0.220449691177617,0.63379286213565,0.01375,0.011,0.01375,0.01375,0,0,0,0
08/11/2008,0.00020332683668696,0.1,18.8156184800527,6,321.380877777935,0,2.08327582746457,8.33310330985828,0.52338109997613,0,400,25,5.55540220657219,18.7494824471811,0.220370989463634,0.633566594707947,0.01375,0.011,0.01375,0.01375,0,0,0,0
09/11/2008,0.000138521366445926,0.1,18.9524176174254,6,320.221710648189,0,2.34441847415561,9.37767389662242,0.608743857604167,0,400,25,6.25178259774828,21.0997662674005,0.256313203201755,0.736900459205044,0.01375,0.011,0.01375,0.01375,0,0,0,0
10/11/2008,0.000131615875721109,0.1,19.0889348189725,6,319.05100706509,0,2.37942038443781,9.51768153775125,0.620185342255556,0,400,25,6.3451210251675,21.4147834599403,0.261130670423392,0.750750677467251,0.01375,0.011,0.01375,0.01375,0,0,0,0
11/11/2008,0.000116408045943035,0.1,19.2251296727055,6,317.869113581744,0,2.48371906707462,9.93487626829847,0.654278675074468,0,400,25,6.62325084553231,22.3534716036716,0.275485757926092,0.792021554037514,0.01375,0.011,0.01375,0.01375,0,0,0,0
12/11/2008,8.86895651883288e-05,0.1,19.3609618620575,6,316.676380063702,0,2.77738819237444,11.1095527694978,0.75027374398968,0,400,25,7.40636851299852,24.99649373137,0.315904734311444,0.908226111145402,0.01375,0.011,0.01375,0.01375,0,0,0,0
13/11/2008,0.00011497058032743,0.1,19.496391177818,6,315.473159585395,0,2.47670026863427,9.90680107453706,0.651984358164934,0,400,25,6.60453404969138,22.2903024177084,0.274519729753656,0.789244223041762,0.01375,0.011,0.01375,0.01375,0,0,0,0
14/11/2008,5.82863491370394e-05,0.1,19.6313775300357,6,314.259808325618,0,3.40339021494488,13.6135608597795,0.954902362120231,0,400,25,9.07570723985302,30.6305119345039,0.402064152471676,1.15593443835607,0.01375,0.011,0.01375,0.01375,0,0,0,0
15/11/2008,0.00824721723740052,0.1,19.7658809598859,38.7494838484072,313.036685462092,0,7.61346329682128,30.4538531872851,2.27125167367209,0,400,25,20.3025687915234,68.5211696713916,0.956316494177721,2.74940992076095,0.01375,0.011,0.01375,0.01375,0,0,0,0
16/11/2008,0.00649966961071366,0.1,19.899861651499,38.3634010657195,311.80415306514,0,7.08811597992503,28.3524639197001,2.08624479090352,0,400,25,18.9016426131334,63.7930438193252,0.878418859327797,2.52545422056741,0.01375,0.011,0.01375,0.01375,0,0,0,0
17/11/2008,0.000176241956899699,0.1,20.0332799437473,6,310.562575990505,0,2.10819499285212,8.43277997140848,0.531526719629695,0,400,25,5.62185331427232,18.9737549356691,0.223800724054608,0.643427081656999,0.01375,0.011,0.01375,0.01375,0,0,0,0
18/11/2008,0.00021177281515937,0.1,20.166096341985,6,309.31232177135,0,1.99928995340962,7.99715981363848,0.495927652973221,0,400,25,5.33143987575898,17.9936095806866,0.208811643357146,0.600333474651794,0.01375,0.011,0.01375,0.01375,0,0,0,0
19/11/2008,0.0029341583087007,0.1,20.2982715297398,36.7603730536114,308.053760509454,0,7.29579257022594,29.1831702809037,2.17171500578546,0,400,25,19.4554468539358,65.6621331320334,0.914406318225458,2.62891816489819,0.01375,0.011,0.01375,0.01375,0,0,0,0
20/11/2008,0.0174656893472647,0.1,20.4297663803513,39.390226923326,306.787264765657,0,7.63947492587256,30.5578997034902,2.27602748745671,0,400,25,20.3719331356602,68.755274332853,0.958327363139667,2.75519116902654,0.01375,0.011,0.01375,0.01375,0,0,0,0
21/11/2008,0.0119508521091209,0.1,20.5605419685534,39.1286390258755,305.513209449576,0,7.20606812985286,28.8242725194114,2.12294758712995,0,400,25,19.2161816796076,64.8546131686757,0.893872668265244,2.56988392126258,0.01375,0.011,0.01375,0.01375,0,0,0,0
22/11/2008,3.76065405398223e-05,0.1,20.6905595819968,6,304.231971708621,0,3.85714285714286,15.4285714285714,1.10322580645161,0,400,25,10.2857142857143,34.7142857142857,0.464516129032258,1.33548387096774,0.01375,0.011,0.01375,0.01375,0,0,0,0
23/11/2008,0.000165875873856789,0.1,20.8197807327088,6,302.94393081635,0,2.08786385838828,8.35145543355311,0.524880843417858,0,400,25,5.56763695570207,18.7907747254945,0.221002460386466,0.635382073611091,0.01375,0.011,0.01375,0.01375,0,0,0,0
24/11/2008,0.000421593345864089,0.1,20.9481671684868,27.9503732899881,301.649468060202,0,6.12546500571106,24.5018600228442,1.80844666139431,0,400,25,16.3345733485628,55.1291850513995,0.761451225850238,2.18917227431943,0.01375,0.011,0.01375,0.01375,0,0,0,0
25/11/2008,0.000379133033284542,0.1,21.0756808842214,24.0613001194667,300.348966628621,0,5.18090814362826,20.723632574513,1.50067772365225,0,400,25,13.8157550496754,46.6281732926543,0.631864304695685,1.8166098760001,0.01375,0.011,0.01375,0.01375,0,0,0,0
26/11/2008,0.000193715489711815,0.1,21.2022841331467,6,299.042811497628,0,1.98130977229282,7.92523908917126,0.490050260436115,0,400,25,5.28349272611417,17.8317879506353,0.206336951762575,0.593218736317403,0.01375,0.011,0.01375,0.01375,0,0,0,0
27/11/2008,9.25650615358954e-05,0.1,21.3279394380145,6,297.73138931686,0,2.48561501272479,9.94246005089915,0.654898425050437,0,400,25,6.62830670059943,22.3705351145231,0.275746705284395,0.792771777692635,0.01375,0.011,0.01375,0.01375,0,0,0,0
28/11/2008,0.000992667740212498,0.1,21.4526096021881,31.0767713705356,296.41508829511,0,6.31271028208572,25.2508411283429,1.86068818697752,0,400,25,16.8338940855619,56.8143925387715,0.783447657674747,2.2524120158149,0.01375,0.011,0.01375,0.01375,0,0,0,0
29/11/2008,0.0155768004646337,0.1,21.5762577206533,39.3572655141759,295.094298085414,0,7.679107534186,30.716430136744,2.29044321451045,0,400,25,20.4776200911627,69.111967807674,0.964397142951767,2.77264178598633,0.01375,0.011,0.01375,0.01375,0,0,0,0
30/11/2008,0.0199529602793896,0.1,21.6988471909432,39.4847583450124,293.769409669701,0,7.42684946866485,29.7073978746594,2.1993512364123,0,400,25,19.8049319164396,66.8416452179836,0.92604262585781,2.66237254934121,0.01375,0.011,0.01375,0.01375,0,0,0,0
01/12/2008,0.00649438651952859,0.1,21.8203417239731,38.5317423108029,292.440815243058,0,7.14121809126719,28.5648723650688,2.10405247090939,0,400,25,19.0432482433792,64.2709628214047,0.885916829856587,2.54701088583769,0.01375,0.011,0.01375,0.01375,0,0,0,0
02/12/2008,3.17376797963257e-05,0.1,21.9407053547832,6,291.108908097629,0,3.85714285714286,15.4285714285714,1.10322580645161,0,400,25,10.2857142857143,34.7142857142857,0.464516129032258,1.33548387096774,0.01375,0.011,0.01375,0.01375,0,0,0,0
03/12/2008,2.10747484951927e-05,0.1,22.0599024531845,6,289.774082506192,0,3.85714285714286,15.4285714285714,1.10322580645161,0,400,25,10.2857142857143,34.7142857142857,0.464516129032258,1.33548387096774,0.01375,0.011,0.01375,0.01375,0,0,0,0
04/12/2008,0.000152195159458737,0.1,22.1778977343065,6,288.436733605447,0,2.03299948281753,8.1319979312701,0.506946681940967,0,400,25,5.42133195418007,18.2969953453577,0.21345123450146,0.613672299191697,0.01375,0.011,0.01375,0.01375,0,0,0,0
05/12/2008,0.000109275995150575,0.1,22.294656269042,6,287.097257279049,0,2.22704821544543,8.90819286178172,0.570377665509658,0,400,25,5.93879524118781,20.0434339390089,0.240159017056698,0.690457174038007,0.01375,0.011,0.01375,0.01375,0,0,0,0
06/12/2008,2.31438132524921e-05,0.1,22.4101434943871,6,285.756050040415,0,3.85714285714286,15.4285714285714,1.10322580645161,0,400,25,10.2857142857143,34.7142857142857,0.464516129032258,1.33548387096774,0.01375,0.011,0.01375,0.01375,0,0,0,0
07/12/2008,0.000870785568086828,0.1,22.5243252236724,33.0879205325174,284.413508915348,0,6.82526476580439,27.3010590632176,2.02740920517772,0,400,25,18.2007060421451,61.4273828922395,0.853645981127459,2.45423219574145,0.01375,0.011,0.01375,0.01375,0,0,0,0
08/12/2008,0.000698540261181577,0.1,22.637167656683,30.8485358231334,283.070031324511,0,6.17767389635027,24.7106955854011,1.81214414273386,0,400,25,16.473797056934,55.5990650671524,0.763008060098468,2.19364817278309,0.01375,0.011,0.01375,0.01375,0,0,0,0
09/12/2008,2.07977517725579e-05,0.1,22.7486373896641,6,281.726014965779,0,3.85714285714286,15.4285714285714,1.10322580645161,0,400,25,10.2857142857143,34.7142857142857,0.464516129032258,1.33548387096774,0.01375,0.011,0.01375,0.01375,0,0,0,0
10/12/2008,0.000100647162965,0.1,22.8587014252095,6,280.381857696517,0,2.22794052482961,8.91176209931843,0.570669345136314,0,400,25,5.94117473287896,20.0514647234665,0.24028182953108,0.690810259901854,0.01375,0.011,0.01375,0.01375,0,0,0,0
11/12/2008,0.00383439208974718,0.1,22.9673271820289,37.5568318874783,279.037957415799,0,7.38016625643741,29.5206650257497,2.19662322718078,0,400,25,19.6804433504998,66.4214963079367,0.924893990391908,2.65907022237674,0.01375,0.011,0.01375,0.01375,0,0,0,0
12/12/2008,0.00880236431007261,0.1,23.0744825045931,38.9151891322987,277.694711946626,0,7.45882346333989,29.8352938533595,2.21493319336549,0,400,25,19.8901959022397,67.129411170059,0.9326034498381,2.68123491828454,0.01375,0.011,0.01375,0.01375,0,0,0,0
13/12/2008,0.0736443233361035,0.1,23.180135672653,38.4054620364094,276.352518918163,0,6.94929926636831,27.7971970654733,2.03770947451334,0,400,25,18.5314647103155,62.5436933973148,0.857982936637197,2.46670094283194,0.01375,0.011,0.01375,0.01375,0,0,0,0
14/12/2008,0.0665331999649331,0.1,23.2842554106286,36.5091950202723,275.011775648026,0,5.73816572171881,22.9526628868752,1.62056554876063,0,400,25,15.3017752579168,51.6434914954693,0.682343388951842,1.96173724323655,0.01375,0.011,0.01375,0.01375,0,0,0,0
15/12/2008,0.00534044053602868,0.1,23.3868108968681,6,273.672879024676,0,0.875340710507939,3.50136284203176,0.128529190777403,0,400,25,2.33424189468784,7.87806639457146,0.0541175540115382,0.155587967783172,0.01375,0.011,0.01375,0.01375,0,0,0,0
16/12/2008,0.00425940334217744,0.1,23.4877717727713,6,272.336225389925,0,0.871248445915555,3.48499378366222,0.127191504286989,0,400,25,2.32332918910815,7.84123601324,0.0535543175945219,0.15396866308425,0.01375,0.011,0.01375,0.01375,0,0,0,0
17/12/2008,0.00356255077304165,0.1,23.5871081517765,6,271.002210421614,0,0.896766038243909,3.58706415297564,0.135532738768516,0,400,25,2.39137610198376,8.07089434419518,0.0570664163235856,0.164065946930309,0.01375,0.011,0.01375,0.01375,0,0,0,0
18/12/2008,0.00277176713360948,0.1,23.6847906282074,6,269.671229016481,0,0.877257873377907,3.50903149351163,0.129155876274683,0,400,25,2.33935432900775,7.89532086040116,0.0543814215893402,0.156346587069353,0.01375,0.011,0.01375,0.01375,0,0,0,0
19/12/2008,0.00220232858236798,0.1,23.7807902859783,6,268.343675173266,0,0.870514318234151,3.4820572729366,0.126951531367477,0,400,25,2.32137151529107,7.83462886410736,0.0534532763652533,0.153678169550103,0.01375,0.011,0.01375,0.01375,0,0,0,0
20/12/2008,0.00189054933342965,0.1,23.8750787071532,6,267.019941876079,0,0.911373038472286,3.64549215388914,0.140307500133491,0,400,25,2.43032810259276,8.20235734625058,0.0590768421614698,0.169845921214226,0.01375,0.011,0.01375,0.01375,0,0,0,0
21/12/2008,0.0015057157600634,0.1,23.9676279803587,6,265.700420978066,0,0.906003085496126,3.6240123419845,0.138552160666015,0,400,25,2.41600822798967,8.15402776946514,0.0583377518593747,0.167721036595702,0.01375,0.011,0.01375,0.01375,0,0,0,0
22/12/2008,0.001167694971923,0.1,24.0584107090458,6,264.385503085413,0,0.88386612586948,3.53546450347792,0.131315993218165,0,400,25,2.35697633565195,7.95479513282532,0.0552909445129115,0.158961465474621,0.01375,0.011,0.01375,0.01375,0,0,0,0
23/12/2008,0.00111124817997536,0.1,24.1474000196006,6,263.07557744172,0,0.980032388739208,3.92012955495683,0.162750986672356,0,400,25,2.61341970330455,8.82029149865287,0.0685267312304655,0.197014352287588,0.01375,0.011,0.01375,0.01375,0,0,0,0
24/12/2008,0.0010445579866944,0.1,24.2345695692986,6,261.771031812774,0,1.05533453163804,4.22133812655216,0.1873658806952,0,400,25,2.81422541770144,9.49801078474237,0.078890897134821,0.22681132926261,0.01375,0.011,0.01375,0.01375,0,0,0,0
25/12/2008,0.000773002927713667,0.1,24.3198935541034,6,260.472252371766,0,1.01463510887286,4.05854043549143,0.174061983361204,0,400,25,2.70569362366095,9.13171597985571,0.073289256152086,0.210706611437247,0.01375,0.011,0.01375,0.01375,0,0,0,0
26/12/2008,0.000554299187108143,0.1,24.4033467163048,6,259.17962358497,0,0.952022251553543,3.80808900621417,0.153594984839622,0,400,25,2.53872600414278,8.56820026398188,0.0646715725640513,0.185930771121647,0.01375,0.011,0.01375,0.01375,0,0,0,0
27/12/2008,0.000556563608107143,0.1,24.484904351996,6,257.893528097937,0,1.05903009044689,4.23612036178756,0.188573891316587,0,400,25,2.82408024119171,9.53127081402201,0.0793995331859314,0.228273657909553,0.01375,0.011,0.01375,0.01375,0,0,0,0
28/12/2008,0.0182017763423427,0.1,24.5645423183859,38.881880635257,256.614346622224,0,7.5927200093539,30.3708800374156,2.26360633858219,0,400,25,20.2472533582771,68.3344800841851,0.953097405718817,2.7401550414416,0.01375,0.011,0.01375,0.01375,0,0,0,0
29/12/2008,0.0143975836363686,0.1,24.6422370409468,38.6474975052369,255.342457822691,0,7.06534262788061,28.2613705115224,2.07685813711376,0,400,25,18.8409136743483,63.5880836509255,0.874466584047899,2.51409142913771,0.01375,0.011,0.01375,0.01375,0,0,0,0
30/12/2008,0.000240717208448369,0.1,24.7179655203918,6,254.078238205414,0,0.942476823818005,3.76990729527202,0.150474758999188,0,400,25,2.51327153018135,8.48229141436205,0.0633577932628161,0.182153655630596,0.01375,0.011,0.01375,0.01375,0,0,0,0
31/12/2008,0.000180833906258673,0.1,24.7917053394842,6,252.822062006227,0,0.885816866588036,3.54326746635214,0.13195365470036,0,400,25,2.36217831090143,7.97235179929233,0.0555594335580461,0.159733371479383,0.01375,0.011,0.01375,0.01375,0,0,0,0
01/01/2009,3.79814809523665e-05,0.1,24.8051371179797,6,252.59041410873,0,0.857142857142857,3.42857142857143,0.12258064516129,0,400,25,2.28571428571429,7.71428571428571,0.0516129032258065,0.148387096774194,0.01375,0.011,0.01375,0.01375,0,0,0,0
02/01/2009,7.47145978590959e-05,0.1,24.8764918925008,6,251.344251726306,0,1.34284230211361,5.37136920845446,0.28134691534528,0,400,25,3.5809128056363,12.0855807190225,0.118461859092749,0.340577844891654,0.01375,0.011,0.01375,0.01375,0,0,0,0
03/01/2009,0.000179385342153621,0.1,24.9458110794992,6,250.106942079986,0,1.43819607087769,5.75278428351075,0.312516319328375,0,400,25,3.8351895223405,12.9437646378992,0.131585818664579,0.378309228660664,0.01375,0.011,0.01375,0.01375,0,0,0,0
04/01/2009,3.86249272542706e-05,0.1,25.0130741590243,6,248.878851439682,0,1.21303819586419,4.85215278345675,0.238916325775575,0,400,25,3.2347685223045,10.9173437627777,0.100596347694979,0.289214499623064,0.01375,0.011,0.01375,0.01375,0,0,0,0
05/01/2009,0,0.1,25.0782612197774,0,247.660343346284,0,0,0,0,0,400,25,0,0,0,0,0.01375,0.011,0.01375,0.01375,0,0,0,0
06/01/2009,0,0.1,25.1413529650052,0,246.451778504046,0,0,0,0,0,400,25,0,0,0,0,0.01375,0.011,0.01375,0.01375,0,0,0,0
07/01/2009,1.21255681362074e-05,0.1,25.2023307182122,6,245.253514673805,0,0.873015511793464,3.49206204717386,0.127769125821274,0,400,25,2.32804136478257,7.85713960614117,0.0537975266615889,0.154667889152068,0.01375,0.011,0.01375,0.01375,0,0,0,0
08/01/2009,0.000150033329804731,0.1,25.2611764286895,6,244.065906567085,0,1.45500064421232,5.82000257684928,0.318009427171094,0,400,25,3.88000171789952,13.0950057979109,0.133898706177303,0.384958780259745,0.01375,0.011,0.01375,0.01375,0,0,0,0
09/01/2009,0.00010149999344453,0.1,25.317872676858,6,242.889305741087,0,1.43223369447402,5.72893477789609,0.310567327471693,0,400,25,3.81928985193073,12.8901032502662,0.130765190514397,0.375949922728891,0.01375,0.011,0.01375,0.01375,0,0,0,0
10/01/2009,0.000123557629720845,0.1,25.3724026794253,6,241.724060494622,0,1.44564386658037,5.78257546632148,0.314950867601079,0,400,25,3.85505031088099,13.0107947992233,0.132610891621507,0.381256313411833,0.01375,0.011,0.01375,0.01375,0,0,0,0
11/01/2009,5.82808373416572e-05,0.1,25.4247502943533,6,240.570515765012,0,1.38347398803879,5.53389595215515,0.294628670744476,0,400,25,3.68926396810344,12.4512658923491,0.124054177155569,0.356655759322261,0.01375,0.011,0.01375,0.01375,0,0,0,0
12/01/2009,0.00305195413142631,0.1,25.4749000256372,37.4617184274107,239.429013025974,0,7.43722657396934,29.7489062958774,2.21791335151298,0,400,25,19.8326041972516,66.9350391657241,0.933858253268623,2.68484247814729,0.01375,0.011,0.01375,0.01375,0,0,0,0
13/01/2009,0.00233564578925019,0.1,25.5228370278924,36.7348053373891,238.299890186543,0,6.97586348663518,27.9034539465407,2.05831027403282,0,400,25,18.6023026310272,62.7827713797167,0.866656957487504,2.49163875277657,0.01375,0.011,0.01375,0.01375,0,0,0,0
14/01/2009,0,0.1,25.5685471107489,0,237.18348149104,0,0,0,0,0,400,25,0,0,0,0,0.01375,0.011,0.01375,0.01375,0,0,0,0
15/01/2009,0,0.1,25.6120167430522,0,236.08011742013,0,0,0,0,0,400,25,0,0,0,0,0.01375,0.011,0.01375,0.01375,0,0,0,0
16/01/2009,0,0.1,25.6532330568687,0,234.990124592991,0,0,0,0,0,400,25,0,0,0,0,0.01375,0.011,0.01375,0.01375,0,0,0,0
17/01/2009,9.30323811205541e-05,0.1,25.6921838512949,6,233.91382567063,0,1.45219544278005,5.8087817711202,0.31709245810076,0,400,25,3.8725211807468,13.0697589850205,0.133512613937162,0.383848765069341,0.01375,0.011,0.01375,0.01375,0,0,0,0
18/01/2009,0,0.1,25.7288575960691,0,232.851539260369,0,0,0,0,0,400,25,0,0,0,0,0.01375,0.011,0.01375,0.01375,0,0,0,0
19/01/2009,0,0.1,25.7632434349846,0,231.803579821526,0,0,0,0,0,400,25,0,0,0,0,0.01375,0.011,0.01375,0.01375,0,0,0,0
20/01/2009,0,0.1,25.7953311891033,0,230.770257572335,0,0,0,0,0,400,25,0,0,0,0,0.01375,0.011,0.01375,0.01375,0,0,0,0
21/01/2009,0.000957535692210493,0.1,25.8251113597692,36.5047699220752,229.751878398107,0,7.51064809375454,30.0425923750182,2.2483343943874,0,400,25,20.0283949166788,67.5958328437908,0.946667113426272,2.72166795110053,0.01375,0.011,0.01375,0.01375,0,0,0,0
22/01/2009,0.0182542166332304,0.1,25.8525751314198,39.5152576865267,228.74874376069,0,7.71076644168746,30.8430657667498,2.30074855834304,0,400,25,20.5620438444999,69.3968979751871,0.968736235091805,2.78511667588894,0.01375,0.011,0.01375,0.01375,0,0,0,0
23/01/2009,0.0137126541987328,0.1,25.8777143741959,39.3369734630758,227.761150609223,0,7.22358941089032,28.8943576435613,2.12791711291248,0,400,25,19.2629050957075,65.0123046980129,0.895965100173676,2.57589966299932,0.01375,0.011,0.01375,0.01375,0,0,0,0
24/01/2009,0.0126108106037707,0.1,25.9005216463481,39.4133983534461,226.789391292236,0,7.77222402145343,31.0888960858137,2.32341743026358,0,400,25,20.7259307238758,69.9500161930808,0.978281023268877,2.81255794189802,0.01375,0.011,0.01375,0.01375,0,0,0,0
25/01/2009,0.0101354700081959,0.1,25.9209901964399,39.1000626365905,225.833753471109,0,7.17136713394468,28.6854685357787,2.11103182208711,0,400,25,19.1236456905191,64.5423042055021,0.888855504036677,2.55545957410545,0.01375,0.011,0.01375,0.01375,0,0,0,0
26/01/2009,0.000102299769267242,0.1,25.9391139653462,6,224.894520034914,0,1.44134810761053,5.76539243044214,0.313546662518466,0,400,25,3.84359495362809,12.9721329684948,0.132019647376196,0.379556486206565,0.01375,0.011,0.01375,0.01375,0,0,0,0
27/01/2009,0.000150848935314505,0.1,25.9548875880467,6,223.971969016682,0,1.45680263650505,5.82721054602021,0.318598465511944,0,400,25,3.88480703068014,13.1112237285455,0.134146722320818,0.385671826672353,0.01375,0.011,0.01375,0.01375,0,0,0,0
28/01/2009,0,0.1,25.9683063952143,0,223.066373511089,0,0,0,0,0,400,25,0,0,0,0,0.01375,0.011,0.01375,0.01375,0,0,0,0
29/01/2009,0,0.1,25.9793664145975,0,222.178001593623,0,0,0,0,0,400,25,0,0,0,0,0.01375,0.011,0.01375,0.01375,0,0,0,0
30/01/2009,0,0.1,25.9880643721958,0,221.307116241223,0,0,0,0,0,400,25,0,0,0,0,0.01375,0.011,0.01375,0.01375,0,0,0,0
31/01/2009,0,0.1,25.9943976932292,0,220.453975254433,0,0,0,0,0,400,25,0,0,0,0,0.01375,0.011,0.01375,0.01375,0,0,0,0
01/02/2009,0,0.1,25.9983645029001,0,219.618831181091,0,0,0,0,0,400,25,0,0,0,0,0.01375,0.011,0.01375,0.01375,0,0,0,0
02/02/2009,0,0.1,25.9999636269489,0,218.801931241564,0,0,0,0,0,400,25,0,0,0,0,0.01375,0.011,0.01375,0.01375,0,0,0,0
03/02/2009,3.45900411544439e-05,0.1,25.9991945920008,6,218.00351725557,0,1.23159508549984,4.92638034199934,0.244982233785507,0,400,25,3.28425356133289,11.0843557694985,0.103150414225477,0.296557440898245,0.01375,0.011,0.01375,0.01375,0,0,0,0
04/02/2009,3.72142344682641e-05,0.1,25.9960576257065,6,217.22382557059,0,1.23889344845421,4.95557379381683,0.247367935224356,0,400,25,3.30371586254456,11.1500410360879,0.104154920094466,0.299445395271589,0.01375,0.011,0.01375,0.01375,0,0,0,0
05/02/2009,0,0.1,25.9905536566747,0,216.463086991908,0,0,0,0,0,400,25,0,0,0,0,0.01375,0.011,0.01375,0.01375,0,0,0,0
06/02/2009,0,0.1,25.9826843141968,0,215.721526714289,0,0,0,0,0,400,25,0,0,0,0,0.01375,0.011,0.01375,0.01375,0,0,0,0
07/02/2009,0,0.1,25.9724519277653,0,214.999364255309,0,0,0,0,0,400,25,0,0,0,0,0.01375,0.011,0.01375,0.01375,0,0,0,0
08/02/2009,0,0.1,25.9598595263838,0,214.296813390382,0,0,0,0,0,400,25,0,0,0,0,0.01375,0.011,0.01375,0.01375,0,0,0,0
09/02/2009,0.000181575629041853,0.1,25.9449108376702,6,213.614082089472,0,1.44419518816707,5.77678075266829,0.314477321108991,0,400,25,3.85118716844552,12.9977566935036,0.132411503624838,0.38068307292141,0.01375,0.011,0.01375,0.01375,0,0,0,0
10/02/2009,0.000184871815435046,0.1,25.9276102867536,6,212.951372455532,0,1.44089847322724,5.76359389290896,0.313399685257691,0,400,25,3.84239592860597,12.9680862590452,0.131957762213765,0.379378566364573,0.01375,0.011,0.01375,0.01375,0,0,0,0
11/02/2009,0.00101694043383927,0.1,25.9079629949642,33.687940410822,212.308880664676,0,6.72952874280197,26.9181149712079,1.99290683788057,0,400,25,17.9454099808052,60.5657586852177,0.839118668581294,2.41246617217122,0.01375,0.011,0.01375,0.01375,0,0,0,0
12/02/2009,0.00105731790082593,0.1,25.8859747783173,33.3528730149142,211.686796908109,0,6.37617932309796,25.5047172923919,1.8695028891001,0,400,25,17.0031448615946,57.3856139078817,0.78715911120004,2.26308244470012,0.01375,0.011,0.01375,0.01375,0,0,0,0
13/02/2009,0.00304118828339598,0.1,25.8616521457917,37.6110082239452,211.085305335824,0,7.38129979318064,29.5251991727226,2.19716921799912,0,400,25,19.6834661151484,66.4316981386258,0.925123881262789,2.65973115863052,0.01375,0.011,0.01375,0.01375,0,0,0,0
14/02/2009,0.00727683146344451,0.1,25.8350022974027,38.8300883993907,210.50458400209,0,7.42284404795857,29.6913761918343,2.20303337106665,0,400,25,19.7942507945562,66.8055964316271,0.927592998343851,2.66682987023857,0.01375,0.011,0.01375,0.01375,0,0,0,0
15/02/2009,0.0324868970091367,0.1,25.8060331220709,39.1436867346916,209.944804812745,0,7.54604799833279,30.1841919933312,2.24504041208039,0,400,25,20.1227946622208,67.9144319849951,0.945280173507533,2.71768049883416,0.01375,0.011,0.01375,0.01375,0,0,0,0
16/02/2009,0.0380143795155211,0.1,25.774753195287,37.8765580623884,209.406133474307,0,7.01888509275639,28.0755403710256,2.07203239933095,0,400,25,18.7170269140171,63.1699658348075,0.872434694455135,2.50824974655851,0.01375,0.011,0.01375,0.01375,0,0,0,0
17/02/2009,0.0159479322027546,0.1,25.7411717765731,33.829178968917,208.888729444924,0,6.06673421530643,24.2669368612257,1.75911337474399,0,400,25,16.1779579074838,54.6006079377579,0.740679315681681,2.12945303258483,0.01375,0.011,0.01375,0.01375,0,0,0,0
18/02/2009,0.0171826239266901,0.1,25.7052988067417,34.3838677169439,208.392745887169,0,6.34366423454679,25.3746569381872,1.85364669389426,0,400,25,16.9164379587915,57.0929781109212,0.780482818481796,2.24388810313516,0.01375,0.011,0.01375,0.01375,0,0,0,0
19/02/2009,0.0144308406245042,0.1,25.6671449049533,32.0261383478382,207.918329622699,0,5.33948786134328,21.3579514453731,1.51370599139056,0,400,25,14.2386342969154,48.0553907520896,0.637349891111815,1.83238093694647,0.01375,0.011,0.01375,0.01375,0,0,0,0
20/02/2009,0.00307464670553524,0.1,25.6267213655722,10.2693413863896,207.465621088795,0,1.69775513860495,6.79102055441982,0.387198460846187,0,400,25,4.52734703627988,15.2797962474446,0.163030930882605,0.468713926287489,0.01375,0.011,0.01375,0.01375,0,0,0,0
21/02/2009,0.00437739425811027,0.1,25.5840401548241,22.6500807346814,207.034754296791,0,4.28039654053502,17.1215861621401,1.21042501637145,0,400,25,11.41439077476,38.5235688648151,0.509652638472189,1.46525133560754,0.01375,0.011,0.01375,0.01375,0,0,0,0
22/02/2009,0.00351415653778599,0.1,25.5391139072529,22.181616818035,206.625856792401,0,3.95667889303168,15.8267155721267,1.09826105675998,0,400,25,10.5511437147512,35.6101100372852,0.462425708109463,1.32947391081471,0.01375,0.011,0.01375,0.01375,0,0,0,0
23/02/2009,0.00141026726620889,0.1,25.4919559219814,6,206.239049617962,0,0.859010280076983,3.43604112030793,0.123191071582768,0,400,25,2.29069408020529,7.73109252069284,0.0518699248769549,0.149126034021245,0.01375,0.011,0.01375,0.01375,0,0,0,0
24/02/2009,0.00482460664670637,0.1,25.4425801587739,31.5609554871534,205.874447276606,0,6.1117129446727,24.4468517786908,1.79299955796691,0,400,25,16.2979011857939,55.0054165020543,0.754947182301856,2.17047314911783,0.01375,0.011,0.01375,0.01375,0,0,0,0
25/02/2009,0.00381431352270937,0.1,25.391001233904,30.9998820717533,205.532157698364,0,5.66181429977277,22.6472571990911,1.63648458626274,0,400,25,15.0981714660607,50.956328697955,0.689046141584313,1.9810076570549,0.01375,0.011,0.01375,0.01375,0,0,0,0
26/02/2009,0.000793318170063444,0.1,25.3372344158281,6,205.212282208215,0,0.872862471620469,3.49144988648188,0.12771909978623,0,400,25,2.32763325765458,7.85576224458422,0.0537764630678864,0.154607331320173,0.01375,0.011,0.01375,0.01375,0,0,0,0
27/02/2009,0.00067059857760617,0.1,25.2812956206654,6,204.91491549609,0,0.885998607453896,3.54399442981558,0.132013062467264,0,400,25,2.36266295321039,7.97398746708506,0.0555844473546376,0.159805286144583,0.01375,0.011,0.01375,0.01375,0,0,0,0
28/02/2009,0.000487870683031099,0.1,25.2232014074861,6,204.640145588848,0,0.857142857142857,3.42857142857143,0.12258064516129,0,400,25,2.28571428571429,7.71428571428572,0.0516129032258065,0.148387096774194,0.01375,0.011,0.01375,0.01375,0,0,0,0
01/03/2009,0.000433265677062574,0.1,25.1629689734102,6,204.388053824211,0,0.857142857142857,3.42857142857143,0.12258064516129,0,400,25,2.28571428571429,7.71428571428572,0.0516129032258065,0.148387096774194,0.01375,0.011,0.01375,0.01375,0,0,0,0
02/03/2009,0.000376292480361689,0.1,25.1006161485163,6,204.158714826692,0,0.857142857142857,3.42857142857143,0.12258064516129,0,400,25,2.28571428571429,7.71428571428572,0.0516129032258064,0.148387096774194,0.01375,0.011,0.01375,0.01375,0,0,0,0
03/03/2009,0.000343519804714649,0.1,25.0361613905638,6,203.952196485501,0,0.892243444159283,3.56897377663713,0.134054385433326,0,400,25,2.37931585109142,8.03019099743355,0.0564439517614005,0.162276361314026,0.01375,0.011,0.01375,0.01375,0,0,0,0
04/03/2009,0.000281381097967359,0.1,24.9696237795288,6,203.768559934448,0,0.857811564082812,3.43124625633125,0.122799233236286,0,400,25,2.28749750422083,7.72030407674531,0.0517049403100153,0.148651703391294,0.01375,0.011,0.01375,0.01375,0,0,0,0
05/03/2009,0.000215773389640044,0.1,24.9010230119562,6,203.60785953385,0,0.857142857142857,3.42857142857143,0.12258064516129,0,400,25,2.28571428571429,7.71428571428572,0.0516129032258065,0.148387096774194,0.01375,0.011,0.01375,0.01375,0,0,0,0
06/03/2009,0.00022321560009134,0.1,24.8303793951287,6,203.470142854435,0,0.872073630120229,3.48829452048092,0.127461241919485,0,400,25,2.32552968032061,7.84866267108206,0.0536678913345201,0.154295187586745,0.01375,0.011,0.01375,0.01375,0,0,0,0
07/03/2009,0.000195259684589211,0.1,24.7577138410562,6,203.355450663264,0,0.857142857142857,3.42857142857143,0.12258064516129,0,400,25,2.28571428571429,7.71428571428572,0.0516129032258065,0.148387096774194,0.01375,0.011,0.01375,0.01375,0,0,0,0
08/03/2009,0.000221190124549249,0.1,24.6830478602847,6,203.263816911658,0,0.983726978452259,3.93490791380904,0.163958680514041,0,400,25,2.62327194253936,8.85354280607033,0.0690352339006489,0.198476297464366,0.01375,0.011,0.01375,0.01375,0,0,0,0
09/03/2009,0.00080568770274223,0.1,24.6064035555288,27.8580562094375,203.195268725153,0,5.49339011469433,21.9735604587773,1.59823683989659,0,400,25,14.6490403058516,49.440511032249,0.67294182732488,1.93470775355903,0.01375,0.011,0.01375,0.01375,0,0,0,0
10/03/2009,0.00201093806375522,0.1,24.5278036151292,35.7293640619528,203.149826395466,0,6.97284934104595,27.8913973641838,2.06608353303653,0,400,25,18.5942649094559,62.7556440694136,0.869929908646959,2.50104848736001,0.01375,0.011,0.01375,0.01375,0,0,0,0
11/03/2009,0.00176767650038235,0.1,24.4472713063363,34.6283355283248,203.127503374491,0,6.53206282067085,26.1282512826834,1.91717509035305,0,400,25,17.4188341884556,58.7885653860376,0.807231616990759,2.32079089884843,0.01375,0.011,0.01375,0.01375,0,0,0,0
12/03/2009,0.00450007105706532,0.1,24.3648304684224,38.1039777590802,203.128306270316,0,7.46653862410017,29.8661544964007,2.22436259576363,0,400,25,19.9107696642671,67.1988476169015,0.936573724532055,2.69264945802966,0.01375,0.011,0.01375,0.01375,0,0,0,0
13/03/2009,0.00339790049981033,0.1,24.2805055056248,37.088657056432,203.152234845267,0,6.81231581576114,27.2492632630446,1.99843408562138,0,400,25,18.1661755086964,61.3108423418503,0.841445930787951,2.41915705101536,0.01375,0.011,0.01375,0.01375,0,0,0,0
14/03/2009,0.00365023921384516,0.1,24.1943213799221,37.6888330970222,203.199282015978,0,7.40789327756221,29.6315731102488,2.20658646891839,0,400,25,19.7543820734992,66.6710394980599,0.929089039544584,2.67113098869068,0.01375,0.011,0.01375,0.01375,0,0,0,0
15/03/2009,0.00533425831461649,0.1,24.1063036036443,38.3863727742891,203.269433855488,0,7.31829217013209,29.2731686805284,2.16921691640162,0,400,25,19.5154457870189,65.8646295311889,0.913354491116473,2.62589416195986,0.01375,0.011,0.01375,0.01375,0,0,0,0
16/03/2009,0.00205716220564048,0.1,24.016478231921,36.3802787890052,203.362669597364,0,6.8162568538351,27.2650274153404,2.0049574478842,0,400,25,18.1766849435603,61.3463116845159,0.844192609635454,2.42705375270193,0.01375,0.011,0.01375,0.01375,0,0,0,0
17/03/2009,0.000101898510692811,0.1,23.9248718549683,6,203.478961641847,0,0.857142857142857,3.42857142857143,0.12258064516129,0,400,25,2.28571428571429,7.71428571428572,0.0516129032258065,0.148387096774194,0.01375,0.011,0.01375,0.01375,0,0,0,0
18/03/2009,0.000103768525268415,0.1,23.8315115902177,6,203.618275564026,0,0.857142857142857,3.42857142857143,0.12258064516129,0,400,25,2.28571428571429,7.71428571428572,0.0516129032258065,0.148387096774194,0.01375,0.011,0.01375,0.01375,0,0,0,0
19/03/2009,0.000105638427884733,0.1,23.7364250742888,6,203.780570124022,0,0.857142857142857,3.42857142857143,0.12258064516129,0,400,25,2.28571428571429,7.71428571428572,0.0516129032258065,0.148387096774194,0.01375,0.011,0.01375,0.01375,0,0,0,0
20/03/2009,0.000100989079225381,0.1,23.6396404548081,6,203.965797279202,0,0.857142857142857,3.42857142857143,0.12258064516129,0,400,25,2.28571428571429,7.71428571428572,0.0516129032258065,0.148387096774194,0.01375,0.011,0.01375,0.01375,0,0,0,0
21/03/2009,0.000134749384942902,0.1,23.5411863820767,6,204.173902198397,0,0.985762894166924,3.9430515766677,0.164624184145501,0,400,25,2.6287010511118,8.87186604750232,0.0693154459560006,0.199281907123502,0.01375,0.011,0.01375,0.01375,0,0,0,0
22/03/2009,7.22764866919148e-05,0.1,23.4410920005895,6,204.404823278136,0,0.857142857142857,3.42857142857143,0.12258064516129,0,400,25,2.28571428571429,7.71428571428572,0.0516129032258065,0.148387096774194,0.01375,0.011,0.01375,0.01375,0,0,0,0
23/03/2009,0.00196019997106941,0.1,23.3393869404073,36.7099867067443,204.658492160877,0,7.27009029394849,29.080361175794,2.16454976358122,0,400,25,19.3869074505293,65.4308126455364,0.911389374139462,2.62024445065095,0.01375,0.011,0.01375,0.01375,0,0,0,0
24/03/2009,0.00348583035584015,0.1,23.2361013083863,37.9405974213476,204.93483375525,0,7.31179449193936,29.2471779677575,2.17022979906046,0,400,25,19.4981186451716,65.8061504274543,0.913780968025456,2.62712028307319,0.01375,0.011,0.01375,0.01375,0,0,0,0
25/03/2009,0.00159872927530996,0.1,23.1312656792653,35.9483472911032,205.233766258277,0,6.78760393352677,27.1504157341071,1.99790683128306,0,400,25,18.1002771560714,61.0884354017409,0.841223928961291,2.41851879576371,0.01375,0.011,0.01375,0.01375,0,0,0,0
26/03/2009,0.00501119889963329,0.1,23.0249110866152,38.5241977404931,205.555201179595,0,7.56903536888544,30.2761414755418,2.25776542543841,0,400,25,20.1840943170279,68.121318319969,0.950638073868802,2.73308446237281,0.01375,0.011,0.01375,0.01375,0,0,0,0
27/03/2009,0.00421366543355779,0.1,22.9170690136522,38.0449337435324,205.899043367646,0,7.02765287079048,28.1106114831619,2.0679765196452,0,400,25,18.7404076554413,63.2488758371143,0.870726955640082,2.50333999746524,0.01375,0.011,0.01375,0.01375,0,0,0,0
28/03/2009,0.000245998071068795,0.1,22.8077713839186,22.6667497580687,206.265191037846,0,4.50369772277843,18.0147908911137,1.28096298654206,0,400,25,12.0098605940758,40.5332795050059,0.539352836438764,1.55063940476145,0.01375,0.011,0.01375,0.01375,0,0,0,0
29/03/2009,9.61211212456194e-05,0.1,22.6970505518319,6,206.653535802714,0,0.857142857142857,3.42857142857143,0.12258064516129,0,400,25,2.28571428571429,7.71428571428572,0.0516129032258065,0.148387096774194,0.01375,0.011,0.01375,0.01375,0,0,0,0
30/03/2009,0.000101578707017683,0.1,22.5849392931081,6,207.063962703959,0,0.857142857142857,3.42857142857143,0.12258064516129,0,400,25,2.28571428571429,7.71428571428572,0.0516129032258065,0.148387096774194,0.01375,0.011,0.01375,0.01375,0,0,0,0
31/03/2009,0.00658453471453042,0.1,22.4714707950588,38.7927010653242,207.496350246509,0,7.58786356470589,30.3514542588236,2.26249637371429,0,400,25,20.2343028392157,68.290772082353,0.952630052090228,2.73881139975941,0.01375,0.011,0.01375,0.01375,0,0,0,0
01/04/2009,0.0354909930010538,0.1,22.3566786467673,38.7466777685104,207.950570434476,0,7.43921180636023,29.7568472254409,2.21951056904161,0,400,25,19.837898150294,66.9529062572421,0.934530765912257,2.68677595199774,0.01375,0.011,0.01375,0.01375,0,0,0,0
02/04/2009,0.0613422479871274,0.1,22.2405968291455,37.4701206458092,208.426488809045,0,6.72403535251563,26.8961414100625,1.99339892898088,0,400,25,17.9307609400417,60.5163181726406,0.839325864834054,2.4130618613979,0.01375,0.011,0.01375,0.01375,0,0,0,0
03/04/2009,0.0372692259105959,0.1,22.1232597048746,34.9400936278817,208.923964488279,0,5.47839102396255,21.9135640958502,1.53995658937887,0,400,25,14.6090427305668,49.3055192156629,0.648402774475314,1.86415797661653,0.01375,0.011,0.01375,0.01375,0,0,0,0
04/04/2009,0.0242410810193182,0.1,22.0047020082334,33.1090245674936,209.442850208819,0,5.62383234107897,22.4953293643159,1.60676548448567,0,400,25,14.9968862428773,50.6144910697108,0.676532835572914,1.94503190227213,0.01375,0.011,0.01375,0.01375,0,0,0,0
05/04/2009,0.020231670635705,0.1,21.8849588348159,30.9870421833562,209.982992369482,0,4.42251545278054,17.6900618111222,1.19445215865793,0,400,25,11.7933745407481,39.8026390750249,0.502927224698075,1.44591577100697,0.01375,0.011,0.01375,0.01375,0,0,0,0
06/04/2009,0.00427872202455947,0.1,21.7640656311426,6,210.544231076725,0,0.859053206996795,3.43621282798718,0.123205103608169,0,400,25,2.29080855199145,7.73147886297116,0.0518758330981764,0.149143020157257,0.01375,0.011,0.01375,0.01375,0,0,0,0
07/04/2009,0.00347174718956741,0.1,21.642058184167,6,211.126400191981,0,0.858480622332619,3.43392248933048,0.123017936148051,0,400,25,2.28928165955365,7.72632560099357,0.0517970257465479,0.148916449021325,0.01375,0.011,0.01375,0.01375,0,0,0,0
08/04/2009,0.00286008746641106,0.1,21.5189726106826,6,211.72932738084,0,0.86598584788043,3.46394339152172,0.125471257187336,0,400,25,2.30929559434781,7.79387263092387,0.0528300030262467,0.151886258700459,0.01375,0.011,0.01375,0.01375,0,0,0,0
09/04/2009,0.00233402376485627,0.1,21.3948453466311,6,212.352834164057,0,0.865322291721155,3.46128916688462,0.12525435280839,0,400,25,2.30752611125641,7.78790062549039,0.0527386748666904,0.151623690241735,0.01375,0.011,0.01375,0.01375,0,0,0,0
10/04/2009,0.0019429526094728,0.1,21.2697131363166,6,212.996735970394,0,0.874838317954342,3.49935327181737,0.128364967835152,0,400,25,2.33290218121158,7.87354486158907,0.0540484075095376,0.155389171589921,0.01375,0.011,0.01375,0.01375,0,0,0,0
11/04/2009,0.0016585154245075,0.1,21.1436130215288,6,213.660842191253,0,0.896812053072788,3.58724821229115,0.135547780174945,0,400,25,2.3914988081941,8.07130847765509,0.0570727495473453,0.164084154948618,0.01375,0.011,0.01375,0.01375,0,0,0,0
12/04/2009,0.00285827498552852,0.1,21.0165823305776,23.856916220072,214.3449562371,0,4.52713779271758,18.1085511708703,1.28885081839985,0,400,25,12.0723674472469,40.7442401344583,0.542674028799939,1.56018783279982,0.01375,0.011,0.01375,0.01375,0,0,0,0
13/04/2009,0.00488543483065576,0.1,20.8886586672431,31.7306935085864,215.04887559566,0,5.99099136538737,23.9639654615495,1.74875741946893,0,400,25,15.9759769743663,53.9189222884863,0.736318913460602,2.11691687619923,0.01375,0.011,0.01375,0.01375,0,0,0,0
14/04/2009,0.00946481521487679,0.1,20.7598798996444,36.427157958258,215.772391891864,0,6.9662531263569,27.8650125054276,2.05962819903084,0,400,25,18.5766750036184,62.6962781372121,0.867211873276145,2.49323413566892,0.01375,0.011,0.01375,0.01375,0,0,0,0
15/04/2009,0.00651829419321973,0.1,20.6302841490292,35.6850963380629,216.515290949537,0,6.56303914396367,26.2521565758547,1.92135864183192,0,400,25,17.5014377172365,59.067352295673,0.808993112350281,2.32585519800706,0.01375,0.011,0.01375,0.01375,0,0,0,0
16/04/2009,0.00117160098058246,0.1,20.49990977849,19.8351754608435,217.277352854791,0,3.55599970185543,14.2239988074217,0.973033248149892,0,400,25,9.48266587161447,32.0039973166989,0.409698209747323,1.17788235302355,0.01375,0.011,0.01375,0.01375,0,0,0,0
17/04/2009,0.000569121137656669,0.1,20.3687953816071,6,218.058352021133,0,0.860586395704238,3.44234558281695,0.123706274970602,0,400,25,2.2948970552113,7.74527756133814,0.0520868526192007,0.149749701280202,0.01375,0.011,0.01375,0.01375,0,0,0,0
18/04/2009,0.000500825007033304,0.1,20.2369797710241,6,218.858057256235,0,0.86488378915361,3.45953515661444,0.125111014334698,0,400,25,2.30635677107629,7.78395410238249,0.0526783218251358,0.151450175247266,0.01375,0.011,0.01375,0.01375,0,0,0,0
19/04/2009,0.000428530001555972,0.1,20.104501966959,6,219.676231830379,0,0.857142857142857,3.42857142857143,0.12258064516129,0,400,25,2.28571428571429,7.71428571428571,0.0516129032258065,0.148387096774194,0.01375,0.011,0.01375,0.01375,0,0,0,0
20/04/2009,0.00216909378281091,0.1,19.9714011856532,32.7840955734839,220.512633546526,0,6.37588297127471,25.5035318850989,1.87717735680911,0,400,25,17.0023545900659,57.3829467414724,0.790390466024888,2.27237258982155,0.01375,0.011,0.01375,0.01375,0,0,0,0
21/04/2009,0.00253342349389672,0.1,19.8377168277622,34.0668643827566,221.367014812022,0,6.37446094583833,25.4978437833533,1.86644615521507,0,400,25,16.9985625222355,57.370148512545,0.785872065353714,2.25938218789193,0.01375,0.011,0.01375,0.01375,0,0,0,0
22/04/2009,0.00686073748125314,0.1,19.703488466693,37.9028283122678,222.239122711881,0,7.34054406371705,29.3621762548682,2.18139028469482,0,400,25,19.5747841699121,66.0648965734534,0.918480119871503,2.64063034463057,0.01375,0.011,0.01375,0.01375,0,0,0,0
23/04/2009,0.00653567364039178,0.1,19.5687558368887,37.8372696191542,223.128699083657,0,7.01123458865801,28.044938354632,2.06416912167736,0,400,25,18.6966255697547,63.1011112979221,0.869123840706258,2.49873104203049,0.01375,0.011,0.01375,0.01375,0,0,0,0
24/04/2009,0.00194994871114777,0.1,19.4335588220669,33.6818678928946,224.035480593869,0,6.28790747702855,25.1516299081142,1.83835156649216,0,400,25,16.7677532720761,56.591167293257,0.774042764838804,2.22537294891156,0.01375,0.011,0.01375,0.01375,0,0,0,0
25/04/2009,0.000577760715453883,0.1,19.2979374434129,23.3009784583188,224.959198815945,0,4.32715984970011,17.3086393988004,1.21888475913346,0,400,25,11.5390929325336,38.944438647301,0.513214635424616,1.47549207684577,0.01375,0.011,0.01375,0.01375,0,0,0,0
26/04/2009,0.000215143339909437,0.1,19.1619318477328,6,225.899580309692,0,0.857142857142857,3.42857142857143,0.12258064516129,0,400,25,2.28571428571429,7.71428571428572,0.0516129032258065,0.148387096774194,0.01375,0.011,0.01375,0.01375,0,0,0,0
27/04/2009,0.000263335031379896,0.1,19.025582295569,6,226.856346702231,0,0.897681193342739,3.59072477337096,0.135831886241682,0,400,25,2.39381651558064,8.07913074008465,0.0571923731543924,0.164428072818878,0.01375,0.011,0.01375,0.01375,0,0,0,0
28/04/2009,0.000238345807354994,0.1,18.8889291492823,6,227.829214770406,0,0.857142857142857,3.42857142857143,0.12258064516129,0,400,25,2.28571428571429,7.71428571428572,0.0516129032258065,0.148387096774194,0.01375,0.011,0.01375,0.01375,0,0,0,0
29/04/2009,0.000284701143772809,0.1,18.7520128611039,6,228.817896524626,0,0.97459730415067,3.89838921660268,0.160974356871371,0,400,25,2.59892614440179,8.77137573735603,0.0677786765774194,0.194863695160081,0.01375,0.011,0.01375,0.01375,0,0,0,0
30/04/2009,0.000287101028250218,0.1,18.6148739611606,6,229.82209929411,0,0.989906842078612,3.95962736831445,0.165978764968247,0,400,25,2.6397515788763,8.90916157870751,0.0698857957761039,0.200921662856299,0.01375,0.011,0.01375,0.01375,0,0,0,0
01/05/2009,0.000257442196885803,0.1,18.4775530454767,6,230.84152581353,0,0.939940794389056,3.75976317755622,0.149645777336392,0,400,25,2.50650878503748,8.4594671495015,0.063008748352165,0.181150151512474,0.01375,0.011,0.01375,0.01375,0,0,0,0
02/05/2009,0.000249271777293211,0.1,18.3400907639575,6,231.875874311002,0,0.929145042573781,3.71658017029512,0.146116843409678,0,400,25,2.47772011353008,8.36230538316403,0.061522881435654,0.176878284127505,0.01375,0.011,0.01375,0.01375,0,0,0,0
03/05/2009,0.000233488677721869,0.1,18.2025278083553,6,232.924838597422,0,0.896610696751405,3.58644278700562,0.135481960474192,0,400,25,2.39096185800375,8.06949627076264,0.0570450359891334,0.164004478468759,0.01375,0.011,0.01375,0.01375,0,0,0,0
04/05/2009,0.000251307891508499,0.1,18.0649049002241,6,233.988108157101,0,0.94457486025361,3.77829944101444,0.151160568758784,0,400,25,2.51886629400963,8.50117374228249,0.0636465552668563,0.182983846392212,0.01375,0.011,0.01375,0.01375,0,0,0,0
05/05/2009,0.000257147815371601,0.1,17.927262778865,6,235.065368239687,0,0.960890760790622,3.84356304316249,0.156493938396689,0,400,25,2.56237536210833,8.6480168471156,0.0658921845880794,0.189440030690728,0.01375,0.011,0.01375,0.01375,0,0,0,0
06/05/2009,0.000242656651471271,0.1,17.789642189267,6,236.156299953336,0,0.931168413135516,3.72467365254206,0.146778246259966,0,400,25,2.48311576836138,8.38051571821964,0.0618013668463014,0.177678929683117,0.01375,0.011,0.01375,0.01375,0,0,0,0
07/05/2009,0.000240842769582017,0.1,17.6520838700448,6,237.260580359109,0,0.929012091233455,3.71604836493382,0.146073384046819,0,400,25,2.47736557662255,8.36110882110109,0.0615045827565554,0.176825675425097,0.01375,0.011,0.01375,0.01375,0,0,0,0
08/05/2009,0.000239249496458112,0.1,17.5146285413801,6,238.377882566574,0,0.926781967761144,3.70712787104458,0.145344397449419,0,400,25,2.47141858069639,8.3410377098503,0.0611976410313342,0.175943217965086,0.01375,0.011,0.01375,0.01375,0,0,0,0
09/05/2009,0.00022543070819301,0.1,17.3773168929669,6,239.507875830567,0,0.892461932063786,3.56984772825514,0.134125805135443,0,400,25,2.37989848550343,8.03215738857407,0.0564740232149235,0.162362816742905,0.01375,0.011,0.01375,0.01375,0,0,0,0
10/05/2009,0.000236561313365755,0.1,17.2401895719671,6,240.650225649104,0,0.922163812791415,3.68865525116566,0.1438348070077,0,400,25,2.45910350077711,8.29947431512273,0.0605620240032423,0.174115819009322,0.01375,0.011,0.01375,0.01375,0,0,0,0
11/05/2009,0.00079841560865536,0.1,17.1032871709775,28.3279785090261,241.804593862396,0,5.51916969475174,22.076678779007,1.60550913166296,0,400,25,14.7177858526713,49.6725272527657,0.676003844910718,1.94351105411831,0.01375,0.011,0.01375,0.01375,0,0,0,0
12/05/2009,0.000693767839233115,0.1,16.966650216014,26.0122446404064,242.970638752956,0,4.77110264607863,19.0844105843145,1.35646839786922,0,400,25,12.722940389543,42.9399238147077,0.571144588576514,1.64204069215748,0.01375,0.011,0.01375,0.01375,0,0,0,0
13/05/2009,0.000220948329953976,0.1,16.8303191545148,6,244.148015146753,0,0.881790223732171,3.52716089492868,0.130637418756077,0,400,25,2.35144059661912,7.93611201358954,0.055005228949927,0.15814003323104,0.01375,0.011,0.01375,0.01375,0,0,0,0
14/05/2009,0.000195736077293723,0.1,16.6943343433671,6,245.33637451539,0,0.857142857142857,3.42857142857143,0.12258064516129,0,400,25,2.28571428571429,7.71428571428572,0.0516129032258065,0.148387096774194,0.01375,0.011,0.01375,0.01375,0,0,0,0
15/05/2009,0.000195061202771252,0.1,16.5587360369606,6,246.535365079275,0,0.857142857142857,3.42857142857143,0.12258064516129,0,400,25,2.28571428571429,7.71428571428572,0.0516129032258065,0.148387096774194,0.01375,0.011,0.01375,0.01375,0,0,0,0
16/05/2009,0.000204142369627994,0.1,16.4235643752715,6,247.744631911759,0,0.857142857142857,3.42857142857143,0.12258064516129,0,400,25,2.28571428571429,7.71428571428572,0.0516129032258064,0.148387096774194,0.01375,0.011,0.01375,0.01375,0,0,0,0
17/05/2009,0.000225767133185196,0.1,16.2888593719801,6,248.963817044198,0,0.894282564141695,3.57713025656678,0.134720936481341,0,400,25,2.38475350437785,8.04854307727526,0.0567246048342487,0.163083238898465,0.01375,0.011,0.01375,0.01375,0,0,0,0
18/05/2009,0.000258063379595077,0.1,16.1546609026259,6,250.192559571921,0,0.970579832390461,3.88231932956184,0.159661118790615,0,400,25,2.58821288637456,8.73521849151415,0.0672257342276272,0.193273985904428,0.01375,0.011,0.01375,0.01375,0,0,0,0
19/05/2009,0.0048352842363687,0.1,16.0210086928035,37.9480779752303,251.430495761065,0,7.39527221633434,29.5810888653374,2.20054084140748,0,400,25,19.7207259102249,66.5574499470091,0.92654351217157,2.66381259749326,0.01375,0.011,0.01375,0.01375,0,0,0,0
20/05/2009,0.0176189947624228,0.1,15.8879423064033,39.4055257305132,252.677259156249,0,7.562943388374,30.251773553496,2.248981699024,0,400,25,20.167849035664,68.066490495366,0.946939662746949,2.72245153039748,0.01375,0.011,0.01375,0.01375,0,0,0,0
21/05/2009,0.045272679546284,0.1,15.7555011338993,38.4290649395818,253.932480689051,0,6.99749123155553,27.9899649262221,2.0705080180746,0,400,25,18.6599766174814,62.9774210839998,0.871792849715621,2.50640444293241,0.01375,0.011,0.01375,0.01375,0,0,0,0
22/05/2009,0.0359604848025875,0.1,15.623724380689,36.2373006787173,255.19578878726,0,5.91364204254712,23.6545681701885,1.69699313784759,0,400,25,15.769712113459,53.2227783829241,0.714523426462144,2.05425485107866,0.01375,0.011,0.01375,0.01375,0,0,0,0
23/05/2009,0.0429072237178118,0.1,15.4926510554879,35.8488969216131,256.466809484872,0,5.61076482524917,22.4430593009967,1.57955843786801,0,400,25,14.9620395339978,50.4968834272425,0.665077236997058,1.91209705636654,0.01375,0.011,0.01375,0.01375,0,0,0,0
24/05/2009,0.0487611255285197,0.1,15.3623199587815,34.915878673826,257.745166532788,0,4.50660482378852,18.0264192951541,1.20092441924809,0,400,25,12.0176128634361,40.5594434140967,0.505652387051826,1.453750612774,0.01375,0.011,0.01375,0.01375,0,0,0,0
25/05/2009,0.00568591318316774,0.1,15.2327696713403,6,259.030481510195,0,1.06352037878896,4.25408151515583,0.190041684495069,0,400,25,2.83605434343722,9.57168340910062,0.0800175513663449,0.230050460178242,0.01375,0.011,0.01375,0.01375,0,0,0,0
26/05/2009,0.00463865385084849,0.1,15.1040385427983,6,260.322373936585,0,1.0724403952206,4.28976158088239,0.192957474812509,0,400,25,2.85984105392159,9.65196355698538,0.0812452525526353,0.233580101088826,0.01375,0.011,0.01375,0.01375,0,0,0,0
27/05/2009,0.00384267779194946,0.1,14.9761646803015,6,261.620461384384,0,1.08677359398511,4.34709437594044,0.197642735483919,0,400,25,2.89806291729363,9.780962345866,0.083217993887966,0.239251732427902,0.01375,0.011,0.01375,0.01375,0,0,0,0
28/05/2009,0.0127231411694066,0.1,14.8491859372266,31.5579730765312,262.924359592162,0,5.7188391772481,22.8753567089924,1.65157339692651,0,400,25,15.2502378059949,51.4695525952329,0.695399325021689,1.99927305943735,0.01375,0.011,0.01375,0.01375,0,0,0,0
29/05/2009,0.0112925043900305,0.1,14.7231399019762,32.0847819061182,264.23368257838,0,5.08888523114874,20.3555409245949,1.42210937935765,0,400,25,13.5703606163966,45.7999670803386,0.598782896571644,1.72150082764348,0.01375,0.011,0.01375,0.01375,0,0,0,0
30/05/2009,0.00278184509457323,0.1,14.5980638868514,6,265.54804275565,0,1.17977736819146,4.71910947276585,0.228043969202985,0,400,25,3.1460729818439,10.6179963137232,0.0960185133486253,0.276053225877298,0.01375,0.011,0.01375,0.01375,0,0,0,0
31/05/2009,0.00951928586159466,0.1,14.4739949170069,31.6985030250584,266.867051045467,0,5.72844476366396,22.9137790546558,1.65314774583791,0,400,25,15.2758527031039,51.5560028729757,0.696062208773856,2.00117885022484,0.01375,0.011,0.01375,0.01375,0,0,0,0
01/06/2009,0.00922981167086286,0.1,14.3509697194906,31.7503178528633,268.190316993389,0,5.09779610070936,20.3911844028374,1.42712088231869,0,400,25,13.594122935225,45.8801649063843,0.600893003081552,1.72756738385946,0.01375,0.011,0.01375,0.01375,0,0,0,0
02/06/2009,0.0035496725233642,0.1,14.2290247123716,19.4807534643444,269.517448884614,0,3.85765770876699,15.430630835068,1.07809053490072,0,400,25,10.2870872233786,34.7189193789029,0.453932856800305,1.30505696330088,0.01375,0.011,0.01375,0.01375,0,0,0,0
03/06/2009,0.0210005229139508,0.1,14.1081959939597,35.2962511363382,270.848053859939,0,5.59148202267764,22.3659280907106,1.57699576584817,0,400,25,14.9106187271404,50.3233382040988,0.663998217199231,1.90899487444779,0.01375,0.011,0.01375,0.01375,0,0,0,0
04/06/2009,0.034558787035387,0.1,13.9885193321197,35.0113015011236,272.181738032057,0,4.83355162798679,19.3342065119472,1.31835191377327,0,400,25,12.8894710079648,43.5019646518812,0.555095542641377,1.59589968509396,0.01375,0.011,0.01375,0.01375,0,0,0,0
05/06/2009,0.0138715989673729,0.1,13.870030153683,31.5455535703288,273.51810660215,0,4.12963300969884,16.5185320387954,1.08080561952599,0,400,25,11.0123546925302,37.1666970872896,0.455076050326733,1.30834364468936,0.01375,0.011,0.01375,0.01375,0,0,0,0
06/06/2009,0.00493597871184169,0.1,13.7527635339609,10.6819970024619,274.856763976763,0,2.285499314616,9.14199725846399,0.578548387182242,0,400,25,6.09466483897599,20.569493831544,0.243599320918839,0.700348047641661,0.01375,0.011,0.01375,0.01375,0,0,0,0
07/06/2009,0.00582636958904138,0.1,13.6367541863612,19.3059461617669,276.197313884907,0,3.96513136778028,15.8605254711211,1.11354032366528,0,400,25,10.5736836474141,35.6861823100225,0.468859083648539,1.34796986548955,0.01375,0.011,0.01375,0.01375,0,0,0,0
08/06/2009,0.00474018373863836,0.1,13.5220364521127,18.8187070095411,277.539359495362,0,3.70133413329661,14.8053365331864,1.02244594739563,0,400,25,9.87022435545763,33.3120071996695,0.430503556798162,1.23769772579471,0.01375,0.011,0.01375,0.01375,0,0,0,0
09/06/2009,0.00244024401638169,0.1,13.408644290099,6,278.882503534148,0,1.55263142958294,6.21052571833175,0.349923146259983,0,400,25,4.14035047888783,13.9736828662464,0.147336061583151,0.423591177051558,0.01375,0.011,0.01375,0.01375,0,0,0,0
10/06/2009,0.00206314353762053,0.1,13.2966112668063,6,280.226348402127,0,1.57286473699862,6.29145894799449,0.356537044598014,0,400,25,4.19430596532966,14.1557826329876,0.150120860883374,0.431597475039701,0.01375,0.011,0.01375,0.01375,0,0,0,0
11/06/2009,0.00177537067911094,0.1,13.1859705463869,6,281.570496292702,0,1.59063698202534,6.36254792810136,0.362346466628252,0,400,25,4.24169861873424,14.3157328382281,0.152566933317159,0.438629933286832,0.01375,0.011,0.01375,0.01375,0,0,0,0
12/06/2009,0.00153822614262024,0.1,13.076754880842,6,282.914549309573,0,1.60619000644857,6.42476002579427,0.367430466009609,0,400,25,4.28317335052951,14.4557100580371,0.154707564635625,0.444784248327421,0.01375,0.011,0.01375,0.01375,0,0,0,0
13/06/2009,0.00132394604561822,0.1,12.9689966003261,6,284.258109584525,0,1.62085826494255,6.4834330597702,0.372225251581835,0,400,25,4.32228870651347,14.587724384483,0.156726421718667,0.450588462441169,0.01375,0.011,0.01375,0.01375,0,0,0,0
14/06/2009,0.0011813377587322,0.1,12.8627276035769,6,285.600779395208,0,1.62965247022561,6.51860988090243,0.375099916534576,0,400,25,4.34573992060162,14.6668722320305,0.157936806961927,0.45406832001554,0.01375,0.011,0.01375,0.01375,0,0,0,0
15/06/2009,0.00101624306771228,0.1,12.7579793484726,6,286.942161282863,0,1.64130475329984,6.56521901319938,0.378908834872821,0,400,25,4.37681267546625,14.7717427796986,0.159540562051714,0.458679115898679,0.01375,0.011,0.01375,0.01375,0,0,0,0
16/06/2009,0.00137567077571187,0.1,12.6547828427194,16.6688192779323,288.281858169988,0,3.57353831402109,14.2941532560844,0.990520435456915,0,400,25,9.52943550405624,32.1618448261898,0.417061235981859,1.19905105344785,0.01375,0.011,0.01375,0.01375,0,0,0,0
17/06/2009,0.00119258281516723,0.1,12.5531686346731,15.6438666632036,289.619473477875,0,3.2476291729164,12.9905166916656,0.881567289368687,0,400,25,8.66034446111039,29.2286625562476,0.371186227102605,1.06716040291999,0.01375,0.011,0.01375,0.01375,0,0,0,0
18/06/2009,0.00283873676006923,0.1,12.4531668042954,30.6793785473423,290.954611244008,0,6.105886609031,24.423546436124,1.79218344999471,0,400,25,16.2823642907493,54.952979481279,0.754603557892511,2.16948522894097,0.01375,0.011,0.01375,0.01375,0,0,0,0
19/06/2009,0.00809738118317682,0.1,12.3548069542502,36.9775384275052,292.286876239276,0,7.14285197367656,28.5714078947063,2.11641353341422,0,400,25,19.0476052631375,64.2856677630891,0.891121487753357,2.5619742772909,0.01375,0.011,0.01375,0.01375,0,0,0,0
20/06/2009,0.00669958193034768,0.1,12.2581182011404,34.7522047430103,293.61587408497,0,6.54795240462133,26.1918096184853,1.92095937146528,0,400,25,17.4612064123235,58.931571641592,0.808824998511699,2.32537187072113,0.01375,0.011,0.01375,0.01375,0,0,0,0
21/06/2009,0.0112015649994838,0.1,12.1631291668888,37.7690396827247,294.941211369524,0,7.11540956882645,28.4616382753058,2.10085666124648,0,400,25,18.9744255168705,64.0386861194381,0.884571225787994,2.54314227414048,0.01375,0.011,0.01375,0.01375,0,0,0,0
22/06/2009,0.0160796472258237,0.1,12.0698679702651,37.9470543546007,296.262495764978,0,6.33175786477471,25.3270314590988,1.82774005093045,0,400,25,16.8846876393992,56.9858207829724,0.769574758286507,2.21252743007371,0.01375,0.011,0.01375,0.01375,0,0,0,0
23/06/2009,0.00735631258090172,0.1,11.9783622185626,36.1875631343667,297.579336143113,0,4.65921420917468,18.6368568366987,1.23519929644052,0,400,25,12.4245712244658,41.9329278825721,0.520083914290746,1.4952412535859,0.01375,0.011,0.01375,0.01375,0,0,0,0
24/06/2009,0.00143488055369793,0.1,11.8886389994256,6,298.891342691233,0,1.13030062270189,4.52120249080757,0.211870925516072,0,400,25,3.01413499387172,10.172705604317,0.0892088107436093,0.256475330887877,0.01375,0.011,0.01375,0.01375,0,0,0,0
25/06/2009,0.00166801923033464,0.1,11.8007248728309,14.7098809210231,300.198127027558,0,2.8649047701038,11.4596190804152,0.762527346207641,0,400,25,7.63974605361014,25.7841429309342,0.321064145771638,0.92305941909346,0.01375,0.011,0.01375,0.01375,0,0,0,0
26/06/2009,0.00141754480220189,0.1,11.7146458632257,14.0113635242357,301.499302316194,0,2.63239191759331,10.5295676703732,0.684195181956981,0,400,25,7.01971178024883,23.6915272583398,0.288082181876623,0.828236272895292,0.01375,0.011,0.01375,0.01375,0,0,0,0
27/06/2009,0.000958488084925544,0.1,11.6304274518233,6,302.794483381644,0,1.21609451816119,4.86437807264477,0.239915381666208,0,400,25,3.24291871509651,10.9448506634507,0.101017002806825,0.290423883069621,0.01375,0.011,0.01375,0.01375,0,0,0,0
28/06/2009,0.000839490293348713,0.1,11.5480945690608,6,304.083286822828,0,1.23920748869649,4.95682995478596,0.247470589239037,0,400,25,3.30455330319064,11.1528673982684,0.104198142837489,0.299569660657781,0.01375,0.011,0.01375,0.01375,0,0,0,0
29/06/2009,0.000756814486971075,0.1,11.4676715872185,6,305.365331126578,0,1.2664523490336,5.06580939613441,0.25637643605891,0,400,25,3.37720626408961,11.3980711413024,0.107947973077436,0.310350422597628,0.01375,0.011,0.01375,0.01375,0,0,0,0
30/06/2009,0.000652835588748589,0.1,11.3891823132057,6,306.640236780576,0,1.27988937207682,5.1195574883073,0.260768753268737,0,400,25,3.4130383255382,11.5190043486914,0.109797369797363,0.315667438167419,0.01375,0.011,0.01375,0.01375,0,0,0,0
01/07/2009,0.000561646133359055,0.1,11.3126499815131,6,307.907626385693,0,1.29039817410631,5.16159269642522,0.264203888555794,0,400,25,3.44106179761682,11.6135835669568,0.111243742549808,0.319825759830698,0.01375,0.011,0.01375,0.01375,0,0,0,0
02/07/2009,0.000517950352157489,0.1,11.238097247335,6,309.167124767712,0,1.31243776068148,5.24975104272593,0.271408226533056,0,400,25,3.49983402848396,11.8119398461334,0.114277148013918,0.328546800540016,0.01375,0.011,0.01375,0.01375,0,0,0,0
03/07/2009,0.000523868980319196,0.1,11.1655461798626,6,310.418359088383,0,1.3457613774592,5.38304550983679,0.282301107716309,0,400,25,3.58869700655786,12.1118523971328,0.118863624301604,0.341732919867111,0.01375,0.011,0.01375,0.01375,0,0,0,0
04/07/2009,0.000495095779523035,0.1,11.0950182557516,6,311.660958955797,0,1.36200663274935,5.4480265309974,0.28761138471438,0,400,25,3.6320176873316,12.2580596947441,0.121099530406055,0.348161149917407,0.01375,0.011,0.01375,0.01375,0,0,0,0
05/07/2009,0.000479942127245433,0.1,11.026534352764,6,312.894556534024,0,1.37781417610626,5.51125670442504,0.292778581682661,0,400,25,3.67417113628336,12.4003275849563,0.123275192287436,0.354416177826379,0.01375,0.011,0.01375,0.01375,0,0,0,0
06/07/2009,0.000498033866979136,0.1,10.9601147435886,6,314.118786652004,0,1.39750604860345,5.5900241944138,0.299215494843033,0,400,25,3.72668279627587,12.5775544374311,0.125985471512856,0.362208230599461,0.01375,0.011,0.01375,0.01375,0,0,0,0
07/07/2009,0.000474111148012212,0.1,10.8957790898389,6,315.333286911643,0,1.40389835839761,5.61559343359043,0.301305024066069,0,400,25,3.74372895572695,12.6350852255785,0.126865273290976,0.364737660711557,0.01375,0.011,0.01375,0.01375,0,0,0,0
08/07/2009,0.00156659568045454,0.1,10.8335464362339,29.4307905110161,316.53769779509,0,5.81775805299601,23.271032211984,1.70043799973152,0,400,25,15.514021474656,52.3598224769641,0.715973894623799,2.05842494704342,0.01375,0.011,0.01375,0.01375,0,0,0,0
09/07/2009,0.00918469844051685,0.1,10.7734352049594,37.2832797747477,317.731662771168,0,7.26082416748602,29.0432966699441,2.1559171486857,0,400,25,19.3621977799627,65.3474175073742,0.907754588920295,2.60979444314585,0.01375,0.011,0.01375,0.01375,0,0,0,0
10/07/2009,0.00948504082887203,0.1,10.7154631902157,38.2642397299193,318.914828400906,0,7.15367845532607,28.6147138213043,2.11112412106624,0,400,25,19.0764758808695,64.3831060979346,0.888894366764734,2.55557130444861,0.01375,0.011,0.01375,0.01375,0,0,0,0
11/07/2009,0.00303390443477457,0.1,10.6596475529492,34.6868098746157,320.086844442171,0,6.37141713110972,25.4856685244389,1.85856698953164,0,400,25,16.9904456829592,57.3427541799875,0.782554521908061,2.24984425048567,0.01375,0.011,0.01375,0.01375,0,0,0,0
12/07/2009,0.000411718502386793,0.1,10.6060048157731,6,321.247363953343,0,1.4163221331981,5.6652885327924,0.305366128947091,0,400,25,3.7768590218616,12.7468991987829,0.128575212188249,0.369653735041215,0.01375,0.011,0.01375,0.01375,0,0,0,0
13/07/2009,0.000389936720630882,0.1,10.5545508580758,6,322.396043396021,0,1.41219523349466,5.64878093397862,0.304017120871986,0,400,25,3.76585395598575,12.7097571014519,0.128007208788204,0.368020725266088,0.01375,0.011,0.01375,0.01375,0,0,0,0
14/07/2009,0.000843305185433076,0.1,10.5053009113207,22.993036329323,323.532542736714,0,4.63976487121015,18.5590594848406,1.32759777510753,0,400,25,12.3727063232271,41.7578838408914,0.558988536887381,1.60709204355122,0.01375,0.011,0.01375,0.01375,0,0,0,0
15/07/2009,0.000763185091805516,0.1,10.4582695545372,20.7446379458029,324.656525547499,0,3.99407762412102,15.9763104964841,1.11409259555863,0,400,25,10.6508736643227,35.9466986170892,0.469091619182579,1.34863840514992,0.01375,0.011,0.01375,0.01375,0,0,0,0
16/07/2009,0.000390617180449175,0.1,10.4134707100049,6,325.767659105614,0,1.41038367371236,5.64153469484945,0.303424955093687,0,400,25,3.76102312989963,12.6934530634113,0.127757875828921,0.367303893008148,0.01375,0.011,0.01375,0.01375,0,0,0,0
17/07/2009,0.00498629549023749,0.1,10.3709176391324,37.038225498564,326.865614491947,0,7.24151519439613,28.9660607775845,2.15178073289389,0,400,25,19.3107071850563,65.1736367495652,0.906012940165847,2.60478720297681,0.01375,0.011,0.01375,0.01375,0,0,0,0
18/07/2009,0.00401349247897986,0.1,10.3306229385318,36.2658796470128,327.950066688404,0,6.65146222988156,26.6058489195262,1.94671866457043,0,400,25,17.7372326130175,59.8631600689341,0.819671016661233,2.35655417290105,0.01375,0.011,0.01375,0.01375,0,0,0,0
19/07/2009,0.000378479250935886,0.1,10.2925985362894,6,329.020694674121,0,1.40103554555498,5.60414218221992,0.300369222878802,0,400,25,3.73609478814661,12.6093199099948,0.126471251738443,0.363604848748023,0.01375,0.011,0.01375,0.01375,0,0,0,0
20/07/2009,0.000351500591015775,0.1,10.2568556884352,6,330.077181520497,0,1.39013994990854,5.56055979963416,0.296807651828782,0,400,25,3.70703986642277,12.5112595491769,0.124971642875277,0.359293473266421,0.01375,0.011,0.01375,0.01375,0,0,0,0
21/07/2009,0.000349500796316471,0.1,10.2234049756106,6,331.119214485005,0,1.38650454599401,5.54601818397605,0.295619304742743,0,400,25,3.69734545598403,12.4785409139461,0.124471286207471,0.357854947846478,0.01375,0.011,0.01375,0.01375,0,0,0,0
22/07/2009,0.000298028801403501,0.1,10.1922562999366,6,332.146485103776,0,1.36211967027681,5.44847868110722,0.287648334615828,0,400,25,3.63231912073815,12.2590770324913,0.121115088259296,0.348205878745476,0.01375,0.011,0.01375,0.01375,0,0,0,0
23/07/2009,0.00168224000989459,0.1,10.1634188820821,31.9290862022272,333.158689282906,0,6.30597637940465,25.2239055176186,1.85589781299725,0,400,25,16.8159370117457,56.7537874146419,0.781430658104105,2.2466131420493,0.01375,0.011,0.01375,0.01375,0,0,0,0
24/07/2009,0.00143116054753174,0.1,10.1369012585347,30.0107147354806,334.155527388481,0,5.58084331546409,22.3233732618564,1.61146198976411,0,400,25,14.8822488412376,50.2275898391768,0.678510311479625,1.95071714550392,0.01375,0.011,0.01375,0.01375,0,0,0,0
25/07/2009,0.000384013765685033,0.1,10.1127112790737,6,335.136704335266,0,1.38565598744215,5.54262394976862,0.295341926463426,0,400,25,3.69508263317908,12.4709038869794,0.124354495353022,0.357519174139937,0.01375,0.011,0.01375,0.01375,0,0,0,0
26/07/2009,0.000407308265105502,0.1,10.0908561044464,6,336.101929674065,0,1.38973954891027,5.5589581956411,0.296676768061607,0,400,25,3.7059721304274,12.5076559401925,0.124916533920677,0.359135035021946,0.01375,0.011,0.01375,0.01375,0,0,0,0
27/07/2009,0.00559411683645216,0.1,10.0713422042482,37.5301254032348,337.050917677694,0,7.34059154363599,29.362366174544,2.18351312209741,0,400,25,19.5749107830293,66.0653238927239,0.919373946146277,2.64320009517055,0.01375,0.011,0.01375,0.01375,0,0,0,0
28/07/2009,0.004504032345286,0.1,10.0541753550077,36.8094634718015,337.983387425568,0,6.74409129613216,26.9763651845286,1.97579306769404,0,400,25,17.9842434563524,60.6968216651895,0.831912870608019,2.39174950299805,0.01375,0.011,0.01375,0.01375,0,0,0,0
29/07/2009,0.000361708291615652,0.1,10.0393606384765,6,338.899062886852,0,1.36537710531881,5.46150842127526,0.288713130586549,0,400,25,3.6410056141835,12.2883939478693,0.121563423404863,0.349494842288981,0.01375,0.011,0.01375,0.01375,0,0,0,0
30/07/2009,0.000352089785958911,0.1,10.0269024401251,6,339.797673002179,0,1.35824107395422,5.43296429581689,0.286380492377049,0,400,25,3.62197619721126,12.224169665588,0.120581259948231,0.346671122351164,0.01375,0.011,0.01375,0.01375,0,0,0,0
31/07/2009,0.000354900202550271,0.1,10.0168044478446,6,340.678951763886,0,1.35618543065515,5.42474172262058,0.285708540158855,0,400,25,3.61649448174705,12.2056688758963,0.120298332698465,0.345857706508088,0.01375,0.011,0.01375,0.01375,0,0,0,0
01/08/2009,0.000332926365568662,0.1,10.0090696508551,6,341.542638294759,0,1.34282978211676,5.37131912846704,0.281342822787168,0,400,25,3.58087941897803,12.0854680390508,0.118460135910387,0.340572890742361,0.01375,0.011,0.01375,0.01375,0,0,0,0
02/08/2009,0.000331643421472629,0.1,10.0037003388204,6,342.388476925256,0,1.33878754789612,5.35515019158448,0.280021490310744,0,400,25,3.57010012772299,12.0490879310651,0.117903785393998,0.338973383007743,0.01375,0.011,0.01375,0.01375,0,0,0,0
03/08/2009,0.000342780152306857,0.1,10.000698101171,6,343.216217269194,0,1.3409729703316,5.36389188132639,0.280735864956319,0,400,25,3.57592792088426,12.0687567329844,0.11820457471845,0.339838152315544,0.01375,0.011,0.01375,0.01375,0,0,0,0
04/08/2009,0.000349797045889782,0.1,10.0000638266329,6,344.025614297865,0,1.34112172723273,5.36448690893094,0.280784490868089,0,400,25,3.57632460595396,12.0700955450946,0.118225048786564,0.339897015261371,0.01375,0.011,0.01375,0.01375,0,0,0,0
05/08/2009,0.000365095627413484,0.1,10.0017977029648,6,344.816428412574,0,1.34504589340225,5.38018357360901,0.282067229056835,0,400,25,3.58678904907267,12.1054130406203,0.118765149076562,0.341449803595116,0.01375,0.011,0.01375,0.01375,0,0,0,0
06/08/2009,0.000334927641560354,0.1,10.0058992169025,6,345.588425515561,0,1.32723165393719,5.30892661574877,0.276244079812342,0,400,25,3.53928441049918,11.9450848854347,0.116313296763091,0.334400728193888,0.01375,0.011,0.01375,0.01375,0,0,0,0
07/08/2009,0.000284098301596834,0.1,10.0123671543109,6,346.341377079302,0,1.29132495032145,5.16529980128582,0.264506834759456,0,400,25,3.44353320085721,11.6219245528931,0.111371298846087,0.320192484182499,0.01375,0.011,0.01375,0.01375,0,0,0,0
08/08/2009,0.000349041283897415,0.1,10.0211996005432,6,347.075060214155,0,1.32833898680879,5.31335594723516,0.276606046686499,0,400,25,3.54223729815677,11.9550508812791,0.116465703867999,0.334838898620499,0.01375,0.011,0.01375,0.01375,0,0,0,0
09/08/2009,0.000360246287554476,0.1,10.032393941008,6,347.789257734344,0,1.33095384042335,5.32381536169339,0.277460794534698,0,400,25,3.54921024112893,11.9785845638101,0.11682559769882,0.335873593384108,0.01375,0.011,0.01375,0.01375,0,0,0,0
10/08/2009,0.000371459671989828,0.1,10.0459468619428,6,348.483758222246,0,1.33344494487042,5.33377977948169,0.278275091042129,0,400,25,3.55585318632113,12.0010045038338,0.117168459386159,0.336859320735208,0.01375,0.011,0.01375,0.01375,0,0,0,0
11/08/2009,0.000374412196976909,0.1,10.0618543513956,6,349.15835609098,0,1.33204903844123,5.32819615376491,0.277818794746994,0,400,25,3.55213076917661,11.9884413459711,0.116976334630313,0.336306962062151,0.01375,0.011,0.01375,0.01375,0,0,0,0
12/08/2009,0.0087393235125941,0.1,10.0801117004118,38.4663978611961,349.812851645262,0,7.50695405490167,30.0278162196067,2.23597270895074,0,400,25,20.0185441464044,67.562586494115,0.941462193242419,2.70670380557195,0.01375,0.011,0.01375,0.01375,0,0,0,0
13/08/2009,0.0073808681528166,0.1,10.1007135044287,38.1487375640953,350.447051140518,0,7.00497091745106,28.0198836698042,2.05895138636626,0,400,25,18.6799224465362,63.0447382570595,0.866926899522635,2.49241483612758,0.01375,0.011,0.01375,0.01375,0,0,0,0
14/08/2009,0.000678090573517334,0.1,10.1236536648752,22.017699059237,351.06076684024,0,4.20161084699197,16.8064433879679,1.17962264470932,0,400,25,11.2042955919786,37.8144976229277,0.496683218824978,1.42796425412181,0.01375,0.011,0.01375,0.01375,0,0,0,0
15/08/2009,0.000307741101214583,0.1,10.1489253909769,6,351.653817071558,0,1.28113021957748,5.12452087830992,0.261174363634543,0,400,25,3.41634725220661,11.5301719761973,0.109968153109281,0.316158440189184,0.01375,0.011,0.01375,0.01375,0,0,0,0
16/08/2009,0.000236309519674563,0.1,10.1765212017667,6,352.226026279017,0,1.20880238499593,4.83520953998373,0.237531716631543,0,400,25,3.22347302665582,10.8792214649634,0.100013354371176,0.287538393817131,0.01375,0.011,0.01375,0.01375,0,0,0,0
17/08/2009,0.000235168716954945,0.1,10.206432928299,6,352.777225076551,0,1.20324072316228,4.8129628926491,0.235713711042907,0,400,25,3.20864192843273,10.8291665084605,0.0992478783338555,0.285337650209834,0.01375,0.011,0.01375,0.01375,0,0,0,0
18/08/2009,0.000312587312331198,0.1,10.2386517160679,6,353.307250297619,0,1.2753360526688,5.10134421067518,0.259280356386973,0,400,25,3.40089614045012,11.4780244740192,0.109170676373462,0.313865694573705,0.01375,0.011,0.01375,0.01375,0,0,0,0
19/08/2009,0.000315593115520802,0.1,10.2731680276286,6,353.815945043506,0,1.27453999870688,5.09815999482751,0.259020140898346,0,400,25,3.39877332988501,11.4708599883619,0.109061111957198,0.313550696876946,0.01375,0.011,0.01375,0.01375,0,0,0,0
20/08/2009,0.000306201723212554,0.1,10.3099716454204,6,354.303158729775,0,1.26436240486443,5.0574496194577,0.255693271513287,0,400,25,3.37163307963847,11.3792616437798,0.1076603248477,0.309523433937137,0.01375,0.011,0.01375,0.01375,0,0,0,0
21/08/2009,0.000263741140259,0.1,10.3490516747915,6,354.768747130835,0,1.2218380863393,4.88735234535719,0.241792849113675,0,400,25,3.25823489690479,10.9965427770537,0.101807515416284,0.292696606821817,0.01375,0.011,0.01375,0.01375,0,0,0,0
22/08/2009,0.000291570788388378,0.1,10.3903965472238,6,355.212572422639,0,1.24588853023667,4.98355412094668,0.249654499591956,0,400,25,3.32236941396445,11.21299677213,0.105117684038718,0.302213341611315,0.01375,0.011,0.01375,0.01375,0,0,0,0
23/08/2009,0.000257390425085819,0.1,10.4339940237578,6,355.634503223483,0,1.20773812183374,4.83095248733497,0.237183828458096,0,400,25,3.22063499155665,10.8696430965037,0.099866875140251,0.287117266028222,0.01375,0.011,0.01375,0.01375,0,0,0,0
24/08/2009,0.00025215634659755,0.1,10.4798311986152,6,356.034414632895,0,1.19798429256888,4.79193717027552,0.233995479967216,0,400,25,3.19462478018368,10.7818586331199,0.0985244126177751,0.283257686276103,0.01375,0.011,0.01375,0.01375,0,0,0,0
25/08/2009,0.00104273286166391,0.1,10.5278945030197,31.9867651370346,356.412188268613,0,6.42415423642473,25.6966169456989,1.89698108667351,0,400,25,17.1310779637993,57.8173881278226,0.798728878599374,2.2963455259732,0.01375,0.011,0.01375,0.01375,0,0,0,0
26/08/2009,0.000905677717512746,0.1,10.5781697092131,29.0372064584559,356.767712301624,0,5.52943197347076,22.117727893883,1.60032646396568,0,400,25,14.7451519292554,49.7648877612369,0.673821669038181,1.93723729848477,0.01375,0.011,0.01375,0.01375,0,0,0,0
27/08/2009,0.000253024763495952,0.1,10.6306419346675,6,357.10088148927,0,1.18867430483926,4.75469721935703,0.230952215160974,0,400,25,3.16979814623802,10.6980687435533,0.0972430379625152,0.279573734142231,0.01375,0.011,0.01375,0.01375,0,0,0,0
28/08/2009,0.000263184509939948,0.1,10.6852956464909,6,357.4115972064,0,1.20058008722761,4.80232034891044,0.234843997791145,0,400,25,3.20154689927363,10.8052207850485,0.0988816832804822,0.284284839431386,0.01375,0.011,0.01375,0.01375,0,0,0,0
29/08/2009,0.00103730434110727,0.1,10.7421146660246,32.1453052757684,357.69976747457,0,6.45275960136332,25.8110384054533,1.90606408700236,0,400,25,17.2073589369689,58.0748364122699,0.802553299790468,2.3073407368976,0.01375,0.011,0.01375,0.01375,0,0,0,0
30/08/2009,0.000918322963670102,0.1,10.8010821736331,29.0516459760288,357.965306989265,0,5.50786487547226,22.031459501889,1.59272270235665,0,400,25,14.687639667926,49.5707838792503,0.6706200852028,1.92803274495805,0.01375,0.011,0.01375,0.01375,0,0,0,0
31/08/2009,0.000246920224905812,0.1,10.862180713683,6,358.208137145153,0,1.19375429953806,4.77501719815225,0.232612772567895,0,400,25,3.18334479876817,10.7437886958426,0.0979422200285873,0.281583882582189,0.01375,0.011,0.01375,0.01375,0,0,0,0
01/09/2009,0.000277303381526786,0.1,10.9253921997097,6,358.428186059355,0,1.22892942490176,4.91571769960704,0.244110878063125,0,400,25,3.27714513307136,11.0603648241158,0.102783527605526,0.295502641865888,0.01375,0.011,0.01375,0.01375,0,0,0,0
02/09/2009,0.000266223494767011,0.1,10.9906979197721,6,358.625388592724,0,1.21863147728548,4.87452590914193,0.240744667229417,0,400,25,3.24968393942795,10.9676832955693,0.101366175675544,0.291427755067189,0.01375,0.011,0.01375,0.01375,0,0,0,0
03/09/2009,0.000347534173595768,0.1,11.0580785419912,6,358.799686369124,0,1.28435234950862,5.13740939803447,0.262227619009883,0,400,25,3.42493959868965,11.5591711455776,0.110411629056793,0.317433433538279,0.01375,0.011,0.01375,0.01375,0,0,0,0
04/09/2009,0.00755119191814054,0.1,11.1275141202729,38.4881999335952,358.951027792715,0,7.52961117047024,30.118444681881,2.24393331384451,0,400,25,20.078963121254,67.7665005342322,0.944814026881899,2.71634032728546,0.01375,0.011,0.01375,0.01375,0,0,0,0
05/09/2009,0.00599439059460441,0.1,11.1989841002127,38.0205132925168,359.079368063225,0,6.97583959230166,27.9033583692066,2.04956853181548,0,400,25,18.6022389128044,62.7825563307149,0.862976223922307,2.48105664377663,0.01375,0.011,0.01375,0.01375,0,0,0,0
06/09/2009,0.000214831252704324,0.1,11.2724673251798,6,359.184669189209,0,1.15294508069304,4.61178032277217,0.219272984902426,0,400,25,3.07452021518145,10.3765057262374,0.0923254673273374,0.265435718566095,0.01375,0.011,0.01375,0.01375,0,0,0,0
07/09/2009,0.000291579934508838,0.1,11.3479420425803,6,359.2668999993,0,1.24518298960553,4.98073195842212,0.249423871256616,0,400,25,3.32048797228142,11.2066469064498,0.105020577371207,0.301934159942219,0.01375,0.011,0.01375,0.01375,0,0,0,0
08/09/2009,0.00232866521521066,0.1,11.4253859102962,35.5085830758118,359.326036151433,0,6.98406744602509,27.9362697841004,2.07159996115127,0,400,25,18.6241798560669,62.8566070142258,0.872252615221588,2.50772626876207,0.01375,0.011,0.01375,0.01375,0,0,0,0
09/09/2009,0.0018731852479852,0.1,11.5047760032994,34.3061612997752,359.362060140052,0,6.37256849679896,25.4902739871959,1.86224618663523,0,400,25,16.9935159914639,57.3531164711907,0.784103657530623,2.25429801540054,0.01375,0.011,0.01375,0.01375,0,0,0,0
10/09/2009,0.000222408451724261,0.1,11.5860888204375,6,359.374961301293,0,1.16581463516081,4.66325854064323,0.223479807008018,0,400,25,3.10883902709549,10.4923317164473,0.0940967608454814,0.270528187430759,0.01375,0.011,0.01375,0.01375,0,0,0,0
11/09/2009,0.000190536526333153,0.1,11.6693002913912,6,359.364735816136,0,1.11154429150669,4.44617716602676,0.205739823706027,0,400,25,2.96411811068451,10.0038986235602,0.0866272941920113,0.249053470802032,0.01375,0.011,0.01375,0.01375,0,0,0,0
12/09/2009,0.000128929484205236,0.1,11.7543857837993,6,359.331386711544,0,0.930883982812863,3.72353593125145,0.146685271186755,0,400,25,2.48235728750097,8.37795584531577,0.0617622194470545,0.177566380910282,0.01375,0.011,0.01375,0.01375,0,0,0,0
13/09/2009,8.95085757497363e-05,0.1,11.8413201105505,6,359.274923859559,0,0.857142857142857,3.42857142857143,0.12258064516129,0,400,25,2.28571428571429,7.71428571428572,0.0516129032258065,0.148387096774194,0.01375,0.011,0.01375,0.01375,0,0,0,0
14/09/2009,0.000208830494146461,0.1,11.9300775372393,6,359.195363974383,0,1.15978915113315,4.6391566045326,0.221510186422633,0,400,25,3.0927710696884,10.4381023601983,0.0932674469147929,0.26814390988003,0.01375,0.011,0.01375,0.01375,0,0,0,0
15/09/2009,0.000231371917547025,0.1,12.0206317897838,6,359.09273060743,0,1.19418159318628,4.77672637274513,0.232752447050754,0,400,25,3.18448424849675,10.7476343386765,0.0980010303371595,0.281752962219333,0.01375,0.011,0.01375,0.01375,0,0,0,0
16/09/2009,0.000275199816695578,0.1,12.1129560622039,6,358.967054140356,0,1.24304327884008,4.97217311536034,0.248724438920384,0,400,25,3.31478207690689,11.1873895095608,0.104726079545425,0.301087478693097,0.01375,0.011,0.01375,0.01375,0,0,0,0
17/09/2009,7.7222193931871e-05,0.1,12.2070230245555,6,358.818371776061,0,0.857142857142857,3.42857142857143,0.12258064516129,0,400,25,2.28571428571429,7.71428571428572,0.0516129032258065,0.148387096774194,0.01375,0.011,0.01375,0.01375,0,0,0,0
18/09/2009,0.000156225146852697,0.1,12.3028048310218,6,358.646727527679,0,1.05608508793439,4.22434035173757,0.18761122382863,0,400,25,2.81622690115838,9.50476579140952,0.0789941995067918,0.227108323582026,0.01375,0.011,0.01375,0.01375,0,0,0,0
19/09/2009,0.000165776813185105,0.1,12.4002731281556,6,358.452172205552,0,1.08544641912708,4.34178567650831,0.197208906283014,0,400,25,2.89452378433888,9.76901777214371,0.0830353289612692,0.238726570763649,0.01375,0.011,0.01375,0.01375,0,0,0,0
20/09/2009,0.000146224707968374,0.1,12.4993990632724,6,358.234763402183,0,1.03377105710015,4.13508422840062,0.180317175039805,0,400,25,2.75672281893375,9.30393951390139,0.0759230210693914,0.2182786855745,0.01375,0.011,0.01375,0.01375,0,0,0,0
21/09/2009,0.000201850042074187,0.1,12.600153292992,6,357.994565475191,0,1.16508203326955,4.66032813307818,0.223240332841412,0,400,25,3.10688542205212,10.4857382994259,0.0939959296174366,0.27023829765013,0.01375,0.011,0.01375,0.01375,0,0,0,0
22/09/2009,6.7501633721396e-05,0.1,12.7025059919243,6,357.73164952826,0,0.857142857142857,3.42857142857143,0.12258064516129,0,400,25,2.28571428571429,7.71428571428572,0.0516129032258065,0.148387096774194,0.01375,0.011,0.01375,0.01375,0,0,0,0
23/09/2009,0.0109657563229867,0.1,12.8064268614986,39.100885251609,357.446093390089,0,7.64384189198982,30.5753675679593,2.28008982917585,0,400,25,20.3835783786395,68.7945770279084,0.960037822810884,2.76010874058129,0.01375,0.011,0.01375,0.01375,0,0,0,0
24/09/2009,0.00864237466237363,0.1,12.9118851389321,38.8224643389824,357.137981591355,0,7.11850613364632,28.4740245345853,2.09442334112309,0,400,25,18.9826830230569,64.0665552028169,0.881862459420247,2.53535457083321,0.01375,0.011,0.01375,0.01375,0,0,0,0
25/09/2009,7.43348909058991e-05,0.1,13.0188496063369,6,356.807405339689,0,0.857142857142857,3.42857142857143,0.12258064516129,0,400,25,2.28571428571429,7.71428571428572,0.0516129032258065,0.148387096774194,0.01375,0.011,0.01375,0.01375,0,0,0,0
26/09/2009,6.54397541014001e-05,0.1,13.1272885999607,6,356.454462492675,0,0.857142857142857,3.42857142857143,0.12258064516129,0,400,25,2.28571428571429,7.71428571428572,0.0516129032258065,0.148387096774194,0.01375,0.011,0.01375,0.01375,0,0,0,0
27/09/2009,9.23864605194074e-05,0.1,13.2371700195604,6,356.079257528887,0,0.857142857142857,3.42857142857143,0.12258064516129,0,400,25,2.28571428571429,7.71428571428572,0.0516129032258065,0.148387096774194,0.01375,0.011,0.01375,0.01375,0,0,0,0
28/09/2009,0.000158325762583645,0.1,13.3484613379039,6,355.681901516956,0,1.09381033534291,4.37524134137166,0.19994291760518,0,400,25,2.91682756091444,9.84429301808623,0.0841864916232337,0.242036163416797,0.01375,0.011,0.01375,0.01375,0,0,0,0
29/09/2009,0.000147964393278561,0.1,13.4611296103994,6,355.262512082693,0,1.066084314727,4.26433725890802,0.190879788285571,0,400,25,2.84289150593868,9.59475883254304,0.0803704371728718,0.231065006872006,0.01375,0.011,0.01375,0.01375,0,0,0,0
30/09/2009,8.02605623748709e-05,0.1,13.5751414848473,6,354.82121337427,0,0.857142857142857,3.42857142857143,0.12258064516129,0,400,25,2.28571428571429,7.71428571428572,0.0516129032258065,0.148387096774194,0.01375,0.011,0.01375,0.01375,0,0,0,0
01/10/2009,2.55181636621274e-05,0.1,13.6904632113135,6,354.35813602547,0,0.857142857142857,3.42857142857143,0.12258064516129,0,400,25,2.28571428571429,7.71428571428572,0.0516129032258065,0.148387096774194,0.01375,0.011,0.01375,0.01375,0,0,0,0
02/10/2009,0.00019828202357211,0.1,13.8070606521197,6,353.873417117015,0,1.18507055532823,4.74028222131294,0.229774215320812,0,400,25,3.16018814754196,10.6656349979541,0.0967470380298154,0.278147734335719,0.01375,0.011,0.01375,0.01375,0,0,0,0
03/10/2009,0.00746026128351916,0.1,13.9248992919492,38.6802988020175,353.367200135988,0,7.53733761819261,30.1493504727705,2.2452805560954,0,400,25,20.099566981847,67.8360385637335,0.945381286777009,2.7179711994839,0.01375,0.011,0.01375,0.01375,0,0,0,0
04/10/2009,0.0108240501851444,0.1,14.0439442480639,38.4182760692361,352.839634933357,0,7.23241390279347,28.9296556111739,2.14534418482905,0,400,25,19.2864370741159,65.0917251251412,0.903302814664862,2.59699559216148,0.01375,0.011,0.01375,0.01375,0,0,0,0
05/10/2009,0.00822892061808765,0.1,14.1641602806307,38.7810796793175,352.290877679617,0,7.35081480325701,29.403259213028,2.17783547582603,0,400,25,19.6021728086854,66.1573332293131,0.916983358242538,2.6363271549473,0.01375,0.011,0.01375,0.01375,0,0,0,0
06/10/2009,0.0205102771533303,0.1,14.2855118031529,39.5204134396827,351.721090818561,0,7.60085211366921,30.4034084546768,2.261527493517,0,400,25,20.2689389697846,68.4076690230229,0.952222102533473,2.73763854478373,0.01375,0.011,0.01375,0.01375,0,0,0,0
07/10/2009,0.0290920512568632,0.1,14.4079628930047,38.2090567666331,351.13044301919,0,7.11233282097588,28.4493312839035,2.09756491911335,0,400,25,18.9662208559357,64.0109953887829,0.883185229100356,2.53915753366352,0.01375,0.011,0.01375,0.01375,0,0,0,0
08/10/2009,0.01455851271358,0.1,14.5314773020651,33.7787056983326,350.519109125787,0,5.85611031081825,23.424441243273,1.68423753503242,0,400,25,15.616294162182,52.7049927973643,0.709152646329442,2.03881385819714,0.01375,0.011,0.01375,0.01375,0,0,0,0
09/10/2009,0.0021534785653447,0.1,14.6560184674478,6,349.887270106158,0,0.887452830088804,3.54981132035521,0.132488421264051,0,400,25,2.36654088023681,7.98707547079923,0.055784598426969,0.160380720477536,0.01375,0.011,0.01375,0.01375,0,0,0,0
10/10/2009,0.00172007958395358,0.1,14.7815495223251,6,349.235112998059,0,0.874166725623192,3.49666690249277,0.128145436578518,0,400,25,2.33111126832851,7.86750053060873,0.0539559732962181,0.155123423226627,0.01375,0.011,0.01375,0.01375,0,0,0,0
11/10/2009,0.00145231767493581,0.1,14.908033306841,6,348.562830853834,0,0.893211735702386,3.57284694280954,0.134370902238814,0,400,25,2.38189796187303,8.03890562132148,0.05657722199529,0.162659513236459,0.01375,0.011,0.01375,0.01375,0,0,0,0
12/10/2009,0.00119903762713609,0.1,15.0354323791111,6,347.870622683264,0,0.895467678867224,3.5818707154689,0.135108328821729,0,400,25,2.3879138103126,8.05920910980502,0.0568877173986225,0.16355218752104,0.01375,0.011,0.01375,0.01375,0,0,0,0
13/10/2009,0.000838196508011324,0.1,15.1637090263067,6,347.158693394657,0,0.857142857142857,3.42857142857143,0.12258064516129,0,400,25,2.28571428571429,7.71428571428571,0.0516129032258065,0.148387096774194,0.01375,0.011,0.01375,0.01375,0,0,0,0
14/10/2009,0.000761305888381277,0.1,15.292825275818,6,346.427253734189,0,0.857142857142857,3.42857142857143,0.12258064516129,0,400,25,2.28571428571429,7.71428571428572,0.0516129032258065,0.148387096774194,0.01375,0.011,0.01375,0.01375,0,0,0,0
15/10/2009,0.00063446565853432,0.1,15.4227429064953,6,345.676520223521,0,0.857142857142857,3.42857142857143,0.12258064516129,0,400,25,2.28571428571429,7.71428571428572,0.0516129032258065,0.148387096774194,0.01375,0.011,0.01375,0.01375,0,0,0,0
16/10/2009,0.000522821650130168,0.1,15.553423459963,6,344.906715095704,0,0.857142857142857,3.42857142857143,0.12258064516129,0,400,25,2.28571428571429,7.71428571428572,0.0516129032258065,0.148387096774194,0.01375,0.011,0.01375,0.01375,0,0,0,0
17/10/2009,0.000460333375488224,0.1,15.6848282520041,6,344.11806622939,0,0.857142857142857,3.42857142857143,0.12258064516129,0,400,25,2.28571428571429,7.71428571428572,0.0516129032258065,0.148387096774194,0.01375,0.011,0.01375,0.01375,0,0,0,0
18/10/2009,0.00116908393281808,0.1,15.8169183840117,26.7818010281157,343.310807081381,0,5.21895808330296,20.8758323332118,1.51054381656328,0,400,25,13.9172215554745,46.9706227497266,0.636018449079276,1.82855304110292,0.01375,0.011,0.01375,0.01375,0,0,0,0
19/10/2009,0.000949265866804298,0.1,15.9496547545038,25.3442521708127,342.485176617513,0,4.69289811366313,18.7715924546525,1.33356218692827,0,400,25,12.5143949697683,42.2360830229682,0.561499868180323,1.61431212101843,0.01375,0.011,0.01375,0.01375,0,0,0,0
20/10/2009,0.000256774233657655,0.1,16.0829980706979,6,341.641419241926,0,0.857142857142857,3.42857142857143,0.12258064516129,0,400,25,2.28571428571429,7.71428571428572,0.0516129032258065,0.148387096774194,0.01375,0.011,0.01375,0.01375,0,0,0,0
21/10/2009,0.000196556004412986,0.1,16.2169088601428,6,340.779784724706,0,0.857142857142857,3.42857142857143,0.12258064516129,0,400,25,2.28571428571429,7.71428571428572,0.0516129032258065,0.148387096774194,0.01375,0.011,0.01375,0.01375,0,0,0,0
22/10/2009,0.000150996861989401,0.1,16.3513474824032,6,339.900528127956,0,0.898858278741314,3.59543311496526,0.136216653941861,0,400,25,2.39695540997684,8.08972450867183,0.0573543806070995,0.164893844245411,0.01375,0.011,0.01375,0.01375,0,0,0,0
23/10/2009,9.43513197177415e-05,0.1,16.486274140794,6,339.003909730285,0,0.857142857142857,3.42857142857143,0.12258064516129,0,400,25,2.28571428571429,7.71428571428572,0.0516129032258065,0.148387096774194,0.01375,0.011,0.01375,0.01375,0,0,0,0
24/10/2009,0.000101526631004542,0.1,16.6216488941613,6,338.090194949768,0,0.857142857142857,3.42857142857143,0.12258064516129,0,400,25,2.28571428571429,7.71428571428572,0.0516129032258065,0.148387096774194,0.01375,0.011,0.01375,0.01375,0,0,0,0
25/10/2009,0.000209685143099442,0.1,16.7574316687051,6,337.159654265367,0,1.07841473369406,4.31365893477623,0.194910376851145,0,400,25,2.87577262318415,9.70573260324651,0.0820675270952188,0.235944140398754,0.01375,0.011,0.01375,0.01375,0,0,0,0
26/10/2009,0.00678671197083865,0.1,16.893582269843,38.5713385760732,336.212563136873,0,7.52133883248696,30.0853553299478,2.24049772372647,0,400,25,20.0569035532986,67.6920494923826,0.943367462621672,2.71218145503731,0.01375,0.011,0.01375,0.01375,0,0,0,0
27/10/2009,0.00572579719830545,0.1,17.0300603941077,38.260105437998,335.249201923357,0,7.01244519398157,28.0497807759263,2.06099296526473,0,400,25,18.6998538506175,63.1120067458341,0.867786511690414,2.49488622110994,0.01375,0.011,0.01375,0.01375,0,0,0,0
28/10/2009,0.00106588475291248,0.1,17.1668256410784,33.1703320009411,334.269855800181,0,6.48053677474923,25.9221470989969,1.90970394043009,0,400,25,17.2814313993313,58.3248309727431,0.804085869654774,2.31174687525748,0.01375,0.011,0.01375,0.01375,0,0,0,0
29/10/2009,0.000700046982758662,0.1,17.3038375253397,28.7914608813713,333.27481467458,0,5.40642497288603,21.6256998915441,1.55976058645022,0,400,25,14.4171332610294,48.6578247559743,0.656741299557988,1.88813123622922,0.01375,0.011,0.01375,0.01375,0,0,0,0
30/10/2009,9.73064599098705e-05,0.1,17.4410554884664,6,332.264373099842,0,0.857142857142857,3.42857142857143,0.12258064516129,0,400,25,2.28571428571429,7.71428571428571,0.0516129032258064,0.148387096774194,0.01375,0.011,0.01375,0.01375,0,0,0,0
31/10/2009,0.000407625731231468,0.1,17.5784389110296,28.6142510381266,331.238830188116,0,5.80408313427416,23.2163325370966,1.70098833644497,0,400,25,15.4775550247311,52.2367482084675,0.716205615345252,2.0590911441176,0.01375,0.011,0.01375,0.01375,0,0,0,0
01/11/2009,0.000310731698688429,0.1,17.7159471246209,26.2637689771196,330.198489521866,0,5.18918454056146,20.7567381622458,1.49891003438189,0,400,25,13.8378254414972,46.7026608650531,0.631120014476585,1.81447004162018,0.01375,0.011,0.01375,0.01375,0,0,0,0
02/11/2009,8.45933987746175e-05,0.1,17.853539423891,6,329.143659064006,0,0.857142857142857,3.42857142857143,0.12258064516129,0,400,25,2.28571428571429,7.71428571428572,0.0516129032258065,0.148387096774194,0.01375,0.011,0.01375,0.01375,0,0,0,0
03/11/2009,0,0.1,17.9911750785997,0,328.074651066735,0,0,0,0,0,400,25,0,0,0,0,0.01375,0.011,0.01375,0.01375,0,0,0,0
04/11/2009,0.000172791420834962,0.1,18.1288133456723,6,326.991781979106,0,1.0110993268614,4.04439730744561,0.172906200854234,0,400,25,2.69626487163041,9.09989394175263,0.0728026108859935,0.209307506297231,0.01375,0.011,0.01375,0.01375,0,0,0,0
05/11/2009,0.00268098860468577,0.1,18.2664134812612,37.055849445287,325.895372353347,0,7.27413270557384,29.0965308222953,2.1637623230872,0,400,25,19.3976872148636,65.4671943501645,0.911057820247241,2.61929123321082,0.01375,0.011,0.01375,0.01375,0,0,0,0
06/11/2009,0.00619417785363121,0.1,18.4039347528061,38.5739722704684,324.785746749974,0,7.3812319394705,29.524927757882,2.19038645699569,0,400,25,19.6832851719213,66.4310874552345,0.922267981892924,2.65152044794216,0.01375,0.011,0.01375,0.01375,0,0,0,0
07/11/2009,0.00459945530794037,0.1,18.5413364510926,38.197840970856,323.663233641712,0,7.1752534381692,28.7010137526768,2.11963316218165,0,400,25,19.1340091684512,64.5772809435228,0.892477120918591,2.56587172264095,0.01375,0.011,0.01375,0.01375,0,0,0,0
08/11/2009,0.00118800553637832,0.1,18.678577902302,33.6125534701936,322.528165316262,0,6.26771401290693,25.0708560516277,1.83055482220985,0,400,25,16.7139040344185,56.4094261161624,0.770759925140991,2.21593478478035,0.01375,0.011,0.01375,0.01375,0,0,0,0
09/11/2009,5.0901728721931e-05,0.1,18.8156184800527,6,321.380877777935,0,0.857142857142857,3.42857142857143,0.12258064516129,0,400,25,2.28571428571429,7.71428571428572,0.0516129032258065,0.148387096774194,0.01375,0.011,0.01375,0.01375,0,0,0,0
10/11/2009,1.64684932290084e-05,0.1,18.9524176174254,6,320.221710648189,0,0.857142857142857,3.42857142857143,0.12258064516129,0,400,25,2.28571428571429,7.71428571428572,0.0516129032258065,0.148387096774194,0.01375,0.011,0.01375,0.01375,0,0,0,0
11/11/2009,4.05101370062942e-05,0.1,19.0889348189725,6,319.05100706509,0,0.857142857142857,3.42857142857143,0.12258064516129,0,400,25,2.28571428571429,7.71428571428572,0.0516129032258065,0.148387096774194,0.01375,0.011,0.01375,0.01375,0,0,0,0
12/11/2009,1.57723226913632e-05,0.1,19.2251296727055,6,317.869113581744,0,0.857142857142857,3.42857142857143,0.12258064516129,0,400,25,2.28571428571429,7.71428571428572,0.0516129032258065,0.148387096774194,0.01375,0.011,0.01375,0.01375,0,0,0,0
13/11/2009,0.00489132545054648,0.1,19.3609618620575,38.5303292169187,316.676380063702,0,7.57216146842723,30.2886458737089,2.25891047443567,0,400,25,20.1924305824726,68.1494532158451,0.951120199762388,2.73447057431687,0.01375,0.011,0.01375,0.01375,0,0,0,0
14/11/2009,0.00378193755613862,0.1,19.496391177818,38.0977038813735,315.473159585395,0,7.09187075112631,28.3674830045052,2.09054519009263,0,400,25,18.9116553363368,63.8268367601368,0.880229553723214,2.53065996695424,0.01375,0.011,0.01375,0.01375,0,0,0,0
15/11/2009,4.03556095742913e-05,0.1,19.6313775300357,6,314.259808325618,0,0.857142857142857,3.42857142857143,0.12258064516129,0,400,25,2.28571428571429,7.71428571428572,0.0516129032258065,0.148387096774194,0.01375,0.011,0.01375,0.01375,0,0,0,0
16/11/2009,0,0.1,19.7658809598859,0,313.036685462092,0,0,0,0,0,400,25,0,0,0,0,0.01375,0.011,0.01375,0.01375,0,0,0,0
17/11/2009,5.31561665302803e-05,0.1,19.899861651499,6,311.80415306514,0,0.857142857142857,3.42857142857143,0.12258064516129,0,400,25,2.28571428571429,7.71428571428572,0.0516129032258065,0.148387096774194,0.01375,0.011,0.01375,0.01375,0,0,0,0
18/11/2009,3.21376396165565e-05,0.1,20.0332799437473,6,310.562575990505,0,0.857142857142857,3.42857142857143,0.12258064516129,0,400,25,2.28571428571429,7.71428571428572,0.0516129032258065,0.148387096774194,0.01375,0.011,0.01375,0.01375,0,0,0,0
19/11/2009,0,0.1,20.166096341985,0,309.31232177135,0,0,0,0,0,400,25,0,0,0,0,0.01375,0.011,0.01375,0.01375,0,0,0,0
20/11/2009,0,0.1,20.2982715297398,0,308.053760509454,0,0,0,0,0,400,25,0,0,0,0,0.01375,0.011,0.01375,0.01375,0,0,0,0
21/11/2009,0.000408765812488405,0.1,20.4297663803513,35.2938737962407,306.787264765657,0,7.26406834175928,29.0562733670371,2.16993354795872,0,400,25,19.3708489113581,65.3766150758335,0.913656230719459,2.62676166331845,0.01375,0.011,0.01375,0.01375,0,0,0,0
22/11/2009,0.000231201134404939,0.1,20.5605419685534,36.8527153824449,305.513209449576,0,7.74614059442583,30.9845623777033,2.32679649239677,0,400,25,20.6563749184689,69.7152653498324,0.979703786272324,2.81664838553293,0.01375,0.011,0.01375,0.01375,0,0,0,0
23/11/2009,0.000142020496187925,0.1,20.6905595819968,6,304.231971708621,0,0.956241774080185,3.82496709632074,0.154974269622524,0,400,25,2.54997806421383,8.60617596672166,0.0652523240515892,0.187600431648319,0.01375,0.011,0.01375,0.01375,0,0,0,0
24/11/2009,0.00521434081694439,0.1,20.8197807327088,38.4798621669182,302.94393081635,0,7.50471529122525,30.018861164901,2.23528832671731,0,400,25,20.012574109934,67.5424376210273,0.941174032302025,2.70587534286832,0.01375,0.011,0.01375,0.01375,0,0,0,0
25/11/2009,0.00394328046171873,0.1,20.9481671684868,38.284554448251,301.649468060202,0,7.11755783300062,28.4702313320025,2.09830657270538,0,400,25,18.980154221335,64.0580204970056,0.883497504297003,2.54005532485388,0.01375,0.011,0.01375,0.01375,0,0,0,0
26/11/2009,0,0.1,21.0756808842214,0,300.348966628621,0,0,0,0,0,400,25,0,0,0,0,0.01375,0.011,0.01375,0.01375,0,0,0,0
27/11/2009,0.0136928598788824,0.1,21.2022841331467,39.4984204013584,299.042811497628,0,7.7442032834062,30.9768131336248,2.31296597387469,0,400,25,20.6512087557499,69.6978295506558,0.973880410052501,2.79990617890094,0.01375,0.011,0.01375,0.01375,0,0,0,0
28/11/2009,0.0106779057865632,0.1,21.3279394380145,39.3237273629765,297.73138931686,0,7.250762017988,29.003048071952,2.13791506896932,0,400,25,19.3353653813013,65.256858161892,0.900174765881818,2.58800245191023,0.01375,0.011,0.01375,0.01375,0,0,0,0
29/11/2009,0,0.1,21.4526096021881,0,296.41508829511,0,0,0,0,0,400,25,0,0,0,0,0.01375,0.011,0.01375,0.01375,0,0,0,0
30/11/2009,7.84859620060433e-05,0.1,21.5762577206533,6,295.094298085414,0,0.857142857142857,3.42857142857143,0.12258064516129,0,400,25,2.28571428571429,7.71428571428571,0.0516129032258065,0.148387096774194,0.01375,0.011,0.01375,0.01375,0,0,0,0
01/12/2009,0.0219847342243326,0.1,21.6988471909432,39.6558897361011,293.769409669701,0,7.73588116941131,30.9435246776452,2.30878699272199,0,400,25,20.6290164517635,69.6229305247018,0.972120839040836,2.7948474122424,0.01375,0.011,0.01375,0.01375,0,0,0,0
02/12/2009,0.01733388272658,0.1,21.8203417239731,39.5454301792297,292.440815243058,0,7.21633626942072,28.8653450776829,2.12390291904048,0,400,25,19.2435633851219,64.9470264247865,0.894274913280202,2.57104037568058,0.01375,0.011,0.01375,0.01375,0,0,0,0
03/12/2009,0,0.1,21.9407053547832,0,291.108908097629,0,0,0,0,0,400,25,0,0,0,0,0.01375,0.011,0.01375,0.01375,0,0,0,0
04/12/2009,0,0.1,22.0599024531845,0,289.774082506192,0,0,0,0,0,400,25,0,0,0,0,0.01375,0.011,0.01375,0.01375,0,0,0,0
05/12/2009,1.06970531780355e-05,0.1,22.1778977343065,6,288.436733605447,0,0.857142857142857,3.42857142857143,0.12258064516129,0,400,25,2.28571428571429,7.71428571428572,0.0516129032258065,0.148387096774194,0.01375,0.011,0.01375,0.01375,0,0,0,0
06/12/2009,0,0.1,22.294656269042,0,287.097257279049,0,0,0,0,0,400,25,0,0,0,0,0.01375,0.011,0.01375,0.01375,0,0,0,0
07/12/2009,0,0.1,22.4101434943871,0,285.756050040415,0,0,0,0,0,400,25,0,0,0,0,0.01375,0.011,0.01375,0.01375,0,0,0,0
08/12/2009,0,0.1,22.5243252236724,0,284.413508915348,0,0,0,0,0,400,25,0,0,0,0,0.01375,0.011,0.01375,0.01375,0,0,0,0
09/12/2009,1.65126738426784e-05,0.1,22.637167656683,6,283.070031324511,0,0.857142857142857,3.42857142857143,0.12258064516129,0,400,25,2.28571428571429,7.71428571428572,0.0516129032258065,0.148387096774194,0.01375,0.011,0.01375,0.01375,0,0,0,0
10/12/2009,0,0.1,22.7486373896641,0,281.726014965779,0,0,0,0,0,400,25,0,0,0,0,0.01375,0.011,0.01375,0.01375,0,0,0,0
11/12/2009,0,0.1,22.8587014252095,0,280.381857696517,0,0,0,0,0,400,25,0,0,0,0,0.01375,0.011,0.01375,0.01375,0,0,0,0
12/12/2009,0,0.1,22.9673271820289,0,279.037957415799,0,0,0,0,0,400,25,0,0,0,0,0.01375,0.011,0.01375,0.01375,0,0,0,0
13/12/2009,0,0.1,23.0744825045931,0,277.694711946626,0,0,0,0,0,400,25,0,0,0,0,0.01375,0.011,0.01375,0.01375,0,0,0,0
14/12/2009,6.69896333445333e-05,0.1,23.180135672653,6,276.352518918163,0,0.857142857142857,3.42857142857143,0.12258064516129,0,400,25,2.28571428571429,7.71428571428572,0.0516129032258065,0.148387096774194,0.01375,0.011,0.01375,0.01375,0,0,0,0
15/12/2009,5.99353167582705e-05,0.1,23.2842554106286,6,275.011775648026,0,0.857142857142857,3.42857142857143,0.12258064516129,0,400,25,2.28571428571429,7.71428571428572,0.0516129032258065,0.148387096774194,0.01375,0.011,0.01375,0.01375,0,0,0,0
16/12/2009,0,0.1,23.3868108968681,0,273.672879024676,0,0,0,0,0,400,25,0,0,0,0,0.01375,0.011,0.01375,0.01375,0,0,0,0
17/12/2009,0,0.1,23.4877717727713,0,272.336225389925,0,0,0,0,0,400,25,0,0,0,0,0.01375,0.011,0.01375,0.01375,0,0,0,0
18/12/2009,0.00349889065262624,0.1,23.5871081517765,38.1990609723484,271.002210421614,0,7.4877868997727,29.9511475990908,2.23140880877563,0,400,25,19.9674317327272,67.3900820979543,0.939540551063425,2.70117908430735,0.01375,0.011,0.01375,0.01375,0,0,0,0
19/12/2009,0.0053972701521567,0.1,23.6847906282074,38.971915436211,269.671229016481,0,7.49629853191308,29.9851941276523,2.22840260277366,0,400,25,19.9901294184349,67.4666867872177,0.938274780115224,2.69753999283127,0.01375,0.011,0.01375,0.01375,0,0,0,0
20/12/2009,0.00231059301672042,0.1,23.7807902859783,37.3029714235519,268.343675173266,0,6.91467139570949,27.658685582838,2.03348538326472,0,400,25,18.439123721892,62.2320425613854,0.856204371900933,2.46158756921518,0.01375,0.011,0.01375,0.01375,0,0,0,0
21/12/2009,0,0.1,23.8750787071532,0,267.019941876079,0,0,0,0,0,400,25,0,0,0,0,0.01375,0.011,0.01375,0.01375,0,0,0,0
22/12/2009,0,0.1,23.9676279803587,0,265.700420978066,0,0,0,0,0,400,25,0,0,0,0,0.01375,0.011,0.01375,0.01375,0,0,0,0
23/12/2009,0,0.1,24.0584107090458,0,264.385503085413,0,0,0,0,0,400,25,0,0,0,0,0.01375,0.011,0.01375,0.01375,0,0,0,0
24/12/2009,0.00105733241171383,0.1,24.1474000196006,39.3372851986671,263.07557744172,0,8.05932166369754,32.2372866547901,2.42533066537409,0,400,25,21.4915244365268,72.5338949732778,1.02119185910488,2.93592659492652,0.01375,0.011,0.01375,0.01375,0,0,0,0
25/12/2009,0.00106899687415318,0.1,24.2345695692986,34.3469407954758,261.771031812774,0,6.37830828290876,25.5132331316351,1.86475714138379,0,400,25,17.0088220877567,57.4047745461789,0.78516090163528,2.25733759220143,0.01375,0.011,0.01375,0.01375,0,0,0,0
26/12/2009,0.00913320076463723,0.1,24.3198935541034,39.2125644040644,260.472252371766,0,7.63115857856958,30.5246343142783,2.27483552010956,0,400,25,20.3497562095189,68.6804272071262,0.957825482151395,2.75374826118526,0.01375,0.011,0.01375,0.01375,0,0,0,0
27/12/2009,0.0118888397987778,0.1,24.4033467163048,39.3936866049074,259.17962358497,0,7.37430259869028,29.4972103947611,2.18158564947876,0,400,25,19.6648069298408,66.3687233882126,0.9185623787279,2.64086683884271,0.01375,0.011,0.01375,0.01375,0,0,0,0
28/12/2009,0.0451177311590708,0.1,24.484904351996,38.2897918249911,257.893528097937,0,7.19776878845221,28.7910751538089,2.12855833136024,0,400,25,19.1940501025392,64.7799190960699,0.896235086888524,2.57667587480451,0.01375,0.011,0.01375,0.01375,0,0,0,0
29/12/2009,0.037197224101038,0.1,24.5645423183859,36.3655630437848,256.614346622224,0,6.22469614610811,24.8987845844324,1.79524882054282,0,400,25,16.599189722955,56.022265314973,0.755894240228556,2.1731959406571,0.01375,0.011,0.01375,0.01375,0,0,0,0
30/12/2009,0.00366319509803856,0.1,24.6422370409468,11.0604883335659,255.342457822691,0,1.82024651212674,7.28098604850696,0.425391700350592,0,400,25,4.85399069900464,16.3822186091407,0.17911229488446,0.514947847792822,0.01375,0.011,0.01375,0.01375,0,0,0,0
31/12/2009,0.00259114879047432,0.1,24.7179655203918,6,254.078238205414,0,0.857142857142857,3.42857142857143,0.12258064516129,0,400,25,2.28571428571429,7.71428571428572,0.0516129032258065,0.148387096774194,0.01375,0.011,0.01375,0.01375,0,0,0,0
01/01/2010,0.00205168593852264,0.1,24.8051371179797,6,252.59041410873,0,0.857142857142857,3.42857142857143,0.12258064516129,0,400,25,2.28571428571429,7.71428571428572,0.0516129032258065,0.148387096774194,0.01375,0.011,0.01375,0.01375,0,0,0,0
02/01/2010,0.00162642700645449,0.1,24.8764918925008,6,251.344251726306,0,0.857142857142857,3.42857142857143,0.12258064516129,0,400,25,2.28571428571429,7.71428571428572,0.0516129032258065,0.148387096774194,0.01375,0.011,0.01375,0.01375,0,0,0,0
03/01/2010,0.00896054239008435,0.1,24.9458110794992,34.4351419076664,250.106942079986,0,6.65588138067444,26.6235255226977,1.96491287787774,0,400,25,17.7490170151318,59.9029324260699,0.827331738053784,2.37857874690463,0.01375,0.011,0.01375,0.01375,0,0,0,0
04/01/2010,0.0106841911714391,0.1,25.0130741590243,36.1013416977186,248.878851439682,0,6.72408414678895,26.8963365871558,1.97581617309977,0,400,25,17.9308910581039,60.5167573211006,0.831922599199904,2.39177747269972,0.01375,0.011,0.01375,0.01375,0,0,0,0
05/01/2010,0.00364945519150887,0.1,25.0782612197774,31.2975947773409,247.660343346284,0,5.70242315242002,22.8096926096801,1.64919416859309,0,400,25,15.2064617397867,51.3218083717802,0.694397544670776,1.99639294092848,0.01375,0.011,0.01375,0.01375,0,0,0,0
06/01/2010,0.00203090797558838,0.1,25.1413529650052,28.2606512048691,246.451778504046,0,5.45686465379976,21.827458615199,1.58567447891787,0,400,25,14.5516390767994,49.1117818841979,0.667652412175946,1.91950068500584,0.01375,0.011,0.01375,0.01375,0,0,0,0
07/01/2010,0.00227877807192801,0.1,25.2023307182122,29.8067264688958,245.253514673805,0,5.53366004309866,22.1346401723946,1.60066960539204,0,400,25,14.7564267815964,49.8029403878879,0.673966149638753,1.93765268021141,0.01375,0.011,0.01375,0.01375,0,0,0,0
08/01/2010,0.000906497520818141,0.1,25.2611764286895,19.9056915986525,244.065906567085,0,3.56824719090352,14.2729887636141,0.977333044014594,0,400,25,9.51532584240937,32.1142247181316,0.411508650111408,1.1830873690703,0.01375,0.011,0.01375,0.01375,0,0,0,0
09/01/2010,0.000298905248423357,0.1,25.317872676858,6,242.889305741087,0,0.857142857142857,3.42857142857143,0.12258064516129,0,400,25,2.28571428571429,7.71428571428572,0.0516129032258065,0.148387096774194,0.01375,0.011,0.01375,0.01375,0,0,0,0
10/01/2010,0.000222145622731991,0.1,25.3724026794253,6,241.724060494622,0,0.857142857142857,3.42857142857143,0.12258064516129,0,400,25,2.28571428571429,7.71428571428572,0.0516129032258065,0.148387096774194,0.01375,0.011,0.01375,0.01375,0,0,0,0
11/01/2010,0.000252460673987241,0.1,25.4247502943533,6,240.570515765012,0,0.857142857142857,3.42857142857143,0.12258064516129,0,400,25,2.28571428571429,7.71428571428572,0.0516129032258065,0.148387096774194,0.01375,0.011,0.01375,0.01375,0,0,0,0
12/01/2010,0.000147559407748006,0.1,25.4749000256372,6,239.429013025974,0,0.857142857142857,3.42857142857143,0.12258064516129,0,400,25,2.28571428571429,7.71428571428572,0.0516129032258065,0.148387096774194,0.01375,0.011,0.01375,0.01375,0,0,0,0
13/01/2010,0.000132107215810008,0.1,25.5228370278924,6,238.299890186543,0,0.857142857142857,3.42857142857143,0.12258064516129,0,400,25,2.28571428571429,7.71428571428572,0.0516129032258065,0.148387096774194,0.01375,0.011,0.01375,0.01375,0,0,0,0
14/01/2010,0.00572005102259939,0.1,25.5685471107489,38.0344651944454,237.18348149104,0,7.41865126502683,29.6746050601073,2.20833783767141,0,400,25,19.7830700400716,66.7678613852415,0.92982645796691,2.67325106665487,0.01375,0.011,0.01375,0.01375,0,0,0,0
15/01/2010,0.00447951479080223,0.1,25.6120167430522,37.655967102085,236.08011742013,0,6.91546168092348,27.6618467236939,2.03142766515404,0,400,25,18.4412311491293,62.2391551283113,0.855337964275387,2.45909664729174,0.01375,0.011,0.01375,0.01375,0,0,0,0
16/01/2010,0.000163561092675156,0.1,25.6532330568687,6,234.990124592991,0,0.857142857142857,3.42857142857143,0.12258064516129,0,400,25,2.28571428571429,7.71428571428572,0.0516129032258065,0.148387096774194,0.01375,0.011,0.01375,0.01375,0,0,0,0
17/01/2010,0.000807201754891233,0.1,25.6921838512949,34.3361661734063,233.91382567063,0,6.85202203970979,27.4080881588392,2.03416167482147,0,400,25,18.2720587725594,61.6681983573881,0.856489126240617,2.46240623794178,0.01375,0.011,0.01375,0.01375,0,0,0,0
18/01/2010,0.000562482272816634,0.1,25.7288575960691,33.7122978218854,232.851539260369,0,6.58729810972041,26.3491924388817,1.94396244470154,0,400,25,17.5661282925878,59.2856829874837,0.818510503032228,2.35321769621766,0.01375,0.011,0.01375,0.01375,0,0,0,0
19/01/2010,0,0.1,25.7632434349846,0,231.803579821526,0,0,0,0,0,400,25,0,0,0,0,0.01375,0.011,0.01375,0.01375,0,0,0,0
20/01/2010,0,0.1,25.7953311891033,0,230.770257572335,0,0,0,0,0,400,25,0,0,0,0,0.01375,0.011,0.01375,0.01375,0,0,0,0
21/01/2010,0,0.1,25.8251113597692,0,229.751878398107,0,0,0,0,0,400,25,0,0,0,0,0.01375,0.011,0.01375,0.01375,0,0,0,0
22/01/2010,0,0.1,25.8525751314198,0,228.74874376069,0,0,0,0,0,400,25,0,0,0,0,0.01375,0.011,0.01375,0.01375,0,0,0,0
23/01/2010,0,0.1,25.8777143741959,0,227.761150609223,0,0,0,0,0,400,25,0,0,0,0,0.01375,0.011,0.01375,0.01375,0,0,0,0
24/01/2010,0.000133921637069121,0.1,25.9005216463481,6,226.789391292236,0,0.857142857142857,3.42857142857143,0.12258064516129,0,400,25,2.28571428571429,7.71428571428572,0.0516129032258065,0.148387096774194,0.01375,0.011,0.01375,0.01375,0,0,0,0
25/01/2010,8.41539995636025e-05,0.1,25.9209901964399,6,225.833753471109,0,0.857142857142857,3.42857142857143,0.12258064516129,0,400,25,2.28571428571429,7.71428571428572,0.0516129032258065,0.148387096774194,0.01375,0.011,0.01375,0.01375,0,0,0,0
26/01/2010,0,0.1,25.9391139653462,0,224.894520034914,0,0,0,0,0,400,25,0,0,0,0,0.01375,0.011,0.01375,0.01375,0,0,0,0
27/01/2010,7.79584481346361e-05,0.1,25.9548875880467,6,223.971969016682,0,0.857142857142857,3.42857142857143,0.12258064516129,0,400,25,2.28571428571429,7.71428571428572,0.0516129032258065,0.148387096774194,0.01375,0.011,0.01375,0.01375,0,0,0,0
28/01/2010,0.00153527552783119,0.1,25.9683063952143,36.1613565081844,223.066373511089,0,7.11121277277631,28.4448510911052,2.11294677306459,0,400,25,18.9632340607368,64.0009149549868,0.889661799185093,2.55777767265714,0.01375,0.011,0.01375,0.01375,0,0,0,0
29/01/2010,0.0238000032633049,0.1,25.9793664145975,39.6915039546474,222.178001593623,0,7.72451127227696,30.8980450891079,2.30448270034192,0,400,25,20.5986967260719,69.5206014504927,0.970308505407125,2.78963695304549,0.01375,0.011,0.01375,0.01375,0,0,0,0
30/01/2010,0.0179750755926475,0.1,25.9880643721958,39.5627626285752,221.307116241223,0,7.20966792845782,28.8386717138313,2.12143702977073,0,400,25,19.2257811425542,64.8870113561204,0.893236644113993,2.56805535182773,0.01375,0.011,0.01375,0.01375,0,0,0,0
31/01/2010,0.00133237501764343,0.1,25.9943976932292,36.965001010236,220.453975254433,0,7.35707264888306,29.4282905955323,2.19422991685189,0,400,25,19.6188603970215,66.2136538399476,0.923886280779744,2.65617305724176,0.01375,0.011,0.01375,0.01375,0,0,0,0
01/02/2010,0.00229445899849491,0.1,25.9983645029001,37.9763163076598,219.618831181091,0,7.39796590493641,29.5918636197456,2.20109245035948,0,400,25,19.7279090798304,66.5816931444277,0.926775768572412,2.66448033464569,0.01375,0.011,0.01375,0.01375,0,0,0,0
02/02/2010,0.00108141377865624,0.1,25.9999636269489,35.1363043476832,218.801931241564,0,6.61385316714504,26.4554126685802,1.94313027168841,0,400,25,17.6369417790534,59.5246785043054,0.818160114395122,2.35221032888597,0.01375,0.011,0.01375,0.01375,0,0,0,0
03/02/2010,0.0110100849135818,0.1,25.9991945920008,39.3491197254806,218.00351725557,0,7.68141936053609,30.7256774421444,2.29178634383408,0,400,25,20.4837849614296,69.1327742448248,0.964962671088032,2.77426767937809,0.01375,0.011,0.01375,0.01375,0,0,0,0
04/02/2010,0.0254750675015515,0.1,25.9960576257065,39.0531591405137,217.22382557059,0,7.40495385122249,29.61981540489,2.1954175172247,0,400,25,19.74654360326,66.6445846610025,0.924386323041977,2.65761067874568,0.01375,0.011,0.01375,0.01375,0,0,0,0
05/02/2010,0.0328791479403555,0.1,25.9905536566747,37.5901578486796,216.463086991908,0,6.91995862088749,27.67983448355,2.03389944519334,0,400,25,18.4532229890333,62.2796275879874,0.856378713765618,2.46208880207615,0.01375,0.011,0.01375,0.01375,0,0,0,0
06/02/2010,0.0779303417456926,0.1,25.9826843141968,37.1055407332867,215.721526714289,0,6.06738285420982,24.2695314168393,1.74368288986813,0,400,25,16.1796876112262,54.6064456878884,0.734182269418158,2.1107740245772,0.01375,0.011,0.01375,0.01375,0,0,0,0
07/02/2010,0.0936375349762406,0.1,25.9724519277653,36.0749516153099,214.999364255309,0,5.09965934312574,20.398637372503,1.41958365954604,0,400,25,13.5990915816686,45.8969340881317,0.597719435598334,1.71844337734521,0.01375,0.011,0.01375,0.01375,0,0,0,0
08/02/2010,0.0341185324004869,0.1,25.9598595263838,29.7426811479258,214.296813390382,0,4.12448370782915,16.4979348313166,1.09400173227146,0,400,25,10.9986232208777,37.1203533704623,0.460632308324826,1.32431788643387,0.01375,0.011,0.01375,0.01375,0,0,0,0
09/02/2010,0.0129520853968429,0.1,25.9449108376702,18.2190439032804,213.614082089472,0,3.22214069632647,12.8885627853059,0.859757650757839,0,400,25,8.59237519020392,28.9992662669382,0.362003221371722,1.0407592614437,0.01375,0.011,0.01375,0.01375,0,0,0,0
10/02/2010,0.00730532546062965,0.1,25.9276102867536,7.93541410400808,212.951372455532,0,1.68766476739809,6.75065906959238,0.389530884001396,0,400,25,4.50043937972825,15.1889829065829,0.164013003790061,0.471537385896426,0.01375,0.011,0.01375,0.01375,0,0,0,0
11/02/2010,0.00561533420125789,0.1,25.9079629949642,6,212.308880664676,0,1.36936823460332,5.4774729384133,0.290017757793529,0,400,25,3.65164862560887,12.3243141114299,0.122112740123591,0.351074127855325,0.01375,0.011,0.01375,0.01375,0,0,0,0
12/02/2010,0.00520935657742314,0.1,25.8859747783173,10.104782082278,211.686796908109,0,2.17328417395376,8.69313669581504,0.545095435941033,0,400,25,5.79542446387669,19.5595575655838,0.229513867764646,0.659852369823356,0.01375,0.011,0.01375,0.01375,0,0,0,0
13/02/2010,0.0230223438666038,0.1,25.8616521457917,34.1460672690905,211.085305335824,0,6.60245267275476,26.4098106910191,1.94536100776202,0,400,25,17.6065404606794,59.4220740547929,0.819099371689271,2.35491069360665,0.01375,0.011,0.01375,0.01375,0,0,0,0
14/02/2010,0.0436713831854336,0.1,25.8350022974027,36.3454191666435,210.50458400209,0,5.84866700443713,23.3946680177485,1.67279750113599,0,400,25,15.5964453451657,52.6380030399342,0.704335789951994,2.02496539611198,0.01375,0.011,0.01375,0.01375,0,0,0,0
15/02/2010,0.0603952538555079,0.1,25.8060331220709,36.4580209144012,209.944804812745,0,4.83425421864424,19.337016874577,1.29558015389666,0,400,25,12.8913445830513,43.5082879677982,0.545507433219644,1.56833387050648,0.01375,0.011,0.01375,0.01375,0,0,0,0
16/02/2010,0.0399249933841846,0.1,25.774753195287,34.202052594828,209.406133474307,0,4.121628067498,16.486512269992,1.05753131666103,0,400,25,10.9910081799947,37.094652607482,0.445276343857274,1.28016948858966,0.01375,0.011,0.01375,0.01375,0,0,0,0
17/02/2010,0.00567841509416249,0.1,25.7411717765731,6,208.888729444924,0,1.50932481840649,6.03729927362597,0.335767006692629,0,400,25,4.02486618241732,13.5839233656584,0.141375581765318,0.406454797575288,0.01375,0.011,0.01375,0.01375,0,0,0,0
18/02/2010,0.00469466515803293,0.1,25.7052988067417,6,208.392745887169,0,1.53883270264105,6.15533081056419,0.345412594657473,0,400,25,4.10355387370946,13.8494943237694,0.145436881961041,0.418131035637993,0.01375,0.011,0.01375,0.01375,0,0,0,0
19/02/2010,0.00391508086859163,0.1,25.6671449049533,6,207.918329622699,0,1.56897256737038,6.27589026948152,0.355264765493728,0,400,25,4.18392684632101,14.1207531063334,0.149585164418412,0.430057347702934,0.01375,0.011,0.01375,0.01375,0,0,0,0
20/02/2010,0.00322435771135118,0.1,25.6267213655722,6,207.465621088795,0,1.60119852639354,6.40479410557418,0.36579884242173,0,400,25,4.26986273704945,14.4107867375419,0.154020565230202,0.442809125036831,0.01375,0.011,0.01375,0.01375,0,0,0,0
21/02/2010,0.00260522606257852,0.1,25.5840401548241,6,207.034754296791,0,1.63794863670505,6.5517945468202,0.377811781706351,0,400,25,4.36786303121347,14.7415377303455,0.15907864492899,0.457351104170846,0.01375,0.011,0.01375,0.01375,0,0,0,0
22/02/2010,0.00214948531196256,0.1,25.5391139072529,6,206.625856792401,0,1.67507525893124,6.70030103572495,0.389947795853406,0,400,25,4.46686735714997,15.0756773303811,0.164188545622487,0.47204206866465,0.01375,0.011,0.01375,0.01375,0,0,0,0
23/02/2010,0.00181297210214427,0.1,25.4919559219814,6,206.239049617962,0,1.71052669485443,6.84210677941773,0.401536222219698,0,400,25,4.56140451961182,15.3947402536899,0.169067883039873,0.486070163739634,0.01375,0.011,0.01375,0.01375,0,0,0,0
24/02/2010,0.0016668681736051,0.1,25.4425801587739,6,205.874447276606,0,1.7277415894776,6.91096635791038,0.40716345659114,0,400,25,4.60731090527359,15.5496743052984,0.17143724488048,0.49288207903138,0.01375,0.011,0.01375,0.01375,0,0,0,0
25/02/2010,0.0013884546045877,0.1,25.391001233904,6,205.532157698364,0,1.76700619976313,7.06802479905252,0.419998339953294,0,400,25,4.71201653270168,15.9030557978682,0.176841406296124,0.508419043101355,0.01375,0.011,0.01375,0.01375,0,0,0,0
26/02/2010,0.00124451615991039,0.1,25.3372344158281,6,205.212282208215,0,1.78834392916079,7.15337571664317,0.426973253648874,0,400,25,4.76891714442878,16.0950953624471,0.179778212062684,0.516862359680215,0.01375,0.011,0.01375,0.01375,0,0,0,0
27/02/2010,0.000982861121058037,0.1,25.2812956206654,6,204.91491549609,0,1.84979581703823,7.39918326815293,0.447060752481929,0,400,25,4.93278884543528,16.6481623533441,0.188236106308181,0.541178805636019,0.01375,0.011,0.01375,0.01375,0,0,0,0
28/02/2010,0.000911018405354727,0.1,25.2232014074861,6,204.640145588848,0,1.86084469225736,7.44337876902944,0.450672427822375,0,400,25,4.9622525126863,16.7476022303163,0.189756811714684,0.545550833679718,0.01375,0.011,0.01375,0.01375,0,0,0,0
01/03/2010,0.0103030341229671,0.1,25.1629689734102,36.8211783606078,204.388053824211,0,7.23285408914212,28.9314163565685,2.14920319451529,0,400,25,19.287610904379,65.0956868022791,0.904927660848545,2.60166702493957,0.01375,0.011,0.01375,0.01375,0,0,0,0
02/03/2010,0.0107216614808688,0.1,25.1006161485163,37.1738723416146,204.158714826692,0,6.95385330691558,27.8154132276623,2.04690206143562,0,400,25,18.5436088184415,62.5846797622402,0.861853499551838,2.47782881121153,0.01375,0.011,0.01375,0.01375,0,0,0,0
03/03/2010,0.00267813819131998,0.1,25.0361613905638,30.2146588484657,203.952196485501,0,5.78431969501736,23.1372787800694,1.67841137105545,0,400,25,15.4248525200463,52.0588772551562,0.706699524654925,2.03176113338291,0.01375,0.011,0.01375,0.01375,0,0,0,0
04/03/2010,0.000654275560825366,0.1,24.9696237795288,6,203.768559934448,0,1.90991492619684,7.63965970478737,0.466712590314421,0,400,25,5.09310646985825,17.1892343357716,0.196510564342914,0.564967872485878,0.01375,0.011,0.01375,0.01375,0,0,0,0
05/03/2010,0.000670312528265543,0.1,24.9010230119562,6,203.60785953385,0,1.88052049654492,7.52208198617966,0.457104088578738,0,400,25,5.01472132411978,16.9246844689042,0.192464879401574,0.553336528279524,0.01375,0.011,0.01375,0.01375,0,0,0,0
06/03/2010,0.00985226815336056,0.1,24.8303793951287,37.7158311682107,203.470142854435,0,7.40729677321959,29.6291870928784,2.20498979796318,0,400,25,19.7527913952522,66.6656709589763,0.928416757037127,2.66919817648174,0.01375,0.011,0.01375,0.01375,0,0,0,0
07/03/2010,0.00784103984371512,0.1,24.7577138410562,37.1997363686461,203.355450663264,0,6.86379023669248,27.4551609467699,2.01442997141303,0,400,25,18.3034406311799,61.7741121302323,0.848181040594959,2.43852049171051,0.01375,0.011,0.01375,0.01375,0,0,0,0
08/03/2010,0.000447361810478528,0.1,24.6830478602847,6,203.263816911658,0,1.98958219519266,7.95832878077064,0.492754364265742,0,400,25,5.30555252051376,17.9062397567339,0.207475521796102,0.596492125163793,0.01375,0.011,0.01375,0.01375,0,0,0,0
09/03/2010,0.000405293227879198,0.1,24.6064035555288,6,203.195268725153,0,2.01546331149694,8.06185324598776,0.501214428089936,0,400,25,5.3745688306585,18.1391698034725,0.211037653932605,0.606733255056239,0.01375,0.011,0.01375,0.01375,0,0,0,0
10/03/2010,0.000478426803225942,0.1,24.5278036151292,6,203.149826395466,0,1.91878734248011,7.67514936992044,0.469612821013468,0,400,25,5.11676624661363,17.269086082321,0.197731714110934,0.568478678068935,0.01375,0.011,0.01375,0.01375,0,0,0,0
11/03/2010,0.000434574631623349,0.1,24.4472713063363,6,203.127503374491,0,1.94122378484545,7.7648951393818,0.476946883894181,0,400,25,5.17659675958787,17.4710140636091,0.200819740587024,0.577356754187693,0.01375,0.011,0.01375,0.01375,0,0,0,0
12/03/2010,0.000405498624039053,0.1,24.3648304684224,6,203.128306270316,0,1.9535003875673,7.8140015502692,0.480959880912936,0,400,25,5.20933436684614,17.5815034881057,0.202509423542289,0.582214592684081,0.01375,0.011,0.01375,0.01375,0,0,0,0
13/03/2010,0.000427970778996264,0.1,24.2805055056248,6,203.152234845267,0,1.91356237395073,7.6542494958029,0.467904874311389,0,400,25,5.10283299720193,17.2220613655565,0.197012578657427,0.566411163640102,0.01375,0.011,0.01375,0.01375,0,0,0,0
14/03/2010,0.000641671802207219,0.1,24.1943213799221,16.4644908715816,203.199282015978,0,3.7751646957734,15.1006587830936,1.05744944912508,0,400,25,10.0671058553957,33.9764822619606,0.445241873315824,1.28007038578299,0.01375,0.011,0.01375,0.01375,0,0,0,0
15/03/2010,0.000571007290492205,0.1,24.1063036036443,14.7840822348679,203.269433855488,0,3.37362783252164,13.4945113300866,0.925936237750502,0,400,25,8.99634088672438,30.3626504926948,0.389867889579159,1.12087018254008,0.01375,0.011,0.01375,0.01375,0,0,0,0
16/03/2010,0.000375598055039317,0.1,24.016478231921,6,203.362669597364,0,1.92209867153463,7.68839468613852,0.470695233951719,0,400,25,5.12559645742568,17.2988880438117,0.19818746692704,0.569788967415239,0.01375,0.011,0.01375,0.01375,0,0,0,0
17/03/2010,0.000369784800332459,0.1,23.9248718549683,6,203.478961641847,0,1.91459262437719,7.65837049750875,0.468241644343265,0,400,25,5.1055803316725,17.2313336193947,0.197154376565585,0.566818832626058,0.01375,0.011,0.01375,0.01375,0,0,0,0
18/03/2010,0.000349924898675245,0.1,23.8315115902177,6,203.618275564026,0,1.94360867942734,7.77443471770935,0.477726462338153,0,400,25,5.1829564784729,17.492478114846,0.20114798414238,0.578300454409343,0.01375,0.011,0.01375,0.01375,0,0,0,0
19/03/2010,0.000339103465587543,0.1,23.7364250742888,6,203.780570124022,0,1.94830320455239,7.79321281820956,0.479261016787633,0,400,25,5.19547521213971,17.5347288409715,0.201794112331635,0.58015807295345,0.01375,0.011,0.01375,0.01375,0,0,0,0
20/03/2010,0.000303110273369163,0.1,23.6396404548081,6,203.965797279202,0,1.99308976145866,7.97235904583464,0.493900923561294,0,400,25,5.31490603055643,17.9378078531279,0.207958283604756,0.597880065363672,0.01375,0.011,0.01375,0.01375,0,0,0,0
21/03/2010,0.00027097831521578,0.1,23.5411863820767,6,204.173902198397,0,2.04467742419124,8.17870969676497,0.51076398750829,0,400,25,5.45247313117665,18.4020968177212,0.215058521056122,0.618293248036351,0.01375,0.011,0.01375,0.01375,0,0,0,0
22/03/2010,0.000339809236854999,0.1,23.4410920005895,6,204.404823278136,0,1.9287646203957,7.71505848158281,0.472874210783726,0,400,25,5.14337232105521,17.3588815835613,0.199104930856306,0.572426676211879,0.01375,0.011,0.01375,0.01375,0,0,0,0
23/03/2010,0.000288020789929375,0.1,23.3393869404073,6,204.658492160877,0,1.9993376554691,7.99735062187639,0.495943245904492,0,400,25,5.33156708125093,17.9940388992219,0.208818208801891,0.600352350305438,0.01375,0.011,0.01375,0.01375,0,0,0,0
24/03/2010,0.000340907053982705,0.1,23.2361013083863,6,204.93483375525,0,1.91681270337794,7.66725081351177,0.468967347586523,0,400,25,5.11150054234118,17.2513143304015,0.197459935825904,0.567697315499475,0.01375,0.011,0.01375,0.01375,0,0,0,0
25/03/2010,0.000319201467206667,0.1,23.1312656792653,6,205.233766258277,0,1.93936016998118,7.75744067992472,0.476337702261129,0,400,25,5.17162711994981,17.4542415298306,0.200563243057317,0.576619323789788,0.01375,0.011,0.01375,0.01375,0,0,0,0
26/03/2010,0.000259426784618265,0.1,23.0249110866152,6,205.555201179595,0,2.03550255729845,8.1420102291938,0.507764891233656,0,400,25,5.42800681946253,18.319523015686,0.213795743677329,0.61466276307232,0.01375,0.011,0.01375,0.01375,0,0,0,0
27/03/2010,0.000312507439241036,0.1,22.9170690136522,6,205.899043367646,0,1.94081228802918,7.7632491521167,0.476812373106926,0,400,25,5.17549943474447,17.4673105922626,0.200763104466074,0.577193925339963,0.01375,0.011,0.01375,0.01375,0,0,0,0
28/03/2010,0.000274164583936912,0.1,22.8077713839186,6,206.265191037846,0,1.99769494845091,7.99077979380365,0.495406275008225,0,400,25,5.32718652920244,17.9792545360582,0.208592115792937,0.599702332904693,0.01375,0.011,0.01375,0.01375,0,0,0,0
29/03/2010,0.00039521600669045,0.1,22.6970505518319,6,206.653535802714,0,1.84126249550394,7.36504998201575,0.444271365657815,0,400,25,4.91003332134383,16.5713624595354,0.187061627645396,0.537802179480513,0.01375,0.011,0.01375,0.01375,0,0,0,0
30/03/2010,0.0127468092965883,0.1,22.5849392931081,38.7942469814718,207.063962703959,0,7.57250889003499,30.29003556014,2.25643925731209,0,400,25,20.1933570400933,68.1525800103149,0.9500796872893,2.73147910095674,0.01375,0.011,0.01375,0.01375,0,0,0,0
31/03/2010,0.0375601832362843,0.1,22.4714707950588,39.0048282154631,207.496350246509,0,7.33522957758334,29.3409183103333,2.17924282986199,0,400,25,19.5606122068889,66.01706619825,0.917575928362944,2.63803079404346,0.01375,0.011,0.01375,0.01375,0,0,0,0
01/04/2010,0.0233334474374019,0.1,22.3566786467673,36.5730431813191,207.950570434476,0,6.3471686803003,25.3886747212012,1.83684844815395,0,400,25,16.9257831474675,57.1245181227027,0.773409872906928,2.22355338460742,0.01375,0.011,0.01375,0.01375,0,0,0,0
02/04/2010,0.00184221463383128,0.1,22.2405968291455,6,208.426488809045,0,1.02451109968886,4.09804439875543,0.17729026423009,0,400,25,2.73202959917029,9.22059989719972,0.0746485323074065,0.214614530383794,0.01375,0.011,0.01375,0.01375,0,0,0,0
03/04/2010,0.00159082471798927,0.1,22.1232597048746,6,208.923964488279,0,1.07050607592444,4.28202430369775,0.192325181193119,0,400,25,2.85468286913183,9.63455468331994,0.0809790236602606,0.232814693023249,0.01375,0.011,0.01375,0.01375,0,0,0,0
04/04/2010,0.00133723513881516,0.1,22.0047020082334,6,209.442850208819,0,1.10415029999357,4.4166011999743,0.203322863039374,0,400,25,2.94440079998287,9.93735269994217,0.0856096265428944,0.246127676310822,0.01375,0.011,0.01375,0.01375,0,0,0,0
05/04/2010,0.00116061366024719,0.1,21.8849588348159,6,209.982992369482,0,1.15013744771268,4.60054979085071,0.218355221003468,0,400,25,3.06703319390048,10.3512370294141,0.091939040422513,0.264324741214725,0.01375,0.011,0.01375,0.01375,0,0,0,0
06/04/2010,0.00102668912057448,0.1,21.7640656311426,6,210.544231076725,0,1.200522502209,4.80209000883601,0.234825174301191,0,400,25,3.20139333922401,10.804702519881,0.0988737576005017,0.284262053101442,0.01375,0.011,0.01375,0.01375,0,0,0,0
07/04/2010,0.00343750792154432,0.1,21.642058184167,30.6667315556464,211.126400191981,0,5.99804511271097,23.9921804508439,1.7569243267386,0,400,25,15.9947869672293,53.9824060143988,0.739757611258359,2.12680313236778,0.01375,0.011,0.01375,0.01375,0,0,0,0
08/04/2010,0.00399270303857522,0.1,21.5189726106826,33.2811313242036,211.72932738084,0,6.30774940197609,25.2309976079044,1.84699143233628,0,400,25,16.8206650719362,56.7697446177848,0.777680603088959,2.23583173388076,0.01375,0.011,0.01375,0.01375,0,0,0,0
09/04/2010,0.00168009292630229,0.1,21.3948453466311,25.846072555342,212.352834164057,0,4.8706693745346,19.4826774981384,1.38955174515759,0,400,25,12.9884516654256,43.8360243708114,0.585074419013723,1.68208895466445,0.01375,0.011,0.01375,0.01375,0,0,0,0
10/04/2010,0.000604818769560641,0.1,21.2697131363166,6,212.996735970394,0,1.37250157174369,5.49000628697477,0.29104198842866,0,400,25,3.66000419131651,12.3525141456932,0.122543995127857,0.352313985992588,0.01375,0.011,0.01375,0.01375,0,0,0,0
11/04/2010,0.000430882623133793,0.1,21.1436130215288,6,213.660842191253,0,1.39192784716084,5.56771138864336,0.297392082758567,0,400,25,3.71180759242891,12.5273506244476,0.125217719056239,0.360000942286686,0.01375,0.011,0.01375,0.01375,0,0,0,0
12/04/2010,0.000449196370020846,0.1,21.0165823305776,6,214.3449562371,0,1.45234298217408,5.8093719286963,0.31714068603171,0,400,25,3.87291461913087,13.0710868395667,0.133532920434404,0.383907146248912,0.01375,0.011,0.01375,0.01375,0,0,0,0
13/04/2010,0.00047167726984798,0.1,20.8886586672431,6,215.04887559566,0,1.496658504174,5.98663401669598,0.331626620104802,0,400,25,3.99108934446399,13.469926537566,0.139632261096759,0.401442750653181,0.01375,0.011,0.01375,0.01375,0,0,0,0
14/04/2010,0.00034872402129675,0.1,20.7598798996444,6,215.772391891864,0,1.6819324109777,6.72772964391081,0.392189273511606,0,400,25,4.48515309594054,15.1373916987993,0.165132325689097,0.474755436356154,0.01375,0.011,0.01375,0.01375,0,0,0,0
15/04/2010,0.000333788187751549,0.1,20.6302841490292,6,216.515290949537,0,1.74934377893008,6.99737511572033,0.414224817444426,0,400,25,4.66491674381356,15.7440940103708,0.174410449450285,0.501430042169569,0.01375,0.011,0.01375,0.01375,0,0,0,0
16/04/2010,0.000364220778109035,0.1,20.49990977849,6,217.277352854791,0,1.72496067954643,6.89984271818572,0.40625442796848,0,400,25,4.59989514545715,15.5246461159179,0.171054495986728,0.491781675961844,0.01375,0.011,0.01375,0.01375,0,0,0,0
17/04/2010,0.000340598379349674,0.1,20.3687953816071,6,218.058352021133,0,1.73638386626966,6.94553546507862,0.409988458897362,0,400,25,4.63035697671908,15.6274547964269,0.172626719535731,0.496301818665228,0.01375,0.011,0.01375,0.01375,0,0,0,0
18/04/2010,0.000346050460634281,0.1,20.2369797710241,6,218.858057256235,0,1.72894607490745,6.91578429962979,0.407557180860684,0,400,25,4.61052286641986,15.560514674167,0.171603023520288,0.493358692620828,0.01375,0.011,0.01375,0.01375,0,0,0,0
19/04/2010,0.000330651727651371,0.1,20.104501966959,6,219.676231830379,0,1.7357403944472,6.94296157778881,0.40977811972099,0,400,25,4.62864105185921,15.6216635500248,0.172538155671996,0.496047197556988,0.01375,0.011,0.01375,0.01375,0,0,0,0
20/04/2010,0.000352854682977918,0.1,19.9714011856532,6,220.512633546526,0,1.71735607676662,6.86942430706649,0.403768622328628,0,400,25,4.57961620471099,15.4562046908996,0.170007840980475,0.488772542818866,0.01375,0.011,0.01375,0.01375,0,0,0,0
21/04/2010,0.000299897234494936,0.1,19.8377168277622,6,221.367014812022,0,1.75158160205604,7.00632640822417,0.414956320917858,0,400,25,4.67088427214945,15.7642344185044,0.174718450912782,0.50231554637425,0.01375,0.011,0.01375,0.01375,0,0,0,0
22/04/2010,0.000321755767336323,0.1,19.703488466693,6,222.239122711881,0,1.73145877760556,6.92583511042226,0.408378537441573,0,400,25,4.61722340694817,15.5831289984501,0.171948857870136,0.494352966376641,0.01375,0.011,0.01375,0.01375,0,0,0,0
23/04/2010,0.00028525513290123,0.1,19.5687558368887,6,223.128699083657,0,1.75746896277065,7.02987585108258,0.416880791517041,0,400,25,4.68658390072172,15.8172206649358,0.175528754322964,0.504645168678523,0.01375,0.011,0.01375,0.01375,0,0,0,0
24/04/2010,0.000290251672982552,0.1,19.4335588220669,6,224.035480593869,0,1.75019895129304,7.00079580517215,0.414504357657694,0,400,25,4.6671972034481,15.7517905616374,0.174528150592713,0.50176843295405,0.01375,0.011,0.01375,0.01375,0,0,0,0
25/04/2010,0.00305294412036684,0.1,19.2979374434129,35.8384953491566,224.959198815945,0,7.08187800039551,28.327512001582,2.10260968465663,0,400,25,18.8850080010547,63.7369020035596,0.885309340908056,2.54526435511066,0.01375,0.011,0.01375,0.01375,0,0,0,0
26/04/2010,0.00245787427399582,0.1,19.1619318477328,34.7642786271932,225.899580309692,0,6.48959727855079,25.9583891142032,1.89879287215132,0,400,25,17.3055927428021,58.4063755069571,0.799491735642659,2.29853873997265,0.01375,0.011,0.01375,0.01375,0,0,0,0
27/04/2010,0.000352976631162712,0.1,19.025582295569,6,226.856346702231,0,1.69593307462251,6.78373229849006,0.396765834530985,0,400,25,4.52248819899337,15.2633976716026,0.167059298749888,0.480295483905929,0.01375,0.011,0.01375,0.01375,0,0,0,0
28/04/2010,0.000283888544357479,0.1,18.8889291492823,6,227.829214770406,0,1.73856459765998,6.95425839063991,0.410701300126026,0,400,25,4.63617226042661,15.6470813789398,0.172926863210958,0.497164731731506,0.01375,0.011,0.01375,0.01375,0,0,0,0
29/04/2010,0.000276770234410174,0.1,18.7520128611039,6,228.817896524626,0,1.74121708984404,6.96486835937615,0.41156835133458,0,400,25,4.64324557291744,15.6709538085963,0.173291937404033,0.498214320036596,0.01375,0.011,0.01375,0.01375,0,0,0,0
30/04/2010,0.000336631783684529,0.1,18.6148739611606,6,229.82209929411,0,1.69526414054985,6.7810565621994,0.396547172210458,0,400,25,4.5207043747996,15.2573772649487,0.166967230404403,0.48003078741266,0.01375,0.011,0.01375,0.01375,0,0,0,0
01/05/2010,0.000351244446461954,0.1,18.4775530454767,6,230.84152581353,0,1.68299156521511,6.73196626086042,0.392535491670928,0,400,25,4.48797750724028,15.1469240869359,0.16527810175618,0.475174542549019,0.01375,0.011,0.01375,0.01375,0,0,0,0
02/05/2010,0.00029069330224155,0.1,18.3400907639575,6,231.875874311002,0,1.7161102714217,6.86444108568678,0.403361391334158,0,400,25,4.57629405712452,15.4449924427953,0.169836375298593,0.488279578983454,0.01375,0.011,0.01375,0.01375,0,0,0,0
03/05/2010,0.000325734577851426,0.1,18.2025278083553,6,232.924838597422,0,1.68944054291732,6.75776217166929,0.394643544597245,0,400,25,4.50517478111286,15.2049648862559,0.166165702988314,0.477726396091401,0.01375,0.011,0.01375,0.01375,0,0,0,0
04/05/2010,0.000281702972692057,0.1,18.0649049002241,6,233.988108157101,0,1.71449616102467,6.85798464409869,0.402833768150615,0,400,25,4.57198976273246,15.4304654492221,0.16961421816868,0.487640877234955,0.01375,0.011,0.01375,0.01375,0,0,0,0
05/05/2010,0.000274849758519614,0.1,17.927262778865,6,235.065368239687,0,1.71624075027301,6.86496300109203,0.403404042485555,0,400,25,4.57664200072802,15.4461667524571,0.169854333678128,0.488331209324619,0.01375,0.011,0.01375,0.01375,0,0,0,0
06/05/2010,0.00117582153863462,0.1,17.789642189267,30.3703716734917,236.156299953336,0,6.12065720046532,24.4826288018613,1.79873749224544,0,400,25,16.3217525345742,55.0859148041879,0.757363154629659,2.17741906956027,0.01375,0.011,0.01375,0.01375,0,0,0,0
07/05/2010,0.000987974733394496,0.1,17.6520838700448,28.3630091577682,237.260580359109,0,5.45209081428457,21.8083632571383,1.57462805999865,0,400,25,14.5389088380922,49.0688173285612,0.663001288420484,1.90612870420889,0.01375,0.011,0.01375,0.01375,0,0,0,0
08/05/2010,0.000305311588648196,0.1,17.5146285413801,6,238.377882566574,0,1.68350749939818,6.73402999759274,0.392704141124322,0,400,25,4.48935333172849,15.1515674945837,0.165349112052346,0.475378697150495,0.01375,0.011,0.01375,0.01375,0,0,0,0
09/05/2010,0.000286437473971012,0.1,17.3773168929669,6,239.507875830567,0,1.6913120585786,6.76524823431442,0.395255308856416,0,400,25,4.51016548954295,15.2218085272074,0.166423287939544,0.478466952826188,0.01375,0.011,0.01375,0.01375,0,0,0,0
10/05/2010,0.00029248623242404,0.1,17.2401895719671,6,240.650225649104,0,1.68354530968472,6.73418123873889,0.392716500615836,0,400,25,4.48945415915926,15.1519077871625,0.165354316048773,0.475393658640222,0.01375,0.011,0.01375,0.01375,0,0,0,0
11/05/2010,0.000240084159847937,0.1,17.1032871709775,6,241.804593862396,0,1.71896652623434,6.87586610493737,0.404295048821303,0,400,25,4.58391073662491,15.4706987361091,0.170229494240549,0.489409795941577,0.01375,0.011,0.01375,0.01375,0,0,0,0
12/05/2010,0.000258237389509393,0.1,16.966650216014,6,242.970638752956,0,1.70049393609628,6.80197574438511,0.398256696776172,0,400,25,4.53465049625674,15.3044454248665,0.167687030221546,0.482100211886945,0.01375,0.011,0.01375,0.01375,0,0,0,0
13/05/2010,0.000272472709829271,0.1,16.8303191545148,6,244.148015146753,0,1.68656734451351,6.74626937805403,0.393704348559868,0,400,25,4.49751291870269,15.1791061006216,0.165770252025208,0.476589474572472,0.01375,0.011,0.01375,0.01375,0,0,0,0
14/05/2010,0.000295282277204164,0.1,16.6943343433671,6,245.33637451539,0,1.66856589581315,6.67426358325258,0.38782000403846,0,400,25,4.44950905550172,15.0170930623183,0.163292633279352,0.469466320678136,0.01375,0.011,0.01375,0.01375,0,0,0,0
15/05/2010,0.000276577892626835,0.1,16.5587360369606,6,246.535365079275,0,1.67560413867211,6.70241655468844,0.390120676973003,0,400,25,4.46827770312563,15.080437248049,0.164261337672843,0.472251345809425,0.01375,0.011,0.01375,0.01375,0,0,0,0
16/05/2010,0.000312057488543211,0.1,16.4235643752715,6,247.744631911759,0,1.65209451283482,6.60837805133927,0.38243581003264,0,400,25,4.40558536755951,14.8688506155133,0.16102560422427,0.462948612144775,0.01375,0.011,0.01375,0.01375,0,0,0,0
17/05/2010,0.00032706203921603,0.1,16.2888593719801,6,248.963817044198,0,1.64098896020276,6.56395584081104,0.378805607881947,0,400,25,4.37597056054069,14.7689006418248,0.159497098055556,0.458554156909725,0.01375,0.011,0.01375,0.01375,0,0,0,0
18/05/2010,0.000754359182839831,0.1,16.1546609026259,25.0831903055585,250.192559571921,0,5.1263663550771,20.5054654203084,1.48289275516612,0,400,25,13.6703102802056,46.1372971956939,0.624375896912052,1.79508070362215,0.01375,0.011,0.01375,0.01375,0,0,0,0
19/05/2010,0.000866031073780074,0.1,16.0210086928035,27.1954848698704,251.430495761065,0,5.3364049147389,21.3456196589556,1.54239921469904,0,400,25,14.2304131059704,48.0276442326501,0.649431248294333,1.86711483884621,0.01375,0.011,0.01375,0.01375,0,0,0,0
20/05/2010,0.000490253186504305,0.1,15.8879423064033,17.229302590319,252.677259156249,0,3.53582627994819,14.1433051197927,0.972564075627891,0,400,25,9.42887007986183,31.8224365195337,0.40950066342227,1.17731440733903,0.01375,0.011,0.01375,0.01375,0,0,0,0
21/05/2010,0.000304004230885974,0.1,15.7555011338993,6,253.932480689051,0,1.63359473239127,6.53437892956507,0.376388569973674,0,400,25,4.35625261971004,14.7023525915214,0.158479397883652,0.455628268915499,0.01375,0.011,0.01375,0.01375,0,0,0,0
22/05/2010,0.00189583380880854,0.1,15.623724380689,34.5482368857644,255.19578878726,0,6.86324482772629,27.4529793109052,2.03397672395764,0,400,25,18.3019862072701,61.7692034495366,0.85641125219269,2.46218235005399,0.01375,0.011,0.01375,0.01375,0,0,0,0
23/05/2010,0.00161263915483287,0.1,15.4926510554879,32.7479634416244,256.466809484872,0,6.09623539962398,24.3849415984959,1.77359625998771,0,400,25,16.2566277323306,54.8661185966158,0.746777372626405,2.14698494630091,0.01375,0.011,0.01375,0.01375,0,0,0,0
24/05/2010,0.000340640795813654,0.1,15.3623199587815,6,257.745166532788,0,1.60845181678313,6.43380726713252,0.368169810463057,0,400,25,4.28920484475501,14.4760663510482,0.155018867563392,0.445679244244753,0.01375,0.011,0.01375,0.01375,0,0,0,0
25/05/2010,0.00392953613247903,0.1,15.2327696713403,37.0149827930379,259.030481510195,0,7.24661170315065,28.9864468126026,2.15331749356716,0,400,25,19.3242978750684,65.2195053283558,0.906659997291437,2.60664749221288,0.01375,0.011,0.01375,0.01375,0,0,0,0
26/05/2010,0.00421401891466974,0.1,15.1040385427983,37.2720609298961,260.322373936585,0,6.98022452542524,27.9208981017009,2.05615318351068,0,400,25,18.6139320678006,62.8220207288271,0.865748708846602,2.48902753793398,0.01375,0.011,0.01375,0.01375,0,0,0,0
27/05/2010,0.0550118508000345,0.1,14.9761646803015,38.3093742647547,261.620461384384,0,7.0954422023556,28.3817688094224,2.11250887098648,0,400,25,18.9211792062816,63.8589798212004,0.889477419362729,2.55724758066785,0.01375,0.011,0.01375,0.01375,0,0,0,0
28/05/2010,0.0671241756825891,0.1,14.8491859372266,37.2394396807191,262.924359592162,0,6.29826315457428,25.1930526182971,1.8591740845616,0,400,25,16.7953684121981,56.6843683911685,0.782810140868041,2.25057915499562,0.01375,0.011,0.01375,0.01375,0,0,0,0
29/05/2010,0.0208969497222981,0.1,14.7231399019762,31.0108809397172,264.23368257838,0,4.86487206186657,19.4594882474663,1.36397182898549,0,400,25,12.9729921649775,43.7838485567991,0.574303927993891,1.65112379298244,0.01375,0.011,0.01375,0.01375,0,0,0,0
30/05/2010,0.0382855626058646,0.1,14.5980638868514,34.575631824903,265.54804275565,0,5.24646827315687,20.9858730926275,1.45987362123148,0,400,25,13.9905820617517,47.2182144584119,0.614683629992201,1.76721543622758,0.01375,0.011,0.01375,0.01375,0,0,0,0
31/05/2010,0.0667224732850791,0.1,14.4739949170069,35.5729489884325,266.867051045467,0,4.81380907621303,19.2552363048521,1.31315256643588,0,400,25,12.8368242032347,43.3242816859173,0.552906343762478,1.58960573831712,0.01375,0.011,0.01375,0.01375,0,0,0,0
01/06/2010,0.0648083212995692,0.1,14.3509697194906,34.8396705147773,268.190316993389,0,4.4557420993264,17.8229683973056,1.17872948295548,0,400,25,11.8819789315371,40.1016788939376,0.496307150718096,1.42688305831453,0.01375,0.011,0.01375,0.01375,0,0,0,0
02/06/2010,0.0466964273081591,0.1,14.2290247123716,32.958758634279,269.517448884614,0,3.66524827152676,14.660993086107,0.906048736704778,0,400,25,9.77399539073803,32.9872344437409,0.381494204928328,1.09679583916894,0.01375,0.011,0.01375,0.01375,0,0,0,0
03/06/2010,0.0638985495495132,0.1,14.1081959939597,34.6836981286006,270.848053859939,0,4.56661009678714,18.2664403871485,1.21304252049108,0,400,25,12.1776269247657,41.0994908710842,0.510754745469929,1.46841989322605,0.01375,0.011,0.01375,0.01375,0,0,0,0
04/06/2010,0.211961973054002,0.1,13.9885193321197,36.6619582344884,272.181738032057,0,4.21947297390865,16.8778918956346,1.0744330556481,0,400,25,11.2519279304231,37.9752567651778,0.452392865536043,1.30062948841612,0.01375,0.011,0.01375,0.01375,0,0,0,0
05/06/2010,0.203607437065516,0.1,13.870030153683,36.1387602195754,273.51810660215,0,3.62360936485978,14.4944374594391,0.85781168406134,0,400,25,9.66295830629275,32.612484283738,0.361183866973196,1.03840361754794,0.01375,0.011,0.01375,0.01375,0,0,0,0
06/06/2010,0.0328224111009276,0.1,13.7527635339609,22.0581867492359,274.856763976763,0,2.70135720476862,10.8054288190745,0.574708306246709,0,400,25,7.20361921271632,24.3122148429176,0.241982444735456,0.695699528614437,0.01375,0.011,0.01375,0.01375,0,0,0,0
07/06/2010,0.0182279888400425,0.1,13.6367541863612,10.4256119613492,276.197313884907,0,2.40005960679174,9.60023842716694,0.49414051140448,0,400,25,6.40015895144463,21.6005364611256,0.208059162696623,0.598170092752792,0.01375,0.011,0.01375,0.01375,0,0,0,0
08/06/2010,0.0125910857390227,0.1,13.5220364521127,7.29070391771233,277.539359495362,0,2.2576507640183,9.03060305607318,0.475916445749716,0,400,25,6.02040203738212,20.3188568761647,0.200385871894617,0.576109381697024,0.01375,0.011,0.01375,0.01375,0,0,0,0
09/06/2010,0.00801026207010245,0.1,13.408644290099,6.38690874228164,278.882503534148,0,1.95099036897529,7.80396147590115,0.44492662935462,0,400,25,5.2026409839341,17.5589133207776,0.187337528149314,0.538595393429277,0.01375,0.011,0.01375,0.01375,0,0,0,0
10/06/2010,0.00676592083995862,0.1,13.2966112668063,6.08198433125445,280.226348402127,0,2.00415275706985,8.0166110282794,0.457642282128772,0,400,25,5.34440735218627,18.0373748136287,0.192691487212114,0.553988025734829,0.01375,0.011,0.01375,0.01375,0,0,0,0
11/06/2010,0.00534068013302971,0.1,13.1859705463869,6.01726200972746,281.570496292702,0,1.95304702495702,7.81218809982809,0.460002342447327,0,400,25,5.20812539988539,17.5774232246132,0.193685196819927,0.556844940857291,0.01375,0.011,0.01375,0.01375,0,0,0,0
12/06/2010,0.00422432513865488,0.1,13.076754880842,6.0033472411808,282.914549309573,0,1.90081147310429,7.60324589241718,0.463716150158609,0,400,25,5.06883059494478,17.1073032579386,0.195248905329941,0.561340602823579,0.01375,0.011,0.01375,0.01375,0,0,0,0
13/06/2010,0.00448552126279499,0.1,12.9689966003261,6.00044954162892,284.258109584525,0,2.22726982334442,8.90907929337768,0.502396463967965,0,400,25,5.93938619558512,20.0454284100998,0.211535353249669,0.6081641405928,0.01375,0.011,0.01375,0.01375,0,0,0,0
14/06/2010,0.00349760707870465,0.1,12.8627276035769,6,285.600779395208,0,2.14628052886331,8.58512211545323,0.503180222718812,0,400,25,5.72341474363548,19.3165247597698,0.211865356934237,0.609112901185931,0.01375,0.011,0.01375,0.01375,0,0,0,0
15/06/2010,0.00296370665180727,0.1,12.7579793484726,6,286.942161282863,0,2.15658470907147,8.62633883628589,0.512341045634733,0,400,25,5.75089255752392,19.4092623816432,0.215722545530414,0.62020231839994,0.01375,0.011,0.01375,0.01375,0,0,0,0
16/06/2010,0.00230281773692112,0.1,12.6547828427194,6,288.281858169988,0,2.05661454268797,8.22645817075188,0.514666013339478,0,400,25,5.48430544716792,18.5095308841917,0.216701479300833,0.623016752989895,0.01375,0.011,0.01375,0.01375,0,0,0,0
17/06/2010,0.00202272282076171,0.1,12.5531686346731,6,289.619473477875,0,2.09159832161764,8.36639328647054,0.526101571183153,0,400,25,5.57759552431369,18.8243848945587,0.221516451024486,0.636859796695396,0.01375,0.011,0.01375,0.01375,0,0,0,0
18/06/2010,0.00176150076840542,0.1,12.4531668042954,6,290.954611244008,0,2.13517976531791,8.54071906127162,0.540347548478725,0,400,25,5.69381270751442,19.2166178878612,0.2275147572542,0.654104927105826,0.01375,0.011,0.01375,0.01375,0,0,0,0
19/06/2010,0.001592129808464,0.1,12.3548069542502,6,292.286876239276,0,2.1587277256486,8.6349109025944,0.548044946264242,0,400,25,5.75660726839627,19.4285495308374,0.230755766848102,0.663422829688293,0.01375,0.011,0.01375,0.01375,0,0,0,0
20/06/2010,0.00143231232044866,0.1,12.2581182011404,6,293.61587408497,0,2.18803264520268,8.75213058081074,0.557624188785148,0,400,25,5.83475372054049,19.6922938068242,0.234789132120062,0.675018754845179,0.01375,0.011,0.01375,0.01375,0,0,0,0
21/06/2010,0.00133353380919277,0.1,12.1631291668888,6,294.941211369524,0,2.19654647274872,8.78618589099487,0.56040720338084,0,400,25,5.85745726066324,19.7689182547385,0.235960927739301,0.678387667250491,0.01375,0.011,0.01375,0.01375,0,0,0,0
22/06/2010,0.0012203157415277,0.1,12.0698679702651,6,296.262495764978,0,2.21944900967193,8.87779603868773,0.567893624052514,0,400,25,5.91853069245848,19.9750410870474,0.239113104864217,0.687450176484623,0.01375,0.011,0.01375,0.01375,0,0,0,0
23/06/2010,0.00235683094486174,0.1,11.9783622185626,23.2438599676315,297.579336143113,0,5.04100181656416,20.1640072662566,1.45789808943015,0,400,25,13.4426715108378,45.3690163490775,0.613851827128485,1.76482400299439,0.01375,0.011,0.01375,0.01375,0,0,0,0
24/06/2010,0.00845396647357349,0.1,11.8886389994256,35.6132324716482,298.891342691233,0,7.00990911462758,28.0396364585103,2.07668374577338,0,400,25,18.6930909723402,63.0891820316483,0.874393156115106,2.51388032383093,0.01375,0.011,0.01375,0.01375,0,0,0,0
25/06/2010,0.00664600746279214,0.1,11.8007248728309,33.3954898194104,300.198127027558,0,6.34334572397361,25.3733828958944,1.85303842449797,0,400,25,16.9155885972629,57.0901115157625,0.780226705051777,2.24315177702386,0.01375,0.011,0.01375,0.01375,0,0,0,0
26/06/2010,0.00202294576153924,0.1,11.7146458632257,24.0585401145742,301.499302316194,0,5.21312348913331,20.8524939565332,1.51295321858223,0,400,25,13.9016626376888,46.9181114021998,0.637032934139885,1.83146968565217,0.01375,0.011,0.01375,0.01375,0,0,0,0
27/06/2010,0.00220815380123796,0.1,11.6304274518233,25.6945394390822,302.794483381644,0,5.27533012374282,21.1013204949713,1.5243352512832,0,400,25,14.0675469966475,47.4779711136854,0.641825368961348,1.84524793576388,0.01375,0.011,0.01375,0.01375,0,0,0,0
28/06/2010,0.00121216507055768,0.1,11.5480945690608,15.3658736764984,304.083286822828,0,3.66024959050622,14.6409983620249,1.01737481307966,0,400,25,9.76066557468325,32.942246314556,0.428368342349331,1.23155898425433,0.01375,0.011,0.01375,0.01375,0,0,0,0
29/06/2010,0.000847575775826206,0.1,11.4676715872185,6,305.365331126578,0,2.26151700301019,9.04606801204078,0.581644882089968,0,400,25,6.03071200802719,20.3536530270918,0.244903108248408,0.704096436214172,0.01375,0.011,0.01375,0.01375,0,0,0,0
30/06/2010,0.000827731536209836,0.1,11.3891823132057,6,306.640236780576,0,2.25463122632558,9.01852490530231,0.579394047560803,0,400,25,6.01234993686821,20.2916810369302,0.243955388446654,0.70137174178413,0.01375,0.011,0.01375,0.01375,0,0,0,0
01/07/2010,0.000807428862800388,0.1,11.3126499815131,6,307.907626385693,0,2.25033094261157,9.00132377044627,0.57798836342203,0,400,25,6.00088251363084,20.2529784835041,0.243363521440855,0.699670124142457,0.01375,0.011,0.01375,0.01375,0,0,0,0
02/07/2010,0.000806675670297065,0.1,11.238097247335,6,309.167124767712,0,2.23008428363437,8.92033713453749,0.571370100702603,0,400,25,5.94689142302499,20.0707585527094,0.240576884506359,0.691658542955782,0.01375,0.011,0.01375,0.01375,0,0,0,0
03/07/2010,0.00238166412284543,0.1,11.1655461798626,29.0068432266643,310.418359088383,0,6.01791511739852,24.0716604695941,1.76699411460196,0,400,25,16.0477736463961,54.1612360565867,0.743997521937668,2.1389928755708,0.01375,0.011,0.01375,0.01375,0,0,0,0
04/07/2010,0.00203744756882322,0.1,11.0950182557516,27.0879924841021,311.660958955797,0,5.38572941959453,21.5429176783781,1.55450041576301,0,400,25,14.3619451189188,48.4715647763508,0.654526490847583,1.8817636611868,0.01375,0.011,0.01375,0.01375,0,0,0,0
05/07/2010,0.000776202840982173,0.1,11.026534352764,6,312.894556534024,0,2.20408356608499,8.81633426433994,0.562870941417642,0,400,25,5.87755617622663,19.8367520947649,0.236998291123218,0.68137008697925,0.01375,0.011,0.01375,0.01375,0,0,0,0
06/07/2010,0.00467625128078961,0.1,10.9601147435886,34.4255789727546,314.118786652004,0,6.8730508119505,27.492203247802,2.03602285875895,0,400,25,18.3281354985347,61.8574573075545,0.857272782635349,2.46465925007663,0.01375,0.011,0.01375,0.01375,0,0,0,0
07/07/2010,0.00567399008914939,0.1,10.8957790898389,35.4402198942791,315.333286911643,0,6.77036989844416,27.0814795937766,1.99237164123897,0,400,25,18.0543197291844,60.9333290859975,0.838893322626936,2.41181830255244,0.01375,0.011,0.01375,0.01375,0,0,0,0
08/07/2010,0.0022013701017697,0.1,10.8335464362339,28.3446206388782,316.53769779509,0,5.54100582491691,22.1640232996676,1.60191908571547,0,400,25,14.7760155331118,49.8690524242522,0.67449224661704,1.93916520902399,0.01375,0.011,0.01375,0.01375,0,0,0,0
09/07/2010,0.000722515078954133,0.1,10.7734352049594,6,317.731662771168,0,2.19699326776497,8.78797307105987,0.560553252504431,0,400,25,5.85864871403991,19.7729394098847,0.236022422107129,0.678564463557996,0.01375,0.011,0.01375,0.01375,0,0,0,0
10/07/2010,0.000716220082218517,0.1,10.7154631902157,6,318.914828400906,0,2.19053206544687,8.76212826178748,0.558441203574645,0,400,25,5.84141884119165,19.7147885890218,0.235133138347219,0.676007772748254,0.01375,0.011,0.01375,0.01375,0,0,0,0
11/07/2010,0.000698048562046568,0.1,10.6596475529492,6,320.086844442171,0,2.19619261941283,8.7847704776513,0.560291535193624,0,400,25,5.85651365176753,19.7657335747154,0.235912225344684,0.678247647865966,0.01375,0.011,0.01375,0.01375,0,0,0,0
12/07/2010,0.00115470289278144,0.1,10.6060048157731,18.7023746751924,321.247363953343,0,4.26934071019644,17.0773628407858,1.21424418952438,0,400,25,11.3849085605238,38.424066391768,0.511260711378687,1.46987454521373,0.01375,0.011,0.01375,0.01375,0,0,0,0
13/07/2010,0.00104454312025881,0.1,10.5545508580758,16.917674726322,322.396043396021,0,3.82169695860425,15.286787834417,1.06651141923399,0,400,25,10.1911918896113,34.3952726274382,0.449057439677468,1.29104013907272,0.01375,0.011,0.01375,0.01375,0,0,0,0
14/07/2010,0.00595997815300494,0.1,10.5053009113207,36.1022264846439,323.532542736714,0,7.17237502138563,28.6895000855425,2.13145399540992,0,400,25,19.1263333903617,64.5513751924707,0.89745431385681,2.58018115233833,0.01375,0.011,0.01375,0.01375,0,0,0,0
15/07/2010,0.00484783793240681,0.1,10.4582695545372,35.0666357781324,324.656525547499,0,6.5651728203716,26.2606912814864,1.92172681745012,0,400,25,17.5071275209909,59.0865553833444,0.80914813366321,2.32630088428173,0.01375,0.011,0.01375,0.01375,0,0,0,0
16/07/2010,0.000666213688238377,0.1,10.4134707100049,6,325.767659105614,0,2.17378278049474,8.69513112197896,0.552966168493518,0,400,25,5.79675408131931,19.5640450244527,0.232827860418324,0.66938009870268,0.01375,0.011,0.01375,0.01375,0,0,0,0
17/07/2010,0.000666332580196239,0.1,10.3709176391324,6,326.865614491947,0,2.16380283116689,8.65521132466758,0.549703905487427,0,400,25,5.77014088311172,19.474225480502,0.231454275994706,0.66543104348478,0.01375,0.011,0.01375,0.01375,0,0,0,0
18/07/2010,0.000641797626664125,0.1,10.3306229385318,6,327.950066688404,0,2.17899131261449,8.71596525045795,0.554668742433737,0,400,25,5.8106435003053,19.6109218135304,0.23354473365631,0.671441109261892,0.01375,0.011,0.01375,0.01375,0,0,0,0
19/07/2010,0.000683542438780095,0.1,10.2925985362894,6,329.020694674121,0,2.12886367779476,8.51545471117903,0.538282934922772,0,400,25,5.67696980745269,19.1597731001528,0.226645446283272,0.651605658064408,0.01375,0.011,0.01375,0.01375,0,0,0,0
20/07/2010,0.000634441795862297,0.1,10.2568556884352,6,330.077181520497,0,2.16748692120796,8.66994768483184,0.55090816717827,0,400,25,5.77996512322122,19.5073822908716,0.231961333548745,0.666888833952642,0.01375,0.011,0.01375,0.01375,0,0,0,0
21/07/2010,0.000676392926562748,0.1,10.2234049756106,6,331.119214485005,0,2.11777293334904,8.47109173339615,0.534657573297504,0,400,25,5.64739448893076,19.0599564001413,0.225118978230528,0.647217062412768,0.01375,0.011,0.01375,0.01375,0,0,0,0
22/07/2010,0.000644007810163713,0.1,10.1922562999366,6,332.146485103776,0,2.13952613676331,8.55810454705325,0.541768297854428,0,400,25,5.70540303136883,19.2557352308698,0.228112967517654,0.655824781613255,0.01375,0.011,0.01375,0.01375,0,0,0,0
23/07/2010,0.000648904112746264,0.1,10.1634188820821,6,333.158689282906,0,2.12601743805639,8.50406975222557,0.537352551180338,0,400,25,5.66937983481705,19.1341569425075,0.226253705760142,0.650479404060409,0.01375,0.011,0.01375,0.01375,0,0,0,0
24/07/2010,0.000612519830733149,0.1,10.1369012585347,6,334.155527388481,0,2.15372091399535,8.61488365598141,0.54640831105716,0,400,25,5.74325577065428,19.3834882259582,0.230066657287225,0.661441639700773,0.01375,0.011,0.01375,0.01375,0,0,0,0
25/07/2010,0.00380775587293,0.1,10.1127112790737,34.0378581347378,335.136704335266,0,6.79851568633429,27.1940627453372,2.01256160121882,0,400,25,18.1293751635581,61.1866411770086,0.847394358407924,2.43625878042278,0.01375,0.011,0.01375,0.01375,0,0,0,0
26/07/2010,0.0100339371305149,0.1,10.0908561044464,37.6766694495207,336.101929674065,0,7.26506403054043,29.0602561221617,2.15406787769803,0,400,25,19.3735040814411,65.3855762748639,0.906975948504435,2.60755585195025,0.01375,0.011,0.01375,0.01375,0,0,0,0
27/07/2010,0.00607251885267103,0.1,10.0713422042482,36.1800293427358,337.050917677694,0,6.69407459611964,26.7762983844786,1.96043732773921,0,400,25,17.8508655896524,60.2466713650768,0.825447295890196,2.37316097568431,0.01375,0.011,0.01375,0.01375,0,0,0,0
28/07/2010,0.00392410835645716,0.1,10.0541753550077,34.2184987757558,337.983387425568,0,6.81782769801854,27.2713107920742,2.01836573783713,0,400,25,18.1808738613828,61.3604492821669,0.849838205405106,2.44328484053968,0.01375,0.011,0.01375,0.01375,0,0,0,0
29/07/2010,0.060828552275089,0.1,10.0393606384765,38.5848080518939,338.899062886852,0,5.62005417507356,22.4802167002942,1.57286258761102,0,400,25,14.9868111335295,50.580487575662,0.662257931625691,1.90399155342386,0.01375,0.011,0.01375,0.01375,0,0,0,0
30/07/2010,0.0885621267661716,0.1,10.0269024401251,38.0689392114891,339.797673002179,0,4.58280330410295,18.3312132164118,1.2151131820373,0,400,25,12.2208088109412,41.2452297369265,0.511626602963075,1.47092648351884,0.01375,0.011,0.01375,0.01375,0,0,0,0
31/07/2010,0.0256833088244378,0.1,10.0168044478446,33.9967948661033,340.678951763886,0,4.26254860878777,17.0501944351511,1.11115428700343,0,400,25,11.3667962901007,38.3629374790899,0.467854436633024,1.34508150531994,0.01375,0.011,0.01375,0.01375,0,0,0,0
01/08/2010,0.0133877861674234,0.1,10.0090696508551,27.9189988961166,341.542638294759,0,3.76344839470137,15.0537935788055,0.979143731646203,0,400,25,10.0358623858703,33.8710355523124,0.412271044903664,1.18527925409804,0.01375,0.011,0.01375,0.01375,0,0,0,0
02/08/2010,0.00541253425574217,0.1,10.0037003388204,10.3329569784228,342.388476925256,0,1.80266373105383,7.21065492421531,0.413518773971028,0,400,25,4.80710328281021,16.2239735794845,0.174113167987801,0.500575357964928,0.01375,0.011,0.01375,0.01375,0,0,0,0
03/08/2010,0.0149843971871472,0.1,10.000698101171,30.9449874063718,343.216217269194,0,5.65495721247959,22.6198288499184,1.63158728228229,0,400,25,15.0798858999456,50.8946149123163,0.686984118855701,1.97507934171014,0.01375,0.011,0.01375,0.01375,0,0,0,0
04/08/2010,0.0132679127058707,0.1,10.0000638266329,31.3504643922293,344.025614297865,0,4.98990561075264,19.9596224430106,1.39041694771378,0,400,25,13.306414962007,44.9091504967738,0.585438714826854,1.6831363051272,0.01375,0.011,0.01375,0.01375,0,0,0,0
05/08/2010,0.00351234684973465,0.1,10.0017977029648,8.35529184006857,344.816428412574,0,1.50406286268351,6.01625145073403,0.319490001823725,0,400,25,4.01083430048936,13.5365657641516,0.134522106031042,0.386751054839247,0.01375,0.011,0.01375,0.01375,0,0,0,0
06/08/2010,0.0027618723093813,0.1,10.0058992169025,6.1454793001204,345.588425515561,0,1.4392083932194,5.75683357287758,0.311948088839094,0,400,25,3.83788904858505,12.9528755389746,0.131346563721724,0.377621370699955,0.01375,0.011,0.01375,0.01375,0,0,0,0
07/08/2010,0.00236628536603486,0.1,10.0123671543109,6.00681674156708,346.341377079302,0,1.47837099628825,5.91348398515298,0.325606636943089,0,400,25,3.94232265676866,13.3053389665942,0.137097531344459,0.394155402615319,0.01375,0.011,0.01375,0.01375,0,0,0,0
08/08/2010,0.00203073938137214,0.1,10.0211996005432,6.00023885072199,347.075060214155,0,1.52504807122136,6.10019228488545,0.340905174397851,0,400,25,4.0667948565903,13.7254326409923,0.143539020799095,0.412674684797398,0.01375,0.011,0.01375,0.01375,0,0,0,0
09/08/2010,0.00177547567753278,0.1,10.032393941008,6,347.789257734344,0,1.57284592206346,6.29138368825382,0.356530894339636,0,400,25,4.19425579216921,14.1556132985711,0.150118271300899,0.431590029990086,0.01375,0.011,0.01375,0.01375,0,0,0,0
10/08/2010,0.00848370851929632,0.1,10.0459468619428,33.1143567721707,348.483758222246,0,6.5451114502898,26.1804458011592,1.93026705040168,0,400,25,17.4536305341061,58.9060030526082,0.812744021221761,2.33663906101256,0.01375,0.011,0.01375,0.01375,0,0,0,0
11/08/2010,0.0174785268712647,0.1,10.0618543513956,37.242761986194,349.15835609098,0,6.75806669674252,27.0322667869701,1.97684126059876,0,400,25,18.0215111913134,60.8226002706826,0.832354214988953,2.39301836809324,0.01375,0.011,0.01375,0.01375,0,0,0,0
12/08/2010,0.0113515371926166,0.1,10.0801117004118,36.1266853598713,349.812851645262,0,5.65683636807214,22.6273454722886,1.59123409493596,0,400,25,15.0848969815257,50.9115273126493,0.669993303130928,1.92623074650142,0.01375,0.011,0.01375,0.01375,0,0,0,0
13/08/2010,0.00159000618162384,0.1,10.1007135044287,6,350.447051140518,0,1.47941655144579,5.91766620578316,0.325990540933432,0,400,25,3.94511080385544,13.3147489630121,0.137259175129866,0.394620128498365,0.01375,0.011,0.01375,0.01375,0,0,0,0
14/08/2010,0.00135233848969749,0.1,10.1236536648752,6,351.06076684024,0,1.53482471584369,6.13929886337475,0.344102457037691,0,400,25,4.0928659089165,13.8134224425932,0.144885245068501,0.416545079571941,0.01375,0.011,0.01375,0.01375,0,0,0,0
15/08/2010,0.00122179126894084,0.1,10.1489253909769,6,351.653817071558,0,1.58965669837494,6.35862679349977,0.362026029822101,0,400,25,4.23908452899985,14.3069102853745,0.152432012556674,0.438242036100438,0.01375,0.011,0.01375,0.01375,0,0,0,0
16/08/2010,0.0025045196467946,0.1,10.1765212017667,24.81611972091,352.226026279017,0,5.06918435465531,20.2767374186212,1.46453511589378,0,400,25,13.5178249457475,45.6226591918978,0.616646364586857,1.77285829818721,0.01375,0.011,0.01375,0.01375,0,0,0,0
17/08/2010,0.00213420192852251,0.1,10.206432928299,23.3164748968704,352.777225076551,0,4.56328420986727,18.2531368394691,1.29426463700926,0,400,25,12.1687578929794,41.0695578888055,0.544953531372319,1.56674140269542,0.01375,0.011,0.01375,0.01375,0,0,0,0
18/08/2010,0.000944736276659199,0.1,10.2386517160679,6,353.307250297619,0,1.73594645855651,6.94378583422604,0.40984547831156,0,400,25,4.6291905561507,15.6235181270086,0.172566517183815,0.496128736903467,0.01375,0.011,0.01375,0.01375,0,0,0,0
19/08/2010,0.00635655945957452,0.1,10.2731680276286,35.3191049571438,353.815945043506,0,6.9914369185868,27.9657476743472,2.07377028485117,0,400,25,18.6438317828981,62.9229322672812,0.873166435726807,2.51035350271457,0.01375,0.011,0.01375,0.01375,0,0,0,0
20/08/2010,0.00514365085159514,0.1,10.3099716454204,34.3563954957597,354.303158729775,0,6.41282689126271,25.6513075650508,1.87385598453435,0,400,25,17.1008717100339,57.7154420213644,0.788991993488146,2.26835198127842,0.01375,0.011,0.01375,0.01375,0,0,0,0
21/08/2010,0.000741158527273923,0.1,10.3490516747915,6,354.768747130835,0,1.86492727982677,7.45970911930708,0.45200695107087,0,400,25,4.97313941287139,16.7843455184409,0.190318716240366,0.547166309191054,0.01375,0.011,0.01375,0.01375,0,0,0,0
22/08/2010,0.000741865498478476,0.1,10.3903965472238,6,355.212572422639,0,1.87538481451739,7.50153925806956,0.455425328001998,0,400,25,5.00102617204637,16.8784633306565,0.191758032842946,0.551304344423471,0.01375,0.011,0.01375,0.01375,0,0,0,0
23/08/2010,0.000740830962112636,0.1,10.4339940237578,6,355.634503223483,0,1.88302353472514,7.53209413890054,0.45792228600539,0,400,25,5.02139609260036,16.9472118125262,0.192809383581217,0.554326977795998,0.01375,0.011,0.01375,0.01375,0,0,0,0
24/08/2010,0.000612759177991578,0.1,10.4798311986152,6,356.034414632895,0,1.96679371985707,7.86717487942829,0.485305228242066,0,400,25,5.24478325295219,17.7011434787136,0.204339043470343,0.587474749977237,0.01375,0.011,0.01375,0.01375,0,0,0,0
25/08/2010,0.000592291731983706,0.1,10.5278945030197,6,356.412188268613,0,1.98515589251071,7.94062357004283,0.491307486829921,0,400,25,5.29374904669522,17.8664030325964,0.206866310244177,0.59474064195201,0.01375,0.011,0.01375,0.01375,0,0,0,0
26/08/2010,0.00059178672706982,0.1,10.5781697092131,6,356.767712301624,0,1.98582161337143,7.94328645348572,0.4915250988102,0,400,25,5.29552430232381,17.8723945203429,0.206957936341137,0.595004066980768,0.01375,0.011,0.01375,0.01375,0,0,0,0
27/08/2010,0.000598180614032587,0.1,10.6306419346675,6,357.10088148927,0,1.97925819946686,7.91703279786743,0.489379638781178,0,400,25,5.27802186524495,17.8133237952017,0.20605458474997,0.592406931156163,0.01375,0.011,0.01375,0.01375,0,0,0,0
28/08/2010,0.000602672617549449,0.1,10.6852956464909,6,357.4115972064,0,1.97300177942339,7.89200711769355,0.487334529433636,0,400,25,5.26133807846237,17.7570160148105,0.20519348607732,0.589931272472296,0.01375,0.011,0.01375,0.01375,0,0,0,0
29/08/2010,0.000608968466444496,0.1,10.7421146660246,6,357.69976747457,0,1.96448275574727,7.85793102298906,0.484549816318,0,400,25,5.23862068199271,17.6803448017254,0.204020975291789,0.586560303963895,0.01375,0.011,0.01375,0.01375,0,0,0,0
30/08/2010,0.000604319591746214,0.1,10.8010821736331,6,357.965306989265,0,1.96351341702921,7.85405366811683,0.484232957210162,0,400,25,5.23603577874456,17.6716207532629,0.203887560930594,0.586176737675459,0.01375,0.011,0.01375,0.01375,0,0,0,0
31/08/2010,0.000530566257662708,0.1,10.862180713683,6,358.208137145153,0,2.02123916741139,8.08495666964556,0.503102449808209,0,400,25,5.38997111309704,18.1911525067025,0.211832610445562,0.609018755030989,0.01375,0.011,0.01375,0.01375,0,0,0,0
01/09/2010,0.000577665513346595,0.1,10.9253921997097,6,358.428186059355,0,1.97352785689824,7.89411142759298,0.487506494543697,0,400,25,5.26274095172865,17.7617507120842,0.205265892439451,0.590139440763422,0.01375,0.011,0.01375,0.01375,0,0,0,0
02/09/2010,0.00147509134022507,0.1,10.9906979197721,25.6959249514258,358.625388592724,0,5.35209950614121,21.4083980245648,1.55546143157132,0,400,25,14.2722653497099,48.1688955552709,0.654931129082659,1.88292699611265,0.01375,0.011,0.01375,0.01375,0,0,0,0
03/09/2010,0.00281852915605852,0.1,11.0580785419912,32.3738708744665,358.799686369124,0,6.37062161159215,25.4824864463686,1.87232065076812,0,400,25,16.9883242975791,57.3355945043294,0.788345537165522,2.26649341935088,0.01375,0.011,0.01375,0.01375,0,0,0,0
04/09/2010,0.0165054361013058,0.1,11.1275141202729,38.6797086364579,358.951027792715,0,7.52494381767291,30.0997752706916,2.24012207508278,0,400,25,20.0665168471278,67.7244943590562,0.943209294771696,2.71172672246863,0.01375,0.011,0.01375,0.01375,0,0,0,0
05/09/2010,0.0171255180030618,0.1,11.1989841002127,38.7341054322989,359.079368063225,0,7.24021865444599,28.960874617784,2.1379433816644,0,400,25,19.3072497451893,65.1619678900139,0.900186687016588,2.58803672517269,0.01375,0.011,0.01375,0.01375,0,0,0,0
06/09/2010,0.00448505816731362,0.1,11.2724673251798,35.3394650967059,359.184669189209,0,6.58813971885484,26.3525588754193,1.92897288906408,0,400,25,17.5683725836129,59.2932574696935,0.812199111184876,2.33507244465652,0.01375,0.011,0.01375,0.01375,0,0,0,0
07/09/2010,0.0005374143857872,0.1,11.3479420425803,6,359.2668999993,0,1.96656670612989,7.86626682451954,0.485231021604362,0,400,25,5.24417788301303,17.699100355169,0.204307798570258,0.587384920889491,0.01375,0.011,0.01375,0.01375,0,0,0,0
08/09/2010,0.000542209551943789,0.1,11.4253859102962,6,359.326036151433,0,1.95530832317469,7.82123329269876,0.481550862014707,0,400,25,5.21415552846584,17.5977749085722,0.202758257690403,0.582929990859908,0.01375,0.011,0.01375,0.01375,0,0,0,0
09/09/2010,0.000580266765418879,0.1,11.5047760032994,6,359.362060140052,0,1.91917253564749,7.67669014258994,0.469738733618717,0,400,25,5.1177934283933,17.2725528208274,0.197784729944723,0.568631098591079,0.01375,0.011,0.01375,0.01375,0,0,0,0
10/09/2010,0.00138120834506365,0.1,11.5860888204375,26.6081082494653,359.374961301293,0,5.54762923989773,22.1905169595909,1.61830473956421,0,400,25,14.7936779730606,49.9286631590796,0.681391469290195,1.95900047420931,0.01375,0.011,0.01375,0.01375,0,0,0,0
11/09/2010,0.0012008938140062,0.1,11.6693002913912,24.3119973993247,359.364735816136,0,4.88917154020358,19.5566861608143,1.39965300091198,0,400,25,13.0377907738762,44.0025438618322,0.589327579331362,1.69431679057766,0.01375,0.011,0.01375,0.01375,0,0,0,0
12/09/2010,0.000509217060578733,0.1,11.7543857837993,6,359.331386711544,0,1.95396440542851,7.81585762171403,0.481111559869718,0,400,25,5.21057174780936,17.5856796488566,0.202573288366197,0.582398204052817,0.01375,0.011,0.01375,0.01375,0,0,0,0
13/09/2010,0.00048573697840463,0.1,11.8413201105505,6,359.274923859559,0,1.96773227464812,7.87092909859247,0.485612024646881,0,400,25,5.24728606572831,17.7095904718331,0.20446822090395,0.587846135098855,0.01375,0.011,0.01375,0.01375,0,0,0,0
14/09/2010,0.000557423043094317,0.1,11.9300775372393,6,359.195363974383,0,1.90165282797584,7.60661131190335,0.464011861433576,0,400,25,5.07107420793557,17.1148754517825,0.195373415340453,0.561698569103803,0.01375,0.011,0.01375,0.01375,0,0,0,0
15/09/2010,0.025453081296347,0.1,12.0206317897838,39.1870705276595,359.09273060743,0,7.49081904510722,29.9632761804289,2.22433494766222,0,400,25,19.9755174536193,67.417371405965,0.936562083226199,2.69261598927532,0.01375,0.011,0.01375,0.01375,0,0,0,0
16/09/2010,0.0210579541799001,0.1,12.1129560622039,39.0079524882806,358.967054140356,0,6.80737418826003,27.2294967530401,1.98128977660057,0,400,25,18.1529978353601,61.2663676943402,0.834227274358134,2.39840341377964,0.01375,0.011,0.01375,0.01375,0,0,0,0
17/09/2010,0.00136001608240996,0.1,12.2070230245555,6,358.818371776061,0,1.23577798389274,4.94311193557097,0.246349546808565,0,400,25,3.29540795704732,11.1220018550347,0.103726124972027,0.298212609294579,0.01375,0.011,0.01375,0.01375,0,0,0,0
18/09/2010,0.00117905636488701,0.1,12.3028048310218,6,358.646727527679,0,1.28712319100175,5.14849276400701,0.263133356444198,0,400,25,3.43232850933801,11.5841087190158,0.110792992187031,0.318529852537714,0.01375,0.011,0.01375,0.01375,0,0,0,0
19/09/2010,0.00108210295166214,0.1,12.4002731281556,6,358.452172205552,0,1.34810937347404,5.39243749389616,0.283068624693204,0,400,25,3.59495832926411,12.1329843612664,0.119186789344507,0.342662019365458,0.01375,0.011,0.01375,0.01375,0,0,0,0
20/09/2010,0.000975557185857318,0.1,12.4993990632724,6,358.234763402183,0,1.40192614084102,5.6077045633641,0.300660342198111,0,400,25,3.7384697089094,12.6173352675692,0.126593828293941,0.363957256345081,0.01375,0.011,0.01375,0.01375,0,0,0,0
21/09/2010,0.000841575049791938,0.1,12.600153292992,6,357.994565475191,0,1.45065509310066,5.80262037240263,0.316588945947496,0,400,25,3.86841358160176,13.0558958379059,0.133300608819998,0.383239250357496,0.01375,0.011,0.01375,0.01375,0,0,0,0
22/09/2010,0.000775013273847806,0.1,12.7025059919243,6,357.73164952826,0,1.50200969504339,6.00803878017355,0.333375826582539,0,400,25,4.00535918678237,13.5180872553905,0.140368769087385,0.403560211126231,0.01375,0.011,0.01375,0.01375,0,0,0,0
23/09/2010,0.000714483213701023,0.1,12.8064268614986,6,357.446093390089,0,1.54960720290802,6.19842881163207,0.348934581841515,0,400,25,4.13228587442138,13.9464648261722,0.146919823933269,0.422394493808149,0.01375,0.011,0.01375,0.01375,0,0,0,0
24/09/2010,0.00064890012611993,0.1,12.9118851389321,6,357.137981591355,0,1.59536736962783,6.38146947851132,0.363892743866056,0,400,25,4.25431298567421,14.3583063266505,0.153217997417287,0.440501742574699,0.01375,0.011,0.01375,0.01375,0,0,0,0
25/09/2010,0.000592540610837186,0.1,13.0188496063369,6,356.807405339689,0,1.63913253062942,6.55653012251769,0.378198774989157,0,400,25,4.37102008167846,14.7521927756648,0.159241589469119,0.457819569723716,0.01375,0.011,0.01375,0.01375,0,0,0,0
26/09/2010,0.00055185815503457,0.1,13.1272885999607,6,356.454462492675,0,1.67819448788219,6.71277795152876,0.390967414779308,0,400,25,4.47518530101917,15.1037503909397,0.164617858854446,0.473276344206531,0.01375,0.011,0.01375,0.01375,0,0,0,0
27/09/2010,0.000496454625807986,0.1,13.2371700195604,6,356.079257528887,0,1.72220590702163,6.88882362808652,0.405353943186179,0,400,25,4.59254908539101,15.4998531631947,0.170675344499444,0.490691615435901,0.01375,0.011,0.01375,0.01375,0,0,0,0
28/09/2010,0.000483041147094753,0.1,13.3484613379039,6,355.681901516956,0,1.74741594364919,6.98966377459677,0.413594643331103,0,400,25,4.65977584973118,15.7267434928427,0.174145112981517,0.500667199821862,0.01375,0.011,0.01375,0.01375,0,0,0,0
29/09/2010,0.000477603123337254,0.1,13.4611296103994,6,355.262512082693,0,1.76446739256138,7.05786957024554,0.419168450287347,0,400,25,4.70524638016369,15.8802065330525,0.176491979068356,0.507414439821525,0.01375,0.011,0.01375,0.01375,0,0,0,0
30/09/2010,0.00283500318923517,0.1,13.5751414848473,33.9776794404272,354.82121337427,0,6.79612889198803,27.1845155679521,2.01312267089376,0,400,25,18.1230103786347,61.1651600278922,0.847630598271057,2.43693797002929,0.01375,0.011,0.01375,0.01375,0,0,0,0
01/10/2010,0.0024162066632737,0.1,13.6904632113135,32.1196329061272,354.35813602547,0,6.03825560452859,24.1530224181144,1.75623662616616,0,400,25,16.1020149454096,54.3443004407574,0.739468053122592,2.12597065272745,0.01375,0.011,0.01375,0.01375,0,0,0,0
02/10/2010,0.000514292970502732,0.1,13.8070606521197,6,353.873417117015,0,1.81348270316937,7.25393081267749,0.435190659346302,0,400,25,4.83595387511833,16.3213443285244,0.183238172356338,0.526809745524471,0.01375,0.011,0.01375,0.01375,0,0,0,0
03/10/2010,0.0178461989830996,0.1,13.9248992919492,38.9297221271834,353.367200135988,0,7.59919348589779,30.3967739435912,2.26500228726462,0,400,25,20.2645159623941,68.3927413730801,0.953685173585101,2.74184487405717,0.01375,0.011,0.01375,0.01375,0,0,0,0
04/10/2010,0.0212569865072923,0.1,14.0439442480639,38.847341158778,352.839634933357,0,7.24074158704742,28.9629663481897,2.14948327735237,0,400,25,19.3086442321264,65.1666742834268,0.905045590464157,2.60200607258445,0.01375,0.011,0.01375,0.01375,0,0,0,0
05/10/2010,0.00794232618792465,0.1,14.1641602806307,37.6454591315043,352.290877679617,0,7.10076946642265,28.4030778656906,2.09611533559349,0,400,25,18.9353852437937,63.9069251978038,0.882574878144626,2.5374027746658,0.01375,0.011,0.01375,0.01375,0,0,0,0
06/10/2010,0.00270019239394966,0.1,14.2855118031529,33.3415840097782,351.721090818561,0,6.26024253270244,25.0409701308098,1.82668854452208,0,400,25,16.6939800872065,56.342182794322,0.76913201874614,2.21125455389515,0.01375,0.011,0.01375,0.01375,0,0,0,0
07/10/2010,0.000421984380351795,0.1,14.4079628930047,6,351.13044301919,0,1.84832755244198,7.3933102097679,0.446580803624658,0,400,25,4.9288734731786,16.6349479719778,0.188034022578803,0.54059781491406,0.01375,0.011,0.01375,0.01375,0,0,0,0
08/10/2010,0.00184808255403928,0.1,14.5314773020651,31.2021897674607,350.519109125787,0,6.30667193699394,25.2266877479758,1.85816336105204,0,400,25,16.8177918319838,56.7600474329454,0.782384573074545,2.24935564758932,0.01375,0.011,0.01375,0.01375,0,0,0,0
09/10/2010,0.00156423335383192,0.1,14.6560184674478,29.1492609758094,349.887270106158,0,5.6078314449539,22.4313257798156,1.62356830736074,0,400,25,14.9542171865437,50.4704830045851,0.683607708362417,1.96537216154195,0.01375,0.011,0.01375,0.01375,0,0,0,0
10/10/2010,0.0270650985779131,0.1,14.7815495223251,38.7525567220457,349.235112998059,0,7.18844676973047,28.7537870789219,2.11993446086245,0,400,25,19.1691913859479,64.6960209275742,0.892603983521032,2.56623645262297,0.01375,0.011,0.01375,0.01375,0,0,0,0
11/10/2010,0.0316782077382524,0.1,14.908033306841,36.7926694821736,348.562830853834,0,6.20687149811892,24.8274859924757,1.78498050818688,0,400,25,16.5516573283171,55.8618434830703,0.751570740289214,2.16076587833149,0.01375,0.011,0.01375,0.01375,0,0,0,0
12/10/2010,0.00862361852625886,0.1,15.0354323791111,30.3000966629418,347.870622683264,0,5.26070828472267,21.0428331388907,1.49810185959289,0,400,25,14.0285554259271,47.346374562504,0.630779730354901,1.81349172477034,0.01375,0.011,0.01375,0.01375,0,0,0,0
13/10/2010,0.00338505274465696,0.1,15.1637090263067,15.2181155118222,347.158693394657,0,2.73646143697129,10.9458457478852,0.715388358823251,0,400,25,7.2972304985901,24.6281529327416,0.301216151083474,0.865996434364989,0.01375,0.011,0.01375,0.01375,0,0,0,0
14/10/2010,0.00239411397801255,0.1,15.292825275818,11.6994868503378,346.427253734189,0,2.20281531923734,8.81126127694937,0.551730325962926,0,400,25,5.87417418463291,19.8253378731361,0.2323075056686,0.667884078797226,0.01375,0.011,0.01375,0.01375,0,0,0,0
15/10/2010,0.00201749295996392,0.1,15.4227429064953,11.2987630427458,345.676520223521,0,2.07283479605665,8.2913391842266,0.50754331654116,0,400,25,5.52755945615106,18.6555131645098,0.213702449069962,0.614394541076142,0.01375,0.011,0.01375,0.01375,0,0,0,0
16/10/2010,0.00215439883950671,0.1,15.553423459963,17.3890090281307,344.906715095704,0,3.39037349543203,13.5614939817281,0.929430393972696,0,400,25,9.04099598781875,30.5133614588883,0.391339113251662,1.12509995059853,0.01375,0.011,0.01375,0.01375,0,0,0,0
17/10/2010,0.00179116847836664,0.1,15.6848282520041,16.5581081341712,344.11806622939,0,3.10609203200153,12.4243681280061,0.833414270977425,0,400,25,8.28291208533741,27.9548282880138,0.350911271990495,1.00886990697267,0.01375,0.011,0.01375,0.01375,0,0,0,0
18/10/2010,0.0010359279411955,0.1,15.8169183840117,6,343.310807081381,0,1.19026377955973,4.76105511823892,0.231471785392182,0,400,25,3.17403674549262,10.7123740160376,0.0974618043756557,0.28020268758001,0.01375,0.011,0.01375,0.01375,0,0,0,0
19/10/2010,0.000998191198573778,0.1,15.9496547545038,6,342.485176617513,0,1.26073028532933,5.04292114131732,0.254505998030847,0,400,25,3.36194742754488,11.346572567964,0.107160420223515,0.308086208142604,0.01375,0.011,0.01375,0.01375,0,0,0,0
20/10/2010,0.000808478398395629,0.1,16.0829980706979,6,341.641419241926,0,1.28409587911947,5.13638351647789,0.26214378352784,0,400,25,3.42425567765193,11.5568629120753,0.110376329906459,0.31733194848107,0.01375,0.011,0.01375,0.01375,0,0,0,0
21/10/2010,0.000526410280413616,0.1,16.2169088601428,6,340.779784724706,0,1.48499750309714,5.93999001238857,0.327814852010863,0,400,25,3.95999334159238,13.3649775278743,0.138027306109837,0.396828505065782,0.01375,0.011,0.01375,0.01375,0,0,0,0
22/10/2010,0.000348686408941537,0.1,16.3513474824032,6,339.900528127956,0,1.77843030902856,7.11372123611425,0.423732672444359,0,400,25,4.74248082407616,16.0058727812571,0.178413756818678,0.512939550853698,0.01375,0.011,0.01375,0.01375,0,0,0,0
23/10/2010,0.000329506441013835,0.1,16.486274140794,6,339.003909730285,0,1.79587798610065,7.18351194440262,0.429435999143194,0,400,25,4.78900796293508,16.1629018749059,0.180815157533976,0.519843577910182,0.01375,0.011,0.01375,0.01375,0,0,0,0
24/10/2010,0.00595252532716618,0.1,16.6216488941613,37.0146395256618,338.090194949768,0,7.25455778294682,29.0182311317873,2.15593915543122,0,400,25,19.3454874211915,65.2910200465214,0.907763854918409,2.60982108289043,0.01375,0.011,0.01375,0.01375,0,0,0,0
25/10/2010,0.0105278990041529,0.1,16.7574316687051,38.3224183570421,337.159654265367,0,7.29106428577469,29.1642571430988,2.1593934843111,0,400,25,19.4428380953992,65.6195785719723,0.90921830918362,2.61400263890291,0.01375,0.011,0.01375,0.01375,0,0,0,0
26/10/2010,0.00490249459493697,0.1,16.893582269843,36.6408264627895,336.212563136873,0,6.7998950541115,27.199580216446,1.99599542944209,0,400,25,18.1330534776307,61.1990554870035,0.840419128186143,2.41620499353516,0.01375,0.011,0.01375,0.01375,0,0,0,0
27/10/2010,0.00035985560520731,0.1,17.0300603941077,6,335.249201923357,0,1.75674522112301,7.02698088449205,0.416644213602115,0,400,25,4.6846539229947,15.8107069901071,0.175429142569312,0.504358784886771,0.01375,0.011,0.01375,0.01375,0,0,0,0
28/10/2010,0.00136422278851824,0.1,17.1668256410784,29.3666111853656,334.269855800181,0,5.97111757787626,23.884470311505,1.75198925282437,0,400,25,15.92298020767,53.7400582008863,0.737679685399733,2.12082909552423,0.01375,0.011,0.01375,0.01375,0,0,0,0
29/10/2010,0.00118921388119876,0.1,17.3038375253397,26.9447867860755,333.27481467458,0,5.21795726011332,20.8718290404533,1.50106761291842,0,400,25,13.9145526936355,46.9616153410199,0.632028468597228,1.81708184721703,0.01375,0.011,0.01375,0.01375,0,0,0,0
30/10/2010,0.000318253311198266,0.1,17.4410554884664,6,332.264373099842,0,1.78066010570427,7.12264042281708,0.424461552217924,0,400,25,4.74842694854472,16.0259409513384,0.178720653565442,0.513821879000645,0.01375,0.011,0.01375,0.01375,0,0,0,0
31/10/2010,0.00172956151720976,0.1,17.5784389110296,32.4480825550177,331.238830188116,0,6.55793463365261,26.2317385346104,1.93897547346502,0,400,25,17.4878256897403,59.0214117028735,0.816410725669481,2.34718083629976,0.01375,0.011,0.01375,0.01375,0,0,0,0
01/11/2010,0.00149430768850533,0.1,17.7159471246209,30.0547684401295,330.198489521866,0,5.74866847349771,22.9946738939909,1.66796016112258,0,400,25,15.3297825959939,51.7380162614794,0.702299015209509,2.01910966872734,0.01375,0.011,0.01375,0.01375,0,0,0,0
02/11/2010,0.0728991414126741,0.1,17.853539423891,38.3320199914678,329.143659064006,0,6.43973327554061,25.7589331021625,1.86413173440116,0,400,25,17.1726220681083,57.9575994798655,0.784897572379435,2.25658052059088,0.01375,0.011,0.01375,0.01375,0,0,0,0
03/11/2010,0.0785734382560335,0.1,17.9911750785997,37.2081004713453,328.074651066735,0,5.22562368893332,20.9024947557333,1.44071497367058,0,400,25,13.9349965038222,47.0306132003999,0.606616831019192,1.74402338918018,0.01375,0.011,0.01375,0.01375,0,0,0,0
04/11/2010,0.006000538182373,0.1,18.1288133456723,7.86676928690713,326.991781979106,0,1.27797459423524,5.11189837694096,0.25572889585125,0,400,25,3.40793225129397,11.5017713481172,0.107675324568947,0.309566558135724,0.01375,0.011,0.01375,0.01375,0,0,0,0
05/11/2010,0.00600880533357151,0.1,18.2664134812612,13.8707838179192,325.895372353347,0,2.52866434582682,10.1146573833073,0.654163468321418,0,400,25,6.74310492220485,22.7579791124414,0.275437249819544,0.791882093231191,0.01375,0.011,0.01375,0.01375,0,0,0,0
06/11/2010,0.00612184875153435,0.1,18.4039347528061,18.7461244057531,324.785746749974,0,3.42787949724902,13.7115179889961,0.936166707315964,0,400,25,9.14101199266405,30.8509154752412,0.394175455711985,1.13325443517196,0.01375,0.011,0.01375,0.01375,0,0,0,0
07/11/2010,0.0050063918598663,0.1,18.5413364510926,18.8258620575322,323.663233641712,0,3.45716878811283,13.8286751524513,0.945587192421447,0,400,25,9.21911676830088,31.1145190930155,0.398141975756399,1.14465818029965,0.01375,0.011,0.01375,0.01375,0,0,0,0
08/11/2010,0.0032685015282866,0.1,18.678577902302,13.575971289506,322.528165316262,0,2.40385985792651,9.61543943170605,0.610461438101109,0,400,25,6.4102929544707,21.6347387213386,0.257036394989941,0.738979635596079,0.01375,0.011,0.01375,0.01375,0,0,0,0
09/11/2010,0.0514668819088713,0.1,18.8156184800527,37.2397454038661,321.380877777935,0,5.90332637940013,23.6133055176005,1.67228696175377,0,400,25,15.7422036784003,53.1299374146012,0.704120826001588,2.02434737475457,0.01375,0.011,0.01375,0.01375,0,0,0,0
10/11/2010,0.0587644408312462,0.1,18.9524176174254,36.4861239059106,320.221710648189,0,4.70176125502671,18.8070450201069,1.24833542292181,0,400,25,12.5380300134046,42.3158512952404,0.525614914914448,1.51114288037904,0.01375,0.011,0.01375,0.01375,0,0,0,0
11/11/2010,0.00907163932024615,0.1,19.0889348189725,20.1163036171628,319.05100706509,0,4.00370859351567,16.0148343740627,1.12469762801894,0,400,25,10.6765562493751,36.033377341641,0.473556896007977,1.36147607602293,0.01375,0.011,0.01375,0.01375,0,0,0,0
12/11/2010,0.00731822562468093,0.1,19.2251296727055,19.6750634690801,317.869113581744,0,3.73627339543241,14.9450935817296,1.03199699895322,0,400,25,9.96339572115309,33.6264605588917,0.434525052190828,1.24925952504863,0.01375,0.011,0.01375,0.01375,0,0,0,0
13/11/2010,0.00355277721063746,0.1,19.3609618620575,6,316.676380063702,0,1.3525274261637,5.41010970465482,0.284512805357352,0,400,25,3.60673980310321,12.1727468354733,0.119794865413622,0.344410238064163,0.01375,0.011,0.01375,0.01375,0,0,0,0
14/11/2010,0.00299232511840791,0.1,19.496391177818,6,315.473159585395,0,1.38248671032173,5.52994684128691,0.294305947705782,0,400,25,3.68663122752461,12.4423803928956,0.123918293770855,0.356265094591209,0.01375,0.011,0.01375,0.01375,0,0,0,0
15/11/2010,0.00319541050951696,0.1,19.6313775300357,11.7447084744075,314.259808325618,0,2.49501916560402,9.98007666241608,0.647173554690198,0,400,25,6.65338444161072,22.4551724904362,0.272494128290609,0.783420618835502,0.01375,0.011,0.01375,0.01375,0,0,0,0
16/11/2010,0.0209794283622566,0.1,19.7658809598859,36.4327642799752,313.036685462092,0,7.11438638085564,28.4575455234225,2.1108645488639,0,400,25,18.971697015615,64.0294774277008,0.888785073205855,2.55525708546683,0.01375,0.011,0.01375,0.01375,0,0,0,0
17/11/2010,0.016399065811142,0.1,19.899861651499,35.9838382495982,311.80415306514,0,6.59373515124192,26.3749406049677,1.92805617158867,0,400,25,17.5832937366451,59.3436163611773,0.811813124879442,2.33396273402839,0.01375,0.011,0.01375,0.01375,0,0,0,0
18/11/2010,0.00146185981089178,0.1,20.0332799437473,6,310.562575990505,0,1.50470695822618,6.01882783290472,0.334257512612183,0,400,25,4.01255188860315,13.5423626240356,0.140740005310393,0.404627515267379,0.01375,0.011,0.01375,0.01375,0,0,0,0
19/11/2010,0.00573666018223073,0.1,20.166096341985,31.6131510081931,309.31232177135,0,6.25687111772496,25.0274844708998,1.8399758848846,0,400,25,16.6849896472666,56.3118400595247,0.774726688372465,2.22733922907084,0.01375,0.011,0.01375,0.01375,0,0,0,0
20/11/2010,0.00457846755922105,0.1,20.2982715297398,30.8778657788273,308.053760509454,0,5.78851143404883,23.1540457361953,1.67771373815923,0,400,25,15.4360304907969,52.0966029064395,0.706405784488095,2.03091663040327,0.01375,0.011,0.01375,0.01375,0,0,0,0
21/11/2010,0.00089964105448423,0.1,20.4297663803513,6,306.787264765657,0,1.6068918641241,6.4275674564964,0.367659890454084,0,400,25,4.2850449709976,14.4620267771169,0.15480416440172,0.445061972654944,0.01375,0.011,0.01375,0.01375,0,0,0,0
22/11/2010,0.000831594275589186,0.1,20.5605419685534,6,305.513209449576,0,1.63257738308689,6.53030953234758,0.376056017082782,0,400,25,4.35353968823172,14.6931964477821,0.158339375613803,0.455225704889684,0.01375,0.011,0.01375,0.01375,0,0,0,0
23/11/2010,0.000726928995473243,0.1,20.6905595819968,6,304.231971708621,0,1.66371722202921,6.65486888811685,0.386235061210164,0,400,25,4.43657925874457,14.9734549982629,0.162625288930595,0.467547705675461,0.01375,0.011,0.01375,0.01375,0,0,0,0
24/11/2010,0.000643583692856003,0.1,20.8197807327088,6,302.94393081635,0,1.6928302530063,6.77132101202519,0.395751578862888,0,400,25,4.51421400801679,15.2354722770567,0.166632243731742,0.479067700728759,0.01375,0.011,0.01375,0.01375,0,0,0,0
25/11/2010,0.00058653589816498,0.1,20.9481671684868,6,301.649468060202,0,1.71573477281,6.86293909124,0.403238647701948,0,400,25,4.57529272749333,15.44161295529,0.169784693769241,0.488130994586568,0.01375,0.011,0.01375,0.01375,0,0,0,0
26/11/2010,0.000573800146669945,0.1,21.0756808842214,6,300.348966628621,0,1.72164951841681,6.88659807366722,0.405172069921807,0,400,25,4.59106538244481,15.4948456657512,0.170598766282866,0.49047145306324,0.01375,0.011,0.01375,0.01375,0,0,0,0
27/11/2010,0.000407102105437232,0.1,21.2022841331467,6,299.042811497628,0,1.90959088510159,7.63836354040637,0.466606667203716,0,400,25,5.09224236027091,17.1863179659143,0.196465965138407,0.564839649772919,0.01375,0.011,0.01375,0.01375,0,0,0,0
28/11/2010,0.00051571857062566,0.1,21.3279394380145,6,297.73138931686,0,1.8712635278984,7.48505411159361,0.454078154741598,0,400,25,4.99003607439574,16.8413717510856,0.191190801996462,0.549673555739829,0.01375,0.011,0.01375,0.01375,0,0,0,0
29/11/2010,0.0157444030805631,0.1,21.4526096021881,38.709398613641,296.41508829511,0,7.55241531446236,30.2096612578495,2.24987558785573,0,400,25,20.1397741718996,67.9717378301613,0.947316036991887,2.72353360635168,0.01375,0.011,0.01375,0.01375,0,0,0,0
30/11/2010,0.0276855730437369,0.1,21.5762577206533,39.1166068500729,295.094298085414,0,7.33180643604863,29.3272257441945,2.17803573681987,0,400,25,19.551483829463,65.9862579244377,0.917067678660996,2.63656957615036,0.01375,0.011,0.01375,0.01375,0,0,0,0
01/12/2010,0.0560066991109432,0.1,21.6988471909432,37.8682040460347,293.769409669701,0,5.9773254958671,23.9093019834684,1.71931462063416,0,400,25,15.9395346556456,53.7959294628039,0.723921945530173,2.08127559339925,0.01375,0.011,0.01375,0.01375,0,0,0,0
02/12/2010,0.0779936161944814,0.1,21.8203417239731,37.0400583897019,292.440815243058,0,4.71416555733719,18.8566622293488,1.25150383883707,0,400,25,12.5711081528992,42.4274900160347,0.526948984773501,1.51497833122382,0.01375,0.011,0.01375,0.01375,0,0,0,0
03/12/2010,0.0445896891956009,0.1,21.9407053547832,34.2511014245347,291.108908097629,0,4.04546990822816,16.1818796329126,1.03168613345544,0,400,25,10.7879197552751,36.4092291740535,0.434394161454924,1.24888321418291,0.01375,0.011,0.01375,0.01375,0,0,0,0
04/12/2010,0.008747035599451,0.1,22.0599024531845,14.3133435218251,289.774082506192,0,2.68645048244978,10.7458019297991,0.701886105647165,0,400,25,7.16386795319941,24.178054342048,0.295530991851438,0.849651601572884,0.01375,0.011,0.01375,0.01375,0,0,0,0
05/12/2010,0.0127943845295011,0.1,22.1778977343065,25.6642376458733,288.436733605447,0,4.98949558704386,19.9579823481754,1.43607416983728,0,400,25,13.3053215654503,44.9054602833948,0.604662808352537,1.73840557401354,0.01375,0.011,0.01375,0.01375,0,0,0,0
06/12/2010,0.0153202056943497,0.1,22.294656269042,30.1210172737265,287.097257279049,0,5.6938987866276,22.7755951465104,1.65289991985382,0,400,25,15.1837300976736,51.2450890796484,0.69595786099108,2.00087885034936,0.01375,0.011,0.01375,0.01375,0,0,0,0
07/12/2010,0.0131276837939029,0.1,22.4101434943871,30.5260729757963,285.756050040415,0,5.80850364173161,23.2340145669264,1.69045077014132,0,400,25,15.4893430446176,52.2765327755845,0.711768745322661,2.04633514280265,0.01375,0.011,0.01375,0.01375,0,0,0,0
08/12/2010,0.0080286746402856,0.1,22.5243252236724,27.1535930549986,284.413508915348,0,5.07882803758891,20.3153121503556,1.45534427193379,0,400,25,13.5435414335704,45.7094523383002,0.612776535551069,1.76173253970932,0.01375,0.011,0.01375,0.01375,0,0,0,0
09/12/2010,0.00553193176909022,0.1,22.637167656683,24.0745895265316,283.070031324511,0,4.69301943805956,18.7720777522382,1.3407987343988,0,400,25,12.5147185014922,42.2371749425361,0.564546835536338,1.62307215216697,0.01375,0.011,0.01375,0.01375,0,0,0,0
10/12/2010,0.00545358798284729,0.1,22.7486373896641,26.4177468003564,281.726014965779,0,5.05893385907133,20.2357354362853,1.45311633542004,0,400,25,13.4904902908569,45.530404731642,0.611838457018964,1.75903556392952,0.01375,0.011,0.01375,0.01375,0,0,0,0
11/12/2010,0.00285360908028329,0.1,22.8587014252095,19.3666555630464,280.381857696517,0,3.73575955831102,14.9430382332441,1.03309631585166,0,400,25,9.9620254888294,33.6218360247992,0.434987922463856,1.25059027708358,0.01375,0.011,0.01375,0.01375,0,0,0,0
12/12/2010,0.00140434898818752,0.1,22.9673271820289,6,279.037957415799,0,1.37361182932167,5.49444731728669,0.291404911335871,0,400,25,3.66296487819113,12.3625064638951,0.122696804772998,0.35275331372237,0.01375,0.011,0.01375,0.01375,0,0,0,0
13/12/2010,0.00123523858347507,0.1,23.0744825045931,6,277.694711946626,0,1.41373800860941,5.65495203443766,0.304521425855735,0,400,25,3.76996802295844,12.7236420774847,0.12821954772873,0.3686311997201,0.01375,0.011,0.01375,0.01375,0,0,0,0
14/12/2010,0.00115188177227318,0.1,23.180135672653,6,276.352518918163,0,1.45515402825321,5.82061611301283,0.318059565610265,0,400,25,3.88041074200855,13.0963862542789,0.133919817099059,0.385019474159794,0.01375,0.011,0.01375,0.01375,0,0,0,0
15/12/2010,0.000927341933889378,0.1,23.2842554106286,6,275.011775648026,0,1.4884025110302,5.9536100441208,0.328927886862099,0,400,25,3.9690733627472,13.3956225992718,0.138495952362989,0.398175863043593,0.01375,0.011,0.01375,0.01375,0,0,0,0
16/12/2010,0.0014821625335597,0.1,23.3868108968681,17.8815500962725,273.672879024676,0,3.75133171336105,15.0053268534442,1.04663875522937,0,400,25,10.0035512356295,33.7619854202495,0.440690002201841,1.26698375633029,0.01375,0.011,0.01375,0.01375,0,0,0,0
17/12/2010,0.0110461039588968,0.1,23.4877717727713,37.1846213737032,272.336225389925,0,7.27561021910344,29.1024408764138,2.16248102902937,0,400,25,19.4016272509425,65.480491971931,0.910518328012367,2.61774019303555,0.01375,0.011,0.01375,0.01375,0,0,0,0
18/12/2010,0.00852883404609278,0.1,23.5871081517765,36.4629121546066,271.002210421614,0,6.70676065782912,26.8270426313165,1.96450009980251,0,400,25,17.8846950875443,60.3608459204621,0.827157936758953,2.37807906818199,0.01375,0.011,0.01375,0.01375,0,0,0,0
19/12/2010,0.000910004431846229,0.1,23.6847906282074,13.3406920576258,269.671229016481,0,2.99184207502611,11.9673683001044,0.806849475941971,0,400,25,7.97824553340295,26.926578675235,0.339726095133462,0.976712523508702,0.01375,0.011,0.01375,0.01375,0,0,0,0
20/12/2010,0.00296106165651491,0.1,23.7807902859783,34.2150189071164,268.343675173266,0,6.86494628830386,27.4597851532154,2.03545574545308,0,400,25,18.306523435477,61.7845165947347,0.857033998085508,2.46397274449584,0.01375,0.011,0.01375,0.01375,0,0,0,0
21/12/2010,0.00225308341757771,0.1,23.8750787071532,32.3604639707047,267.019941876079,0,6.23160228654986,24.9264091461994,1.82246922799905,0,400,25,16.6176060974663,56.0844205789488,0.767355464420652,2.20614696020937,0.01375,0.011,0.01375,0.01375,0,0,0,0
22/12/2010,0.00037569124573301,0.1,23.9676279803587,6,265.700420978066,0,1.95471486641663,7.81885946566653,0.481356871848632,0,400,25,5.21257297711102,17.5924337977497,0.202676577620477,0.58269516065887,0.01375,0.011,0.01375,0.01375,0,0,0,0
23/12/2010,0.000334186687143079,0.1,24.0584107090458,6,264.385503085413,0,1.98996559221183,7.9598623688473,0.492879689742975,0,400,25,5.30657491256487,17.9096903299064,0.207528290418095,0.596643834952022,0.01375,0.011,0.01375,0.01375,0,0,0,0
24/12/2010,0.00043233582441762,0.1,24.1474000196006,6,263.07557744172,0,1.86365057971617,7.45460231886467,0.451589621142243,0,400,25,4.96973487924311,16.7728552174455,0.190142998375681,0.546661120330084,0.01375,0.011,0.01375,0.01375,0,0,0,0
25/12/2010,0.000321590981100369,0.1,24.2345695692986,6,261.771031812774,0,1.97317867730682,7.89271470922729,0.487392354118113,0,400,25,5.26180980615152,17.7586080957614,0.20521783331289,0.590001270774558,0.01375,0.011,0.01375,0.01375,0,0,0,0
26/12/2010,0.00445201838204397,0.1,24.3198935541034,36.1586346755778,260.472252371766,0,7.16412598100039,28.6565039240016,2.12926877302126,0,400,25,19.1043359493344,64.4771338290035,0.896534220219478,2.577535883131,0.01375,0.011,0.01375,0.01375,0,0,0,0
27/12/2010,0.0143853283272001,0.1,24.4033467163048,38.7210668865684,259.17962358497,0,7.47068250317788,29.8827300127115,2.2205713179168,0,400,25,19.9218200084744,67.236142528601,0.934977397017599,2.6880600164256,0.01375,0.011,0.01375,0.01375,0,0,0,0
28/12/2010,0.00892691545449635,0.1,24.484904351996,37.9311819813122,257.893528097937,0,6.97414055030006,27.8965622012002,2.04881429025245,0,400,25,18.5977081341335,62.7672649527005,0.862658648527349,2.48014361451613,0.01375,0.011,0.01375,0.01375,0,0,0,0
29/12/2010,0.000314026185415527,0.1,24.5645423183859,6,256.614346622224,0,1.92630993001726,7.70523972006902,0.472071817369696,0,400,25,5.13682648004602,17.3367893701553,0.198767080997767,0.571455357868579,0.01375,0.011,0.01375,0.01375,0,0,0,0
30/12/2010,0.000273311067635618,0.1,24.6422370409468,6,255.342457822691,0,1.98045147277678,7.92180589110711,0.489769698013668,0,400,25,5.28120392740474,17.824063254991,0.206218820216281,0.592879108121809,0.01375,0.011,0.01375,0.01375,0,0,0,0
31/12/2010,0.00023572676567972,0.1,24.7179655203918,6,254.078238205414,0,2.05133713254004,8.20534853016014,0.512940924430905,0,400,25,5.4702323534401,18.4620341928603,0.215975126076171,0.620928487468991,0.01375,0.011,0.01375,0.01375,0,0,0,0
01/01/2011,0.000184589769576476,0.1,24.8051371179797,6,252.59041410873,0,2.20281164292239,8.81124657168955,0.562455172985997,0,400,25,5.87416438112637,19.8253047863015,0.236823230730946,0.68086678835147,0.01375,0.011,0.01375,0.01375,0,0,0,0
02/01/2011,0.000301381818460606,0.1,24.8764918925008,6,251.344251726306,0,1.9292105544763,7.71684221790519,0.473019978483189,0,400,25,5.14456147860346,17.3628949902867,0.199166306729764,0.572603131848071,0.01375,0.011,0.01375,0.01375,0,0,0,0
03/01/2011,0.000391394291736113,0.1,24.9458110794992,6,250.106942079986,0,1.82635050986475,7.30540203945901,0.43939691013705,0,400,25,4.87026802630601,16.4371545887828,0.185009225320863,0.531901522797481,0.01375,0.011,0.01375,0.01375,0,0,0,0
04/01/2011,0.00389230584893435,0.1,25.0130741590243,35.9613646343481,248.878851439682,0,7.11353917305077,28.4541566922031,2.1127518902062,0,400,25,18.9694377948021,64.0218525574569,0.889579743244716,2.55754176182856,0.01375,0.011,0.01375,0.01375,0,0,0,0
05/01/2011,0.00308251767906924,0.1,25.0782612197774,35.0359456304641,247.660343346284,0,6.5772591859123,26.3090367436492,1.92766410219936,0,400,25,17.5393578290995,59.1953326732107,0.811648043031309,2.33348812371501,0.01375,0.011,0.01375,0.01375,0,0,0,0
06/01/2011,0.000309298287307729,0.1,25.1413529650052,6,246.451778504046,0,1.89613231066641,7.58452924266564,0.462207305237807,0,400,25,5.05635282844376,17.0651907959977,0.194613602205392,0.559514106340503,0.01375,0.011,0.01375,0.01375,0,0,0,0
07/01/2011,0.000316251117866937,0.1,25.2023307182122,6,245.253514673805,0,1.8842225506028,7.53689020241121,0.458314222378305,0,400,25,5.02459346827414,16.9580029554252,0.192974409422444,0.554801427089527,0.01375,0.011,0.01375,0.01375,0,0,0,0
08/01/2011,0.00572922823857083,0.1,25.2611764286895,37.5553536401402,244.065906567085,0,7.42696322022724,29.707852880909,2.21314124054615,0,400,25,19.8052352539393,66.8426689820452,0.931848943387855,2.67906571224008,0.01375,0.011,0.01375,0.01375,0,0,0,0
09/01/2011,0.00821281177402011,0.1,25.317872676858,38.1152063987376,242.889305741087,0,7.23648630279088,28.9459452111635,2.14121975728389,0,400,25,19.2972968074423,65.1283767251179,0.901566213593217,2.5920028640805,0.01375,0.011,0.01375,0.01375,0,0,0,0
10/01/2011,0.0070854011015178,0.1,25.3724026794253,37.8575962475402,241.724060494622,0,7.25508251101451,29.020330044058,2.14971748269585,0,400,25,19.3468866960387,65.2957425991306,0.905144203240358,2.60228958431603,0.01375,0.011,0.01375,0.01375,0,0,0,0
11/01/2011,0.0065534637800643,0.1,25.4247502943533,37.5882084912935,240.570515765012,0,7.14011605965996,28.5604642386399,2.1106607482206,0,400,25,19.0403094924266,64.2610445369397,0.888699262408674,2.55501037942494,0.01375,0.011,0.01375,0.01375,0,0,0,0
12/01/2011,0.0194707321149384,0.1,25.4749000256372,39.1963862235261,239.429013025974,0,7.58403171876622,30.3361268750649,2.25766555534412,0,400,25,20.2240845833766,68.256285468896,0.950596023302786,2.73296356699551,0.01375,0.011,0.01375,0.01375,0,0,0,0
13/01/2011,0.0146308388818759,0.1,25.5228370278924,38.9205230607179,238.299890186543,0,7.13926166977365,28.5570466790946,2.10067322997062,0,400,25,19.0380311193964,64.2533550279628,0.884493991566578,2.54292022575391,0.01375,0.011,0.01375,0.01375,0,0,0,0
14/01/2011,0.00133884642030233,0.1,25.5685471107489,25.9130960378657,237.18348149104,0,4.99282497641107,19.9712999056443,1.43060248207702,0,400,25,13.3141999370962,44.9354247876996,0.602358939821903,1.73178195198797,0.01375,0.011,0.01375,0.01375,0,0,0,0
15/01/2011,0.00300066497899602,0.1,25.6120167430522,33.6980936815769,236.08011742013,0,6.67516234334872,26.7006493733949,1.97380882928904,0,400,25,17.8004329155966,60.0764610901385,0.831077401805911,2.38934753019199,0.01375,0.011,0.01375,0.01375,0,0,0,0
16/01/2011,0.00221605066731529,0.1,25.6532330568687,34.1743229717216,234.990124592991,0,6.50792094465297,26.0316837786119,1.90880566874601,0,400,25,17.3544558524079,58.5712885018768,0.80370764999832,2.31065949374517,0.01375,0.011,0.01375,0.01375,0,0,0,0
17/01/2011,0.000177661703710762,0.1,25.6921838512949,6,233.91382567063,0,2.06863419632251,8.27453678529006,0.518595018398512,0,400,25,5.51635785686004,18.6177077669026,0.218355797220426,0.627772917008725,0.01375,0.011,0.01375,0.01375,0,0,0,0
18/01/2011,0.00021855995868679,0.1,25.7288575960691,6,232.851539260369,0,1.96071551105675,7.84286204422699,0.483318372892282,0,400,25,5.22857469615133,17.6464395995107,0.20350247279675,0.585069609290657,0.01375,0.011,0.01375,0.01375,0,0,0,0
19/01/2011,0.000272335277527698,0.1,25.7632434349846,6,231.803579821526,0,1.86789272125619,7.47157088502478,0.452976299667155,0,400,25,4.98104725668319,16.8110344913058,0.19072686301775,0.54833973117603,0.01375,0.011,0.01375,0.01375,0,0,0,0
20/01/2011,0.000217791615726986,0.1,25.7953311891033,6,230.770257572335,0,1.95704976115297,7.82819904461187,0.482120106257069,0,400,25,5.21879936307458,17.6134478503767,0.202997939476661,0.583619075995399,0.01375,0.011,0.01375,0.01375,0,0,0,0
21/01/2011,0.000414548755020407,0.1,25.8251113597692,20.3423265802797,229.751878398107,0,4.64256526611198,18.5702610644479,1.33538133769423,0,400,25,12.3801740429653,41.7830873950078,0.562265826397569,1.61651425089301,0.01375,0.011,0.01375,0.01375,0,0,0,0
22/01/2011,0.000346049011327505,0.1,25.8525751314198,18.0408170367821,228.74874376069,0,4.1526761706473,16.6107046825892,1.17611727694988,0,400,25,11.0738031217261,37.3740855358258,0.495207274505211,1.42372091420248,0.01375,0.011,0.01375,0.01375,0,0,0,0
23/01/2011,0.000164075577215022,0.1,25.8777143741959,6,227.761150609223,0,2.1075848841312,8.43033953652479,0.53132728624135,0,400,25,5.62022635768319,18.9682639571808,0.223716752101621,0.643185662292161,0.01375,0.011,0.01375,0.01375,0,0,0,0
24/01/2011,0.000183653938190309,0.1,25.9005216463481,6,226.789391292236,0,2.0438866337839,8.17554653513559,0.510505492579437,0,400,25,5.45036435675706,18.3949797040551,0.214949681086079,0.617980333122476,0.01375,0.011,0.01375,0.01375,0,0,0,0
25/01/2011,0.000170103150382308,0.1,25.9209901964399,6,225.833753471109,0,2.08747761497322,8.34991045989287,0.524754587505838,0,400,25,5.56660697326191,18.787298534759,0.220949300002458,0.635229237507068,0.01375,0.011,0.01375,0.01375,0,0,0,0
26/01/2011,0.000156524894739056,0.1,25.9391139653462,6,224.894520034914,0,2.13905257914688,8.55621031658752,0.541613500526046,0,400,25,5.70414021105835,19.2514732123219,0.228047789695177,0.655637395373635,0.01375,0.011,0.01375,0.01375,0,0,0,0
27/01/2011,0.000126169156471699,0.1,25.9548875880467,6,223.971969016682,0,2.29416493272186,9.17665973088746,0.5923168935226,0,400,25,6.11777315392497,20.6474843944968,0.249396586746358,0.717015186895779,0.01375,0.011,0.01375,0.01375,0,0,0,0
28/01/2011,0.000192018372892995,0.1,25.9683063952143,6,223.066373511089,0,2.02246384985039,8.08985539940156,0.503502776110849,0,400,25,5.39323693293437,18.2021746486535,0.212001168888779,0.609503360555239,0.01375,0.011,0.01375,0.01375,0,0,0,0
29/01/2011,0.000175107435514022,0.1,25.9793664145975,6,222.178001593623,0,2.07090168491525,8.28360673966101,0.519336218970762,0,400,25,5.52240449310734,18.6381151642373,0.2186678816719,0.628670159806712,0.01375,0.011,0.01375,0.01375,0,0,0,0
30/01/2011,0.000112066554752343,0.1,25.9880643721958,6,221.307116241223,0,2.39018027598407,9.56072110393627,0.623702554115837,0,400,25,6.37381406929085,21.5116224838566,0.262611601732984,0.755008354982329,0.01375,0.011,0.01375,0.01375,0,0,0,0
31/01/2011,4.10128610473031e-05,0.1,25.9943976932292,6,220.453975254433,0,3.85714285714286,15.4285714285714,1.10322580645161,0,400,25,10.2857142857143,34.7142857142857,0.464516129032258,1.33548387096774,0.01375,0.011,0.01375,0.01375,0,0,0,0
01/02/2011,2.74532604865433e-05,0.1,25.9983645029001,6,219.618831181091,0,3.85714285714286,15.4285714285714,1.10322580645161,0,400,25,10.2857142857143,34.7142857142857,0.464516129032258,1.33548387096774,0.01375,0.011,0.01375,0.01375,0,0,0,0
02/02/2011,7.42926929139114e-05,0.1,25.9999636269489,6,218.801931241564,0,2.8644657786435,11.457863114574,0.778737815200211,0,400,25,7.63857540971601,25.7801920077915,0.327889606400089,0.942682618400255,0.01375,0.011,0.01375,0.01375,0,0,0,0
03/02/2011,0.000687130741075049,0.1,25.9991945920008,29.6539872556295,218.00351725557,0,6.28382506914986,25.1353002765994,1.85650085461568,0,400,25,16.7568668510663,56.5544256223487,0.781684570364495,2.24734313979792,0.01375,0.011,0.01375,0.01375,0,0,0,0
04/02/2011,0.000538138308298264,0.1,25.9960576257065,27.3822737854449,217.22382557059,0,5.74932236519961,22.9972894607984,1.68081419522525,0,400,25,15.331526307199,51.7439012867965,0.707711240094843,2.03466981527267,0.01375,0.011,0.01375,0.01375,0,0,0,0
05/02/2011,0.000224343409669452,0.1,25.9905536566747,27.6492368367678,216.463086991908,0,6.58603825673543,26.3441530269417,1.96180085367827,0,400,25,17.5627686846278,59.2743443106189,0.82602141207506,2.3748115597158,0.01375,0.011,0.01375,0.01375,0,0,0,0
06/02/2011,0.00035398743202623,0.1,25.9826843141968,18.8149194285981,215.721526714289,0,4.21151791473456,16.8460716589382,1.19299680670965,0,400,25,11.2307144392922,37.9036612326111,0.502314444930377,1.44415402917483,0.01375,0.011,0.01375,0.01375,0,0,0,0
07/02/2011,0.000241419166458137,0.1,25.9724519277653,6,214.999364255309,0,1.91384889700529,7.65539558802116,0.467998533460408,0,400,25,5.10359705868077,17.2246400730476,0.197052014088593,0.566524540504704,0.01375,0.011,0.01375,0.01375,0,0,0,0
08/02/2011,0.000159798983041392,0.1,25.9598595263838,6,214.296813390382,0,2.11614941402576,8.46459765610304,0.534126874507959,0,400,25,5.64306510406869,19.0453447262318,0.224895526108615,0.646574637562267,0.01375,0.011,0.01375,0.01375,0,0,0,0
09/02/2011,0.00018181726055563,0.1,25.9449108376702,6,213.614082089472,0,2.03651290560283,8.1460516224113,0.508095155625624,0,400,25,5.43070108160753,18.3286161504254,0.213934802368684,0.615062556809966,0.01375,0.011,0.01375,0.01375,0,0,0,0
10/02/2011,0.000179079160745935,0.1,25.9276102867536,6,212.951372455532,0,2.0386502381328,8.15460095253118,0.508793810560152,0,400,25,5.43640063502079,18.3478521431952,0.214228972867432,0.615908296993868,0.01375,0.011,0.01375,0.01375,0,0,0,0
11/02/2011,0.000126363752050434,0.1,25.9079629949642,6,212.308880664676,0,2.2541822909854,9.01672916394162,0.579247298804446,0,400,25,6.01115277596108,20.2876406188686,0.243893599496609,0.70119409855275,0.01375,0.011,0.01375,0.01375,0,0,0,0
12/02/2011,0.00332529192033971,0.1,25.8859747783173,36.7295530378749,211.686796908109,0,7.24967938414864,28.9987175365946,2.15581677846463,0,400,25,19.3324783577297,65.2471144573378,0.907712327774581,2.60967294235192,0.01375,0.011,0.01375,0.01375,0,0,0,0
13/02/2011,0.0117329518295552,0.1,25.8616521457917,39.0087032316256,211.085305335824,0,7.51768849315568,30.0707539726227,2.23529518120217,0,400,25,20.0471693150818,67.6591964384012,0.941176918400913,2.70588364040262,0.01375,0.011,0.01375,0.01375,0,0,0,0
14/02/2011,0.00737449219933313,0.1,25.8350022974027,38.4366158512444,210.50458400209,0,7.05496467681248,28.2198587072499,2.07401521724349,0,400,25,18.8132391381666,63.4946820913124,0.873269565155153,2.51064999982106,0.01375,0.011,0.01375,0.01375,0,0,0,0
15/02/2011,0.000293160046578941,0.1,25.8060331220709,6,209.944804812745,0,1.80638098435709,7.22552393742837,0.432869237282933,0,400,25,4.81701595828558,16.2574288592138,0.182260731487551,0.523999603026708,0.01375,0.011,0.01375,0.01375,0,0,0,0
16/02/2011,0.000792532130415157,0.1,25.774753195287,28.118855397062,209.406133474307,0,5.79787322595239,23.1914929038096,1.69784845832013,0,400,25,15.4609952692064,52.1808590335716,0.714883561397949,2.0552902390191,0.01375,0.011,0.01375,0.01375,0,0,0,0
17/02/2011,0.00411002783576661,0.1,25.7411717765731,37.5719482867515,208.888729444924,0,7.38226257975132,29.5290503190053,2.19706416717045,0,400,25,19.6860335460035,66.4403632177619,0.925079649334928,2.65960399183792,0.01375,0.011,0.01375,0.01375,0,0,0,0
18/02/2011,0.00319551954562663,0.1,25.7052988067417,36.6464737609411,208.392745887169,0,6.84197697765697,27.3679079106279,2.0107709412788,0,400,25,18.2452719404186,61.5777927989128,0.846640396327917,2.43409113944276,0.01375,0.011,0.01375,0.01375,0,0,0,0
19/02/2011,0.000284349183901181,0.1,25.6671449049533,20.6684199389235,207.918329622699,0,4.6828436920656,18.7313747682624,1.34510232860005,0,400,25,12.4875831788416,42.1455932285904,0.566358875200019,1.62828176620006,0.01375,0.011,0.01375,0.01375,0,0,0,0
20/02/2011,8.07879182504623e-05,0.1,25.6267213655722,6,207.465621088795,0,2.50838359229747,10.0335343691899,0.662341057512904,0,400,25,6.68902291279324,22.5754523306772,0.278880445268591,0.8017812801472,0.01375,0.011,0.01375,0.01375,0,0,0,0
21/02/2011,0.000153102980317783,0.1,25.5840401548241,6,207.034754296791,0,2.02726701797385,8.10906807189541,0.505072843970562,0,400,25,5.40604538126361,18.2454031617647,0.212662250092868,0.611403969016996,0.01375,0.011,0.01375,0.01375,0,0,0,0
22/02/2011,0.000192558815881541,0.1,25.5391139072529,6,206.625856792401,0,1.91363343498904,7.65453373995616,0.467928102865849,0,400,25,5.1030224933041,17.2227009149014,0.19702235910141,0.566439282416554,0.01375,0.011,0.01375,0.01375,0,0,0,0
23/02/2011,0.000165721172741922,0.1,25.4919559219814,6,206.239049617962,0,1.97213135199947,7.8885254079979,0.487050002619798,0,400,25,5.25901693866527,17.7491821679953,0.205073685313599,0.589586845276597,0.01375,0.011,0.01375,0.01375,0,0,0,0
24/02/2011,8.88424718913467e-05,0.1,25.4425801587739,6,205.874447276606,0,2.36445406500788,9.4578162600315,0.615293126011791,0,400,25,6.305210840021,21.2800865850709,0.259070789899701,0.744828520961641,0.01375,0.011,0.01375,0.01375,0,0,0,0
25/02/2011,0.000132130377203659,0.1,25.391001233904,6,205.532157698364,0,2.07526368033621,8.30105472134485,0.520762075538473,0,400,25,5.53403648089656,18.6773731230259,0.219268242331989,0.630396196704467,0.01375,0.011,0.01375,0.01375,0,0,0,0
26/02/2011,8.00589998159618e-05,0.1,25.3372344158281,6,205.212282208215,0,2.43401280866885,9.7360512346754,0.638030607810647,0,400,25,6.49070082311693,21.9061152780197,0.268644466446588,0.772352841033941,0.01375,0.011,0.01375,0.01375,0,0,0,0
27/02/2011,0.000218994603791392,0.1,25.2812956206654,6,204.91491549609,0,1.83931036229297,7.35724144917189,0.443633248995307,0,400,25,4.90482763278126,16.5537932606368,0.186792946945392,0.537029722468003,0.01375,0.011,0.01375,0.01375,0,0,0,0
28/02/2011,0.00269789525906287,0.1,25.2232014074861,36.6734439193666,204.640145588848,0,7.28081226482656,29.1232490593062,2.16719629797386,0,400,25,19.4154993728708,65.527310383439,0.912503704410044,2.62344815017888,0.01375,0.011,0.01375,0.01375,0,0,0,0
01/03/2011,0.00274778030186007,0.1,25.1629689734102,36.7619713323305,204.388053824211,0,7.02214779887686,28.0885911955074,2.0741052685183,0,400,25,18.7257274636716,63.1993301898918,0.873307481481388,2.51075900925899,0.01375,0.011,0.01375,0.01375,0,0,0,0
02/03/2011,0.00107469542998222,0.1,25.1006161485163,31.3691574184802,204.158714826692,0,6.12624029235388,24.5049611694155,1.79283658136607,0,400,25,16.3366407796103,55.1361626311849,0.754878560575189,2.17027586165367,0.01375,0.011,0.01375,0.01375,0,0,0,0
03/03/2011,0.000896474177159311,0.1,25.0361613905638,32.9999501162942,203.952196485501,0,6.72974168216306,26.9189667286522,1.99425393334769,0,400,25,17.9459778191015,60.5676751394675,0.839685866672712,2.41409686668405,0.01375,0.011,0.01375,0.01375,0,0,0,0
04/03/2011,0.000482755118183688,0.1,24.9696237795288,29.447344107279,203.768559934448,0,6.13861163491888,24.5544465396755,1.80541816267019,0,400,25,16.3696310264503,55.2475047142699,0.760176068492713,2.18550619691655,0.01375,0.011,0.01375,0.01375,0,0,0,0
05/03/2011,0.000141430378175647,0.1,24.9010230119562,6,203.60785953385,0,1.97280546243716,7.89122184974864,0.487270356999428,0,400,25,5.26081456649909,17.7552491619344,0.205166466105022,0.589853590051939,0.01375,0.011,0.01375,0.01375,0,0,0,0
06/03/2011,0.000143804367446226,0.1,24.8303793951287,6,203.470142854435,0,1.95694118974902,7.82776475899607,0.482084616249756,0,400,25,5.21850983933071,17.6124707077412,0.202982996315687,0.583576114407599,0.01375,0.011,0.01375,0.01375,0,0,0,0
07/03/2011,0.000137907273502277,0.1,24.7577138410562,6,203.355450663264,0,1.96782873048108,7.87131492192434,0.485643554295507,0,400,25,5.24754328128289,17.7104585743298,0.204481496545476,0.587884302568245,0.01375,0.011,0.01375,0.01375,0,0,0,0
08/03/2011,7.80186887712185e-05,0.1,24.6830478602847,6,203.263816911658,0,2.30929869107009,9.23719476428036,0.597263842488041,0,400,25,6.15812984285357,20.7836882196308,0.251479512626544,0.723003598801313,0.01375,0.011,0.01375,0.01375,0,0,0,0
09/03/2011,0.000159098154779625,0.1,24.6064035555288,6,203.195268725153,0,1.89264112621392,7.5705645048557,0.461066100857639,0,400,25,5.04704300323713,17.0337701359253,0.194133095097953,0.558132648406616,0.01375,0.011,0.01375,0.01375,0,0,0,0
10/03/2011,0.000207339088265486,0.1,24.5278036151292,6,203.149826395466,0,1.79633608372098,7.18534433488392,0.429585742881451,0,400,25,4.79022955658928,16.1670247534888,0.180878207529032,0.520024846645967,0.01375,0.011,0.01375,0.01375,0,0,0,0
11/03/2011,0.000857597118854117,0.1,24.4472713063363,30.6020359106886,203.127503374491,0,6.22476337316564,24.8990534926626,1.83311135710376,0,400,25,16.5993689951084,56.0228703584908,0.771836360885793,2.21902953754665,0.01375,0.011,0.01375,0.01375,0,0,0,0
12/03/2011,0.00228590696717301,0.1,24.3648304684224,36.5176887927528,203.128306270316,0,7.19127238586209,28.7650895434484,2.13625809351498,0,400,25,19.1767263622989,64.7214514727589,0.899477092006308,2.58599663951813,0.01375,0.011,0.01375,0.01375,0,0,0,0
13/03/2011,0.00138658242263895,0.1,24.2805055056248,34.6027055221504,203.152234845267,0,6.64859354889993,26.5943741955997,1.95573749831904,0,400,25,17.7295827970665,59.8373419400994,0.82346842034486,2.36747170849147,0.01375,0.011,0.01375,0.01375,0,0,0,0
14/03/2011,0.0108873197624933,0.1,24.1943213799221,39.1186423000587,203.199282015978,0,7.64633090257876,30.585323610315,2.28053052973281,0,400,25,20.39021574021,68.8169781232088,0.960223380940129,2.76064222020287,0.01375,0.011,0.01375,0.01375,0,0,0,0
15/03/2011,0.00865424675741033,0.1,24.1063036036443,38.8436774020994,203.269433855488,0,7.0994230281859,28.3976921127436,2.08705093369444,0,400,25,18.9317947418291,63.8948072536732,0.878758287871342,2.52643007763011,0.01375,0.011,0.01375,0.01375,0,0,0,0
16/03/2011,0.00156600907908627,0.1,24.016478231921,35.2976378830178,203.362669597364,0,7.08043305122649,28.321732204906,2.10516221025925,0,400,25,18.8811548032706,63.7238974610384,0.886384088530211,2.54835425452436,0.01375,0.011,0.01375,0.01375,0,0,0,0
17/03/2011,0.00532369031208391,0.1,23.9248718549683,38.2988837194763,203.478961641847,0,7.42834927679726,29.713397107189,2.20854544632253,0,400,25,19.8089314047927,66.8551434911753,0.929913872135801,2.67350238239043,0.01375,0.011,0.01375,0.01375,0,0,0,0
18/03/2011,0.00336983934182488,0.1,23.8315115902177,37.2421944450921,203.618275564026,0,6.88915765459826,27.556630618393,2.02354879705731,0,400,25,18.3710870789287,62.0024188913843,0.852020546129393,2.44955907012201,0.01375,0.011,0.01375,0.01375,0,0,0,0
19/03/2011,0.00350751122889218,0.1,23.7364250742888,37.3609781960584,203.780570124022,0,7.33882067766571,29.3552827106628,2.18344713194253,0,400,25,19.5701884737752,66.0493860989914,0.919346160817909,2.64312021235149,0.01375,0.011,0.01375,0.01375,0,0,0,0
20/03/2011,0.0876866406573432,0.1,23.6396404548081,38.3330946519721,203.965797279202,0,6.65854931805522,26.6341972722209,1.94419058928358,0,400,25,17.7561315148139,59.926943862497,0.818606563908877,2.35349387123802,0.01375,0.011,0.01375,0.01375,0,0,0,0
21/03/2011,0.148383315109724,0.1,23.5411863820767,37.2950281211974,204.173902198397,0,5.57380918695186,22.2952367478074,1.58923322287487,0,400,25,14.863491165205,50.1642826825668,0.669150830684158,1.92380863821695,0.01375,0.011,0.01375,0.01375,0,0,0,0
22/03/2011,0.251189054964521,0.1,23.4410920005895,37.5356429293767,204.404823278136,0,4.36618908807257,17.4647563522903,1.12493449105173,0,400,25,11.6431709015269,39.2957017926531,0.473656627811255,1.36176280495736,0.01375,0.011,0.01375,0.01375,0,0,0,0
23/03/2011,0.294432313850545,0.1,23.3393869404073,37.5477003363967,204.658492160877,0,3.62816990846743,14.5126796338697,0.857133270820288,0,400,25,9.67511975591315,32.6535291762069,0.360898219292753,1.03758238046666,0.01375,0.011,0.01375,0.01375,0,0,0,0
24/03/2011,0.0268751878203387,0.1,23.2361013083863,21.2033785144031,204.93483375525,0,2.25896571805825,9.035862872233,0.48684587433472,0,400,25,6.02390858148866,20.3306914625242,0.204987736561987,0.589339742615714,0.01375,0.011,0.01375,0.01375,0,0,0,0
25/03/2011,0.0131993819384246,0.1,23.1312656792653,7.72430115230009,205.233766258277,0,1.74037735982666,6.96150943930663,0.400636752335013,0,400,25,4.64100629287108,15.6633962384399,0.1686891588779,0.484981331773963,0.01375,0.011,0.01375,0.01375,0,0,0,0
26/03/2011,0.0103996167764359,0.1,23.0249110866152,6.14142611283997,205.555201179595,0,1.71156556996555,6.84626227986222,0.401001722218229,0,400,25,4.56417485324148,15.40409012969,0.168842830407675,0.485423137422066,0.01375,0.011,0.01375,0.01375,0,0,0,0
27/03/2011,0.00858806600139282,0.1,22.9170690136522,6.00547176641396,205.899043367646,0,1.74221980534193,6.96887922136774,0.41186230224833,0,400,25,4.64591948091183,15.6799782480774,0.173415706209823,0.498570155353242,0.01375,0.011,0.01375,0.01375,0,0,0,0
28/03/2011,0.00712211311136592,0.1,22.8077713839186,6,206.265191037846,0,1.78011957479267,7.12047829917069,0.424284862543595,0,400,25,4.74698553278046,16.021076173134,0.178646257913093,0.513607991500142,0.01375,0.011,0.01375,0.01375,0,0,0,0
29/03/2011,0.0058669893715205,0.1,22.6970505518319,6,206.653535802714,0,1.82310938288877,7.29243753155508,0.438337444975008,0,400,25,4.86162502103672,16.4079844459989,0.184563134726319,0.530619012338168,0.01375,0.011,0.01375,0.01375,0,0,0,0
30/03/2011,0.00489729151968981,0.1,22.5849392931081,6,207.063962703959,0,1.86527705457928,7.46110821831712,0.452121286043734,0,400,25,4.97407214554475,16.7874934912135,0.190366857281572,0.54730471468452,0.01375,0.011,0.01375,0.01375,0,0,0,0
31/03/2011,0.00570912378133077,0.1,22.4714707950588,15.0420598006732,207.496350246509,0,3.46660105528391,13.8664042211357,0.958594789157705,0,400,25,9.2442694807571,31.1994094975552,0.403618858592718,1.16040421845406,0.01375,0.011,0.01375,0.01375,0,0,0,0
01/04/2011,0.0046889217429033,0.1,22.3566786467673,14.5791759119525,207.950570434476,0,3.30019983054798,13.2007993221919,0.901271549958474,0,400,25,8.80053288146128,29.7017984749318,0.379482757877252,1.0910129288971,0.01375,0.011,0.01375,0.01375,0,0,0,0
02/04/2011,0.00294036598917644,0.1,22.2405968291455,6,208.426488809045,0,1.99977904880331,7.99911619521325,0.496087529316966,0,400,25,5.33274413014217,17.9980114392298,0.208878959712407,0.60052700917317,0.01375,0.011,0.01375,0.01375,0,0,0,0
03/04/2011,0.00255177843368818,0.1,22.1232597048746,6,208.923964488279,0,2.0379309385851,8.15172375434039,0.508558684686496,0,400,25,5.43448250289359,18.3413784472659,0.214129972499577,0.615623670936284,0.01375,0.011,0.01375,0.01375,0,0,0,0
04/04/2011,0.00217557638579919,0.1,22.0047020082334,6,209.442850208819,0,2.08935902006886,8.35743608027544,0.525369584440328,0,400,25,5.57162405351696,18.8042311806197,0.221208246080138,0.635973707480396,0.01375,0.011,0.01375,0.01375,0,0,0,0
05/04/2011,0.00196652843675575,0.1,21.8849588348159,6,209.982992369482,0,2.11001699830958,8.44006799323831,0.532122299908261,0,400,25,5.62671199549221,18.9901529847862,0.224051494698215,0.644148047257369,0.01375,0.011,0.01375,0.01375,0,0,0,0
06/04/2011,0.00170596382058781,0.1,21.7640656311426,6,210.544231076725,0,2.15863287034414,8.63453148137654,0.548013939799128,0,400,25,5.7563543209177,19.4276958330972,0.23074271149437,0.663385295546312,0.01375,0.011,0.01375,0.01375,0,0,0,0
07/04/2011,0.00365690630665347,0.1,21.642058184167,25.9309029333566,211.126400191981,0,5.49645921328279,21.9858368531312,1.60220159063915,0,400,25,14.6572245687541,49.4681329195452,0.674611196058588,1.93950718866844,0.01375,0.011,0.01375,0.01375,0,0,0,0
08/04/2011,0.00306257341577571,0.1,21.5189726106826,24.6102565215698,211.72932738084,0,5.01806910011367,20.0722764004547,1.44012775162366,0,400,25,13.3815176003031,45.162621901023,0.606369579631015,1.74331254143917,0.01375,0.011,0.01375,0.01375,0,0,0,0
09/04/2011,0.00171846306983524,0.1,21.3948453466311,16.345952134701,212.352834164057,0,3.98826362277834,15.9530544911133,1.1270768026122,0,400,25,10.6353696607422,35.894372605005,0.474558653731452,1.36435612947792,0.01375,0.011,0.01375,0.01375,0,0,0,0
10/04/2011,0.00155577961412799,0.1,21.2697131363166,15.0144015096553,212.996735970394,0,3.62654259484235,14.5061703793694,1.00731374527172,0,400,25,9.67078025291293,32.6388833535812,0.424132103272303,1.21937979690787,0.01375,0.011,0.01375,0.01375,0,0,0,0
11/04/2011,0.00297344883313831,0.1,21.1436130215288,27.9753700087093,213.660842191253,0,5.8806434864311,23.5225739457244,1.7242572754416,0,400,25,15.6817159638163,52.9257913778799,0.72600306334383,2.08725880711351,0.01375,0.011,0.01375,0.01375,0,0,0,0
12/04/2011,0.00248076697524732,0.1,21.0165823305776,26.4203111619236,214.3449562371,0,5.35064619400849,21.4025847760339,1.54531790195075,0,400,25,14.2683898506893,48.1558157460764,0.650660169242421,1.87064798657196,0.01375,0.011,0.01375,0.01375,0,0,0,0
13/04/2011,0.000892988501681774,0.1,20.8886586672431,6,215.04887559566,0,2.35845324492146,9.43381297968583,0.613331567617951,0,400,25,6.28920865312388,21.2260792042931,0.258244870575979,0.74245400290594,0.01375,0.011,0.01375,0.01375,0,0,0,0
14/04/2011,0.000823653131296394,0.1,20.7598798996444,6,215.772391891864,0,2.39183705359228,9.5673482143691,0.624244124430778,0,400,25,6.37823214291274,21.5265334823305,0.262839631339275,0.755663940100415,0.01375,0.011,0.01375,0.01375,0,0,0,0
15/04/2011,0.000766643792252418,0.1,20.6302841490292,6,216.515290949537,0,2.42081919456621,9.68327677826486,0.633717856534087,0,400,25,6.45551785217657,21.7873727510959,0.266828571172247,0.76713214212021,0.01375,0.011,0.01375,0.01375,0,0,0,0
16/04/2011,0.000774207699339567,0.1,20.49990977849,6,217.277352854791,0,2.37919884030413,9.51679536121652,0.620112923527986,0,400,25,6.34453024081102,21.4127895627372,0.261100178327573,0.750663012691773,0.01375,0.011,0.01375,0.01375,0,0,0,0
17/04/2011,0.000778973196731029,0.1,20.3687953816071,6,218.058352021133,0,2.3446888343013,9.37875533720518,0.608832233393726,0,400,25,6.25250355813679,21.1021995087117,0.256350414060516,0.737007440423984,0.01375,0.011,0.01375,0.01375,0,0,0,0
18/04/2011,0.000722063479141346,0.1,20.2369797710241,6,218.858057256235,0,2.38240569370338,9.52962277481353,0.621161185284301,0,400,25,6.35308184987569,21.4416512433304,0.261541551698653,0.751931961133627,0.01375,0.011,0.01375,0.01375,0,0,0,0
19/04/2011,0.000726698320260645,0.1,20.104501966959,6,219.676231830379,0,2.35140529946233,9.4056211978493,0.611027723080772,0,400,25,6.27041413189954,21.1626476951609,0.257274830770852,0.739665138466198,0.01375,0.011,0.01375,0.01375,0,0,0,0
20/04/2011,0.000759140611469087,0.1,19.9714011856532,6,220.512633546526,0,2.29326338307365,9.17305353229459,0.592022193422538,0,400,25,6.11536902152973,20.6393704476628,0.2492725024937,0.716658444669388,0.01375,0.011,0.01375,0.01375,0,0,0,0
21/04/2011,0.000989627914567866,0.1,19.8377168277622,16.6304460178724,221.367014812022,0,4.1013754547852,16.4055018191408,1.16370992780569,0,400,25,10.9370012127605,36.9123790930668,0.489983127497133,1.40870149155426,0.01375,0.011,0.01375,0.01375,0,0,0,0
22/04/2011,0.000894942800126498,0.1,19.703488466693,14.9595858138068,222.239122711881,0,3.72034563432722,14.8813825373089,1.03875962697319,0,400,25,9.92092169153926,33.483110708945,0.437372474515027,1.2574458642307,0.01375,0.011,0.01375,0.01375,0,0,0,0
23/04/2011,0.000720710676941882,0.1,19.5687558368887,6,223.128699083657,0,2.27709396833377,9.10837587333508,0.586736707314018,0,400,25,6.07225058222338,20.4938457150039,0.247047034658534,0.710260224643285,0.01375,0.011,0.01375,0.01375,0,0,0,0
24/04/2011,0.000673835075488102,0.1,19.4335588220669,6,224.035480593869,0,2.31323115720906,9.25292462883626,0.598549293785083,0,400,25,6.16861641922417,20.8190804148816,0.25202075527793,0.724559671424047,0.01375,0.011,0.01375,0.01375,0,0,0,0
25/04/2011,0.00256464749858422,0.1,19.2979374434129,30.4063022755552,224.959198815945,0,6.23009824855184,24.9203929942074,1.83343070200664,0,400,25,16.6135953294716,56.0708842369665,0.771970821897533,2.21941611295541,0.01375,0.011,0.01375,0.01375,0,0,0,0
26/04/2011,0.00811600728831361,0.1,19.1619318477328,37.0120436886653,225.899580309692,0,7.22238976776086,28.8895590710435,2.14297256153977,0,400,25,19.2597060473623,65.0015079098478,0.902304236437797,2.59412467975867,0.01375,0.011,0.01375,0.01375,0,0,0,0
27/04/2011,0.00570993133043017,0.1,19.025582295569,35.7551282143598,226.856346702231,0,6.69668812037141,26.7867524814856,1.96370137580787,0,400,25,17.8578349876571,60.2701930833427,0.826821631919102,2.37711219176742,0.01375,0.011,0.01375,0.01375,0,0,0,0
28/04/2011,0.000919435136791515,0.1,18.8889291492823,15.1278929126868,227.829214770406,0,3.63067751040578,14.5227100416231,1.00843397248813,0,400,25,9.68180669441542,32.676097593652,0.424603777889739,1.220735861433,0.01375,0.011,0.01375,0.01375,0,0,0,0
29/04/2011,0.00634704542660527,0.1,18.7520128611039,36.2451085501071,228.817896524626,0,7.1753568977606,28.7014275910424,2.13150753007141,0,400,25,19.1342850606949,64.5782120798454,0.897476854766911,2.58024595745487,0.01375,0.011,0.01375,0.01375,0,0,0,0
30/04/2011,0.0178088967649843,0.1,18.6148739611606,38.5227793100704,229.82209929411,0,7.40720966507599,29.628838660304,2.20192594075553,0,400,25,19.7525591068693,66.6648869856839,0.927126711897065,2.66548929670406,0.01375,0.011,0.01375,0.01375,0,0,0,0
01/05/2011,0.0111021505452223,0.1,18.4775530454767,37.8596902585261,230.84152581353,0,7.0023011467081,28.0092045868324,2.0585945560771,0,400,25,18.6728030578883,63.0207103203729,0.866776655190357,2.49198288367228,0.01375,0.011,0.01375,0.01375,0,0,0,0
02/05/2011,0.00128885490951754,0.1,18.3400907639575,21.7061327309576,231.875874311002,0,4.54656649908453,18.1862659963381,1.29217076185213,0,400,25,12.1241773308921,40.9190984917608,0.544071899727214,1.56420671171574,0.01375,0.011,0.01375,0.01375,0,0,0,0
03/05/2011,0.00295634898831961,0.1,18.2025278083553,32.1763566259899,232.924838597422,0,6.50586930009182,26.0234772003673,1.92026550451758,0,400,25,17.3489848002449,58.5528237008264,0.808532844007404,2.32453192652129,0.01375,0.011,0.01375,0.01375,0,0,0,0
04/05/2011,0.00240719230111427,0.1,18.0649049002241,30.7736493320195,233.988108157101,0,5.95475434723736,23.8190173889495,1.73264566312889,0,400,25,15.8793449259663,53.5927891251363,0.729535016054269,2.09741317115602,0.01375,0.011,0.01375,0.01375,0,0,0,0
05/05/2011,0.00102410600069681,0.1,17.927262778865,19.8389086097862,235.065368239687,0,4.55004430461118,18.2001772184447,1.30444719176909,0,400,25,12.1334514789631,40.9503987415006,0.549240922850142,1.57906765319416,0.01375,0.011,0.01375,0.01375,0,0,0,0
06/05/2011,0.000935785454348967,0.1,17.789642189267,17.7336989596581,236.156299953336,0,4.02680401106281,16.1072160442512,1.13238131954295,0,400,25,10.7381440295008,36.2412360995652,0.476792134544398,1.37077738681514,0.01375,0.011,0.01375,0.01375,0,0,0,0
07/05/2011,0.000624934401692111,0.1,17.6520838700448,6,237.260580359109,0,2.21027477011099,8.84109908044396,0.564894732841196,0,400,25,5.89406605362931,19.8924729309989,0.237850413827872,0.683819939755132,0.01375,0.011,0.01375,0.01375,0,0,0,0
08/05/2011,0.000588298691912565,0.1,17.5146285413801,6,238.377882566574,0,2.24383020505568,8.97532082022271,0.575863391145696,0,400,25,5.98354721348181,20.1944718455011,0.242468796271872,0.697097789281632,0.01375,0.011,0.01375,0.01375,0,0,0,0
09/05/2011,0.000588967196673544,0.1,17.3773168929669,6,239.507875830567,0,2.23297999344467,8.93191997377867,0.572316655307259,0,400,25,5.95461331585245,20.096819941002,0.240975433813583,0.69280437221405,0.01375,0.011,0.01375,0.01375,0,0,0,0
10/05/2011,0.000573180229280928,0.1,17.2401895719671,6,240.650225649104,0,2.24291057531012,8.97164230124048,0.57556278099231,0,400,25,5.98109486749366,20.1861951777911,0.242342223575709,0.696733892780164,0.01375,0.011,0.01375,0.01375,0,0,0,0
11/05/2011,0.000607077330968682,0.1,17.1032871709775,6,241.804593862396,0,2.19247709119429,8.76990836477717,0.559076996937243,0,400,25,5.84660557651811,19.7322938207486,0.235400840815681,0.676777417345084,0.01375,0.011,0.01375,0.01375,0,0,0,0
12/05/2011,0.00057075274469017,0.1,16.966650216014,6,242.970638752956,0,2.22638133316262,8.90552533265047,0.570159673881728,0,400,25,5.93701688843365,20.0374319984636,0.240067231108096,0.690193289435776,0.01375,0.011,0.01375,0.01375,0,0,0,0
13/05/2011,0.000571693117261712,0.1,16.8303191545148,6,244.148015146753,0,2.21563602979908,8.86254411919632,0.566647230631712,0,400,25,5.90836274613088,19.9407242681917,0.238588307634405,0.685941384448914,0.01375,0.011,0.01375,0.01375,0,0,0,0
14/05/2011,0.000552011115628069,0.1,16.6943343433671,6,245.33637451539,0,2.23116650012744,8.92466600050977,0.571723857491735,0,400,25,5.94977733367318,20.080498501147,0.240725834733362,0.692086774858416,0.01375,0.011,0.01375,0.01375,0,0,0,0
15/05/2011,0.000569583066021687,0.1,16.5587360369606,6,246.535365079275,0,2.19951010726841,8.79804042907365,0.561375961331364,0,400,25,5.8653602860491,19.7955909654157,0.236368825823732,0.679560374243231,0.01375,0.011,0.01375,0.01375,0,0,0,0
16/05/2011,0.00059132976545202,0.1,16.4235643752715,6,247.744631911759,0,2.16519285315583,8.66077141262333,0.550158278266607,0,400,25,5.77384760841556,19.4867356784025,0.231645590849098,0.665981073691156,0.01375,0.011,0.01375,0.01375,0,0,0,0
17/05/2011,0.000596575841266172,0.1,16.2888593719801,6,248.963817044198,0,2.15075798442849,8.60303193771394,0.545439783542829,0,400,25,5.73535462514263,19.3568218598564,0.22965885622856,0.660269211657109,0.01375,0.011,0.01375,0.01375,0,0,0,0
18/05/2011,0.000585108810310918,0.1,16.1546609026259,6,250.192559571921,0,2.15491113079072,8.6196445231629,0.546797371170916,0,400,25,5.7464296821086,19.3942001771165,0.230230472071964,0.661912607206898,0.01375,0.011,0.01375,0.01375,0,0,0,0
19/05/2011,0.000585321306343231,0.1,16.0210086928035,6,251.430495761065,0,2.14715368954311,8.58861475817246,0.544261605429762,0,400,25,5.72574317211497,19.324383205888,0.229162781233584,0.658842996046554,0.01375,0.011,0.01375,0.01375,0,0,0,0
20/05/2011,0.000598281801389788,0.1,15.8879423064033,6,252.677259156249,0,2.12567673774724,8.50270695098898,0.537241182477133,0,400,25,5.66847130065932,19.1310906397252,0.226206813674582,0.650344589314424,0.01375,0.011,0.01375,0.01375,0,0,0,0
21/05/2011,0.00056942014014222,0.1,15.7555011338993,6,253.932480689051,0,2.14973840796392,8.59895363185569,0.545106502633983,0,400,25,5.73263575457046,19.3476456716753,0.229518527424835,0.6598657663464,0.01375,0.011,0.01375,0.01375,0,0,0,0
22/05/2011,0.000561159490336661,0.1,15.623724380689,6,255.19578878726,0,2.15199399798976,8.60797599195903,0.545843813782213,0,400,25,5.73865066130602,19.3679459819078,0.22982897422409,0.660758300894258,0.01375,0.011,0.01375,0.01375,0,0,0,0
23/05/2011,0.0037055015113494,0.1,15.4926510554879,34.6309951113971,256.466809484872,0,6.92006925778567,27.6802770311427,2.05165316362868,0,400,25,18.4535180207618,62.2806233200711,0.863853963633129,2.48358014544525,0.01375,0.011,0.01375,0.01375,0,0,0,0
24/05/2011,0.00306219243021105,0.1,15.3623199587815,33.2749586672184,257.745166532788,0,6.27721420004197,25.1088568001679,1.83154605095005,0,400,25,16.7392378667786,56.4949278003777,0.771177284610546,2.21713469325532,0.01375,0.011,0.01375,0.01375,0,0,0,0
25/05/2011,0.00152011220948416,0.1,15.2327696713403,27.4008001311545,259.030481510195,0,5.72985293936965,22.9194117574786,1.67608308115468,0,400,25,15.2796078383191,51.5686764543269,0.705719192065129,2.02894267718725,0.01375,0.011,0.01375,0.01375,0,0,0,0
26/05/2011,0.00132833598288781,0.1,15.1040385427983,25.1835166513837,260.322373936585,0,5.0655255891415,20.262102356566,1.45453531973656,0,400,25,13.5080682377107,45.5897303022735,0.612435924099606,1.76075328178637,0.01375,0.011,0.01375,0.01375,0,0,0,0
27/05/2011,0.000553997139643949,0.1,14.9761646803015,6,261.620461384384,0,2.12434535710164,8.49738142840656,0.536805978481151,0,400,25,5.66492095227104,19.1191082139148,0.2260235698868,0.649817763424551,0.01375,0.011,0.01375,0.01375,0,0,0,0
28/05/2011,0.00057986788762278,0.1,14.8491859372266,6,262.924359592162,0,2.08928449901889,8.35713799607555,0.525345224871305,0,400,25,5.57142533071703,18.80356049117,0.221197989419497,0.635944219581053,0.01375,0.011,0.01375,0.01375,0,0,0,0
29/05/2011,0.000538931309628827,0.1,14.7231399019762,6,264.23368257838,0,2.12636174556033,8.50544698224133,0.537465099009583,0,400,25,5.67029798816089,19.137255710043,0.226301094319825,0.650615646169496,0.01375,0.011,0.01375,0.01375,0,0,0,0
30/05/2011,0.00776129474114189,0.1,14.5980638868514,37.4182015044894,265.54804275565,0,7.3544246938904,29.4176987755616,2.18780899948512,0,400,25,19.6117991837077,66.1898222450136,0.921182736625313,2.64840036779777,0.01375,0.011,0.01375,0.01375,0,0,0,0
31/05/2011,0.0452311250844238,0.1,14.4739949170069,37.9960520644534,266.867051045467,0,6.90201926676658,27.6080770670663,2.03732411718951,0,400,25,18.4053847113775,62.1181734008992,0.857820680921897,2.46623445765046,0.01375,0.011,0.01375,0.01375,0,0,0,0
01/06/2011,0.0801726097485286,0.1,14.3509697194906,37.3703317814634,268.190316993389,0,5.83180651004225,23.327226040169,1.67323153843383,0,400,25,15.5514840267793,52.4862585903802,0.704518542498455,2.02549080968306,0.01375,0.011,0.01375,0.01375,0,0,0,0
02/06/2011,0.0548179788072386,0.1,14.2290247123716,35.385048983829,269.517448884614,0,4.46765511309237,17.8706204523695,1.18858945754664,0,400,25,11.9137469682463,40.2088960178313,0.500458718967006,1.43881881703014,0.01375,0.011,0.01375,0.01375,0,0,0,0
03/06/2011,0.00838707991051558,0.1,14.1081959939597,14.798456592073,270.848053859939,0,2.3497638023792,9.39905520951682,0.581417049282484,0,400,25,6.26603680634455,21.1478742214128,0.244807178645256,0.703820638605112,0.01375,0.011,0.01375,0.01375,0,0,0,0
04/06/2011,0.00529509429607124,0.1,13.9885193321197,6,272.181738032057,0,1.04496145848949,4.17984583395797,0.183975112698255,0,400,25,2.78656388930531,9.40465312640542,0.0774632053466335,0.222706715371571,0.01375,0.011,0.01375,0.01375,0,0,0,0
05/06/2011,0.00434016826057567,0.1,13.870030153683,6,273.51810660215,0,1.06871373213693,4.2748549285477,0.191739296772255,0,400,25,2.84990328569847,9.61842358923234,0.0807323354830547,0.232105464513782,0.01375,0.011,0.01375,0.01375,0,0,0,0
06/06/2011,0.00361956559189877,0.1,13.7527635339609,6,274.856763976763,0,1.10155679728517,4.40622718914068,0.202475094412111,0,400,25,2.93748479276045,9.91401117556653,0.0852526713314151,0.245101430077818,0.01375,0.011,0.01375,0.01375,0,0,0,0
07/06/2011,0.00299856776009347,0.1,13.6367541863612,6,276.197313884907,0,1.13330713160318,4.53322852641273,0.212853698318214,0,400,25,3.02215235094182,10.1997641844286,0.0896226098181953,0.257665003227311,0.01375,0.011,0.01375,0.01375,0,0,0,0
08/06/2011,0.0029602601972872,0.1,13.5220364521127,10.8901030135404,277.539359495362,0,2.13084797050415,8.52339188201659,0.529730165414733,0,400,25,5.68226125467773,19.1776317345373,0.223044280174624,0.641252305502045,0.01375,0.011,0.01375,0.01375,0,0,0,0
09/06/2011,0.0024773804076475,0.1,13.408644290099,10.5671506996168,278.882503534148,0,2.03696104591791,8.14784418367164,0.497555880320964,0,400,25,5.43189612244776,18.3326494132612,0.209497212766722,0.602304486704325,0.01375,0.011,0.01375,0.01375,0,0,0,0
10/06/2011,0.00186364268937874,0.1,13.2966112668063,6,280.226348402127,0,1.26673402436564,5.06693609746257,0.25646851057605,0,400,25,3.37795739830838,11.4006062192908,0.107986741295179,0.31046188122364,0.01375,0.011,0.01375,0.01375,0,0,0,0
11/06/2011,0.00160929702069737,0.1,13.1859705463869,6,281.570496292702,0,1.3154629452811,5.26185178112441,0.272397104079599,0,400,25,3.50790118741628,11.8391665075299,0.1146935175072,0.329743862833199,0.01375,0.011,0.01375,0.01375,0,0,0,0
12/06/2011,0.00140355492510246,0.1,13.076754880842,6,282.914549309573,0,1.36628077561906,5.46512310247623,0.289008523888995,0,400,25,3.64341540165082,12.2965269805715,0.121687799532208,0.349852423655099,0.01375,0.011,0.01375,0.01375,0,0,0,0
13/06/2011,0.00266597486783949,0.1,12.9689966003261,23.9603456524438,284.258109584525,0,4.78576631354887,19.1430652541955,1.37312399478541,0,400,25,12.762043502797,43.0718968219398,0.578157471488593,1.66220273052971,0.01375,0.011,0.01375,0.01375,0,0,0,0
14/06/2011,0.00962809213157522,0.1,12.8627276035769,36.0269799270265,285.600779395208,0,6.99059842205944,27.9623936882377,2.06960590411207,0,400,25,18.6415957921585,62.9153857985349,0.871413012257712,2.50531241024092,0.01375,0.011,0.01375,0.01375,0,0,0,0
15/06/2011,0.0170753826877466,0.1,12.7579793484726,37.924654023693,286.942161282863,0,6.99133662768948,27.9653465107579,2.05549126915275,0,400,25,18.6435643405053,62.9220296492053,0.865470008064314,2.4882262731849,0.01375,0.011,0.01375,0.01375,0,0,0,0
16/06/2011,0.0469463130894232,0.1,12.6547828427194,37.5875750052321,288.281858169988,0,5.50078881662728,22.0031552665091,1.5394184872831,0,400,25,14.6687701776728,49.5070993496455,0.648176205171831,1.86350658986901,0.01375,0.011,0.01375,0.01375,0,0,0,0
17/06/2011,0.0468465690508719,0.1,12.5531686346731,36.3057687699111,289.619473477875,0,4.01088477247396,16.0435390898958,1.0021309035745,0,400,25,10.6956927265972,36.0979629522656,0.421949854136631,1.21310583064281,0.01375,0.011,0.01375,0.01375,0,0,0,0
18/06/2011,0.00468463134350562,0.1,12.4531668042954,6,290.954611244008,0,1.46533493823655,5.86133975294621,0.321387518981165,0,400,25,3.90755983529747,13.188014444129,0.135321060623648,0.389048049292989,0.01375,0.011,0.01375,0.01375,0,0,0,0
19/06/2011,0.00393677380407017,0.1,12.3548069542502,6,292.286876239276,0,1.50000164334692,6.00000657338769,0.332719431189286,0,400,25,4.00000438225846,13.5000147901223,0.140092392079699,0.402765627229135,0.01375,0.011,0.01375,0.01375,0,0,0,0
20/06/2011,0.00327107448004877,0.1,12.2581182011404,6,293.61587408497,0,1.53639390738987,6.14557562955949,0.344615397069992,0,400,25,4.09705041970632,13.8275451665088,0.145101219818944,0.417166006979464,0.01375,0.011,0.01375,0.01375,0,0,0,0
21/06/2011,0.00274993095929371,0.1,12.1631291668888,6,294.941211369524,0,1.57468985205419,6.29875940821678,0.357133641347362,0,400,25,4.19917293881119,14.1722086684878,0.150372059514679,0.432319671104701,0.01375,0.011,0.01375,0.01375,0,0,0,0
22/06/2011,0.0023627105530717,0.1,12.0698679702651,6,296.262495764978,0,1.61298210097839,6.45192840391357,0.369650677554841,0,400,25,4.30128560260905,14.5168389088055,0.155642390549407,0.447471872829545,0.01375,0.011,0.01375,0.01375,0,0,0,0
23/06/2011,0.0020329472642081,0.1,11.9783622185626,6,297.579336143113,0,1.65218426267088,6.60873705068351,0.38246514761346,0,400,25,4.40582470045567,14.8696583640379,0.161037956889878,0.462984126058399,0.01375,0.011,0.01375,0.01375,0,0,0,0
24/06/2011,0.00178698817749302,0.1,11.8886389994256,6,298.891342691233,0,1.688964713913,6.75585885565199,0.39448800479368,0,400,25,4.50390590376799,15.200682425217,0.166100212544707,0.477538111066033,0.01375,0.011,0.01375,0.01375,0,0,0,0
25/06/2011,0.00156311667109641,0.1,11.8007248728309,6,300.198127027558,0,1.72718397836598,6.90873591346391,0.406981183711644,0,400,25,4.60582394230927,15.5446558052938,0.171360498404903,0.492661432914095,0.01375,0.011,0.01375,0.01375,0,0,0,0
26/06/2011,0.00138050186822266,0.1,11.7146458632257,6,301.499302316194,0,1.76415564928189,7.05662259712758,0.419066547107814,0,400,25,4.70441506475172,15.877400843537,0.176449072466448,0.507291083341038,0.01375,0.011,0.01375,0.01375,0,0,0,0
27/06/2011,0.00125192533376741,0.1,11.6304274518233,6,302.794483381644,0,1.79442497467567,7.17769989870269,0.428961036268792,0,400,25,4.7851332658018,16.1498247720811,0.180615173165807,0.519268622851695,0.01375,0.011,0.01375,0.01375,0,0,0,0
28/06/2011,0.00112967043407752,0.1,11.5480945690608,6,304.083286822828,0,1.82597737678669,7.30390950714676,0.439274939754543,0,400,25,4.8692730047645,16.4337963910802,0.184957869370334,0.53175387443971,0.01375,0.011,0.01375,0.01375,0,0,0,0
29/06/2011,0.00104579812938478,0.1,11.4676715872185,6,305.365331126578,0,1.84909836275471,7.39639345101885,0.44683276742581,0,400,25,4.9309289673459,16.6418852647924,0.188140112600341,0.540902823725981,0.01375,0.011,0.01375,0.01375,0,0,0,0
30/06/2011,0.00183743124045081,0.1,11.3891823132057,22.0100222883405,306.640236780576,0,4.66092459322656,18.6436983729063,1.33601854410529,0,400,25,12.4291322486042,41.9483213390391,0.562534123833809,1.6172856060222,0.01375,0.011,0.01375,0.01375,0,0,0,0
01/07/2011,0.00223508316448106,0.1,11.3126499815131,26.2000264469651,307.907626385693,0,5.2486542763647,20.9946171054588,1.51576265420056,0,400,25,13.9964114036392,47.2378884872823,0.638215854400237,1.83487058140068,0.01375,0.011,0.01375,0.01375,0,0,0,0
02/07/2011,0.00135031923747634,0.1,11.238097247335,18.6961739997459,309.167124767712,0,3.92970447244619,15.7188178897848,1.09763950837813,0,400,25,10.4792119265232,35.3673402520157,0.462164003527634,1.32872151014195,0.01375,0.011,0.01375,0.01375,0,0,0,0
03/07/2011,0.000773935186842152,0.1,11.1655461798626,6,310.418359088383,0,1.93655013803932,7.74620055215728,0.475419154185511,0,400,25,5.16413370143819,17.4289512423539,0.200176485972847,0.575507397171934,0.01375,0.011,0.01375,0.01375,0,0,0,0
04/07/2011,0.000692819831503867,0.1,11.0950182557516,6,311.660958955797,0,1.97567189309944,7.90268757239774,0.488207340785806,0,400,25,5.26845838159849,17.7810470378949,0.205560985594024,0.590987833582818,0.01375,0.011,0.01375,0.01375,0,0,0,0
05/07/2011,0.000630292980853028,0.1,11.026534352764,6,312.894556534024,0,2.00981768196508,8.03927072786031,0.499368974995651,0,400,25,5.35951381857354,18.0883591376857,0.2102606210508,0.604499285521051,0.01375,0.011,0.01375,0.01375,0,0,0,0
06/07/2011,0.000630667461097604,0.1,10.9601147435886,6,314.118786652004,0,1.99729986948354,7.98919947793417,0.495277130915665,0,400,25,5.32613298528945,17.9756988253519,0.208537739332911,0.59954600058212,0.01375,0.011,0.01375,0.01375,0,0,0,0
07/07/2011,0.000622715145893888,0.1,10.8957790898389,6,315.333286911643,0,1.99148497872457,7.96593991489829,0.49337634942026,0,400,25,5.3106266099322,17.9233648085212,0.207737410282215,0.597245054561367,0.01375,0.011,0.01375,0.01375,0,0,0,0
08/07/2011,0.000634612295392494,0.1,10.8335464362339,6,316.53769779509,0,1.97091951296291,7.88367805185165,0.486653874590642,0,400,25,5.2557853679011,17.7382756166662,0.204906894564481,0.589107321872883,0.01375,0.011,0.01375,0.01375,0,0,0,0
09/07/2011,0.000607858177122458,0.1,10.7734352049594,6,317.731662771168,0,1.97981304487605,7.91925217950422,0.48956100760311,0,400,25,5.27950145300281,17.8183174038845,0.20613095056973,0.592626482887975,0.01375,0.011,0.01375,0.01375,0,0,0,0
10/07/2011,0.000566756971887586,0.1,10.7154631902157,6,318.914828400906,0,2.0022477899327,8.00899115973081,0.496894515664638,0,400,25,5.33932743982054,18.0202301093943,0.209218743437742,0.601503887383509,0.01375,0.011,0.01375,0.01375,0,0,0,0
11/07/2011,0.000593589123866159,0.1,10.6596475529492,6,320.086844442171,0,1.96898849026308,7.87595396105232,0.486022658568331,0,400,25,5.25063597403488,17.7208964123677,0.204641119397192,0.588343218266927,0.01375,0.011,0.01375,0.01375,0,0,0,0
12/07/2011,0.000580530448321539,0.1,10.6060048157731,6,321.247363953343,0,1.96876273280618,7.87505093122473,0.48594886258242,0,400,25,5.25003395414982,17.7188645952556,0.204610047403124,0.588253886283982,0.01375,0.011,0.01375,0.01375,0,0,0,0
13/07/2011,0.000618269256328202,0.1,10.5545508580758,6,322.396043396021,0,1.93101211785461,7.72404847141844,0.473608876619756,0,400,25,5.14936564761229,17.3791090606915,0.199414263839897,0.573316008539704,0.01375,0.011,0.01375,0.01375,0,0,0,0
14/07/2011,0.000586690893175949,0.1,10.5053009113207,6,323.532542736714,0,1.94421629221036,7.77686516884144,0.477925079850023,0,400,25,5.18457677922763,17.4979466298933,0.201231612568431,0.578540886134238,0.01375,0.011,0.01375,0.01375,0,0,0,0
15/07/2011,0.000613784381752211,0.1,10.4582695545372,6,324.656525547499,0,1.91607397180283,7.66429588721133,0.468725869738314,0,400,25,5.10953059147422,17.2446657462255,0.197358260942448,0.567405000209539,0.01375,0.011,0.01375,0.01375,0,0,0,0
16/07/2011,0.00376972964412798,0.1,10.4134707100049,34.3910793104889,325.767659105614,0,6.8196865860242,27.2787463440968,2.0186503532815,0,400,25,18.1858308960645,61.3771792742178,0.849958043486945,2.44362937502497,0.01375,0.011,0.01375,0.01375,0,0,0,0
17/07/2011,0.00396242485219362,0.1,10.3709176391324,34.6616020240025,326.865614491947,0,6.55327741625185,26.2131096650074,1.92153415561845,0,400,25,17.4754064433383,58.9794967462667,0.80906701289198,2.32606766206444,0.01375,0.011,0.01375,0.01375,0,0,0,0
18/07/2011,0.00124671117691151,0.1,10.3306229385318,24.0795635368731,327.950066688404,0,4.80976098355227,19.2390439342091,1.37346308887608,0,400,25,12.8260292894727,43.2878488519705,0.578300247947823,1.66261321284999,0.01375,0.011,0.01375,0.01375,0,0,0,0
19/07/2011,0.00187786098909274,0.1,10.2925985362894,29.3516367373629,329.020694674121,0,5.96494638683146,23.8597855473258,1.74895195230204,0,400,25,15.9065236982172,53.6845174814831,0.736400822021912,2.117152363313,0.01375,0.011,0.01375,0.01375,0,0,0,0
20/07/2011,0.0214750230129771,0.1,10.2568556884352,39.0247354226923,330.077181520497,0,7.58642888329974,30.345715533199,2.25968011889112,0,400,25,20.2304770221326,68.2778599496977,0.951444260585733,2.73540224918398,0.01375,0.011,0.01375,0.01375,0,0,0,0
21/07/2011,0.0215043890133293,0.1,10.2234049756106,38.4239879731614,331.119214485005,0,7.09557029697719,28.3822811879087,2.12493483297743,0,400,25,18.9215207919392,63.8601326727947,0.894709403358918,2.57228953465689,0.01375,0.011,0.01375,0.01375,0,0,0,0
22/07/2011,0.0726448917077109,0.1,10.1922562999366,38.2511835009274,332.146485103776,0,5.36371596789033,21.4548638715613,1.47857668035728,0,400,25,14.3032425810409,48.273443711013,0.622558602255698,1.78985598148513,0.01375,0.011,0.01375,0.01375,0,0,0,0
23/07/2011,0.125548584125077,0.1,10.1634188820821,37.2894477190644,333.158689282906,0,4.42888482947256,17.7155393178902,1.16025480385656,0,400,25,11.8103595452602,39.859963465253,0.48852833846592,1.40451897308952,0.01375,0.011,0.01375,0.01375,0,0,0,0
24/07/2011,0.0435841769411906,0.1,10.1369012585347,31.6481767995325,334.155527388481,0,3.54859139002706,14.1943655601082,0.864753673733783,0,400,25,9.46291037340549,31.9373225102435,0.364106809993172,1.04680707873037,0.01375,0.011,0.01375,0.01375,0,0,0,0
25/07/2011,0.00877518183283925,0.1,10.1127112790737,6,335.136704335266,0,1.65725048867378,6.62900195469513,0.331255153887019,0,400,25,4.41933463646342,14.9152543980641,0.139475854268218,0.400993081021128,0.01375,0.011,0.01375,0.01375,0,0,0,0
26/07/2011,0.00609898837124448,0.1,10.0908561044464,6,336.101929674065,0,1.3707247576727,5.48289903069082,0.290461180388251,0,400,25,3.65526602046054,12.3365228190543,0.122299444374,0.351610902575251,0.01375,0.011,0.01375,0.01375,0,0,0,0
27/07/2011,0.0050871266395251,0.1,10.0713422042482,6,337.050917677694,0,1.40326654454997,5.61306617819988,0.301098495668562,0,400,25,3.74204411879992,12.6293989009497,0.12677831396571,0.364487652651417,0.01375,0.011,0.01375,0.01375,0,0,0,0
28/07/2011,0.0046593421159534,0.1,10.0541753550077,9.14777981361335,337.983387425568,0,2.02588659526522,8.10354638106087,0.498700741838015,0,400,25,5.40236425404058,18.232979357387,0.209979259721269,0.60369037169865,0.01375,0.011,0.01375,0.01375,0,0,0,0
29/07/2011,0.00388410800315114,0.1,10.0393606384765,8.96522137742607,338.899062886852,0,1.98055772356559,7.92223089426235,0.482874575641108,0,400,25,5.28148726284156,17.8250195120903,0.203315610796256,0.584532381039236,0.01375,0.011,0.01375,0.01375,0,0,0,0
30/07/2011,0.00297958341152702,0.1,10.0269024401251,6,339.797673002179,0,1.51085387451331,6.04341549805325,0.336266827183461,0,400,25,4.02894366536883,13.5976848706198,0.141586032498299,0.40705984343261,0.01375,0.011,0.01375,0.01375,0,0,0,0
31/07/2011,0.00254549354909799,0.1,10.0168044478446,6,340.678951763886,0,1.5501970174209,6.20078806968362,0.349127381424222,0,400,25,4.13385871312241,13.9517731567881,0.147001002704935,0.422627882776689,0.01375,0.011,0.01375,0.01375,0,0,0,0
01/08/2011,0.00216751544880173,0.1,10.0090696508551,6,341.542638294759,0,1.5911990088808,6.36479603552319,0.362530182933692,0,400,25,4.24319735701546,14.3207910799272,0.152644287551028,0.438852326709206,0.01375,0.011,0.01375,0.01375,0,0,0,0
02/08/2011,0.00189127884038144,0.1,10.0037003388204,6,342.388476925256,0,1.63130976322624,6.52523905290495,0.375641655321879,0,400,25,4.3501593686033,14.6817878690361,0.158164907503949,0.454724109073853,0.01375,0.011,0.01375,0.01375,0,0,0,0
03/08/2011,0.00164568685044886,0.1,10.000698101171,6,343.216217269194,0,1.67256109216336,6.69024436865344,0.389125960694874,0,400,25,4.46016291243562,15.0530498294702,0.163842509766263,0.471047215578005,0.01375,0.011,0.01375,0.01375,0,0,0,0
04/08/2011,0.00142421322040545,0.1,10.0000638266329,6,344.025614297865,0,1.71638847203614,6.86555388814456,0.403452330029632,0,400,25,4.57703592542971,15.4474962483253,0.169874665275635,0.48838966266745,0.01375,0.011,0.01375,0.01375,0,0,0,0
05/08/2011,0.00122239092402744,0.1,10.0017977029648,6,344.816428412574,0,1.76484156172404,7.05936624689617,0.419290759346968,0,400,25,4.70624416459745,15.8835740555164,0.176543477619776,0.507562498156856,0.01375,0.011,0.01375,0.01375,0,0,0,0
06/08/2011,0.00114904120294075,0.1,10.0058992169025,6,345.588425515561,0,1.79029583654109,7.16118334616435,0.427611296491465,0,400,25,4.77412223077624,16.1126625288698,0.180046861680617,0.517634727331773,0.01375,0.011,0.01375,0.01375,0,0,0,0
07/08/2011,0.00312632423397157,0.1,10.0123671543109,28.2645856951729,346.341377079302,0,5.74023616692719,22.9609446677087,1.67736710759302,0,400,25,15.3072964451392,51.6621255023447,0.706259834776008,2.03049702498102,0.01375,0.011,0.01375,0.01375,0,0,0,0
08/08/2011,0.00263018316282151,0.1,10.0211996005432,26.8106006808146,347.075060214155,0,5.18180977878446,20.7272391151378,1.48814493468502,0,400,25,13.8181594100919,46.6362880090601,0.62658734092001,1.80143860514503,0.01375,0.011,0.01375,0.01375,0,0,0,0
09/08/2011,0.000954409446540329,0.1,10.032393941008,6,347.789257734344,0,1.85474291902492,7.41897167609967,0.448677869690479,0,400,25,4.94598111739978,16.6926862712242,0.188916997764412,0.543136368572686,0.01375,0.011,0.01375,0.01375,0,0,0,0
10/08/2011,0.000852584239970692,0.1,10.0459468619428,6,348.483758222246,0,1.89308510802485,7.57234043209939,0.461211230395833,0,400,25,5.04822695473293,17.0377659722236,0.19419420227193,0.558308331531798,0.01375,0.011,0.01375,0.01375,0,0,0,0
11/08/2011,0.000835310492815328,0.1,10.0618543513956,6,349.15835609098,0,1.89620279596858,7.58481118387432,0.462230345594645,0,400,25,5.05654078924955,17.0658251637172,0.194623303408272,0.559541997298781,0.01375,0.011,0.01375,0.01375,0,0,0,0
12/08/2011,0.00385755577833741,0.1,10.0801117004118,32.7741273275798,349.812851645262,0,6.53933126537413,26.1573250614965,1.93001421492445,0,400,25,17.4382167076643,58.8539813883672,0.812637564178718,2.33633299701381,0.01375,0.011,0.01375,0.01375,0,0,0,0
13/08/2011,0.00316013105642562,0.1,10.1007135044287,31.5360735990743,350.447051140518,0,5.96180974448754,23.8472389779502,1.73232720224438,0,400,25,15.8981593186334,53.6562877003879,0.72940092726079,2.09702766587477,0.01375,0.011,0.01375,0.01375,0,0,0,0
14/08/2011,0.00072756645557068,0.1,10.1236536648752,6,351.06076684024,0,1.9313460010059,7.7253840040236,0.473718016918672,0,400,25,5.1502560026824,17.3821140090531,0.199460217649967,0.573448125743655,0.01375,0.011,0.01375,0.01375,0,0,0,0
15/08/2011,0.00147929670664986,0.1,10.1489253909769,23.2715057726586,351.653817071558,0,4.91730435218735,19.6692174087494,1.41764097253673,0,400,25,13.1128116058329,44.2557391696862,0.59690146212073,1.7160917035971,0.01375,0.011,0.01375,0.01375,0,0,0,0
16/08/2011,0.00127818667383577,0.1,10.1765212017667,21.4505762497254,352.226026279017,0,4.39686081817918,17.5874432727167,1.24435318461514,0,400,25,11.7249621818111,39.5717473636126,0.523938182995848,1.50632227611306,0.01375,0.011,0.01375,0.01375,0,0,0,0
17/08/2011,0.000693401866711658,0.1,10.206432928299,6,352.777225076551,0,1.92591580828639,7.70366323314557,0.471942986180252,0,400,25,5.13577548876371,17.3332422745775,0.198712836286422,0.571299404323463,0.01375,0.011,0.01375,0.01375,0,0,0,0
18/08/2011,0.0176685323668323,0.1,10.2386517160679,38.6483928927713,353.307250297619,0,7.55291104980985,30.2116441992394,2.25034564955625,0,400,25,20.1410961328263,67.9761994482887,0.947513957707895,2.7241026284102,0.01375,0.011,0.01375,0.01375,0,0,0,0
19/08/2011,0.0154071807012189,0.1,10.2731680276286,38.3666225807703,353.815945043506,0,7.05834061990941,28.2333624796376,2.07893466588468,0,400,25,18.8222416530918,63.5250655791847,0.875340911951443,2.5166051218604,0.01375,0.011,0.01375,0.01375,0,0,0,0
20/08/2011,0.0261511008352352,0.1,10.3099716454204,38.0959412175581,354.303158729775,0,5.81397965444962,23.2559186177985,1.63356643367419,0,400,25,15.503945745199,52.3258168900466,0.687817445757553,1.97747515655296,0.01375,0.011,0.01375,0.01375,0,0,0,0
21/08/2011,0.0334843675176942,0.1,10.3490516747915,37.3285737124994,354.768747130835,0,4.73140080678761,18.9256032271504,1.25293747365349,0,400,25,12.6170688181003,42.5826072610885,0.527552620485682,1.51671378389634,0.01375,0.011,0.01375,0.01375,0,0,0,0
22/08/2011,0.00485022642925799,0.1,10.3903965472238,22.5094864702149,355.212572422639,0,3.76589873107921,15.0635949243169,1.0241679187715,0,400,25,10.0423966162112,33.8930885797129,0.431228597377474,1.23978221746024,0.01375,0.011,0.01375,0.01375,0,0,0,0
23/08/2011,0.00222832258158404,0.1,10.4339940237578,6,355.634503223483,0,1.15859626330467,4.63438505321867,0.221120253196979,0,400,25,3.08959003547911,10.427366369742,0.093103264503991,0.267671885448974,0.01375,0.011,0.01375,0.01375,0,0,0,0
24/08/2011,0.00184972880386289,0.1,10.4798311986152,6,356.034414632895,0,1.19380531398867,4.77522125595467,0.232629448259275,0,400,25,3.18348083730311,10.744247825898,0.0979492413723265,0.281604068945439,0.01375,0.011,0.01375,0.01375,0,0,0,0
25/08/2011,0.00158260753463123,0.1,10.5278945030197,6,356.412188268613,0,1.24035372848492,4.96141491393968,0.247845274073104,0,400,25,3.30760994262645,11.1631835563643,0.104355904872886,0.300023226509548,0.01375,0.011,0.01375,0.01375,0,0,0,0
26/08/2011,0.00139410205312349,0.1,10.5781697092131,6,356.767712301624,0,1.29430478596043,5.17721914384171,0.265480888559722,0,400,25,3.45147942922781,11.6487430736438,0.111781426761988,0.321371601940716,0.01375,0.011,0.01375,0.01375,0,0,0,0
27/08/2011,0.00127442849259488,0.1,10.6306419346675,6,357.10088148927,0,1.35273731761901,5.41094927047606,0.284581415037367,0,400,25,3.6072995136507,12.1746358585711,0.119823753699944,0.344493291887339,0.01375,0.011,0.01375,0.01375,0,0,0,0
28/08/2011,0.00109996815687448,0.1,10.6852956464909,6,357.4115972064,0,1.40050357510037,5.6020143004015,0.300195331461382,0,400,25,3.73467620026766,12.6045321759034,0.126398034299529,0.363394348611146,0.01375,0.011,0.01375,0.01375,0,0,0,0
29/08/2011,0.000984309945876684,0.1,10.7421146660246,6,357.69976747457,0,1.45199966092759,5.80799864371035,0.317028460591998,0,400,25,3.8719990958069,13.0679969483483,0.133485667617683,0.38377129440084,0.01375,0.011,0.01375,0.01375,0,0,0,0
30/08/2011,0.00092652300974776,0.1,10.8010821736331,6,357.965306989265,0,1.50232907326818,6.00931629307271,0.333480225486126,0,400,25,4.00621086204847,13.5209616594136,0.140412726520474,0.403686588746363,0.01375,0.011,0.01375,0.01375,0,0,0,0
31/08/2011,0.000852255635437146,0.1,10.862180713683,6,358.208137145153,0,1.54797252165893,6.19189008663571,0.348400234422457,0,400,25,4.12792672442381,13.9317526949303,0.146694835546298,0.421747652195606,0.01375,0.011,0.01375,0.01375,0,0,0,0
01/09/2011,0.000766510663908018,0.1,10.9253921997097,6,358.428186059355,0,1.59270835111696,6.37083340446785,0.363023559320568,0,400,25,4.24722226964523,14.3343751600527,0.152852024977081,0.439449571809108,0.01375,0.011,0.01375,0.01375,0,0,0,0
02/09/2011,0.000749353211725302,0.1,10.9906979197721,6,358.625388592724,0,1.62665156837143,6.50660627348573,0.374118976573642,0,400,25,4.33773751565715,14.6398641153429,0.157523779609954,0.452880866378619,0.01375,0.011,0.01375,0.01375,0,0,0,0
03/09/2011,0.000687049174048976,0.1,11.0580785419912,6,358.799686369124,0,1.66448057472219,6.65792229888875,0.386484587251738,0,400,25,4.43861486592584,14.9803251724997,0.162730352527048,0.467849763515262,0.01375,0.011,0.01375,0.01375,0,0,0,0
04/09/2011,0.000610982603624563,0.1,11.1275141202729,6,358.951027792715,0,1.70729416403533,6.82917665614131,0.400479566984206,0,400,25,4.55278443742754,15.365647476318,0.168622975572297,0.484791054770354,0.01375,0.011,0.01375,0.01375,0,0,0,0
05/09/2011,0.000627289507881252,0.1,11.1989841002127,6,359.079368063225,0,1.71908083788845,6.87632335155378,0.404332415211461,0,400,25,4.58421556770252,15.471727540996,0.170245227457457,0.48945502894019,0.01375,0.011,0.01375,0.01375,0,0,0,0
06/09/2011,0.000515757335150614,0.1,11.2724673251798,6,359.184669189209,0,1.78026665100068,7.12106660400272,0.424332939067503,0,400,25,4.74737773600181,16.0223998590061,0.178666500660001,0.513666189397504,0.01375,0.011,0.01375,0.01375,0,0,0,0
07/09/2011,0.00153203259849319,0.1,11.3479420425803,26.8950329810335,359.2668999993,0,5.52632167972921,22.1052867189168,1.61074889437808,0,400,25,14.7368578126112,49.7368951175629,0.67821006079077,1.94985392477346,0.01375,0.011,0.01375,0.01375,0,0,0,0
08/09/2011,0.0014001044808093,0.1,11.4253859102962,24.3157260460895,359.326036151433,0,4.75169862179521,19.0067944871809,1.35355477563267,0,400,25,12.6711963247872,42.7652875961569,0.569917800266387,1.63851367576586,0.01375,0.011,0.01375,0.01375,0,0,0,0
09/09/2011,0.00157641864445883,0.1,11.5047760032994,26.71605712654,359.362060140052,0,5.45980946931229,21.8392378772492,1.58879235694692,0,400,25,14.5594919181661,49.1382852238106,0.668965202925018,1.92327495840943,0.01375,0.011,0.01375,0.01375,0,0,0,0
10/09/2011,0.00447351770993459,0.1,11.5860888204375,35.4116703255093,359.374961301293,0,6.92568372430477,27.7027348972191,2.04967421172063,0,400,25,18.4684899314794,62.331153518743,0.863020720724478,2.48118457208287,0.01375,0.011,0.01375,0.01375,0,0,0,0
11/09/2011,0.00302162514819284,0.1,11.6693002913912,33.2399686814892,359.364735816136,0,6.24040976220664,24.9616390488266,1.82045128987781,0,400,25,16.6410926992177,56.1636878598598,0.766505806264342,2.20370419300998,0.01375,0.011,0.01375,0.01375,0,0,0,0
12/09/2011,0.000521716275594938,0.1,11.7543857837993,6,359.331386711544,0,1.8024543593931,7.20981743757239,0.431585695359219,0,400,25,4.8065449583816,16.2220892345379,0.181720292782829,0.522445841750633,0.01375,0.011,0.01375,0.01375,0,0,0,0
13/09/2011,0.000478260789317447,0.1,11.8413201105505,6,359.274923859559,0,1.82740208338442,7.30960833353768,0.439740650298317,0,400,25,4.87307222235845,16.4466187504598,0.185153958020344,0.532317629308489,0.01375,0.011,0.01375,0.01375,0,0,0,0
14/09/2011,0.00044799242730432,0.1,11.9300775372393,6,359.195363974383,0,1.84600368426175,7.38401473704701,0.445821173595854,0,400,25,4.92267649136467,16.6140331583558,0.187714178356149,0.539678262773928,0.01375,0.011,0.01375,0.01375,0,0,0,0
15/09/2011,0.000463834708797874,0.1,12.0206317897838,6,359.09273060743,0,1.8306825809432,7.3227303237728,0.440812984984198,0,400,25,4.88182021584854,16.4761432284888,0.185605467361768,0.533615718665082,0.01375,0.011,0.01375,0.01375,0,0,0,0
16/09/2011,0.000451247083711356,0.1,12.1129560622039,6,358.967054140356,0,1.83526192404239,7.34104769616957,0.442309888534901,0,400,25,4.89403179744638,16.5173573163815,0.186235742541011,0.535427759805407,0.01375,0.011,0.01375,0.01375,0,0,0,0
17/09/2011,0.000414266169961288,0.1,12.2070230245555,6,358.818371776061,0,1.85920699621435,7.43682798485739,0.450137094922293,0,400,25,4.95788532323826,16.7328629659291,0.189531408388334,0.544902799116461,0.01375,0.011,0.01375,0.01375,0,0,0,0
18/09/2011,0.000438239229886724,0.1,12.3028048310218,6,358.646727527679,0,1.84877105745352,7.3950842298141,0.446725777305853,0,400,25,4.9300561532094,16.6389395170817,0.18809506412878,0.540773309370242,0.01375,0.011,0.01375,0.01375,0,0,0,0
19/09/2011,0.000376100871274163,0.1,12.4002731281556,6,358.452172205552,0,1.90735048142423,7.62940192569692,0.465874320195202,0,400,25,5.08626795046462,17.1661543328181,0.196157608503243,0.563953124446823,0.01375,0.011,0.01375,0.01375,0,0,0,0
20/09/2011,0.000346553523537625,0.1,12.4993990632724,6,358.234763402183,0,1.94478539178224,7.77914156712895,0.478111108097174,0,400,25,5.18609437808597,17.5030685260401,0.201309940251442,0.578766078222895,0.01375,0.011,0.01375,0.01375,0,0,0,0
21/09/2011,0.000410058277194293,0.1,12.600153292992,6,357.994565475191,0,1.87649434658493,7.50597738633973,0.455788013753108,0,400,25,5.00398492422649,16.8884491192644,0.191910742632888,0.551743385069552,0.01375,0.011,0.01375,0.01375,0,0,0,0
22/09/2011,0.00040762235920883,0.1,12.7025059919243,6,357.73164952826,0,1.87802600534014,7.51210402136057,0.456288685002123,0,400,25,5.00806934757371,16.9022340480613,0.192121551579841,0.552349460792044,0.01375,0.011,0.01375,0.01375,0,0,0,0
23/09/2011,0.000311997821683108,0.1,12.8064268614986,6,357.446093390089,0,1.9957283046212,7.98291321848478,0.494763415089694,0,400,25,5.32194214565652,17.9615547415908,0.208321437932503,0.598924134055945,0.01375,0.011,0.01375,0.01375,0,0,0,0
24/09/2011,0.000451884437745676,0.1,12.9118851389321,6,357.137981591355,0,1.841392762111,7.36557104844402,0.444313947430448,0,400,25,4.91038069896268,16.572534858999,0.18707955681282,0.537853725836858,0.01375,0.011,0.01375,0.01375,0,0,0,0
25/09/2011,0.00746743621946219,0.1,13.0188496063369,37.5776966175434,356.807405339689,0,7.37013082540838,29.4805233016335,2.1928826533858,0,400,25,19.653682201089,66.3311774286754,0.923319011951915,2.65454215936176,0.01375,0.011,0.01375,0.01375,0,0,0,0
26/09/2011,0.0252908063477534,0.1,13.1272885999607,39.2667458917486,356.454462492675,0,7.54477977221717,30.1791190888687,2.24311364894147,0,400,25,20.1194127259125,67.9030179499545,0.944468904817461,2.7153481013502,0.01375,0.011,0.01375,0.01375,0,0,0,0
27/09/2011,0.0156601537744833,0.1,13.2371700195604,38.8208138911949,356.079257528887,0,7.09498397420855,28.3799358968342,2.08554609550429,0,400,25,18.9199572645561,63.8548557678769,0.878124671791279,2.52460843139993,0.01375,0.011,0.01375,0.01375,0,0,0,0
28/09/2011,0.000505670968410889,0.1,13.3484613379039,6,355.681901516956,0,1.78715492090432,7.14861968361729,0.426584588584393,0,400,25,4.76574645574486,16.0843942881389,0.179614563614481,0.516391870391634,0.01375,0.011,0.01375,0.01375,0,0,0,0
29/09/2011,0.0109260172480513,0.1,13.4611296103994,38.4288959784122,355.262512082693,0,7.50700268219092,30.0280107287637,2.23563092885393,0,400,25,20.0186738191758,67.5630241397183,0.941318285833235,2.70629007177055,0.01375,0.011,0.01375,0.01375,0,0,0,0
30/09/2011,0.00975823049065654,0.1,13.5751414848473,38.1750086877846,354.82121337427,0,7.00590813308578,28.0236325323431,2.05838327719735,0,400,25,18.6824216882288,63.053173197772,0.866687695662044,2.49172712502838,0.01375,0.011,0.01375,0.01375,0,0,0,0
01/10/2011,0.00135953536802959,0.1,13.6904632113135,24.2753437156326,354.35813602547,0,4.69557566870193,18.7823026748077,1.33603901891798,0,400,25,12.5215351165385,42.2601810183174,0.56254274480757,1.61731039132176,0.01375,0.011,0.01375,0.01375,0,0,0,0
02/10/2011,0.00899765300390372,0.1,13.8070606521197,37.5531688758943,353.873417117015,0,7.34760645606998,29.3904258242799,2.18548854684688,0,400,25,19.5936172161866,66.1284581046299,0.920205703935531,2.64559139881465,0.01375,0.011,0.01375,0.01375,0,0,0,0
03/10/2011,0.0172756165662969,0.1,13.9248992919492,38.7456719931926,353.367200135988,0,7.19988495420807,28.7995398168323,2.12379766082559,0,400,25,19.1996932112215,64.7989645878726,0.894230594031825,2.5709129578415,0.01375,0.011,0.01375,0.01375,0,0,0,0
04/10/2011,0.00916653966275459,0.1,14.0439442480639,37.7091019762346,352.839634933357,0,6.37627091039579,25.5050836415832,1.8370043929969,0,400,25,17.0033890943888,57.3864381935621,0.773475533893432,2.22374215994362,0.01375,0.011,0.01375,0.01375,0,0,0,0
05/10/2011,0.00195011261626986,0.1,14.1641602806307,6,352.290877679617,0,1.05995687826806,4.23982751307222,0.188876841314043,0,400,25,2.82655167538148,9.5396119044125,0.0795270910795972,0.228640386853842,0.01375,0.011,0.01375,0.01375,0,0,0,0
06/10/2011,0.00172313783714799,0.1,14.2855118031529,6,351.721090818561,0,1.11239337106473,4.44957348425892,0.206017372292741,0,400,25,2.96638232283928,10.0115403395826,0.0867441567548383,0.24938945067016,0.01375,0.011,0.01375,0.01375,0,0,0,0
07/10/2011,0.00449555471160686,0.1,14.4079628930047,28.9283148557163,351.13044301919,0,5.63006391417088,22.5202556566835,1.63988320580465,0,400,25,15.0135037711223,50.6705752275379,0.690477139286168,1.98512177544773,0.01375,0.011,0.01375,0.01375,0,0,0,0
08/10/2011,0.00734641974858088,0.1,14.5314773020651,34.0977956118368,350.519109125787,0,6.48466351930242,25.9386540772097,1.90472596354138,0,400,25,17.2924360514731,58.3619716737217,0.801989879385843,2.3057209032343,0.01375,0.011,0.01375,0.01375,0,0,0,0
09/10/2011,0.0081143422799351,0.1,14.6560184674478,35.3404615579502,349.887270106158,0,6.72177527189239,26.8871010875696,1.97961616060278,0,400,25,17.9247340583797,60.4959774470315,0.833522593938011,2.39637745757178,0.01375,0.011,0.01375,0.01375,0,0,0,0
10/10/2011,0.0041419790225801,0.1,14.7815495223251,32.1169850115347,349.235112998059,0,5.93176002876863,23.7270401150745,1.72172169683685,0,400,25,15.818026743383,53.3858402589177,0.724935451299724,2.08418942248671,0.01375,0.011,0.01375,0.01375,0,0,0,0
11/10/2011,0.000797413904732369,0.1,14.908033306841,6,348.562830853834,0,1.29996702404454,5.19986809617815,0.267331770686141,0,400,25,3.46657873078543,11.6997032164008,0.112560745552059,0.32361214346217,0.01375,0.011,0.01375,0.01375,0,0,0,0
12/10/2011,0.000707042987670405,0.1,15.0354323791111,6,347.870622683264,0,1.34357252825933,5.37429011303734,0.281585612924096,0,400,25,3.58286007535823,12.092152754334,0.118562363336461,0.340866794592327,0.01375,0.011,0.01375,0.01375,0,0,0,0
13/10/2011,0.000653164872314629,0.1,15.1637090263067,6,347.158693394657,0,1.39023840494798,5.56095361979193,0.296839834981461,0,400,25,3.70730241319462,12.5121456445319,0.124985193676404,0.359332431819663,0.01375,0.011,0.01375,0.01375,0,0,0,0
14/10/2011,0.000674006913372522,0.1,15.292825275818,6,346.427253734189,0,1.43990665103565,5.75962660414261,0.313075476713344,0,400,25,3.83975106942841,12.9591598593209,0.131821253352987,0.378986103389837,0.01375,0.011,0.01375,0.01375,0,0,0,0
15/10/2011,0.000564482342369423,0.1,15.4227429064953,6,345.676520223521,0,1.47026861351979,5.88107445407917,0.323000247245794,0,400,25,3.92071630271945,13.2324175216781,0.136000104103492,0.39100029929754,0.01375,0.011,0.01375,0.01375,0,0,0,0
16/10/2011,0.000425941741798272,0.1,15.553423459963,6,344.906715095704,0,1.50341071081564,6.01364284326256,0.333833793028523,0,400,25,4.00909522884171,13.5306963973408,0.140561597064641,0.404114591560843,0.01375,0.011,0.01375,0.01375,0,0,0,0
17/10/2011,0.000366491758171239,0.1,15.6848282520041,6,344.11806622939,0,1.73749104923709,6.94996419694835,0.410350376770587,0,400,25,4.63330946463223,15.6374194431338,0.172779106008668,0.496739929774921,0.01375,0.011,0.01375,0.01375,0,0,0,0
18/10/2011,0.00036191010915905,0.1,15.8169183840117,6,343.310807081381,0,1.73861723201957,6.95446892807826,0.410718505336042,0,400,25,4.63631261871884,15.6475550881761,0.172934107509913,0.497185559090998,0.01375,0.011,0.01375,0.01375,0,0,0,0
19/10/2011,0.000310871505262103,0.1,15.9496547545038,6,342.485176617513,0,1.77674697908705,7.1069879163482,0.423182422657027,0,400,25,4.73799194423214,15.9907228117835,0.178182072697695,0.512273459005874,0.01375,0.011,0.01375,0.01375,0,0,0,0
20/10/2011,0.000279906368650102,0.1,16.0829980706979,6,341.641419241926,0,1.80817896221241,7.23271584884965,0.433456963377575,0,400,25,4.82181056589977,16.2736106599117,0.182508195106347,0.524711060930748,0.01375,0.011,0.01375,0.01375,0,0,0,0
21/10/2011,0.000244151822931731,0.1,16.2169088601428,6,340.779784724706,0,1.85598100003423,7.42392400013691,0.449082575740835,0,400,25,4.94928266675794,16.703829000308,0.18908740031193,0.5436262758968,0.01375,0.011,0.01375,0.01375,0,0,0,0
22/10/2011,0.000317502168795322,0.1,16.3513474824032,6,339.900528127956,0,1.7748962856625,7.09958514265,0.422577464806421,0,400,25,4.73305676176667,15.9740665709625,0.177927353602704,0.511541141607773,0.01375,0.011,0.01375,0.01375,0,0,0,0
23/10/2011,0.000299672244755945,0.1,16.486274140794,6,339.003909730285,0,1.79102184703022,7.16408738812089,0.427848616049203,0,400,25,4.77605825874726,16.119196623272,0.180146785704927,0.517922008901667,0.01375,0.011,0.01375,0.01375,0,0,0,0
24/10/2011,0.000133991021803821,0.1,16.6216488941613,6,338.090194949768,0,2.15844570128548,8.63378280514192,0.547952757655223,0,400,25,5.75585520342795,19.4260113115693,0.230716950591673,0.663311232951059,0.01375,0.011,0.01375,0.01375,0,0,0,0
25/10/2011,0.00268221243909607,0.1,16.7574316687051,34.5429927245484,337.159654265367,0,6.84725104421736,27.3890041768695,2.0281462412567,0,400,25,18.259336117913,61.6252593979563,0.853956312108086,2.45512439731075,0.01375,0.011,0.01375,0.01375,0,0,0,0
26/10/2011,0.00997293303596983,0.1,16.893582269843,38.4230518287239,336.212563136873,0,7.41530176158583,29.6612070463433,2.20307033148915,0,400,25,19.7741380308955,66.7377158542725,0.927608560627011,2.66687461180266,0.01375,0.011,0.01375,0.01375,0,0,0,0
27/10/2011,0.010437634694547,0.1,17.0300603941077,38.492979772218,335.249201923357,0,7.22671845433447,28.9068738173379,2.13514371802197,0,400,25,19.2712492115586,65.0404660890103,0.899007881272409,2.58464765865818,0.01375,0.011,0.01375,0.01375,0,0,0,0
28/10/2011,0.00361828601457095,0.1,17.1668256410784,36.0568215850113,334.269855800181,0,6.74486200293907,26.9794480117563,1.98052582142322,0,400,25,17.9862986745042,60.7037580264517,0.833905609020304,2.39747862593337,0.01375,0.011,0.01375,0.01375,0,0,0,0
29/10/2011,0.000826208296285936,0.1,17.3038375253397,24.9487505247239,333.27481467458,0,5.12220662768006,20.4888265107202,1.48021222232749,0,400,25,13.6592176738135,46.0998596491206,0.623247251506311,1.79183584808064,0.01375,0.011,0.01375,0.01375,0,0,0,0
30/10/2011,0.000543652921959118,0.1,17.4410554884664,19.5821915134025,332.264373099842,0,4.1267069455621,16.5068277822484,1.16228168097688,0,400,25,11.0045518548323,37.1403625100589,0.489381760411319,1.40697256118254,0.01375,0.011,0.01375,0.01375,0,0,0,0
31/10/2011,0.000269044850340035,0.1,17.5784389110296,6,331.238830188116,0,1.79788587574699,7.19154350298796,0.430092341565222,0,400,25,4.7943623353253,16.1809728817229,0.181091512237988,0.520638097684216,0.01375,0.011,0.01375,0.01375,0,0,0,0
01/11/2011,0.000281744401094448,0.1,17.7159471246209,6,330.198489521866,0,1.78218741323478,7.12874965293913,0.424960801131124,0,400,25,4.75249976862609,16.0396867191131,0.178930863634158,0.514426232948203,0.01375,0.011,0.01375,0.01375,0,0,0,0
02/11/2011,0.000248454126096013,0.1,17.853539423891,6,329.143659064006,0,1.81762919632321,7.27051678529286,0.436546072162181,0,400,25,4.84701119019524,16.3586627669089,0.183808872489339,0.528450508406851,0.01375,0.011,0.01375,0.01375,0,0,0,0
03/11/2011,0.00755820408706765,0.1,17.9911750785997,38.1135676484019,328.074651066735,0,7.46576169317442,29.8630467726977,2.22334168561853,0,400,25,19.9086978484651,67.1918552385698,0.936143867628854,2.69141361943296,0.01375,0.011,0.01375,0.01375,0,0,0,0
04/11/2011,0.00877032989161747,0.1,18.1288133456723,38.3961521277906,326.991781979106,0,7.22120533679795,28.8848213471918,2.13383446322752,0,400,25,19.2565475647945,64.9908480311815,0.898456616095796,2.58306277127541,0.01375,0.011,0.01375,0.01375,0,0,0,0
05/11/2011,0.00243972285791177,0.1,18.2664134812612,35.0610321550393,325.895372353347,0,6.63895241967078,26.5558096786831,1.94954734474273,0,400,25,17.7038731191221,59.750571777037,0.820862039891676,2.35997836468857,0.01375,0.011,0.01375,0.01375,0,0,0,0
06/11/2011,0.000213836500853189,0.1,18.4039347528061,6,324.785746749974,0,1.85189723815464,7.40758895261856,0.447747668631809,0,400,25,4.93839263507904,16.6670751433918,0.188525334160762,0.54201033571219,0.01375,0.011,0.01375,0.01375,0,0,0,0
07/11/2011,0.000688767635562017,0.1,18.5413364510926,25.3909602463219,323.663233641712,0,5.352779597518,21.411118390072,1.55791420182669,0,400,25,14.2740789267147,48.175016377662,0.655963874453344,1.88589613905336,0.01375,0.011,0.01375,0.01375,0,0,0,0
08/11/2011,0.00651562794406009,0.1,18.678577902302,38.180247944971,322.528165316262,0,7.51844743966168,30.0737897586467,2.24148133975343,0,400,25,20.0491931724311,67.6660269569551,0.943781616738287,2.71337214812257,0.01375,0.011,0.01375,0.01375,0,0,0,0
09/11/2011,0.0121891529534415,0.1,18.8156184800527,38.9285102513854,321.380877777935,0,7.45462783740495,29.8185113496198,2.21336628497689,0,400,25,19.8790075664132,67.0916505366445,0.931943698937639,2.67933813444571,0.01375,0.011,0.01375,0.01375,0,0,0,0
10/11/2011,0.00596699840105139,0.1,18.9524176174254,37.8221862227752,320.221710648189,0,6.99849146506259,27.9939658602503,2.05836672013862,0,400,25,18.6626439068336,62.9864231855633,0.866680724268893,2.49170708227307,0.01375,0.011,0.01375,0.01375,0,0,0,0
11/11/2011,0.000174371770886116,0.1,19.0889348189725,6,319.05100706509,0,1.91382913150966,7.65531652603862,0.46799207248119,0,400,25,5.10354435069242,17.2244621835869,0.197049293676291,0.566516719319335,0.01375,0.011,0.01375,0.01375,0,0,0,0
12/11/2011,0.000191497499931937,0.1,19.2251296727055,6,317.869113581744,0,1.87414689932918,7.49658759731671,0.455020676155528,0,400,25,4.99772506487781,16.8673220939626,0.191587653118117,0.550814502714587,0.01375,0.011,0.01375,0.01375,0,0,0,0
13/11/2011,0.000221214219491436,0.1,19.3609618620575,6,316.676380063702,0,1.82151403308174,7.28605613232698,0.437815954285399,0,400,25,4.85737075488465,16.3936262977357,0.184343559699116,0.529987734134957,0.01375,0.011,0.01375,0.01375,0,0,0,0
14/11/2011,7.14005356424816e-05,0.1,19.496391177818,6,315.473159585395,0,2.4882075691795,9.952830276718,0.655745884364666,0,400,25,6.63522018447866,22.3938681226155,0.276103530258807,0.793797649494069,0.01375,0.011,0.01375,0.01375,0,0,0,0
15/11/2011,9.54157123316228e-05,0.1,19.6313775300357,6,314.259808325618,0,2.24476910992094,8.97907643968376,0.576170301983374,0,400,25,5.98605095978918,20.2029219892885,0.242598021887736,0.697469312927242,0.01375,0.011,0.01375,0.01375,0,0,0,0
16/11/2011,0.000341552768102057,0.1,19.7658809598859,6,313.036685462092,0,1.70825720846603,6.8330288338641,0.400794368604563,0,400,25,4.5553525559094,15.3743148761942,0.168755523622974,0.48517213041605,0.01375,0.011,0.01375,0.01375,0,0,0,0
17/11/2011,0.0142474528258001,0.1,19.899861651499,38.557279831881,311.80415306514,0,7.52059713554067,30.0823885421627,2.24817119830767,0,400,25,20.0549256947751,67.6853742198661,0.946598399287441,2.72147039795139,0.01375,0.011,0.01375,0.01375,0,0,0,0
18/11/2011,0.0146084116841754,0.1,20.0332799437473,39.1133232657448,310.562575990505,0,7.29630646770884,29.1852258708354,2.15546062173282,0,400,25,19.4568172472236,65.6667582093796,0.907562367045397,2.60924180525552,0.01375,0.011,0.01375,0.01375,0,0,0,0
19/11/2011,0.00336285712850722,0.1,20.166096341985,36.8357952579119,309.31232177135,0,6.94243244840455,27.7697297936182,2.04522571439735,0,400,25,18.5131531957455,62.481892035641,0.861147669219939,2.47579954900732,0.01375,0.011,0.01375,0.01375,0,0,0,0
20/11/2011,0.000229376770625942,0.1,20.2982715297398,6,308.053760509454,0,1.7834484631327,7.1337938525308,0.425373015291303,0,400,25,4.75586256835386,16.0510361681943,0.179104427491075,0.514925229036841,0.01375,0.011,0.01375,0.01375,0,0,0,0
21/11/2011,0.00144999189837058,0.1,20.4297663803513,32.8986061982322,306.787264765657,0,6.61820144127301,26.4728057650921,1.95758225659538,0,400,25,17.648537176728,59.5638129714571,0.82424516067174,2.36970483693125,0.01375,0.011,0.01375,0.01375,0,0,0,0
22/11/2011,0.00257492437579433,0.1,20.5605419685534,35.2561267505173,305.513209449576,0,6.78797685289186,27.1519074115674,2.00197464784054,0,400,25,18.1012716077116,61.0917916760267,0.842936693827597,2.42344299475434,0.01375,0.011,0.01375,0.01375,0,0,0,0
23/11/2011,0.0345147997817906,0.1,20.6905595819968,38.6189476265961,304.231971708621,0,7.33476754874462,29.3390701949785,2.17362554829483,0,400,25,19.5593801299857,66.0129079387016,0.915210757176772,2.63123092688322,0.01375,0.011,0.01375,0.01375,0,0,0,0
24/11/2011,0.0581929132488889,0.1,20.8197807327088,37.4217107903513,302.94393081635,0,6.56668655557669,26.2667462223068,1.94979940478562,0,400,25,17.5111641482045,59.1001790001902,0.820968170436051,2.36028349000365,0.01375,0.011,0.01375,0.01375,0,0,0,0
25/11/2011,0.0491295531409865,0.1,20.9481671684868,35.0577697093538,301.649468060202,0,5.5153057290145,22.061222916058,1.5700879112047,0,400,25,14.7074819440387,49.6377515611305,0.66108964682303,1.90063273461621,0.01375,0.011,0.01375,0.01375,0,0,0,0
26/11/2011,0.158922577123677,0.1,21.0756808842214,37.280910942577,300.348966628621,0,4.77050747297828,19.0820298919131,1.27286410127607,0,400,25,12.7213532612754,42.9345672568045,0.535942779484663,1.54083549101841,0.01375,0.011,0.01375,0.01375,0,0,0,0
27/11/2011,0.195185348047452,0.1,21.2022841331467,37.2832760742244,299.042811497628,0,3.85310280432019,15.4124112172808,0.940817473080345,0,400,25,10.2749408115205,34.6779252388817,0.396133672875935,1.13888430951831,0.01375,0.011,0.01375,0.01375,0,0,0,0
28/11/2011,0.0215393398538609,0.1,21.3279394380145,20.5187305324212,297.73138931686,0,2.54805637547409,10.1922255018963,0.597415412556993,0,400,25,6.79481700126423,22.9325073792668,0.251543331602945,0.723187078358466,0.01375,0.011,0.01375,0.01375,0,0,0,0
29/11/2011,0.0102994900494403,0.1,21.4526096021881,6,296.41508829511,0,1.55290697275176,6.21162789100703,0.35001321628506,0,400,25,4.14108526067136,13.9761627547658,0.147373985804236,0.423700209187178,0.01375,0.011,0.01375,0.01375,0,0,0,0
30/11/2011,0.00843163501217478,0.1,21.5762577206533,6,295.094298085414,0,1.58563633843342,6.3425453537337,0.360711847647669,0,400,25,4.2283635691558,14.2707270459008,0.151878672693755,0.436651183994547,0.01375,0.011,0.01375,0.01375,0,0,0,0
01/12/2011,0.00868376558809558,0.1,21.6988471909432,12.7338913907911,293.769409669701,0,2.84518380982996,11.3807352393198,0.759801826366594,0,400,25,7.58715682621322,25.6066542884696,0.319916558470145,0.919760105601667,0.01375,0.011,0.01375,0.01375,0,0,0,0
02/12/2011,0.00714916498909088,0.1,21.8203417239731,12.4329361328372,292.440815243058,0,2.72271834707616,10.8908733883046,0.717424658428311,0,400,25,7.26058225886977,24.5044651236855,0.302073540390868,0.868461428623745,0.01375,0.011,0.01375,0.01375,0,0,0,0
03/12/2011,0.00475070358443108,0.1,21.9407053547832,6,291.108908097629,0,1.69423631509806,6.77694526039223,0.396211194858474,0,400,25,4.51796350692816,15.2481268358825,0.1668257662562,0.479624077986574,0.01375,0.011,0.01375,0.01375,0,0,0,0
04/12/2011,0.00398154836714657,0.1,22.0599024531845,6,289.774082506192,0,1.73252038218017,6.93008152872068,0.408725556571337,0,400,25,4.62005435248046,15.5926834396215,0.172094971187931,0.494773042165303,0.01375,0.011,0.01375,0.01375,0,0,0,0
05/12/2011,0.00711172259984175,0.1,22.1778977343065,23.6073626408718,288.436733605447,0,4.88714810455693,19.5485924182277,1.40695657761359,0,400,25,13.0323949454852,43.9843329410124,0.59240276952151,1.70315796237434,0.01375,0.011,0.01375,0.01375,0,0,0,0
06/12/2011,0.00647736705152549,0.1,22.294656269042,24.6144380608142,287.097257279049,0,4.85696474878033,19.4278589951213,1.38836307631177,0,400,25,12.9519059967475,43.712682739023,0.584573926868114,1.68065003974583,0.01375,0.011,0.01375,0.01375,0,0,0,0
07/12/2011,0.00297491336125101,0.1,22.4101434943871,11.7516804739607,285.756050040415,0,2.77189580271304,11.0875832108522,0.735140125279362,0,400,25,7.39172214056812,24.9470622244174,0.309532684328152,0.889906467443438,0.01375,0.011,0.01375,0.01375,0,0,0,0
08/12/2011,0.0157043727472682,0.1,22.5243252236724,35.2532884364494,284.413508915348,0,6.95444026669204,27.8177610667682,2.06083468748545,0,400,25,18.5451740445121,62.5899624002284,0.867719868414926,2.49469462169291,0.01375,0.011,0.01375,0.01375,0,0,0,0
09/12/2011,0.0353242332697548,0.1,22.637167656683,37.9627060636817,283.070031324511,0,6.67551220035328,26.7020488014131,1.94176191963179,0,400,25,17.8013658676088,60.0796098031796,0.817583966160755,2.35055390271217,0.01375,0.011,0.01375,0.01375,0,0,0,0
10/12/2011,0.026151727565748,0.1,22.7486373896641,35.2527667460012,281.726014965779,0,5.10804533101908,20.4321813240763,1.40293506096558,0,400,25,13.6214542160509,45.9724079791717,0.59070949935393,1.69828981064255,0.01375,0.011,0.01375,0.01375,0,0,0,0
11/12/2011,0.00293257262019791,0.1,22.8587014252095,6,280.381857696517,0,1.39523979912161,5.58095919648644,0.298474699313485,0,400,25,3.72063946432429,12.5571581920945,0.125673557605678,0.361311478116323,0.01375,0.011,0.01375,0.01375,0,0,0,0
12/12/2011,0.0326850783210722,0.1,22.9673271820289,36.3292841098163,279.037957415799,0,5.60582951593959,22.4233180637584,1.57419182441981,0,400,25,14.9488787091722,50.4524656434563,0.662817610282027,1.90560062956083,0.01375,0.011,0.01375,0.01375,0,0,0,0
13/12/2011,0.0391574608648096,0.1,23.0744825045931,36.4113900259619,277.694711946626,0,4.60836644426091,18.4334657770437,1.21592166539788,0,400,25,12.2889771846958,41.4752979983482,0.511967017009633,1.47190517390269,0.01375,0.011,0.01375,0.01375,0,0,0,0
14/12/2011,0.00687022748351775,0.1,23.180135672653,21.3341826010922,276.352518918163,0,4.11257745723466,16.4503098289386,1.15519010928359,0,400,25,10.9668732192924,37.0131971151119,0.486395835487828,1.3983880270275,0.01375,0.011,0.01375,0.01375,0,0,0,0
15/12/2011,0.00456200820540779,0.1,23.2842554106286,16.5846525093995,275.011775648026,0,3.1671738599938,12.6686954399752,0.853103529152154,0,400,25,8.44579695998348,28.5045647399442,0.359201485958802,1.03270427213156,0.01375,0.011,0.01375,0.01375,0,0,0,0
16/12/2011,0.00264625371672647,0.1,23.3868108968681,6,273.672879024676,0,1.33250764858638,5.33003059434552,0.277968706020249,0,400,25,3.55335372956368,11.9925688372774,0.11703945516642,0.336488433603459,0.01375,0.011,0.01375,0.01375,0,0,0,0
17/12/2011,0.00216724807467648,0.1,23.4877717727713,6,272.336225389925,0,1.37657110387371,5.50628441549485,0.292372244092667,0,400,25,3.67085627699657,12.3891399348634,0.12310410277586,0.353924295480597,0.01375,0.011,0.01375,0.01375,0,0,0,0
18/12/2011,0.00188217325281901,0.1,23.5871081517765,6,271.002210421614,0,1.4314303439214,5.72572137568559,0.310304726860942,0,400,25,3.81714758379039,12.8828730952926,0.130654621836186,0.375632037779035,0.01375,0.011,0.01375,0.01375,0,0,0,0
19/12/2011,0.00171789898176797,0.1,23.6847906282074,6,269.671229016481,0,1.48811749992862,5.95246999971447,0.328834721942872,0,400,25,3.96831333314298,13.3930574993576,0.138456725028578,0.398063084457161,0.01375,0.011,0.01375,0.01375,0,0,0,0
20/12/2011,0.0119146625582178,0.1,23.7807902859783,35.7007848086027,268.343675173266,0,7.00453148813992,28.0181259525597,2.07672540365462,0,400,25,18.6787506350398,63.0407833932592,0.874410696275628,2.51393075179243,0.01375,0.011,0.01375,0.01375,0,0,0,0
21/12/2011,0.00954458766494232,0.1,23.8750787071532,35.1258709091563,267.019941876079,0,6.47612128497256,25.9044851398903,1.89192513975212,0,400,25,17.2696567599268,58.2850915647531,0.796600058842996,2.29022516917361,0.01375,0.011,0.01375,0.01375,0,0,0,0
22/12/2011,0.00403128668384494,0.1,23.9676279803587,29.7228531996576,265.700420978066,0,5.9391644925661,23.7566579702644,1.7395469833512,0,400,25,15.8377719801763,53.4524804330949,0.732440835095244,2.10576740089883,0.01375,0.011,0.01375,0.01375,0,0,0,0
23/12/2011,0.00512790796290348,0.1,24.0584107090458,32.7253085807358,264.385503085413,0,6.29023805363645,25.1609522145458,1.84253367854282,0,400,25,16.7739681430305,56.6121424827281,0.775803654123295,2.23043550560447,0.01375,0.011,0.01375,0.01375,0,0,0,0
24/12/2011,0.00229605029713793,0.1,24.1474000196006,26.371902572754,263.07557744172,0,5.15873622105521,20.6349448842208,1.48319117034438,0,400,25,13.7566299228139,46.4286259894968,0.624501545408162,1.79544194304847,0.01375,0.011,0.01375,0.01375,0,0,0,0
25/12/2011,0.00072914162675711,0.1,24.2345695692986,6,261.771031812774,0,1.86577330684558,7.46309322738232,0.45228350183831,0,400,25,4.97539548492155,16.7919597616102,0.190435158668762,0.54750108117269,0.01375,0.011,0.01375,0.01375,0,0,0,0
26/12/2011,0.000780288376620373,0.1,24.3198935541034,6,260.472252371766,0,1.8630869003149,7.45234760125961,0.451405364649787,0,400,25,4.96823173417307,16.7677821028341,0.190065416694647,0.54643807299711,0.01375,0.011,0.01375,0.01375,0,0,0,0
27/12/2011,0.000644132253891998,0.1,24.4033467163048,6,259.17962358497,0,1.95650556562241,7.82602226248964,0.481942218685789,0,400,25,5.21734817499309,17.6085500906017,0.202923039446648,0.583403738409114,0.01375,0.011,0.01375,0.01375,0,0,0,0
28/12/2011,0.000595516107019342,0.1,24.484904351996,6,257.893528097937,0,2.00670489016887,8.02681956067546,0.498351460257964,0,400,25,5.35121304045031,18.0603440115198,0.209832193792827,0.603267557154378,0.01375,0.011,0.01375,0.01375,0,0,0,0
29/12/2011,0.000566549886436477,0.1,24.5645423183859,6,256.614346622224,0,2.04143186581155,8.16572746324619,0.509703073801378,0,400,25,5.44381830883079,18.3728867923039,0.214611820547949,0.617008984075353,0.01375,0.011,0.01375,0.01375,0,0,0,0
30/12/2011,0.000559966572487495,0.1,24.6422370409468,6,255.342457822691,0,2.05303656149805,8.2121462459922,0.51349643669245,0,400,25,5.4747641639948,18.4773290534824,0.216209025975768,0.621600949680334,0.01375,0.011,0.01375,0.01375,0,0,0,0
31/12/2011,0.000574637288715304,0.1,24.7179655203918,6,254.078238205414,0,2.04127268597266,8.16509074389063,0.509651040821784,0,400,25,5.44339382926042,18.3714541737539,0.214589911924962,0.616945996784265,0.01375,0.011,0.01375,0.01375,0,0,0,0
01/01/2012,0.000431874197987192,0.1,24.8051371179797,6,252.59041410873,0,2.21779669916122,8.87118679664488,0.567353513950088,0,400,25,5.91412453109658,19.960170292451,0.238885690084248,0.686796358992212,0.01375,0.011,0.01375,0.01375,0,0,0,0
02/01/2012,0.000436888584421163,0.1,24.8764918925008,6,251.344251726306,0,2.20708723325344,8.82834893301375,0.563852785309265,0,400,25,5.8855659553425,19.8637850992809,0.237411699077585,0.682558634848057,0.01375,0.011,0.01375,0.01375,0,0,0,0
03/01/2012,0.000366592148184247,0.1,24.9458110794992,6,250.106942079986,0,2.41542824023209,9.66171296092837,0.631955652106589,0,400,25,6.44114197395225,21.7388541620888,0.266086590360669,0.764998947286923,0.01375,0.011,0.01375,0.01375,0,0,0,0
04/01/2012,0.000396904137232706,0.1,25.0130741590243,6,248.878851439682,0,2.3394781688417,9.3579126753668,0.607128962103708,0,400,25,6.23860845024453,21.0553035195753,0.255633247201561,0.734945585704488,0.01375,0.011,0.01375,0.01375,0,0,0,0
05/01/2012,0.00070256567588409,0.1,25.0782612197774,15.5400194701448,247.660343346284,0,3.80438180957517,15.2175272383007,1.06880359753283,0,400,25,10.1450181588671,34.2394362861765,0.450022567382245,1.29381488122395,0.01375,0.011,0.01375,0.01375,0,0,0,0
06/01/2012,0.001038938778758,0.1,25.1413529650052,24.1554977694686,246.451778504046,0,5.22840193048378,20.9136077219351,1.51753009377649,0,400,25,13.9424051479567,47.055617374354,0.638960039484837,1.83701011351891,0.01375,0.011,0.01375,0.01375,0,0,0,0
07/01/2012,0.00068482539271837,0.1,25.2023307182122,19.895621679099,245.253514673805,0,4.56234068213358,18.2493627285343,1.30565403635321,0,400,25,12.1662418190229,41.0610661392022,0.549749067938195,1.58052857032231,0.01375,0.011,0.01375,0.01375,0,0,0,0
08/01/2012,0.00257206138433571,0.1,25.2611764286895,32.728672173028,244.065906567085,0,6.61981843343593,26.4792737337437,1.95753088058281,0,400,25,17.6528491558292,59.5783659009234,0.824223528666448,2.36964264491604,0.01375,0.011,0.01375,0.01375,0,0,0,0
09/01/2012,0.00510056051394427,0.1,25.317872676858,36.6236861804236,242.889305741087,0,7.18940159316277,28.7576063726511,2.13386329227302,0,400,25,19.1717375817674,64.7046143384649,0.898468754641274,2.58309766959366,0.01375,0.011,0.01375,0.01375,0,0,0,0
10/01/2012,0.00280821009465197,0.1,25.3724026794253,34.018816267293,241.724060494622,0,6.55206559462186,26.2082623784875,1.92383340756484,0,400,25,17.4721749189916,58.9685903515968,0.810035118974671,2.32885096705218,0.01375,0.011,0.01375,0.01375,0,0,0,0
11/01/2012,0.000260526510749289,0.1,25.4247502943533,6,240.570515765012,0,2.71618906280622,10.8647562512249,0.730268867227594,0,400,25,7.24317083414992,24.445701565256,0.307481628306356,0.884009681380772,0.01375,0.011,0.01375,0.01375,0,0,0,0
12/01/2012,0.000566660852538784,0.1,25.4749000256372,17.1542931717152,239.429013025974,0,4.25850390676581,17.0340156270632,1.21501937279305,0,400,25,11.3560104180421,38.3265351608923,0.511587104333915,1.47081292496,0.01375,0.011,0.01375,0.01375,0,0,0,0
13/01/2012,0.000458036950831042,0.1,25.5228370278924,15.6166143275124,238.299890186543,0,4.03664096514141,16.1465638605656,1.14307451157223,0,400,25,10.7643759070437,36.3297686862727,0.481294531188307,1.38372177716638,0.01375,0.011,0.01375,0.01375,0,0,0,0
14/01/2012,0.0016357620185011,0.1,25.5685471107489,29.9776645226518,237.18348149104,0,6.20047326843496,24.8018930737398,1.82593068083252,0,400,25,16.5345953824932,55.8042594159147,0.768812918245272,2.21033713995516,0.01375,0.011,0.01375,0.01375,0,0,0,0
15/01/2012,0.00608782234662548,0.1,25.6120167430522,37.0406179461925,236.08011742013,0,7.24559644279077,28.9823857711631,2.15142761304115,0,400,25,19.3215905141087,65.2103679851169,0.905864258122589,2.60435974210244,0.01375,0.011,0.01375,0.01375,0,0,0,0
16/01/2012,0.010280596235607,0.1,25.6532330568687,38.2626066912711,234.990124592991,0,7.35677959635303,29.4271183854121,2.18266927279061,0,400,25,19.6180789236081,66.2110163671773,0.919018641174993,2.64217859337811,0.01375,0.011,0.01375,0.01375,0,0,0,0
17/01/2012,0.00933768427225081,0.1,25.6921838512949,38.1456593998287,233.91382567063,0,7.28147314882774,29.125892595311,2.1565174594686,0,400,25,19.4172617302073,65.5332583394497,0.908007351355201,2.6105211351462,0.01375,0.011,0.01375,0.01375,0,0,0,0
18/01/2012,0.00357683040659862,0.1,25.7288575960691,35.4464652757142,232.851539260369,0,6.71916672381479,26.8766668952592,1.97399176521627,0,400,25,17.9177779301728,60.4725005143331,0.83115442745948,2.38956897894601,0.01375,0.011,0.01375,0.01375,0,0,0,0
19/01/2012,0.000299799770995977,0.1,25.7632434349846,6,231.803579821526,0,2.49360744847927,9.97442979391708,0.65751100620029,0,400,25,6.64961986261139,22.4424670363134,0.276846739452754,0.795934375926666,0.01375,0.011,0.01375,0.01375,0,0,0,0
20/01/2012,0.000373803709950385,0.1,25.7953311891033,6,230.770257572335,0,2.29073123522493,9.16292494089973,0.591194480577367,0,400,25,6.10861662726649,20.6165811170244,0.248923991822049,0.715656476488391,0.01375,0.011,0.01375,0.01375,0,0,0,0
21/01/2012,0.000600355991347807,0.1,25.8251113597692,17.0884388189135,229.751878398107,0,4.12838296946602,16.5135318778641,1.17211388164761,0,400,25,11.0090212519094,37.1554467251942,0.493521634377941,1.41887469883658,0.01375,0.011,0.01375,0.01375,0,0,0,0
22/01/2012,0.000772545014097929,0.1,25.8525751314198,25.0118870860073,228.74874376069,0,5.5240923489452,22.0963693957808,1.61383028677134,0,400,25,14.7309129305205,49.7168311405068,0.679507489166881,1.95358403135478,0.01375,0.011,0.01375,0.01375,0,0,0,0
23/01/2012,0.00225230110482931,0.1,25.8777143741959,33.4207523691144,227.761150609223,0,6.74189869462257,26.9675947784903,1.99567599682007,0,400,25,17.9783965189935,60.6770882516032,0.840284630240031,2.41581831194009,0.01375,0.011,0.01375,0.01375,0,0,0,0
24/01/2012,0.00171278166692158,0.1,25.9005216463481,30.5661936623119,226.789391292236,0,5.91896811999501,23.67587247998,1.72203568444099,0,400,25,15.7839149866534,53.2707130799551,0.725067656606731,2.08456951274435,0.01375,0.011,0.01375,0.01375,0,0,0,0
25/01/2012,0.00185956826478548,0.1,25.9209901964399,31.3766530044291,225.833753471109,0,6.38522616622441,25.5409046648977,1.8830569591968,0,400,25,17.0272697765984,57.4670354960197,0.792866088082863,2.27949000323823,0.01375,0.011,0.01375,0.01375,0,0,0,0
26/01/2012,0.0432897719024439,0.1,25.9391139653462,38.6263554661871,224.894520034914,0,7.27273588908507,29.0909435563403,2.15122860062323,0,400,25,19.3939623708935,65.4546230017656,0.905780463420309,2.60411883233339,0.01375,0.011,0.01375,0.01375,0,0,0,0
27/01/2012,0.0558084357780474,0.1,25.9548875880467,37.2492522589882,223.971969016682,0,6.45117495345278,25.8046998138111,1.89212212016966,0,400,25,17.2031332092074,58.060574581075,0.796682997966174,2.29046361915275,0.01375,0.011,0.01375,0.01375,0,0,0,0
28/01/2012,0.0166174785886199,0.1,25.9683063952143,29.9903410752111,223.066373511089,0,4.600700378036,18.402801512144,1.26528480954077,0,400,25,12.2685343414293,41.406303402324,0.53275149875401,1.53166055891778,0.01375,0.011,0.01375,0.01375,0,0,0,0
29/01/2012,0.00384948737890699,0.1,25.9793664145975,6,222.178001593623,0,0.971143583784028,3.88457433513611,0.159845398816039,0,400,25,2.58971622342407,8.74029225405625,0.0673033258172794,0.193497061724678,0.01375,0.011,0.01375,0.01375,0,0,0,0
30/01/2012,0.00353335597241262,0.1,25.9880643721958,9.76213783116215,221.307116241223,0,1.77056887991392,7.0822755196557,0.414035999269076,0,400,25,4.7215170131038,15.9351199192253,0.174330947060664,0.501201472799408,0.01375,0.011,0.01375,0.01375,0,0,0,0
31/01/2012,0.00295288803050684,0.1,25.9943976932292,9.5848203799062,220.453975254433,0,1.70859586371794,6.83438345487176,0.392422697852214,0,400,25,4.55625563658117,15.3773627734615,0.165230609621985,0.475038002663207,0.01375,0.011,0.01375,0.01375,0,0,0,0
01/02/2012,0.00250766227552475,0.1,25.9983645029001,8.81414540868831,219.618831181091,0,1.64979249368771,6.59916997475085,0.376370086414396,0,400,25,4.3994466498339,14.8481324431894,0.158471615332377,0.455605894080585,0.01375,0.011,0.01375,0.01375,0,0,0,0
02/02/2012,0.00640613372129527,0.1,25.9999636269489,29.4499880456749,218.801931241564,0,5.70482891679345,22.8193156671738,1.66276702266717,0,400,25,15.2128771114492,51.3434602511411,0.700112430596704,2.01282323796552,0.01375,0.011,0.01375,0.01375,0,0,0,0
03/02/2012,0.027459741202135,0.1,25.9991945920008,37.3467328669004,218.00351725557,0,7.06157651375067,28.2463060550027,2.10675546000861,0,400,25,18.8308707033351,63.5541886237561,0.887054930529941,2.55028292527358,0.01375,0.011,0.01375,0.01375,0,0,0,0
04/02/2012,0.0286179512658903,0.1,25.9960576257065,37.6511615686124,217.22382557059,0,6.6364563943018,26.5458255772072,1.93147859021073,0,400,25,17.6972170514715,59.7281075487162,0.813254143246624,2.33810566183404,0.01375,0.011,0.01375,0.01375,0,0,0,0
05/02/2012,0.012154609066037,0.1,25.9905536566747,32.4685841046428,216.463086991908,0,5.1440549657338,20.5762198629352,1.43914298589781,0,400,25,13.7174799086235,46.2964946916042,0.605954941430657,1.74212045661314,0.01375,0.011,0.01375,0.01375,0,0,0,0
06/02/2012,0.00274699034539376,0.1,25.9826843141968,6,215.721526714289,0,1.01515594371644,4.06062377486577,0.174232234750935,0,400,25,2.70708251657718,9.13640349344798,0.0733609409477622,0.210912705224816,0.01375,0.011,0.01375,0.01375,0,0,0,0
07/02/2012,0.00358895509039999,0.1,25.9724519277653,17.2213890658341,214.999364255309,0,3.29255702048215,13.1702280819286,0.897601184435726,0,400,25,8.78015205461906,29.6330131843393,0.377937340815043,1.08656985484325,0.01375,0.011,0.01375,0.01375,0,0,0,0
08/02/2012,0.00362265693763465,0.1,25.9598595263838,20.8657767948431,214.296813390382,0,3.90280649477736,15.6112259791095,1.08628238339237,0,400,25,10.407483986073,35.1252584529963,0.457382056165207,1.31497341147497,0.01375,0.011,0.01375,0.01375,0,0,0,0
09/02/2012,0.00213223230476172,0.1,25.9449108376702,13.7158358493324,213.614082089472,0,2.55440036789174,10.217601471567,0.659428540970726,0,400,25,6.81173431437798,22.9896033110257,0.27765412251399,0.798255602227721,0.01375,0.011,0.01375,0.01375,0,0,0,0
10/02/2012,0.026370357375314,0.1,25.9276102867536,37.7730674002678,212.951372455532,0,6.94492287838296,27.7796915135319,2.04075579022049,0,400,25,18.5197943423546,62.5043059054467,0.859265595882312,2.47038858816165,0.01375,0.011,0.01375,0.01375,0,0,0,0
11/02/2012,0.116495702703162,0.1,25.9079629949642,37.9239684563624,212.308880664676,0,5.38962600607803,21.5585040243121,1.49297926216926,0,400,25,14.3723360162081,48.5066340547023,0.628622847229164,1.80729068578385,0.01375,0.011,0.01375,0.01375,0,0,0,0
12/02/2012,0.17592202932312,0.1,25.8859747783173,37.2603591155213,211.686796908109,0,4.36232089259889,17.4492835703956,1.12779814537165,0,400,25,11.632855713597,39.26088803339,0.474862376998591,1.36522933387095,0.01375,0.011,0.01375,0.01375,0,0,0,0
13/02/2012,0.0818924254031247,0.1,25.8616521457917,33.9995343270941,211.085305335824,0,3.90374502402676,15.614980096107,0.978347258995411,0,400,25,10.409986730738,35.1337052162408,0.411935687998068,1.18431510299445,0.01375,0.011,0.01375,0.01375,0,0,0,0
14/02/2012,0.0303844284253729,0.1,25.8350022974027,27.9395500647482,210.50458400209,0,4.38088382769841,17.5235353107936,1.19684314827375,0,400,25,11.6823568738624,39.4279544492857,0.503933957167894,1.44881012685769,0.01375,0.011,0.01375,0.01375,0,0,0,0
15/02/2012,0.0322780503760701,0.1,25.8060331220709,30.0762708498551,209.944804812745,0,3.90522253325288,15.6208901330115,1.01030613461228,0,400,25,10.413926755341,35.147002799276,0.425392056678853,1.2230021629517,0.01375,0.011,0.01375,0.01375,0,0,0,0
16/02/2012,0.0118768738809797,0.1,25.774753195287,14.7912946167039,209.406133474307,0,2.55149554583915,10.2059821833566,0.639817052560056,0,400,25,6.80398812223773,22.9634599125523,0.269396653709497,0.774515379414805,0.01375,0.011,0.01375,0.01375,0,0,0,0
17/02/2012,0.00795904550866961,0.1,25.7411717765731,8.49304741370501,208.888729444924,0,2.0010552665814,8.0042210663256,0.489005553658374,0,400,25,5.3361473775504,18.0094973992326,0.205897075224579,0.591954091270663,0.01375,0.011,0.01375,0.01375,0,0,0,0
18/02/2012,0.0126895542744316,0.1,25.7052988067417,23.5333031225104,208.392745887169,0,4.81000868842218,19.2400347536887,1.38126370193744,0,400,25,12.8266898357925,43.2900781957996,0.581584716605237,1.67205606024006,0.01375,0.011,0.01375,0.01375,0,0,0,0
19/02/2012,0.00989833099847135,0.1,25.6671449049533,22.5853064480085,207.918329622699,0,4.44357481460489,17.7742992584195,1.25648967151331,0,400,25,11.8495328389464,39.992173331444,0.529048282742448,1.52101381288454,0.01375,0.011,0.01375,0.01375,0,0,0,0
20/02/2012,0.0559577908946221,0.1,25.6267213655722,36.5215562084682,207.465621088795,0,5.32746369218927,21.3098547687571,1.47020682458524,0,400,25,14.2065698458381,47.9471732297035,0.619034452456944,1.77972405081371,0.01375,0.011,0.01375,0.01375,0,0,0,0
21/02/2012,0.0730755672160529,0.1,25.5840401548241,36.5763794159915,207.034754296791,0,4.34572764559285,17.3829105823714,1.1213088390425,0,400,25,11.5886070549143,39.1115488103356,0.472130037491578,1.35737385778829,0.01375,0.011,0.01375,0.01375,0,0,0,0
22/02/2012,0.00821151874522545,0.1,25.5391139072529,15.2360548669244,206.625856792401,0,2.17000155489118,8.68000621956472,0.500016191607071,0,400,25,5.78667081304315,19.5300139940206,0.210533133308241,0.605282758261192,0.01375,0.011,0.01375,0.01375,0,0,0,0
23/02/2012,0.0052429881099642,0.1,25.4919559219814,7.54641461854592,206.239049617962,0,1.7125460414674,6.85018416586958,0.392638637363686,0,400,25,4.56678944391305,15.4129143732066,0.165321531521552,0.475299403124462,0.01375,0.011,0.01375,0.01375,0,0,0,0
24/02/2012,0.00418314930828274,0.1,25.4425801587739,6.20946729141075,205.874447276606,0,1.7053032483501,6.82121299340041,0.398534152751318,0,400,25,4.54747532893361,15.3477292351509,0.167803853790029,0.482436079646332,0.01375,0.011,0.01375,0.01375,0,0,0,0
25/02/2012,0.00351044491210291,0.1,25.391001233904,6.01976091625774,205.532157698364,0,1.74577961992845,6.9831184797138,0.412937625949321,0,400,25,4.6554123198092,15.7120165793561,0.173868474083925,0.499871862991283,0.01375,0.011,0.01375,0.01375,0,0,0,0
26/02/2012,0.0030757195723078,0.1,25.3372344158281,6.00102300548777,205.212282208215,0,1.78595948527208,7.1438379410883,0.426187499805268,0,400,25,4.7625586273922,16.0736353674487,0.17944736833906,0.515911183974798,0.01375,0.011,0.01375,0.01375,0,0,0,0
27/02/2012,0.002919355698446,0.1,25.2812956206654,9.69615566884704,204.91491549609,0,2.49234763487528,9.9693905395011,0.650187117801586,0,400,25,6.6462603596674,22.4311287138775,0.273762996969089,0.78706861628613,0.01375,0.011,0.01375,0.01375,0,0,0,0
28/02/2012,0.00390587314332093,0.1,25.2232014074861,20.3090151654307,204.640145588848,0,4.35336208247615,17.4134483299046,1.23782176423401,0,400,25,11.6089655532697,39.1802587422854,0.521188111256425,1.49841581986222,0.01375,0.011,0.01375,0.01375,0,0,0,0
29/02/2012,0.0409413942139387,0.1,25.1629689734102,37.6589037365635,204.388053824211,0,6.4477753553956,25.7911014215824,1.86601844264168,0,400,25,17.1940676143883,58.0299781985604,0.785691975849129,2.25886443056625,0.01375,0.011,0.01375,0.01375,0,0,0,0
01/03/2012,0.205712111599081,0.1,25.1006161485163,38.0424247921184,204.158714826692,0,4.75509447566356,19.0203779026543,1.26699545987595,0,400,25,12.6802519351028,42.7958502809721,0.533471772579348,1.53373134616563,0.01375,0.011,0.01375,0.01375,0,0,0,0
02/03/2012,0.284708708045695,0.1,25.0361613905638,37.7684937818994,203.952196485501,0,3.96877313728837,15.8750925491535,0.986771959557818,0,400,25,10.583395032769,35.7189582355954,0.415482930340134,1.19451342472789,0.01375,0.011,0.01375,0.01375,0,0,0,0
03/03/2012,0.106250388086096,0.1,24.9696237795288,33.2567567757438,203.768559934448,0,4.06204533972953,16.2481813589181,1.02645884044936,0,400,25,10.8321209059454,36.5584080575657,0.432193195978679,1.2425554384387,0.01375,0.011,0.01375,0.01375,0,0,0,0
04/03/2012,0.102383794753036,0.1,24.9010230119562,33.8418118599396,203.60785953385,0,3.97622138573945,15.9048855429578,0.99718971628358,0,400,25,10.6032570286385,35.785992471655,0.419869354224665,1.20712439339591,0.01375,0.011,0.01375,0.01375,0,0,0,0
05/03/2012,0.0520149903982177,0.1,24.8303793951287,32.8453938197922,203.470142854435,0,3.99918273002462,15.9967309200985,1.01476613364435,0,400,25,10.6644872800657,35.9926445702216,0.427269951008147,1.22840110914842,0.01375,0.011,0.01375,0.01375,0,0,0,0
06/03/2012,0.0265687576222907,0.1,24.7577138410562,29.2751626340607,203.355450663264,0,3.57473357928476,14.2989343171391,0.895785454956339,0,400,25,9.53262287809271,32.1726022135629,0.377172823139511,1.08437186652609,0.01375,0.011,0.01375,0.01375,0,0,0,0
07/03/2012,0.014686391130383,0.1,24.6830478602847,16.8692735126609,203.263816911658,0,2.89535041632347,11.5814016652939,0.67308622140271,0,400,25,7.72093444352925,26.0581537469112,0.283404724801141,0.814788583803281,0.01375,0.011,0.01375,0.01375,0,0,0,0
08/03/2012,0.150050502621446,0.1,24.6064035555288,35.2807520526206,203.195268725153,0,4.71078204940216,18.8431281976086,1.26356619334579,0,400,25,12.5620854650724,42.3970384446194,0.532027870882438,1.52958012878701,0.01375,0.011,0.01375,0.01375,0,0,0,0
09/03/2012,0.239869281509953,0.1,24.5278036151292,36.7995408586775,203.149826395466,0,4.19298312636729,16.7719325054692,1.08030560154645,0,400,25,11.1812883369794,37.7368481373056,0.454865516440612,1.30773835976676,0.01375,0.011,0.01375,0.01375,0,0,0,0
10/03/2012,0.0550264844596531,0.1,24.4472713063363,32.7800877641175,203.127503374491,0,3.363536266434,13.454145065736,0.779381172991128,0,400,25,8.969430043824,30.271826397906,0.328160493891001,0.943461419936629,0.01375,0.011,0.01375,0.01375,0,0,0,0
11/03/2012,0.0233554915294704,0.1,24.3648304684224,25.571543739331,203.128306270316,0,2.6944775052984,10.7779100211936,0.573374204464477,0,400,25,7.18527334746239,24.2502975476856,0.241420717669253,0.694084563299104,0.01375,0.011,0.01375,0.01375,0,0,0,0
12/03/2012,0.0145398517849669,0.1,24.2805055056248,15.5881896138434,203.152234845267,0,2.62191045905679,10.4876418362272,0.557579214698721,0,400,25,6.99176122415145,23.5971941315111,0.234770195662619,0.674964312530031,0.01375,0.011,0.01375,0.01375,0,0,0,0
13/03/2012,0.00732397300561459,0.1,24.1943213799221,12.319757554007,203.199282015978,0,2.21935022877644,8.87740091510575,0.528801840691024,0,400,25,5.91826727673717,19.9741520589879,0.222653406606747,0.640128543994398,0.01375,0.011,0.01375,0.01375,0,0,0,0
14/03/2012,0.00555078442872832,0.1,24.1063036036443,8.71935757938633,203.269433855488,0,2.15867621018453,8.63470484073811,0.531221017397083,0,400,25,5.7564698938254,19.4280858916607,0.223672007325088,0.643057021059627,0.01375,0.011,0.01375,0.01375,0,0,0,0
15/03/2012,0.00444163011068872,0.1,24.016478231921,7.04067978560669,203.362669597364,0,2.17174708278306,8.68698833113226,0.545868776483285,0,400,25,5.79132555408817,19.5457237450476,0.229839484835067,0.660788518900819,0.01375,0.011,0.01375,0.01375,0,0,0,0
16/03/2012,0.00429142771156743,0.1,23.9248718549683,10.5442164335598,203.478961641847,0,2.90531410660402,11.6212564264161,0.782245551344378,0,400,25,7.74750428427738,26.1478269594362,0.329366547934475,0.946928825311616,0.01375,0.011,0.01375,0.01375,0,0,0,0
17/03/2012,0.0194286078387622,0.1,23.8315115902177,32.2834847093115,203.618275564026,0,6.56061028515995,26.2424411406398,1.92461389306595,0,400,25,17.4949607604265,59.0454925664395,0.810363744448822,2.32979576529036,0.01375,0.011,0.01375,0.01375,0,0,0,0
18/03/2012,0.0147693343660559,0.1,23.7364250742888,33.2560228414836,203.780570124022,0,6.32206004484199,25.288240179368,1.8466417227738,0,400,25,16.8588267862453,56.8985404035779,0.77753335695739,2.2354084012525,0.01375,0.011,0.01375,0.01375,0,0,0,0
19/03/2012,0.00316599131646351,0.1,23.6396404548081,12.3475492103972,203.965797279202,0,3.25949445970404,13.0379778388161,0.893167830331975,0,400,25,8.69198522587743,29.3354501373363,0.376070665402937,1.08120316303344,0.01375,0.011,0.01375,0.01375,0,0,0,0
20/03/2012,0.00225266789175615,0.1,23.5411863820767,6.00263850564334,204.173902198397,0,2.39467565216682,9.57870260866727,0.625155703035391,0,400,25,6.38580173911151,21.5520808695014,0.263223453909638,0.75676742999021,0.01375,0.011,0.01375,0.01375,0,0,0,0
21/03/2012,0.0019996317597386,0.1,23.4410920005895,6.00066614326048,204.404823278136,0,2.45306734004349,9.81226936017396,0.644255068685489,0,400,25,6.54151290678264,22.0776060603914,0.271265292078101,0.77988771472454,0.01375,0.011,0.01375,0.01375,0,0,0,0
22/03/2012,0.00193125088611671,0.1,23.3393869404073,6,204.658492160877,0,2.43678806832484,9.74715227329935,0.638937789461637,0,400,25,6.4981015155329,21.9310926149235,0.269026437668058,0.773451008295666,0.01375,0.011,0.01375,0.01375,0,0,0,0
23/03/2012,0.00236279091201194,0.1,23.2361013083863,16.5305946055541,204.93483375525,0,4.20831718257552,16.8332687303021,1.19879049819343,0,400,25,11.2221791535347,37.8748546431797,0.50475389397618,1.45116744518152,0.01375,0.011,0.01375,0.01375,0,0,0,0
24/03/2012,0.00217038331387328,0.1,23.1312656792653,15.0641909686748,205.233766258277,0,3.82298031659977,15.2919212663991,1.07149497238038,0,400,25,10.1946141775994,34.4068228493979,0.451155777844371,1.29707286130257,0.01375,0.011,0.01375,0.01375,0,0,0,0
25/03/2012,0.0014931502926836,0.1,23.0249110866152,6,205.555201179595,0,2.5558588553073,10.2234354212292,0.67785985316343,0,400,25,6.8156236141528,23.0027296977657,0.285414675016181,0.820567190671521,0.01375,0.011,0.01375,0.01375,0,0,0,0
26/03/2012,0.00138250872647199,0.1,22.9170690136522,6,205.899043367646,0,2.59609679492747,10.3843871797099,0.691012900093035,0,400,25,6.92292478647325,23.3648711543472,0.290952800039173,0.836489300112621,0.01375,0.011,0.01375,0.01375,0,0,0,0
27/03/2012,0.00131936783531708,0.1,22.8077713839186,6,206.265191037846,0,2.60736448092773,10.4294579237109,0.694696100678066,0,400,25,6.95297194914061,23.4662803283496,0.292503621338133,0.840947911347132,0.01375,0.011,0.01375,0.01375,0,0,0,0
28/03/2012,0.00240231217027509,0.1,22.6970505518319,21.2207222164769,206.653535802714,0,4.91550645483103,19.6620258193241,1.42093572354716,0,400,25,13.1080172128827,44.2395580934793,0.598288725704069,1.7200800863992,0.01375,0.011,0.01375,0.01375,0,0,0,0
29/03/2012,0.00359675052576797,0.1,22.5849392931081,28.0907211956482,207.063962703959,0,5.88128242125486,23.5251296850194,1.72081962019819,0,400,25,15.683419790013,52.9315417912938,0.724555629557134,2.08309743497676,0.01375,0.011,0.01375,0.01375,0,0,0,0
30/03/2012,0.00500855634009697,0.1,22.4714707950588,31.5834917676072,207.496350246509,0,6.40047680307801,25.601907212312,1.88376619065871,0,400,25,17.0679381415413,57.604291227702,0.793164711856301,2.28034854658687,0.01375,0.011,0.01375,0.01375,0,0,0,0
31/03/2012,0.00318605137630892,0.1,22.3566786467673,27.3459188968795,207.950570434476,0,5.58340236408393,22.3336094563357,1.61917082082086,0,400,25,14.8890729708905,50.2506212767554,0.681756135082469,1.9600488883621,0.01375,0.011,0.01375,0.01375,0,0,0,0
01/04/2012,0.0011142281622817,0.1,22.2405968291455,6,208.426488809045,0,2.63358044183835,10.5343217673534,0.703265619083258,0,400,25,7.0228811782356,23.7022239765451,0.296111839614003,0.851321538890259,0.01375,0.011,0.01375,0.01375,0,0,0,0
02/04/2012,0.00742325344662723,0.1,22.1232597048746,34.718507079489,208.923964488279,0,6.99279569980221,27.9711827992088,2.07500745339395,0,400,25,18.6474551994726,62.9351612982199,0.873687348797454,2.51185112779268,0.01375,0.011,0.01375,0.01375,0,0,0,0
03/04/2012,0.0060471752273085,0.1,22.0047020082334,33.5773357376907,209.442850208819,0,6.41693377226531,25.6677350890612,1.87672046886435,0,400,25,17.1118233927075,57.7524039503878,0.790198092153408,2.27181951494105,0.01375,0.011,0.01375,0.01375,0,0,0,0
04/04/2012,0.00103410555084869,0.1,21.8849588348159,6,209.982992369482,0,2.64465647944176,10.578625917767,0.706886173310609,0,400,25,7.05241727851136,23.8019083149758,0.297636283499204,0.855704315060211,0.01375,0.011,0.01375,0.01375,0,0,0,0
05/04/2012,0.000992299137824065,0.1,21.7640656311426,6,210.544231076725,0,2.67033434711314,10.6813373884526,0.715279798872006,0,400,25,7.12089159230171,24.0330091240183,0.301170441630318,0.865865019687166,0.01375,0.011,0.01375,0.01375,0,0,0,0
06/04/2012,0.00094835300496131,0.1,21.642058184167,6,211.126400191981,0,2.70268689344393,10.8107475737757,0.725855254876909,0,400,25,7.20716504918381,24.3241820409953,0.30562326521133,0.878666887482574,0.01375,0.011,0.01375,0.01375,0,0,0,0
07/04/2012,0.000910187210238043,0.1,21.5189726106826,6,211.72932738084,0,2.73192181308649,10.927687252346,0.735411615706307,0,400,25,7.28512483489732,24.5872963177785,0.309646996086866,0.89023511374974,0.01375,0.011,0.01375,0.01375,0,0,0,0
08/04/2012,0.000968472375536226,0.1,21.3948453466311,6,212.352834164057,0,2.63979816733997,10.5591926693599,0.70529807989239,0,400,25,7.03946177957326,23.7581835060597,0.29696761258627,0.853781886185525,0.01375,0.011,0.01375,0.01375,0,0,0,0
09/04/2012,0.00119452698524141,0.1,21.2697131363166,14.6168132494253,212.996735970394,0,4.05485310156026,16.219412406241,1.15248322306838,0,400,25,10.8129416041607,36.4936779140423,0.48525609392353,1.39511127003015,0.01375,0.011,0.01375,0.01375,0,0,0,0
10/04/2012,0.00118114525713993,0.1,21.1436130215288,12.8561756502099,213.660842191253,0,3.61281928480523,14.4512771392209,1.00827093389135,0,400,25,9.63418475948062,32.5153735632471,0.424535130059515,1.22053849892111,0.01375,0.011,0.01375,0.01375,0,0,0,0
11/04/2012,0.000963301883266676,0.1,21.0165823305776,6,214.3449562371,0,2.59649834130972,10.3859933652389,0.691144158265296,0,400,25,6.92399557682591,23.3684850717875,0.291008066638019,0.836648191584306,0.01375,0.011,0.01375,0.01375,0,0,0,0
12/04/2012,0.000975456344643837,0.1,20.8886586672431,6,215.04887559566,0,2.56824586351666,10.2729834540666,0.681908939717888,0,400,25,6.84865563604443,23.1142127716499,0.287119553565426,0.825468716500601,0.01375,0.011,0.01375,0.01375,0,0,0,0
13/04/2012,0.000946806764614591,0.1,20.7598798996444,6,215.772391891864,0,2.58589402300595,10.3435760920238,0.687677800454172,0,400,25,6.89571739468253,23.2730462070535,0.289548547559651,0.832452074233997,0.01375,0.011,0.01375,0.01375,0,0,0,0
14/04/2012,0.000951684355870951,0.1,20.6302841490292,6,216.515290949537,0,2.56652371512749,10.2660948605099,0.681346000889599,0,400,25,6.84406324033996,23.0987134361474,0.286882526690358,0.824787264234778,0.01375,0.011,0.01375,0.01375,0,0,0,0
15/04/2012,0.000961076329419983,0.1,20.49990977849,6,217.277352854791,0,2.54294874259347,10.1717949703739,0.673639773308588,0,400,25,6.78119664691593,22.8865386833413,0.283637799287827,0.815458672952502,0.01375,0.011,0.01375,0.01375,0,0,0,0
16/04/2012,0.000908773192762903,0.1,20.3687953816071,6,218.058352021133,0,2.5890616529232,10.3562466116928,0.688713240771207,0,400,25,6.90416440779519,23.3015548763088,0.289984522429982,0.833705501986198,0.01375,0.011,0.01375,0.01375,0,0,0,0
17/04/2012,0.000960101185096318,0.1,20.2369797710241,6,218.858057256235,0,2.5187712377707,10.0750849510828,0.665736588936415,0,400,25,6.71672330072188,22.6689411399363,0.280310142710069,0.80589166029145,0.01375,0.011,0.01375,0.01375,0,0,0,0
18/04/2012,0.0381348959091165,0.1,20.104501966959,38.2480838476949,219.676231830379,0,7.24354773868948,28.9741909547579,2.15451164401246,0,400,25,19.3161273031719,65.1919296482053,0.907162797478932,2.60809304275193,0.01375,0.011,0.01375,0.01375,0,0,0,0
19/04/2012,0.291419827964364,0.1,19.9714011856532,38.6945175663106,220.512633546526,0,4.81404578689631,19.2561831475852,1.29416017036982,0,400,25,12.8374554317235,43.3264120820668,0.54490954541887,1.56661494307925,0.01375,0.011,0.01375,0.01375,0,0,0,0
20/04/2012,0.406203330770157,0.1,19.8377168277622,38.5298515705075,221.367014812022,0,3.85016084917649,15.4006433967059,0.945781097237296,0,400,25,10.267095597804,34.6514476425884,0.398223619889388,1.14489290718199,0.01375,0.011,0.01375,0.01375,0,0,0,0
21/04/2012,0.0304586589755173,0.1,19.703488466693,26.9137305232005,222.239122711881,0,2.59268698934156,10.3707479573663,0.548782555277019,0,400,25,6.91383197157751,23.3341829040741,0.231066339064008,0.664315724809023,0.01375,0.011,0.01375,0.01375,0,0,0,0
22/04/2012,0.0142753774205328,0.1,19.5687558368887,11.6846397515808,223.128699083657,0,2.4495705761761,9.7982823047044,0.557124173472044,0,400,25,6.53218820313627,22.0461351855849,0.23457859935665,0.674413473150368,0.01375,0.011,0.01375,0.01375,0,0,0,0
23/04/2012,0.0129966230638083,0.1,19.4335588220669,11.7523061086523,224.035480593869,0,2.95937168932976,11.837486757319,0.723183275703046,0,400,25,7.89165783821269,26.6343452039678,0.304498221348651,0.875432386377371,0.01375,0.011,0.01375,0.01375,0,0,0,0
24/04/2012,0.00959000735779472,0.1,19.2979374434129,16.7930301738423,224.959198815945,0,3.55108482340949,14.204339293638,0.981233029701541,0,400,25,9.46955952909198,31.9597634106854,0.413150749348017,1.18780840437555,0.01375,0.011,0.01375,0.01375,0,0,0,0
25/04/2012,0.00840587229783633,0.1,19.1619318477328,17.728088365305,225.899580309692,0,3.70669946202885,14.8267978481154,1.028885280528,0,400,25,9.88453189874359,33.3602951582596,0.433214854959158,1.24549270800758,0.01375,0.011,0.01375,0.01375,0,0,0,0
26/04/2012,0.0056334551760628,0.1,19.025582295569,11.6606765469187,226.856346702231,0,2.68716321600884,10.7486528640353,0.707571426550385,0,400,25,7.16576857602357,24.1844689440795,0.29792481117911,0.85653383213994,0.01375,0.011,0.01375,0.01375,0,0,0,0
27/04/2012,0.00399817670942628,0.1,18.8889291492823,6.00010005547762,227.829214770406,0,1.8286203254141,7.31448130165639,0.440138252952324,0,400,25,4.87632086777093,16.4575829287269,0.185321369664136,0.532798937784392,0.01375,0.011,0.01375,0.01375,0,0,0,0
28/04/2012,0.00344303664198981,0.1,18.7520128611039,6,228.817896524626,0,1.88905525319584,7.55622101278336,0.459893944516244,0,400,25,5.03748067518891,17.0014972787626,0.193639555585787,0.556713722309137,0.01375,0.011,0.01375,0.01375,0,0,0,0
29/04/2012,0.00297968547162877,0.1,18.6148739611606,6,229.82209929411,0,1.95245678607086,7.80982714428344,0.480618746660336,0,400,25,5.20655142952229,17.5721110746377,0.20236578806751,0.581801640694091,0.01375,0.011,0.01375,0.01375,0,0,0,0
30/04/2012,0.00265437537015414,0.1,18.4775530454767,6,230.84152581353,0,2.00675546783276,8.02702187133102,0.498367993171752,0,400,25,5.35134791422068,18.0607992104948,0.209839155019685,0.603287570681594,0.01375,0.011,0.01375,0.01375,0,0,0,0
01/05/2012,0.00233527544652039,0.1,18.3400907639575,6,231.875874311002,0,2.0709162926965,8.28366517078602,0.519340993987429,0,400,25,5.52244344719068,18.6382466342685,0.218669892205233,0.628675940090045,0.01375,0.011,0.01375,0.01375,0,0,0,0
02/05/2012,0.00209208689834149,0.1,18.2025278083553,6,232.924838597422,0,2.12897028868146,8.51588115472583,0.538317784072833,0,400,25,5.67725410315056,19.1607325981331,0.226660119609614,0.65164784387764,0.01375,0.011,0.01375,0.01375,0,0,0,0
03/05/2012,0.00184816115537945,0.1,18.0649049002241,6,233.988108157101,0,2.20045359721756,8.80181438887024,0.56168437094915,0,400,25,5.86787625924683,19.804082374958,0.236498682504905,0.679933712201603,0.01375,0.011,0.01375,0.01375,0,0,0,0
04/05/2012,0.00170663689896775,0.1,17.927262778865,6,235.065368239687,0,2.24506583670958,8.98026334683831,0.576267296546541,0,400,25,5.98684223122554,20.2055925303862,0.242638861703807,0.697586727398444,0.01375,0.011,0.01375,0.01375,0,0,0,0
05/05/2012,0.00157795943962794,0.1,17.789642189267,6,236.156299953336,0,2.29051452653894,9.16205810615574,0.591123642469256,0,400,25,6.10803873743716,20.6146307388504,0.248894165250213,0.715570725094362,0.01375,0.011,0.01375,0.01375,0,0,0,0
06/05/2012,0.0014896474778195,0.1,17.6520838700448,6,237.260580359109,0,2.32104302769478,9.28417211077911,0.60110285144923,0,400,25,6.18944807385274,20.889387249253,0.253095937452307,0.727650820175383,0.01375,0.011,0.01375,0.01375,0,0,0,0
07/05/2012,0.00143720383368146,0.1,17.5146285413801,6,238.377882566574,0,2.33431356436903,9.33725425747613,0.605440747308341,0,400,25,6.22483617165075,21.0088220793213,0.254922419919301,0.732901957267992,0.01375,0.011,0.01375,0.01375,0,0,0,0
08/05/2012,0.00133429981712568,0.1,17.3773168929669,6,239.507875830567,0,2.38079115843466,9.52316463373864,0.620633423217966,0,400,25,6.34877642249243,21.4271204259119,0.261319336091775,0.751293091263853,0.01375,0.011,0.01375,0.01375,0,0,0,0
09/05/2012,0.00124413657547244,0.1,17.2401895719671,6,240.650225649104,0,2.42611411475811,9.70445645903244,0.635448669155954,0,400,25,6.46963763935496,21.835027032823,0.267557334381454,0.769227336346681,0.01375,0.011,0.01375,0.01375,0,0,0,0
10/05/2012,0.00118499683268264,0.1,17.1032871709775,6,241.804593862396,0,2.45381144285532,9.81524577142129,0.644502419415688,0,400,25,6.54349718094753,22.0843029856979,0.271369439753974,0.780187139292675,0.01375,0.011,0.01375,0.01375,0,0,0,0
11/05/2012,0.00115080985534482,0.1,16.966650216014,6,242.970638752956,0,2.46403820493881,9.85615281975523,0.647845360999966,0,400,25,6.57076854650349,22.1763438444493,0.272776994105249,0.784233858052591,0.01375,0.011,0.01375,0.01375,0,0,0,0
12/05/2012,0.0010821243952577,0.1,16.8303191545148,6,244.148015146753,0,2.50664938229289,10.0265975291716,0.661774175963022,0,400,25,6.68439835278105,22.559844440636,0.27864175830022,0.801095055113132,0.01375,0.011,0.01375,0.01375,0,0,0,0
13/05/2012,0.00106862350053764,0.1,16.6943343433671,6,245.33637451539,0,2.50179130803809,10.0071652321523,0.660186160292634,0,400,25,6.67144348810157,22.5161217723428,0.277973120123214,0.799172720354242,0.01375,0.011,0.01375,0.01375,0,0,0,0
14/05/2012,0.00106793022154909,0.1,16.5587360369606,6,246.535365079275,0,2.48579386141033,9.94317544564133,0.654956887416465,0,400,25,6.62878363042755,22.372144752693,0.275771321017459,0.792842547925194,0.01375,0.011,0.01375,0.01375,0,0,0,0
15/05/2012,0.001050265283285,0.1,16.4235643752715,6,247.744631911759,0,2.48616464843834,9.94465859375336,0.655078090918093,0,400,25,6.62977239583557,22.3754818359451,0.275822354070776,0.792989267953481,0.01375,0.011,0.01375,0.01375,0,0,0,0
16/05/2012,0.00105629149816268,0.1,16.2888593719801,6,248.963817044198,0,2.46533812266825,9.86135249067301,0.648270280343785,0,400,25,6.57423499378201,22.1880431040143,0.272955907513173,0.784748234100371,0.01375,0.011,0.01375,0.01375,0,0,0,0
17/05/2012,0.00103584307518696,0.1,16.1546609026259,6,250.192559571921,0,2.46944507971297,9.87778031885189,0.649612769528296,0,400,25,6.58518687923459,22.2250057174168,0.273521166117177,0.786373352586884,0.01375,0.011,0.01375,0.01375,0,0,0,0
18/05/2012,0.00100914228121985,0.1,16.0210086928035,6,251.430495761065,0,2.48038809228587,9.92155236914348,0.653189840304812,0,400,25,6.61436824609565,22.3234928305728,0.275027301180974,0.790703490895299,0.01375,0.011,0.01375,0.01375,0,0,0,0
19/05/2012,0.0010130329334311,0.1,15.8879423064033,6,252.677259156249,0,2.46279065929933,9.85116263719732,0.647437561135019,0,400,25,6.56744175813155,22.165115933694,0.272605288898955,0.783740205584497,0.01375,0.011,0.01375,0.01375,0,0,0,0
20/05/2012,0.00102241133137886,0.1,15.7555011338993,6,253.932480689051,0,2.44084382812134,9.76337531248536,0.640263543201569,0,400,25,6.50891687499024,21.9675944530921,0.269584649769081,0.775055868086109,0.01375,0.011,0.01375,0.01375,0,0,0,0
21/05/2012,0.000966750943163062,0.1,15.623724380689,6,255.19578878726,0,2.48122109574266,9.92488438297064,0.653462133907892,0,400,25,6.61658958864709,22.3309898616839,0.275141951119113,0.791033109467449,0.01375,0.011,0.01375,0.01375,0,0,0,0
22/05/2012,0.000965751677247353,0.1,15.4926510554879,6,256.466809484872,0,2.46928812218402,9.87715248873607,0.649561462981196,0,400,25,6.58476832582405,22.2235930996562,0.273499563360504,0.786311244661448,0.01375,0.011,0.01375,0.01375,0,0,0,0
23/05/2012,0.000924162189424883,0.1,15.3623199587815,6,257.745166532788,0,2.49953349370769,9.99813397483077,0.659448122059903,0,400,25,6.66542264988718,22.4958014433692,0.277662367183117,0.798279305651462,0.01375,0.011,0.01375,0.01375,0,0,0,0
24/05/2012,0.00100309239064501,0.1,15.2327696713403,6,259.030481510195,0,2.40973956527551,9.63895826110202,0.630096128249812,0,400,25,6.42597217406801,21.6876560874796,0.265303632947289,0.762747944723456,0.01375,0.011,0.01375,0.01375,0,0,0,0
25/05/2012,0.0160699489221258,0.1,15.1040385427983,37.9260069979548,260.322373936585,0,7.46530866690803,29.8612346676321,2.22323140733153,0,400,25,19.9074897784214,67.1877780021723,0.936097434665907,2.69128012466448,0.01375,0.011,0.01375,0.01375,0,0,0,0
26/05/2012,0.0135393496608409,0.1,14.9761646803015,37.0544858813815,261.620461384384,0,6.87007114218246,27.4802845687299,2.02191013194648,0,400,25,18.3201897124866,61.8306402796422,0.851330581872202,2.44757542288258,0.01375,0.011,0.01375,0.01375,0,0,0,0
27/05/2012,0.000939179934652455,0.1,14.8491859372266,6,262.924359592162,0,2.43982167539035,9.7592867015614,0.639929420158321,0,400,25,6.50619113437427,21.9583950785132,0.269443966382451,0.774651403349546,0.01375,0.011,0.01375,0.01375,0,0,0,0
28/05/2012,0.000903336545630338,0.1,14.7231399019762,6,264.23368257838,0,2.46561864446155,9.86247457784619,0.648361977790195,0,400,25,6.57498305189746,22.1905678001539,0.272994516964293,0.784859236272342,0.01375,0.011,0.01375,0.01375,0,0,0,0
29/05/2012,0.00094700832894582,0.1,14.5980638868514,6,265.54804275565,0,2.41043887758515,9.64175551034061,0.630324720660707,0,400,25,6.42783700689374,21.6939498982664,0.265399882383456,0.763024661852435,0.01375,0.011,0.01375,0.01375,0,0,0,0
30/05/2012,0.000924279276293188,0.1,14.4739949170069,6,266.867051045467,0,2.42198326849584,9.68793307398336,0.63409837102291,0,400,25,6.45862204932224,21.7978494164626,0.26698878779912,0.76759276492247,0.01375,0.011,0.01375,0.01375,0,0,0,0
31/05/2012,0.000926584974669487,0.1,14.3509697194906,6,268.190316993389,0,2.40922270304034,9.63689081216134,0.629927175433154,0,400,25,6.42459387477423,21.683004327363,0.265232494919223,0.762543422892765,0.01375,0.011,0.01375,0.01375,0,0,0,0
01/06/2012,0.00117306453191169,0.1,14.2290247123716,6,269.517448884614,0,2.57618499884103,10.3047399953641,0.617983271855188,0,400,25,6.86982666357608,23.1856649895693,0.260203482886395,0.748085013298386,0.01375,0.011,0.01375,0.01375,0,0,0,0
02/06/2012,0.000932389856918271,0.1,14.1081959939597,6,270.848053859939,0,2.38278740746173,9.53114962984691,0.621285960534341,0,400,25,6.35409975323128,21.4450866671556,0.261594088646038,0.75208300485736,0.01375,0.011,0.01375,0.01375,0,0,0,0
03/06/2012,0.0283702173845632,0.1,13.9885193321197,37.8210394234921,272.181738032057,0,7.04226745919517,28.1690698367807,2.08129814116915,0,400,25,18.7793798911871,63.3804071327565,0.876336059439644,2.51946617088898,0.01375,0.011,0.01375,0.01375,0,0,0,0
04/06/2012,0.0257626099043831,0.1,13.870030153683,36.1383127845277,273.51810660215,0,5.93314554986417,23.7325821994567,1.69788700820133,0,400,25,15.8217214663044,53.3983099487775,0.714899792926878,2.05533690466477,0.01375,0.011,0.01375,0.01375,0,0,0,0
05/06/2012,0.00230474265904291,0.1,13.7527635339609,6,274.856763976763,0,1.44623264087437,5.7849305634975,0.315143327155249,0,400,25,3.856620375665,13.0160937678694,0.132691927223263,0.38148929076688,0.01375,0.011,0.01375,0.01375,0,0,0,0
06/06/2012,0.0259608136498577,0.1,13.6367541863612,35.8048015190485,276.197313884907,0,5.63736239336493,22.5494495734597,1.58870669820765,0,400,25,15.0329663823065,50.7362615402844,0.668929136087432,1.92317126625137,0.01375,0.011,0.01375,0.01375,0,0,0,0
07/06/2012,0.0302625029119393,0.1,13.5220364521127,35.2746579488611,277.539359495362,0,4.50896110316748,18.0358444126699,1.19219921888128,0,400,25,12.0238962751133,40.5806499285074,0.501978618476327,1.44318852811944,0.01375,0.011,0.01375,0.01375,0,0,0,0
08/06/2012,0.00369696745884366,0.1,13.408644290099,6,278.882503534148,0,1.22108823567713,4.88435294270851,0.241547736639159,0,400,25,3.25623529513901,10.9897941210941,0.101704310163857,0.292399891721088,0.01375,0.011,0.01375,0.01375,0,0,0,0
09/06/2012,0.0033537170017701,0.1,13.2966112668063,6,280.226348402127,0,1.40618527626367,5.62474110505468,0.281871438589633,0,400,25,3.74982740336979,12.655667486373,0.118682710985109,0.341212794082188,0.01375,0.011,0.01375,0.01375,0,0,0,0
10/06/2012,0.00267834782969409,0.1,13.1859705463869,6,281.570496292702,0,1.34570505934719,5.38282023738876,0.282282698354964,0,400,25,3.58854682492584,12.1113455341247,0.118855872991564,0.341710634850746,0.01375,0.011,0.01375,0.01375,0,0,0,0
11/06/2012,0.00745297736076199,0.1,13.076754880842,29.3420903407985,282.914549309573,0,5.78535891998043,23.1414356799217,1.68972706402402,0,400,25,15.4276237866145,52.0682302798238,0.711464026957483,2.04545907750276,0.01375,0.011,0.01375,0.01375,0,0,0,0
12/06/2012,0.0432622365486103,0.1,12.9689966003261,36.821362566316,284.258109584525,0,5.35557949695766,21.4223179878306,1.48581747727125,0,400,25,14.2815453252204,48.2002154726189,0.625607358851052,1.79862115669677,0.01375,0.011,0.01375,0.01375,0,0,0,0
13/06/2012,0.0523127234017411,0.1,12.8627276035769,36.2016060333621,285.600779395208,0,4.18873612865499,16.7549445146199,1.07431164202141,0,400,25,11.1699630097466,37.6986251578949,0.452341744009016,1.30048251402592,0.01375,0.011,0.01375,0.01375,0,0,0,0
14/06/2012,0.00970305615011183,0.1,12.7579793484726,21.6031635909242,286.942161282863,0,3.84513833350403,15.3805533340161,1.05641357769102,0,400,25,10.2537022226774,34.6062450015362,0.444805716922537,1.27881643615229,0.01375,0.011,0.01375,0.01375,0,0,0,0
15/06/2012,0.00840868372298113,0.1,12.6547828427194,22.1680651001515,288.281858169988,0,3.38357334371736,13.5342933748694,0.886291311506362,0,400,25,9.02286224991296,30.4521600934562,0.37317528905531,1.07287895603402,0.01375,0.011,0.01375,0.01375,0,0,0,0
16/06/2012,0.0042109688158087,0.1,12.5531686346731,6,289.619473477875,0,1.42630622742136,5.70522490968545,0.308629746843726,0,400,25,3.80348327312363,12.8367560467923,0.129949367092095,0.373604430389774,0.01375,0.011,0.01375,0.01375,0,0,0,0
17/06/2012,0.037176192195667,0.1,12.4531668042954,34.7824841165827,290.954611244008,0,5.09970149227523,20.3988059691009,1.41892698895951,0,400,25,13.5992039794006,45.8973134304771,0.597442942719792,1.7176484603194,0.01375,0.011,0.01375,0.01375,0,0,0,0
18/06/2012,0.0546809742005693,0.1,12.3548069542502,34.72691904376,292.286876239276,0,4.50839588420083,18.0335835368033,1.22179597747638,0,400,25,12.0223890245355,40.5755629578075,0.514440411569001,1.47901618326088,0.01375,0.011,0.01375,0.01375,0,0,0,0
19/06/2012,0.00595877854161861,0.1,12.2581182011404,9.91433131162222,293.61587408497,0,1.71695224060334,6.86780896241338,0.379443947220719,0,400,25,4.57853930827559,15.4525701654301,0.159765872513987,0.459326883477713,0.01375,0.011,0.01375,0.01375,0,0,0,0
20/06/2012,0.0045509637083125,0.1,12.1631291668888,6.41371542011974,294.941211369524,0,1.60905217184264,6.43620868737055,0.36580907220762,0,400,25,4.29080579158037,14.4814695465837,0.154024872508472,0.442821508461856,0.01375,0.011,0.01375,0.01375,0,0,0,0
21/06/2012,0.00380600057696355,0.1,12.0698679702651,6.0355163295787,296.262495764978,0,1.64359444431817,6.5743777772727,0.379437783032642,0,400,25,4.3829185181818,14.7923499988636,0.159763277066375,0.459319421565829,0.01375,0.011,0.01375,0.01375,0,0,0,0
22/06/2012,0.00325957737225861,0.1,11.9783622185626,6.00258601214324,297.579336143113,0,1.69460214688544,6.77840858754176,0.396314795639484,0,400,25,4.51893905836118,15.251419321969,0.166869387637678,0.479749489458323,0.01375,0.011,0.01375,0.01375,0,0,0,0
23/06/2012,0.00280027340993644,0.1,11.8886389994256,6.00015804465235,298.891342691233,0,1.74986143180895,6.9994457272358,0.414393051907277,0,400,25,4.66629715149053,15.7487528862805,0.17448128501359,0.501633694414072,0.01375,0.011,0.01375,0.01375,0,0,0,0
24/06/2012,0.0024628175093541,0.1,11.8007248728309,6,300.198127027558,0,1.80234128097583,7.20936512390333,0.431548732091639,0,400,25,4.80624341593555,16.2210715287825,0.181704729301743,0.52240109674251,0.01375,0.011,0.01375,0.01375,0,0,0,0
25/06/2012,0.00216465363408614,0.1,11.7146458632257,6,301.499302316194,0,1.85733703838384,7.42934815353534,0.449525839889524,0,400,25,4.95289876902356,16.7160333454545,0.189274037848221,0.544162858813635,0.01375,0.011,0.01375,0.01375,0,0,0,0
26/06/2012,0.00193816467738022,0.1,11.6304274518233,6,302.794483381644,0,1.90793700816267,7.6317480326507,0.466066045064542,0,400,25,5.08783202176713,17.1714330734641,0.196238334764018,0.564185212446552,0.01375,0.011,0.01375,0.01375,0,0,0,0
27/06/2012,0.00202782652640252,0.1,11.5480945690608,6,304.083286822828,0,2.1522900747451,8.60916029898042,0.49903641483181,0,400,25,5.73944019932028,19.3706106727059,0.210120595718657,0.604096712691138,0.01375,0.011,0.01375,0.01375,0,0,0,0
28/06/2012,0.00157731467917705,0.1,11.4676715872185,6,305.365331126578,0,2.00759262079939,8.03037048319754,0.498641643173747,0,400,25,5.3535803221317,18.0683335871945,0.209954376073157,0.603618831210325,0.01375,0.011,0.01375,0.01375,0,0,0,0
29/06/2012,0.00143580922004588,0.1,11.3891823132057,6,306.640236780576,0,2.05555713827498,8.22222855309992,0.514320367165769,0,400,25,5.48148570206661,18.5000142444748,0.216555944069797,0.622598339200668,0.01375,0.011,0.01375,0.01375,0,0,0,0
30/06/2012,0.00133030759862436,0.1,11.3126499815131,6,307.907626385693,0,2.09496670796406,8.37986683185622,0.527202635107144,0,400,25,5.58657788790415,18.8547003716765,0.221980056887219,0.638192663550754,0.01375,0.011,0.01375,0.01375,0,0,0,0
01/07/2012,0.00122737443984167,0.1,11.238097247335,6,309.167124767712,0,2.13787080744257,8.55148322977029,0.541227200958186,0,400,25,5.70098881984686,19.2408372669832,0.227885137245552,0.655169769580963,0.01375,0.011,0.01375,0.01375,0,0,0,0
02/07/2012,0.00116472083875931,0.1,11.1655461798626,6,310.418359088383,0,2.16365134112438,8.65460536449751,0.549654386161701,0,400,25,5.76973690966501,19.4728620701194,0.231433425752295,0.665371099037849,0.01375,0.011,0.01375,0.01375,0,0,0,0
03/07/2012,0.0011063349305534,0.1,11.0950182557516,6,311.660958955797,0,2.18877884606109,8.75511538424435,0.557868108205529,0,400,25,5.83674358949624,19.6990096145498,0.234891835033907,0.675314025722483,0.01375,0.011,0.01375,0.01375,0,0,0,0
04/07/2012,0.00105811055852638,0.1,11.026534352764,6,312.894556534024,0,2.20931241535648,8.83724966142593,0.564580156663378,0,400,25,5.89149977428395,19.8838117382083,0.23771796070037,0.683439137013563,0.01375,0.011,0.01375,0.01375,0,0,0,0
05/07/2012,0.00102226101679762,0.1,10.9601147435886,6,314.118786652004,0,2.22273901448753,8.89095605795011,0.56896906648686,0,400,25,5.92730403863341,20.0046511303877,0.239565922731309,0.688752027852515,0.01375,0.011,0.01375,0.01375,0,0,0,0
06/07/2012,0.00263665358580947,0.1,10.8957790898389,26.9182693135308,315.333286911643,0,5.65191123576702,22.6076449430681,1.65091491238462,0,400,25,15.0717632953787,50.8672011219032,0.695122068372471,1.99847594657085,0.01375,0.011,0.01375,0.01375,0,0,0,0
07/07/2012,0.00227736023649118,0.1,10.8335464362339,25.0518529287166,316.53769779509,0,5.06093800785683,20.2437520314273,1.45259184672341,0,400,25,13.4958346876182,45.5484420707115,0.611617619673016,1.75840065655992,0.01375,0.011,0.01375,0.01375,0,0,0,0
08/07/2012,0.000962438240906425,0.1,10.7734352049594,6,317.731662771168,0,2.23163950160056,8.92655800640225,0.571878473027035,0,400,25,5.95103867093483,20.0847555144051,0.240790936011383,0.692273941032727,0.01375,0.011,0.01375,0.01375,0,0,0,0
09/07/2012,0.000942561206360921,0.1,10.7154631902157,6,318.914828400906,0,2.23523168920511,8.94092675682045,0.573052693491317,0,400,25,5.9606178378803,20.117085202846,0.241285344627923,0.693695365805279,0.01375,0.011,0.01375,0.01375,0,0,0,0
10/07/2012,0.0009131964901648,0.1,10.6596475529492,6,320.086844442171,0,2.24690354382201,8.98761417528805,0.576868009409101,0,400,25,5.99174278352537,20.2221318943981,0.242891793435411,0.698313906126806,0.01375,0.011,0.01375,0.01375,0,0,0,0
11/07/2012,0.0150779895398869,0.1,10.6060048157731,37.9029489545391,321.247363953343,0,7.4408841922185,29.763536768874,2.21504338898408,0,400,25,19.842357845916,66.9679577299665,0.932649847993298,2.68136831298073,0.01375,0.011,0.01375,0.01375,0,0,0,0
12/07/2012,0.0182221220027386,0.1,10.5545508580758,36.0233435239451,322.396043396021,0,6.81089261674968,27.2435704669987,2.03104173378444,0,400,25,18.1623803113325,61.2980335507471,0.855175466856608,2.45862946721275,0.01375,0.011,0.01375,0.01375,0,0,0,0
13/07/2012,0.00321541845015596,0.1,10.5053009113207,30.5945781350085,323.532542736714,0,6.05611405860245,24.2244562344098,1.77001815109809,0,400,25,16.1496374896065,54.505026527422,0.745270800462355,2.14265355132927,0.01375,0.011,0.01375,0.01375,0,0,0,0
14/07/2012,0.00157381826124591,0.1,10.4582695545372,21.9773213325734,324.656525547499,0,4.67447472258817,18.6978988903527,1.33435616065312,0,400,25,12.4652659269018,42.0702725032935,0.561834172906579,1.61527324710641,0.01375,0.011,0.01375,0.01375,0,0,0,0
15/07/2012,0.000831552204912619,0.1,10.4134707100049,6,325.767659105614,0,2.26058424221305,9.04233696885221,0.581339979635849,0,400,25,6.02822464590147,20.3452581799175,0.244774728267726,0.703727343769712,0.01375,0.011,0.01375,0.01375,0,0,0,0
16/07/2012,0.000844354062510584,0.1,10.3709176391324,6,326.865614491947,0,2.23855580072236,8.95422320288944,0.574139284782977,0,400,25,5.96948213525963,20.1470022065012,0.241742856750727,0.695010713158341,0.01375,0.011,0.01375,0.01375,0,0,0,0
17/07/2012,0.000812386035198896,0.1,10.3306229385318,6,327.950066688404,0,2.25664773879196,9.02659095516784,0.580053208625083,0,400,25,6.01772730344523,20.3098296491276,0.244232929947403,0.702169673598785,0.01375,0.011,0.01375,0.01375,0,0,0,0
18/07/2012,0.000805806637066476,0.1,10.2925985362894,6,329.020694674121,0,2.25226485709974,9.00905942839897,0.57862052471709,0,400,25,6.00603961893265,20.2703837138977,0.243629694617722,0.700435372025951,0.01375,0.011,0.01375,0.01375,0,0,0,0
19/07/2012,0.000816244667542667,0.1,10.2568556884352,6,330.077181520497,0,2.23262205915207,8.93048823660829,0.572199653129894,0,400,25,5.95365882440553,20.0935985323686,0.240926169738903,0.692662737999345,0.01375,0.011,0.01375,0.01375,0,0,0,0
20/07/2012,0.00081054172209476,0.1,10.2234049756106,6,331.119214485005,0,2.22779436033108,8.9111774413243,0.570621566633568,0,400,25,5.94078496088287,20.0501492429797,0.240261712266766,0.690752422766951,0.01375,0.011,0.01375,0.01375,0,0,0,0
21/07/2012,0.000801033065500298,0.1,10.1922562999366,6,332.146485103776,0,2.22652877933539,8.90611511734156,0.570207871340355,0,400,25,5.93741007822771,20.0387590140185,0.240087524774886,0.690251633727798,0.01375,0.011,0.01375,0.01375,0,0,0,0
22/07/2012,0.000783529018894412,0.1,10.1634188820821,6,333.158689282906,0,2.23277948357623,8.93111793430492,0.5722511122965,0,400,25,5.95407862286995,20.0950153521861,0.240947836756421,0.692725030674711,0.01375,0.011,0.01375,0.01375,0,0,0,0
23/07/2012,0.00309865311054577,0.1,10.1369012585347,30.9401816828718,334.155527388481,0,6.30362720029987,25.2145088011995,1.85650210557875,0,400,25,16.809672534133,56.7326448026988,0.78168509708579,2.24734465412165,0.01375,0.011,0.01375,0.01375,0,0,0,0
24/07/2012,0.00263163323179153,0.1,10.1127112790737,29.1549757392073,335.136704335266,0,5.65316647790324,22.612665911613,1.63657490546149,0,400,25,15.075110607742,50.8784983011291,0.689084170720625,1.9811169908218,0.01375,0.011,0.01375,0.01375,0,0,0,0
25/07/2012,0.000769455698902742,0.1,10.0908561044464,6,336.101929674065,0,2.21717666701043,8.86870666804173,0.567150836773917,0,400,25,5.91247111202782,19.9545900030939,0.23880035232586,0.686551012936847,0.01375,0.011,0.01375,0.01375,0,0,0,0
26/07/2012,0.000785744964622824,0.1,10.0713422042482,6,337.050917677694,0,2.19334860715518,8.77339442862071,0.55936187957392,0,400,25,5.84892961908047,19.7401374643966,0.235520791399545,0.677122275273692,0.01375,0.011,0.01375,0.01375,0,0,0,0
27/07/2012,0.00720919949231483,0.1,10.0541753550077,36.1818140756438,337.983387425568,0,7.16244442463045,28.6497776985218,2.1274823412132,0,400,25,19.0998517990145,64.4619998216741,0.895782038405557,2.57537336041598,0.01375,0.011,0.01375,0.01375,0,0,0,0
28/07/2012,0.0058529261496709,0.1,10.0393606384765,35.2381065355847,338.899062886852,0,6.56886767305907,26.2754706922363,1.92190885440885,0,400,25,17.5169804614909,59.1198090575317,0.809224780803725,2.32652124481071,0.01375,0.011,0.01375,0.01375,0,0,0,0
29/07/2012,0.000760832723991114,0.1,10.0269024401251,6,339.797673002179,0,2.1885004225896,8.7540016903584,0.557777096662161,0,400,25,5.8360011269056,19.6965038033064,0.234853514384068,0.675203853854195,0.01375,0.011,0.01375,0.01375,0,0,0,0
30/07/2012,0.00117333781848627,0.1,10.0168044478446,18.2143932806997,340.678951763886,0,4.22758721102749,16.9103488441099,1.20179609699035,0,400,25,11.2735658960733,38.0482848992474,0.506019409259094,1.4548058016199,0.01375,0.011,0.01375,0.01375,0,0,0,0
31/07/2012,0.00110141940388197,0.1,10.0090696508551,16.2329747388523,341.542638294759,0,3.72636215238825,14.905448609553,1.03707930606277,0,400,25,9.93696573970201,33.5372593714943,0.436664970973796,1.25541179154966,0.01375,0.011,0.01375,0.01375,0,0,0,0
01/08/2012,0.000736616654457148,0.1,10.0037003388204,6,342.388476925256,0,2.18383446680227,8.73533786720909,0.556251881006948,0,400,25,5.82355857813939,19.6545102012205,0.234211318318715,0.673357540166306,0.01375,0.011,0.01375,0.01375,0,0,0,0
02/08/2012,0.000741063171977494,0.1,10.000698101171,6,343.216217269194,0,2.17102164320554,8.68408657282215,0.552063603186081,0,400,25,5.7893910485481,19.5391947888499,0.232447832920455,0.668287519646308,0.01375,0.011,0.01375,0.01375,0,0,0,0
03/08/2012,0.000737289260734229,0.1,10.0000638266329,6,344.025614297865,0,2.16573054510802,8.66292218043209,0.550334039937,0,400,25,5.77528145362139,19.4915749059722,0.231719595762947,0.666193837818473,0.01375,0.011,0.01375,0.01375,0,0,0,0
04/08/2012,0.000737693877822042,0.1,10.0017977029648,6,344.816428412574,0,2.15678113792822,8.62712455171289,0.547408642321237,0,400,25,5.75141636780859,19.411030241354,0.230487849398416,0.662652567020445,0.01375,0.011,0.01375,0.01375,0,0,0,0
05/08/2012,0.000688526613915843,0.1,10.0058992169025,6,345.588425515561,0,2.19410361644054,8.77641446576216,0.55960867830806,0,400,25,5.85094297717478,19.7469325479649,0.235624706656025,0.677421031636072,0.01375,0.011,0.01375,0.01375,0,0,0,0
06/08/2012,0.00069314409489222,0.1,10.0123671543109,6,346.341377079302,0,2.18058315841479,8.72233263365917,0.555189087727601,0,400,25,5.81488842243945,19.6252484257331,0.233763826411621,0.672071000933411,0.01375,0.011,0.01375,0.01375,0,0,0,0
07/08/2012,0.00071433449958927,0.1,10.0211996005432,6,347.075060214155,0,2.15200834955541,8.60803339822165,0.545848505046685,0,400,25,5.73868893214777,19.3680751459987,0.229830949493341,0.660763979793355,0.01375,0.011,0.01375,0.01375,0,0,0,0
08/08/2012,0.000681811358753458,0.1,10.032393941008,6,347.789257734344,0,2.17388949183117,8.69555796732468,0.55300105047876,0,400,25,5.79703864488312,19.5650054264805,0.232842547570004,0.669422324263763,0.01375,0.011,0.01375,0.01375,0,0,0,0
09/08/2012,0.000657588692985551,0.1,10.0459468619428,6,348.483758222246,0,2.18933110275852,8.75732441103409,0.558048630824906,0,400,25,5.83821627402273,19.7039799248267,0.234967844557855,0.675532553103833,0.01375,0.011,0.01375,0.01375,0,0,0,0
10/08/2012,0.000637530704197579,0.1,10.0618543513956,6,349.15835609098,0,2.20148039371411,8.80592157485643,0.562020011954473,0,400,25,5.87061438323762,19.813323543427,0.236640005033462,0.680340014471204,0.01375,0.011,0.01375,0.01375,0,0,0,0
11/08/2012,0.000654711233770033,0.1,10.0801117004118,6,349.812851645262,0,2.17425539727324,8.69702158909296,0.553120658279179,0,400,25,5.79801439272864,19.5682985754592,0.232892908749128,0.669567112653743,0.01375,0.011,0.01375,0.01375,0,0,0,0
12/08/2012,0.00069259173916065,0.1,10.1007135044287,6,350.447051140518,0,2.12932624694139,8.51730498776555,0.53843414032124,0,400,25,5.67820332517703,19.1639362224725,0.226709111714206,0.651788696178343,0.01375,0.011,0.01375,0.01375,0,0,0,0
13/08/2012,0.000693235373444064,0.1,10.1236536648752,6,351.06076684024,0,2.12047063799255,8.48188255197022,0.535539403632589,0,400,25,5.65458836798015,19.084235741933,0.225490275213722,0.64828454123945,0.01375,0.011,0.01375,0.01375,0,0,0,0
14/08/2012,0.000691738246650545,0.1,10.1489253909769,6,351.653817071558,0,2.11561876596254,8.46247506385017,0.533953415356112,0,400,25,5.64165004256678,19.0405688936629,0.224822490676258,0.646364660694241,0.01375,0.011,0.01375,0.01375,0,0,0,0
15/08/2012,0.000673336997400306,0.1,10.1765212017667,6,352.226026279017,0,2.12636988115244,8.50547952460975,0.537467758385927,0,400,25,5.67031968307317,19.1373289303719,0.226302214057233,0.650618865414544,0.01375,0.011,0.01375,0.01375,0,0,0,0
16/08/2012,0.000667369515566322,0.1,10.206432928299,6,352.777225076551,0,2.12604361190789,8.50417444763158,0.537361106933947,0,400,25,5.66944963175438,19.134392507171,0.226257308182715,0.650489761025305,0.01375,0.011,0.01375,0.01375,0,0,0,0
17/08/2012,0.000593193783925565,0.1,10.2386517160679,6,353.307250297619,0,2.19925818422607,8.79703273690429,0.561293612293868,0,400,25,5.86468849126952,19.7933236580346,0.236334152544786,0.679460688566261,0.01375,0.011,0.01375,0.01375,0,0,0,0
18/08/2012,0.000627867881805071,0.1,10.2731680276286,6,353.815945043506,0,2.15571953039261,8.62287812157042,0.547061622223574,0,400,25,5.74858541438028,19.4014757735335,0.230341735673084,0.662232490060116,0.01375,0.011,0.01375,0.01375,0,0,0,0
19/08/2012,0.000642566008671437,0.1,10.3099716454204,6,354.303158729775,0,2.13510344742563,8.54041378970252,0.540322601554799,0,400,25,5.69360919313501,19.2159310268307,0.227504253286231,0.654074728197914,0.01375,0.011,0.01375,0.01375,0,0,0,0
20/08/2012,0.000649425567237077,0.1,10.3490516747915,6,354.768747130835,0,2.12242795414657,8.48971181658627,0.536179214504439,0,400,25,5.65980787772418,19.1018515873191,0.225759669265027,0.649059049136952,0.01375,0.011,0.01375,0.01375,0,0,0,0
21/08/2012,0.000618353023392066,0.1,10.3903965472238,6,355.212572422639,0,2.14789179141206,8.59156716564826,0.544502877438536,0,400,25,5.72771144376551,19.3310261227086,0.229264369447805,0.659135062162439,0.01375,0.011,0.01375,0.01375,0,0,0,0
22/08/2012,0.000578056011176584,0.1,10.4339940237578,6,355.634503223483,0,2.18791688346106,8.75166753384422,0.557586348387884,0,400,25,5.83444502256282,19.6912519511495,0.234773199321214,0.674972948048492,0.01375,0.011,0.01375,0.01375,0,0,0,0
23/08/2012,0.00126782917697821,0.1,10.4798311986152,25.134736340596,356.034414632895,0,5.45297404280924,21.811896171237,1.59075433063289,0,400,25,14.541264114158,49.0767663852831,0.669791297108584,1.92564997918718,0.01375,0.011,0.01375,0.01375,0,0,0,0
24/08/2012,0.00509504474495706,0.1,10.5278945030197,35.70406965204,356.412188268613,0,7.05099729543522,28.2039891817409,2.09102473561608,0,400,25,18.8026594544939,63.458975658917,0.880431467627823,2.53124046942999,0.01375,0.011,0.01375,0.01375,0,0,0,0
25/08/2012,0.00366787450277912,0.1,10.5781697092131,33.9554477431042,356.767712301624,0,6.41075797597118,25.6430319038847,1.87441432897837,0,400,25,17.0953546025898,57.6968217837406,0.78922708588563,2.26902787192119,0.01375,0.011,0.01375,0.01375,0,0,0,0
26/08/2012,0.0005666567870852,0.1,10.6306419346675,6,357.10088148927,0,2.18257386196748,8.73029544786993,0.55583981232977,0,400,25,5.82019696524662,19.6431647577073,0.234037815717798,0.672858720188669,0.01375,0.011,0.01375,0.01375,0,0,0,0
27/08/2012,0.000581986079971199,0.1,10.6852956464909,6,357.4115972064,0,2.15856825535248,8.63427302140991,0.547992818339489,0,400,25,5.75618201427328,19.4271142981723,0.230733818248206,0.663359727463592,0.01375,0.011,0.01375,0.01375,0,0,0,0
28/08/2012,0.000576652650718326,0.1,10.7421146660246,6,357.69976747457,0,2.15843117247092,8.63372468988367,0.547948008451323,0,400,25,5.75581645992245,19.4258805522383,0.230714950926873,0.66330548391476,0.01375,0.011,0.01375,0.01375,0,0,0,0
29/08/2012,0.000562859375731526,0.1,10.8010821736331,6,357.965306989265,0,2.16841197908249,8.67364791632998,0.551210551687795,0,400,25,5.78243194421999,19.5157078117425,0.23208865334223,0.66725487835891,0.01375,0.011,0.01375,0.01375,0,0,0,0
30/08/2012,0.000476839780619441,0.1,10.862180713683,6,358.208137145153,0,2.28348028718369,9.13392114873477,0.588824278206896,0,400,25,6.08928076582318,20.5513225846532,0.247926011876588,0.71278728414519,0.01375,0.011,0.01375,0.01375,0,0,0,0
31/08/2012,0.000537204823557683,0.1,10.9253921997097,6,358.428186059355,0,2.19045300591335,8.76181202365339,0.558415360458311,0,400,25,5.84120801576893,19.7140770532201,0.235122257035078,0.67597648897585,0.01375,0.011,0.01375,0.01375,0,0,0,0
01/09/2012,0.0014354744570194,0.1,10.9906979197721,26.0712384770555,358.625388592724,0,5.51010934587136,22.0404373834854,1.6067389663835,0,400,25,14.6936249223236,49.5909841128422,0.676521670056212,1.94499980141161,0.01375,0.011,0.01375,0.01375,0,0,0,0
02/09/2012,0.00123228608366108,0.1,11.0580785419912,23.9896553636446,358.799686369124,0,4.92286605598157,19.6914642239263,1.41127536046202,0,400,25,13.1276428159509,44.3057945038342,0.594221204405063,1.70838596266456,0.01375,0.011,0.01375,0.01375,0,0,0,0
03/09/2012,0.000521397624187185,0.1,11.1275141202729,6,358.951027792715,0,2.19217363601031,8.76869454404125,0.558977802984631,0,400,25,5.84579636269417,19.7295627240928,0.235359074940897,0.676657340455079,0.01375,0.011,0.01375,0.01375,0,0,0,0
04/09/2012,0.000490466987381782,0.1,11.1989841002127,6,359.079368063225,0,2.23003158447379,8.92012633789514,0.571352874310325,0,400,25,5.9467508919301,20.0702842602641,0.240569631288558,0.691637689954604,0.01375,0.011,0.01375,0.01375,0,0,0,0
05/09/2012,0.000332053544992423,0.1,11.2724673251798,6,359.184669189209,0,2.57410086335896,10.2964034534358,0.683822832139456,0,400,25,6.86426896895721,23.1669077702306,0.287925403006087,0.827785533642499,0.01375,0.011,0.01375,0.01375,0,0,0,0
06/09/2012,0.000335314264085274,0.1,11.3479420425803,6,359.2668999993,0,2.56204580932463,10.2481832372985,0.679882255336837,0,400,25,6.83212215819901,23.0584122839216,0.286266212773405,0.823015361723539,0.01375,0.011,0.01375,0.01375,0,0,0,0
07/09/2012,0.000432042999723567,0.1,11.4253859102962,6,359.326036151433,0,2.320819323839,9.28327729535599,0.601029726747986,0,400,25,6.18885153023733,20.887373914551,0.253065148104415,0.727562300800193,0.01375,0.011,0.01375,0.01375,0,0,0,0
08/09/2012,0.00044664048119221,0.1,11.5047760032994,6,359.362060140052,0,2.28873824276819,9.15495297107276,0.590543007774302,0,400,25,6.10330198071517,20.5986441849137,0.248649687483917,0.714867851516261,0.01375,0.011,0.01375,0.01375,0,0,0,0
09/09/2012,0.000453324648875176,0.1,11.5860888204375,6,359.374961301293,0,2.27142501488059,9.08570005952234,0.584883630056203,0,400,25,6.05713337301489,20.4428251339253,0.246266791602612,0.708017025857509,0.01375,0.011,0.01375,0.01375,0,0,0,0
10/09/2012,0.000443460723406986,0.1,11.6693002913912,6,359.364735816136,0,2.28266075769318,9.13064303077272,0.588556388997095,0,400,25,6.08709535384848,20.5439468192386,0.247813216419829,0.712462997207009,0.01375,0.011,0.01375,0.01375,0,0,0,0
11/09/2012,0.000480024904492988,0.1,11.7543857837993,6,359.331386711544,0,2.21704617984137,8.86818471936549,0.5671081829036,0,400,25,5.91212314624366,19.9534156185723,0.238782392801516,0.686499379304358,0.01375,0.011,0.01375,0.01375,0,0,0,0
12/09/2012,0.000420440180921197,0.1,11.8413201105505,6,359.274923859559,0,2.31204589463829,9.24818357855317,0.598161853116787,0,400,25,6.16545571903544,20.8084130517446,0.251857622364963,0.724090664299268,0.01375,0.011,0.01375,0.01375,0,0,0,0
13/09/2012,0.000494840538183889,0.1,11.9300775372393,6,359.195363974383,0,2.18403680136314,8.73614720545256,0.556318020476307,0,400,25,5.82409813696837,19.6563312122683,0.23423916651634,0.673437603734477,0.01375,0.011,0.01375,0.01375,0,0,0,0
14/09/2012,0.00272687847007487,0.1,12.0206317897838,33.7809795344822,359.09273060743,0,6.82403483747051,27.296139349882,2.02268082487963,0,400,25,18.1974262332547,61.4163135372346,0.851655084159844,2.44850836695955,0.01375,0.011,0.01375,0.01375,0,0,0,0
15/09/2012,0.00225582987284564,0.1,12.1129560622039,32.1691079278853,358.967054140356,0,6.173939474244,24.695757896976,1.80179065159316,0,400,25,16.463838597984,55.565455268196,0.758648695407648,2.18111499929699,0.01375,0.011,0.01375,0.01375,0,0,0,0
16/09/2012,0.000434820121742981,0.1,12.2070230245555,6,358.818371776061,0,2.25772070434684,9.03088281738736,0.580403941451624,0,400,25,6.02058854492491,20.3194863391216,0.244380606927,0.702594244915124,0.01375,0.011,0.01375,0.01375,0,0,0,0
17/09/2012,0.000459614341392934,0.1,12.3028048310218,6,358.646727527679,0,2.21018957444575,8.84075829778299,0.564866883935569,0,400,25,5.89383886518866,19.8917061700117,0.237838687972871,0.683786227922004,0.01375,0.011,0.01375,0.01375,0,0,0,0
18/09/2012,0.00491554740093426,0.1,12.4002731281556,36.47003189159,358.452172205552,0,7.23611372831089,28.9444549132436,2.15181403977187,0,400,25,19.2963032754957,65.125023554798,0.906026964114473,2.60482752182911,0.01375,0.011,0.01375,0.01375,0,0,0,0
19/09/2012,0.00722246866294798,0.1,12.4993990632724,37.5276337641478,358.234763402183,0,7.16400178932605,28.6560071573042,2.11883079123717,0,400,25,19.1040047715361,64.4760161039345,0.892139280520916,2.56490043149763,0.01375,0.011,0.01375,0.01375,0,0,0,0
20/09/2012,0.0030134827971396,0.1,12.600153292992,34.2395717205571,357.994565475191,0,6.46897191071053,25.8758876428421,1.89310347239818,0,400,25,17.2505917618947,58.2207471963947,0.797096198904495,2.29165157185042,0.01375,0.011,0.01375,0.01375,0,0,0,0
21/09/2012,0.000969057730261067,0.1,12.7025059919243,24.1164023439975,357.73164952826,0,5.24961178517808,20.9984471407123,1.5257097609456,0,400,25,13.9989647604749,47.2465060666027,0.642404109871831,1.84691181588151,0.01375,0.011,0.01375,0.01375,0,0,0,0
22/09/2012,0.000819914897337024,0.1,12.8064268614986,22.0370315558766,357.446093390089,0,4.73421649101003,18.9368659640401,1.35533108286868,0,400,25,12.6245773093601,42.6079484190903,0.570665719102601,1.64066394241998,0.01375,0.011,0.01375,0.01375,0,0,0,0
23/09/2012,0.000322293879931204,0.1,12.9118851389321,6,357.137981591355,0,2.45475377047146,9.81901508188583,0.644810449088058,0,400,25,6.54601005459055,22.0927839342431,0.27149913645813,0.780560017317123,0.01375,0.011,0.01375,0.01375,0,0,0,0
24/09/2012,0.000359019144894858,0.1,13.0188496063369,6,356.807405339689,0,2.35060000615407,9.40240002461627,0.610764487418718,0,400,25,6.26826668307752,21.1554000553866,0.257163994702618,0.739346484770028,0.01375,0.011,0.01375,0.01375,0,0,0,0
25/09/2012,0.000392125030263688,0.1,13.1272885999607,6,356.454462492675,0,2.27205122010243,9.08820488040973,0.585088325096463,0,400,25,6.05880325360649,20.4484609809219,0.246352978987985,0.708264814590456,0.01375,0.011,0.01375,0.01375,0,0,0,0
26/09/2012,0.000354476901448778,0.1,13.2371700195604,6,356.079257528887,0,2.34625360859983,9.38501443439932,0.609343729508516,0,400,25,6.25667628959955,21.1162824773985,0.256565780845691,0.737626619931361,0.01375,0.011,0.01375,0.01375,0,0,0,0
27/09/2012,0.000324752275346305,0.1,13.3484613379039,6,355.681901516956,0,2.41619978721421,9.66479914885684,0.632207856711496,0,400,25,6.44319943257123,21.7457980849279,0.266192781773261,0.765304247598127,0.01375,0.011,0.01375,0.01375,0,0,0,0
28/09/2012,0.000265340217846165,0.1,13.4611296103994,6,355.262512082693,0,2.61340391855432,10.4536156742173,0.696670282439874,0,400,25,6.96907711614484,23.5206352669888,0.293334855764158,0.843337710321953,0.01375,0.011,0.01375,0.01375,0,0,0,0
29/09/2012,0.00501811157614577,0.1,13.5751414848473,37.0250400095821,354.82121337427,0,7.36099778727847,29.4439911491139,2.19243140051428,0,400,25,19.6293274327426,66.2489800855063,0.923129010742854,2.6539959058857,0.01375,0.011,0.01375,0.01375,0,0,0,0
30/09/2012,0.00404147903455022,0.1,13.6904632113135,36.099581987184,354.35813602547,0,6.76529255807197,27.0611702322879,1.98609413205274,0,400,25,18.0407801548586,60.8876330226478,0.836250160864313,2.4042192124849,0.01375,0.011,0.01375,0.01375,0,0,0,0
01/10/2012,0.000343669435811333,0.1,13.8070606521197,6,353.873417117015,0,2.33878246232688,9.3551298493075,0.606901548361227,0,400,25,6.23675323287167,21.0490421609419,0.255537494046833,0.734670295384644,0.01375,0.011,0.01375,0.01375,0,0,0,0
02/10/2012,0.000327212345941289,0.1,13.9248992919492,6,353.367200135988,0,2.3727622838534,9.49104913541361,0.618008930881726,0,400,25,6.32736609027574,21.3548605546806,0.260214286687043,0.748116074225248,0.01375,0.011,0.01375,0.01375,0,0,0,0
03/10/2012,0.000272939014764045,0.1,14.0439442480639,6,352.839634933357,0,2.53714839667538,10.1485935867015,0.671743746255793,0,400,25,6.76572905780102,22.8343355700784,0.282839472107702,0.813163482309644,0.01375,0.011,0.01375,0.01375,0,0,0,0
04/10/2012,0.000188770324836286,0.1,14.1641602806307,6,352.290877679617,0,2.98880159888829,11.9552063955532,0.819380922032916,0,400,25,7.97013759703545,26.8992143899946,0.345002493487544,0.991882168776688,0.01375,0.011,0.01375,0.01375,0,0,0,0
05/10/2012,0.000241773401374021,0.1,14.2855118031529,6,351.721090818561,0,2.65599370629215,10.6239748251686,0.710592105528372,0,400,25,7.08264988344574,23.9039433566294,0.299196676011946,0.860190443534345,0.01375,0.011,0.01375,0.01375,0,0,0,0
06/10/2012,0.000833119745625652,0.1,14.4079628930047,23.0473512013963,351.13044301919,0,5.03996576349136,20.1598630539654,1.45880050803895,0,400,25,13.4399087026436,45.3596918714223,0.614231792858505,1.7659164044682,0.01375,0.011,0.01375,0.01375,0,0,0,0
07/10/2012,0.00639202524340973,0.1,14.5314773020651,37.8102212367237,350.519109125787,0,7.46624849124044,29.8649939649618,2.22469694040571,0,400,25,19.9099959766412,67.196236421164,0.936714501223455,2.69305419101743,0.01375,0.011,0.01375,0.01375,0,0,0,0
08/10/2012,0.00490190795831491,0.1,14.6560184674478,36.9106920512958,349.887270106158,0,6.85957513975854,27.4383005590342,2.01427641154529,0,400,25,18.2922003726894,61.7361762578268,0.848116383808543,2.43833460344956,0.01375,0.011,0.01375,0.01375,0,0,0,0
09/10/2012,0.000655173184526047,0.1,14.7815495223251,21.5568628993508,349.235112998059,0,4.89320288210032,19.5728115284013,1.41425714721305,0,400,25,13.0485410189342,44.0388259389029,0.595476693563391,1.71199549399475,0.01375,0.011,0.01375,0.01375,0,0,0,0
10/10/2012,0.000515629016680889,0.1,14.908033306841,19.941286864024,348.562830853834,0,4.60682357591991,18.4272943036796,1.32013019500683,0,400,25,12.2848628691197,41.4614121832792,0.555844292634454,1.59805234132406,0.01375,0.011,0.01375,0.01375,0,0,0,0
11/10/2012,0.0023334980727057,0.1,15.0354323791111,33.9953849702311,347.870622683264,0,6.83824729042105,27.3529891616842,2.02656392935946,0,400,25,18.2353261077895,61.5442256137895,0.853290075519775,2.45320896711935,0.01375,0.011,0.01375,0.01375,0,0,0,0
12/10/2012,0.0142760850931137,0.1,15.1637090263067,38.9294415587346,347.158693394657,0,7.55318746353791,30.2127498541516,2.24827623845397,0,400,25,20.1418332361011,67.9786871718412,0.946642626717461,2.7215975518127,0.01375,0.011,0.01375,0.01375,0,0,0,0
13/10/2012,0.026671101431343,0.1,15.292825275818,39.4266158548147,346.427253734189,0,7.50312016365222,30.0124806546089,2.22690504192613,0,400,25,20.0083204364059,67.52808147287,0.937644228179423,2.69572715601584,0.01375,0.011,0.01375,0.01375,0,0,0,0
14/10/2012,0.0138492865835485,0.1,15.4227429064953,38.911474907827,345.676520223521,0,7.13426955516371,28.5370782206548,2.09863374200873,0,400,25,19.0247188137699,64.2084259964734,0.883635259793149,2.5404513719053,0.01375,0.011,0.01375,0.01375,0,0,0,0
15/10/2012,0.00159858765950583,0.1,15.553423459963,12.6195177779658,344.906715095704,0,2.41735992494142,9.66943969976566,0.617218292174771,0,400,25,6.44629313317711,21.7562393244727,0.259881386178851,0.747158985264196,0.01375,0.011,0.01375,0.01375,0,0,0,0
16/10/2012,0.000995687041413916,0.1,15.6848282520041,6,344.11806622939,0,1.22984068825907,4.91936275303626,0.244408753397126,0,400,25,3.27957516869084,11.0685661943316,0.10290894879879,0.295863227796521,0.01375,0.011,0.01375,0.01375,0,0,0,0
17/10/2012,0.000862351177385206,0.1,15.8169183840117,6,343.310807081381,0,1.30083684212833,5.20334736851333,0.267616098317833,0,400,25,3.46889824567555,11.707531579155,0.112680462449614,0.32395632954264,0.01375,0.011,0.01375,0.01375,0,0,0,0
18/10/2012,0.000792885798839165,0.1,15.9496547545038,6,342.485176617513,0,1.38139576379512,5.52558305518047,0.293949337228266,0,400,25,3.68372203678698,12.4325618741561,0.123768141990849,0.35583340822369,0.01375,0.011,0.01375,0.01375,0,0,0,0
19/10/2012,0.000657191558711226,0.1,16.0829980706979,6,341.641419241926,0,1.45009403185743,5.80037612742972,0.316405545283043,0,400,25,3.86691741828648,13.0508462867169,0.133223387487597,0.383017239026842,0.01375,0.011,0.01375,0.01375,0,0,0,0
20/10/2012,0.000561151858412923,0.1,16.2169088601428,6,340.779784724706,0,1.53882852444474,6.15531409777894,0.345411228881474,0,400,25,4.10354273185263,13.8494567200026,0.145436306897463,0.418129382330205,0.01375,0.011,0.01375,0.01375,0,0,0,0
21/10/2012,0.000367338191576142,0.1,16.3513474824032,6,339.900528127956,0,1.93761285448543,7.75045141794173,0.475766536765745,0,400,25,5.16696761196115,17.4385156903689,0.200322752322419,0.575927912926954,0.01375,0.011,0.01375,0.01375,0,0,0,0
22/10/2012,0.000273699599066145,0.1,16.486274140794,6,339.003909730285,0,2.3108410195028,9.24336407801118,0.597768001459593,0,400,25,6.16224271867412,20.7975691755252,0.25169179008825,0.723613896503718,0.01375,0.011,0.01375,0.01375,0,0,0,0
23/10/2012,0.000703243681845218,0.1,16.6216488941613,25.08777233182,338.090194949768,0,5.49599396690814,21.9839758676325,1.60559410771645,0,400,25,14.655983911755,49.4639457021732,0.676039624301665,1.94361391986729,0.01375,0.011,0.01375,0.01375,0,0,0,0
24/10/2012,0.000536005824127063,0.1,16.7574316687051,23.4547597862993,337.159654265367,0,5.19364508825573,20.7745803530229,1.50602410967847,0,400,25,13.8497202353486,46.7428057943016,0.634115414601459,1.8230818169792,0.01375,0.011,0.01375,0.01375,0,0,0,0
25/10/2012,0.000174925503087218,0.1,16.893582269843,6,336.212563136873,0,2.73523418955939,10.9409367582375,0.736494371026478,0,400,25,7.29395783882503,24.6171077060345,0.31010289306378,0.891545817558369,0.01375,0.011,0.01375,0.01375,0,0,0,0
26/10/2012,0.000270879944549112,0.1,17.0300603941077,6,335.249201923357,0,2.29221894544131,9.16887578176526,0.591680785852399,0,400,25,6.11258385451017,20.6299705089718,0.249128751937852,0.716245161821325,0.01375,0.011,0.01375,0.01375,0,0,0,0
27/10/2012,0.000159084293881991,0.1,17.1668256410784,6,334.269855800181,0,2.83534396697774,11.341375867911,0.769218427300866,0,400,25,7.56091724527398,25.5180957027997,0.323881443074049,0.93115914883789,0.01375,0.011,0.01375,0.01375,0,0,0,0
28/10/2012,0.000288427041628078,0.1,17.3038375253397,6,333.27481467458,0,2.23171525399913,8.92686101599653,0.571903235101407,0,400,25,5.95124067733102,20.0854372859922,0.240801362147961,0.692303916175387,0.01375,0.011,0.01375,0.01375,0,0,0,0
29/10/2012,0.000206197069349357,0.1,17.4410554884664,6,332.264373099842,0,2.51236028394244,10.0494411357698,0.663640965319434,0,400,25,6.69962742384651,22.611242555482,0.279427774871341,0.803354852755104,0.01375,0.011,0.01375,0.01375,0,0,0,0
30/10/2012,0.000206750822777984,0.1,17.5784389110296,6,331.238830188116,0,2.50107136614448,10.0042854645779,0.659950824447843,0,400,25,6.66952364305195,22.5096422953003,0.27787403134646,0.798887840121073,0.01375,0.011,0.01375,0.01375,0,0,0,0
31/10/2012,0.000153163274236797,0.1,17.7159471246209,6,330.198489521866,0,2.83927102450329,11.3570840980132,0.770502110621045,0,400,25,7.57138939867545,25.5534392205296,0.324421941314124,0.932713081278107,0.01375,0.011,0.01375,0.01375,0,0,0,0
01/11/2012,0.000124246639745483,0.1,17.853539423891,6,329.143659064006,0,3.13843212534984,12.5537285013994,0.868292405951529,0,400,25,8.36915233426623,28.2458891281485,0.365596802505907,1.05109080720448,0.01375,0.011,0.01375,0.01375,0,0,0,0
02/11/2012,0.000182784292179514,0.1,17.9911750785997,6,328.074651066735,0,2.60634075696066,10.4253630278426,0.694361464026463,0,400,25,6.95024201856175,23.4570668126459,0.292362721695353,0.84054282487414,0.01375,0.011,0.01375,0.01375,0,0,0,0
03/11/2012,0.000548041099413073,0.1,18.1288133456723,18.7370902940567,326.991781979106,0,4.27686639482995,17.1074655793198,1.21721927965971,0,400,25,11.4049770528799,38.4917975534696,0.51251338090935,1.47347597011438,0.01375,0.011,0.01375,0.01375,0,0,0,0
04/11/2012,0.000714846527489662,0.1,18.2664134812612,27.0873167096636,325.895372353347,0,5.77814310710519,23.1125724284208,1.6925634621023,0,400,25,15.4083816189472,52.0032879639467,0.712658299832547,2.04889261201857,0.01375,0.011,0.01375,0.01375,0,0,0,0
05/11/2012,0.000382566317076728,0.1,18.4039347528061,22.9292058891788,324.785746749974,0,5.32520576925778,21.3008230770311,1.55218897012203,0,400,25,14.2005487180207,47.92685192332,0.653553250577696,1.87896559541088,0.01375,0.011,0.01375,0.01375,0,0,0,0
06/11/2012,0.000364267180704122,0.1,18.5413364510926,22.3648407595817,323.663233641712,0,5.35650250242349,21.426010009694,1.56633978198263,0,400,25,14.2840066731293,48.2085225218114,0.659511487150582,1.89609552555792,0.01375,0.011,0.01375,0.01375,0,0,0,0
07/11/2012,0.000918322827955286,0.1,18.678577902302,27.5128134697363,322.528165316262,0,5.67421640123509,22.6968656049404,1.65575793584258,0,400,25,15.1312437366269,51.0679476111158,0.697161236144242,2.0043385539147,0.01375,0.011,0.01375,0.01375,0,0,0,0
08/11/2012,0.00243432596337973,0.1,18.8156184800527,35.5268123800231,321.380877777935,0,7.07165217577367,28.2866087030947,2.09941402951262,0,400,25,18.8577391353965,63.6448695819631,0.883963801900051,2.54139593046265,0.01375,0.011,0.01375,0.01375,0,0,0,0
09/11/2012,0.00378327220649925,0.1,18.9524176174254,37.1884897371541,320.221710648189,0,7.26905687666837,29.0762275066735,2.15850406724272,0,400,25,19.3841516711157,65.4215118900154,0.90884381778641,2.61292597613593,0.01375,0.011,0.01375,0.01375,0,0,0,0
10/11/2012,0.00191926269870251,0.1,19.0889348189725,34.3918961470248,319.05100706509,0,6.59100584144741,26.3640233657896,1.93548785442909,0,400,25,17.5760155771931,59.3190525730267,0.814942254496459,2.34295898167732,0.01375,0.011,0.01375,0.01375,0,0,0,0
11/11/2012,0.000165646884556751,0.1,19.2251296727055,6,317.869113581744,0,2.6114481307883,10.4457925231532,0.696030971170125,0,400,25,6.96386168210215,23.5030331770947,0.293065672071632,0.842563807205941,0.01375,0.011,0.01375,0.01375,0,0,0,0
12/11/2012,0.000104701742156309,0.1,19.3609618620575,6,316.676380063702,0,3.23843268819351,12.9537307527741,0.900980761977849,0,400,25,8.63582050184937,29.1458941937416,0.379360320832778,1.09066092239424,0.01375,0.011,0.01375,0.01375,0,0,0,0
13/11/2012,0.000126614634278606,0.1,19.496391177818,6,315.473159585395,0,2.92480822338724,11.699232893549,0.798462657353003,0,400,25,7.79948859569931,26.3232740104852,0.336194803096001,0.966560058901004,0.01375,0.011,0.01375,0.01375,0,0,0,0
14/11/2012,0.00179943146073229,0.1,19.6313775300357,34.0018386980255,314.259808325618,0,6.84771220234166,27.3908488093666,2.03014093708228,0,400,25,18.2605658729111,61.6294098210749,0.854796184034646,2.45753902909961,0.01375,0.011,0.01375,0.01375,0,0,0,0
15/11/2012,0.00182675038535681,0.1,19.7658809598859,34.4773319695534,313.036685462092,0,6.72239372454687,26.8895748981875,1.98172657056048,0,400,25,17.9263832654583,60.5015435209218,0.834411187604411,2.39893216436268,0.01375,0.011,0.01375,0.01375,0,0,0,0
16/11/2012,0.00128590013128293,0.1,19.899861651499,31.4514881520582,311.80415306514,0,6.2861159534661,25.1444638138644,1.84741618716811,0,400,25,16.7629758759096,56.5750435811949,0.77785944722868,2.23634591078246,0.01375,0.011,0.01375,0.01375,0,0,0,0
17/11/2012,0.0182972485176083,0.1,20.0332799437473,39.3520491311945,310.562575990505,0,7.67698775235809,30.7079510094324,2.2896209094084,0,400,25,20.4719673396216,69.0928897712229,0.964050909224591,2.7716463640207,0.01375,0.011,0.01375,0.01375,0,0,0,0
18/11/2012,0.0153864306465974,0.1,20.166096341985,39.2262795951795,309.31232177135,0,7.23791472101425,28.951658884057,2.13353930087352,0,400,25,19.3011059227047,65.1412324891282,0.898332337209904,2.58270546947848,0.01375,0.011,0.01375,0.01375,0,0,0,0
19/11/2012,0.0012958457059807,0.1,20.2982715297398,32.6536696022863,308.053760509454,0,6.37476335576093,25.4990534230437,1.86987206133004,0,400,25,16.9993689486958,57.3728702018484,0.787314552138966,2.26352933739953,0.01375,0.011,0.01375,0.01375,0,0,0,0
20/11/2012,0.00574875577594393,0.1,20.4297663803513,38.1681635755183,306.787264765657,0,7.54187957337536,30.1675182935015,2.24948615673402,0,400,25,20.1116788623343,67.8769161603783,0.94715206599327,2.72306218973065,0.01375,0.011,0.01375,0.01375,0,0,0,0
21/11/2012,0.00448524598767034,0.1,20.5605419685534,37.6378246290735,305.513209449576,0,7.04557294420611,28.1822917768244,2.07579170366694,0,400,25,18.788194517883,63.410156497855,0.87401755943871,2.51280048338629,0.01375,0.011,0.01375,0.01375,0,0,0,0
22/11/2012,0.00021243428538473,0.1,20.6905595819968,6,304.231971708621,0,2.25766733602404,9.03066934409614,0.58038649632245,0,400,25,6.02044622939743,20.3190060242163,0.244373261609453,0.702573127127176,0.01375,0.011,0.01375,0.01375,0,0,0,0
23/11/2012,0.000202362936817789,0.1,20.8197807327088,6,302.94393081635,0,2.28430233292824,9.13720933171296,0.589092989934147,0,400,25,6.09147288780864,20.5587209963542,0.248039153656483,0.713112566762388,0.01375,0.011,0.01375,0.01375,0,0,0,0
24/11/2012,7.60649688833618e-05,0.1,20.9481671684868,6,301.649468060202,0,3.55119283153348,14.2047713261339,1.00321633571478,0,400,25,9.46984755075594,31.9607354838013,0.422406878195698,1.21441977481263,0.01375,0.011,0.01375,0.01375,0,0,0,0
25/11/2012,5.55744669471343e-05,0.1,21.0756808842214,6,300.348966628621,0,3.85714285714286,15.4285714285714,1.10322580645161,0,400,25,10.2857142857143,34.7142857142857,0.464516129032258,1.33548387096774,0.01375,0.011,0.01375,0.01375,0,0,0,0
26/11/2012,0.000191482831438079,0.1,21.2022841331467,6,299.042811497628,0,2.29985879134415,9.1994351653766,0.594178111824938,0,400,25,6.13295677691773,20.6987291220973,0.2501802576105,0.719268240630188,0.01375,0.011,0.01375,0.01375,0,0,0,0
27/11/2012,0.000202023650949867,0.1,21.3279394380145,6,297.73138931686,0,2.24846378087262,8.99385512349049,0.577378022380483,0,400,25,5.99590341566033,20.2361740278536,0.243106535739151,0.698931290250058,0.01375,0.011,0.01375,0.01375,0,0,0,0
28/11/2012,0.0142604763749659,0.1,21.4526096021881,39.1941154873492,296.41508829511,0,7.64779908506842,30.5911963402737,2.28034978331653,0,400,25,20.3941308935158,68.8301917656158,0.960147277185908,2.76042342190949,0.01375,0.011,0.01375,0.01375,0,0,0,0
29/11/2012,0.0111407445498155,0.1,21.5762577206533,38.9985721293012,295.094298085414,0,7.16273232201167,28.6509292880467,2.10829934944816,0,400,25,19.1006195253645,64.4645908981051,0.88770498924133,2.55215184406883,0.01375,0.011,0.01375,0.01375,0,0,0,0
30/11/2012,8.12280198213569e-05,0.1,21.6988471909432,6,293.769409669701,0,3.2744414320295,13.097765728118,0.912751362113483,0,400,25,8.73184381874533,29.4699728882655,0.384316362995151,1.10490954361106,0.01375,0.011,0.01375,0.01375,0,0,0,0
01/12/2012,0.000730889402883438,0.1,21.8203417239731,32.5196199411805,292.440815243058,0,6.9259243214668,27.7036972858672,2.0631195265898,0,400,25,18.4691315239115,62.3333188932012,0.868681905932546,2.49746047955607,0.01375,0.011,0.01375,0.01375,0,0,0,0
02/12/2012,0.0006311520901796,0.1,21.9407053547832,29.0160921142672,291.108908097629,0,6.00451239439608,24.0180495775843,1.76019846746757,0,400,25,16.0120330517229,54.0406115495647,0.74113619682845,2.13076656588179,0.01375,0.011,0.01375,0.01375,0,0,0,0
03/12/2012,0.00184745813947611,0.1,22.0599024531845,35.013701858807,289.774082506192,0,7.03466178844902,28.1386471537961,2.09000200828475,0,400,25,18.7590981025307,63.3119560960412,0.880000845593577,2.53000243108153,0.01375,0.011,0.01375,0.01375,0,0,0,0
04/12/2012,0.00124494164276295,0.1,22.1778977343065,35.0908171331268,288.436733605447,0,7.06719720118821,28.2687888047528,2.09871173194835,0,400,25,18.8458592031686,63.6047748106939,0.883668097662463,2.54054578077958,0.01375,0.011,0.01375,0.01375,0,0,0,0
05/12/2012,4.06381560492421e-05,0.1,22.294656269042,6,287.097257279049,0,3.85714285714286,15.4285714285714,1.10322580645161,0,400,25,10.2857142857143,34.7142857142857,0.464516129032258,1.33548387096774,0.01375,0.011,0.01375,0.01375,0,0,0,0
06/12/2012,6.06754559135067e-05,0.1,22.4101434943871,6,285.756050040415,0,3.70230051381955,14.8092020552782,1.05261067487066,0,400,25,9.87280137018546,33.3207046243759,0.443204494682383,1.27421292221185,0.01375,0.011,0.01375,0.01375,0,0,0,0
07/12/2012,0.000178904927029216,0.1,22.5243252236724,6,284.413508915348,0,2.24079989914117,8.9631995965647,0.574872839534934,0,400,25,5.9754663977098,20.1671990922706,0.242051721909446,0.695898700489656,0.01375,0.011,0.01375,0.01375,0,0,0,0
08/12/2012,6.11066298980173e-05,0.1,22.637167656683,6,283.070031324511,0,3.62943721715174,14.517748868607,1.02879299509968,0,400,25,9.67849924573797,32.6649349543656,0.433175997936706,1.24538099406803,0.01375,0.011,0.01375,0.01375,0,0,0,0
09/12/2012,5.37054975756885e-05,0.1,22.7486373896641,6,281.726014965779,0,3.85714285714286,15.4285714285714,1.10322580645161,0,400,25,10.2857142857143,34.7142857142857,0.464516129032258,1.33548387096774,0.01375,0.011,0.01375,0.01375,0,0,0,0
10/12/2012,0.000106863953788062,0.1,22.8587014252095,6,280.381857696517,0,2.68957043971306,10.7582817588522,0.721567725915421,0,400,25,7.17218783923483,24.2061339574175,0.303817989859125,0.873476720844983,0.01375,0.011,0.01375,0.01375,0,0,0,0
11/12/2012,0.000196306695834406,0.1,22.9673271820289,6,279.037957415799,0,2.14101707800151,8.56406831200606,0.542255659291432,0,400,25,5.7093788746707,19.2691537020136,0.228318172333234,0.656414745458049,0.01375,0.011,0.01375,0.01375,0,0,0,0
12/12/2012,0.00171397216117717,0.1,23.0744825045931,36.1398025930915,277.694711946626,0,7.3556170451539,29.4224681806156,2.19571898886107,0,400,25,19.6149787870771,66.2005534063851,0.924513258467821,2.65797561809498,0.01375,0.011,0.01375,0.01375,0,0,0,0
13/12/2012,0.00129789748140988,0.1,23.180135672653,34.9112365974676,276.352518918163,0,6.91411142278843,27.6564456911537,2.04624907084357,0,400,25,18.4376304607691,62.2270028050959,0.861578556144662,2.4770383489159,0.01375,0.011,0.01375,0.01375,0,0,0,0
14/12/2012,0.000128862823018496,0.1,23.2842554106286,6,275.011775648026,0,2.43470669870216,9.73882679480863,0.638257427778523,0,400,25,6.49255119653908,21.9123602883194,0.268739969590957,0.772627412574002,0.01375,0.011,0.01375,0.01375,0,0,0,0
15/12/2012,0.000156293255583498,0.1,23.3868108968681,6,273.672879024676,0,2.26037252221526,9.04149008886104,0.581270772238721,0,400,25,6.02766005924069,20.3433526999373,0.24474558831104,0.703643566394241,0.01375,0.011,0.01375,0.01375,0,0,0,0
16/12/2012,3.72770161973096e-05,0.1,23.4877717727713,6,272.336225389925,0,3.85714285714286,15.4285714285714,1.10322580645161,0,400,25,10.2857142857143,34.7142857142857,0.464516129032258,1.33548387096774,0.01375,0.011,0.01375,0.01375,0,0,0,0
17/12/2012,0.00016534715686399,0.1,23.5871081517765,6,271.002210421614,0,2.19914966381485,8.79659865525939,0.561258138955145,0,400,25,5.86439910350626,19.7923469743336,0.236319216402166,0.679417747156228,0.01375,0.011,0.01375,0.01375,0,0,0,0
18/12/2012,4.17337475168595e-05,0.1,23.6847906282074,6,269.671229016481,0,3.85714285714286,15.4285714285714,1.10322580645161,0,400,25,10.2857142857143,34.7142857142857,0.464516129032258,1.33548387096774,0.01375,0.011,0.01375,0.01375,0,0,0,0
19/12/2012,0.000466741007293626,0.1,23.7807902859783,32.1784341137846,268.343675173266,0,7.03149672652556,28.1259869061022,2.09961168374307,0,400,25,18.7506579374015,63.2834705387301,0.884047024733925,2.54163519611003,0.01375,0.011,0.01375,0.01375,0,0,0,0
20/12/2012,0.000334994171178743,0.1,23.8750787071532,30.1686204223339,267.019941876079,0,6.7471695446818,26.9886781787272,2.0089965425919,0,400,25,17.9924521191515,60.7245259021362,0.845893281091326,2.43194318313756,0.01375,0.011,0.01375,0.01375,0,0,0,0
21/12/2012,8.83289064155428e-05,0.1,23.9676279803587,6,265.700420978066,0,2.73160729373579,10.9264291749431,0.735308805079839,0,400,25,7.28428611662877,24.5844656436221,0.309603707402038,0.890110658780858,0.01375,0.011,0.01375,0.01375,0,0,0,0
22/12/2012,9.51370120060725e-05,0.1,24.0584107090458,6,264.385503085413,0,2.62646822132829,10.5058728853132,0.700940764206852,0,400,25,7.00391525687545,23.6382139919546,0.295132953350253,0.848507240881978,0.01375,0.011,0.01375,0.01375,0,0,0,0
23/12/2012,3.28668161544371e-05,0.1,24.1474000196006,6,263.07557744172,0,3.85714285714286,15.4285714285714,1.10322580645161,0,400,25,10.2857142857143,34.7142857142857,0.464516129032258,1.33548387096774,0.01375,0.011,0.01375,0.01375,0,0,0,0
24/12/2012,2.39542738533194e-05,0.1,24.2345695692986,6,261.771031812774,0,3.85714285714286,15.4285714285714,1.10322580645161,0,400,25,10.2857142857143,34.7142857142857,0.464516129032258,1.33548387096774,0.01375,0.011,0.01375,0.01375,0,0,0,0
25/12/2012,0.011170624195907,0.1,24.3198935541034,39.1651615185642,260.472252371766,0,7.66988082437959,30.6795232975184,2.28846983810045,0,400,25,20.4530155316789,69.0289274194164,0.963566247621241,2.77025296191107,0.01375,0.011,0.01375,0.01375,0,0,0,0
26/12/2012,0.0173845870954161,0.1,24.4033467163048,39.4315195947892,259.17962358497,0,7.44244996136203,29.7697998454481,2.20529087811369,0,400,25,19.8465332302987,66.9820496522583,0.928543527626817,2.6695626419271,0.01375,0.011,0.01375,0.01375,0,0,0,0
27/12/2012,0.00679963898196066,0.1,24.484904351996,38.6342306671996,257.893528097937,0,7.13044456100813,28.5217782440325,2.09941956547166,0,400,25,19.014518829355,64.1740010490732,0.883966132830172,2.54140263188675,0.01375,0.011,0.01375,0.01375,0,0,0,0
28/12/2012,3.31347357067337e-05,0.1,24.5645423183859,6,256.614346622224,0,3.85714285714286,15.4285714285714,1.10322580645161,0,400,25,10.2857142857143,34.7142857142857,0.464516129032258,1.33548387096774,0.01375,0.011,0.01375,0.01375,0,0,0,0
29/12/2012,0.000553697000204424,0.1,24.6422370409468,34.02069950649,255.342457822691,0,7.30592466317765,29.2236986527106,2.18662763746867,0,400,25,19.4824657684737,65.7533219685988,0.920685321039441,2.64697029798839,0.01375,0.011,0.01375,0.01375,0,0,0,0
30/12/2012,0.000523340242735265,0.1,24.7179655203918,28.9417924403456,254.078238205414,0,5.95980731356992,23.8392292542797,1.74574007895113,0,400,25,15.8928195028531,53.6382658221292,0.735048454295214,2.11326430609874,0.01375,0.011,0.01375,0.01375,0,0,0,0
31/12/2012,1.81622644127491e-05,0.1,24.7917053394842,6,252.822062006227,0,3.85714285714286,15.4285714285714,1.10322580645161,0,400,25,10.2857142857143,34.7142857142857,0.464516129032258,1.33548387096774,0.01375,0.011,0.01375,0.01375,0,0,0,0
01/01/2013,1.8257845984914e-05,0.1,24.8051371179797,6,252.59041410873,0,3.85714285714286,15.4285714285714,1.10322580645161,0,400,25,10.2857142857143,34.7142857142857,0.464516129032258,1.33548387096774,0.01375,0.011,0.01375,0.01375,0,0,0,0
02/01/2013,5.57968585264049e-05,0.1,24.8764918925008,6,251.344251726306,0,3.09569343078507,12.3827737231403,0.854321907943259,0,400,25,8.25518248209351,27.8612408770656,0.359714487555057,1.03417915172079,0.01375,0.011,0.01375,0.01375,0,0,0,0
03/01/2013,2.92113719810356e-05,0.1,24.9458110794992,6,250.106942079986,0,3.85714285714286,15.4285714285714,1.10322580645161,0,400,25,10.2857142857143,34.7142857142857,0.464516129032258,1.33548387096774,0.01375,0.011,0.01375,0.01375,0,0,0,0
04/01/2013,1.41091985997285e-05,0.1,25.0130741590243,6,248.878851439682,0,3.85714285714286,15.4285714285714,1.10322580645161,0,400,25,10.2857142857143,34.7142857142857,0.464516129032258,1.33548387096774,0.01375,0.011,0.01375,0.01375,0,0,0,0
05/01/2013,6.17501760046396e-06,0.1,25.0782612197774,6,247.660343346284,0,3.85714285714286,15.4285714285714,1.10322580645161,0,400,25,10.2857142857143,34.7142857142857,0.464516129032258,1.33548387096774,0.01375,0.011,0.01375,0.01375,0,0,0,0
06/01/2013,1.88363607501395e-05,0.1,25.1413529650052,6,246.451778504046,0,3.85714285714286,15.4285714285714,1.10322580645161,0,400,25,10.2857142857143,34.7142857142857,0.464516129032258,1.33548387096774,0.01375,0.011,0.01375,0.01375,0,0,0,0
07/01/2013,1.27055813687139e-05,0.1,25.2023307182122,6,245.253514673805,0,3.85714285714286,15.4285714285714,1.10322580645161,0,400,25,10.2857142857143,34.7142857142857,0.464516129032258,1.33548387096774,0.01375,0.011,0.01375,0.01375,0,0,0,0
08/01/2013,0,0.1,25.2611764286895,0,244.065906567085,0,0,0,0,0,400,25,0,0,0,0,0.01375,0.011,0.01375,0.01375,0,0,0,0
09/01/2013,1.56812368212226e-05,0.1,25.317872676858,6,242.889305741087,0,3.85714285714286,15.4285714285714,1.10322580645161,0,400,25,10.2857142857143,34.7142857142857,0.464516129032258,1.33548387096774,0.01375,0.011,0.01375,0.01375,0,0,0,0
10/01/2013,7.03110117212583e-05,0.1,25.3724026794253,6,241.724060494622,0,2.60227497201263,10.4090998880505,0.693032433247752,0,400,25,6.939399925367,23.4204747481136,0.291803129788527,0.838933998142016,0.01375,0.011,0.01375,0.01375,0,0,0,0
11/01/2013,8.83534070266005e-06,0.1,25.4247502943533,6,240.570515765012,0,3.85714285714286,15.4285714285714,1.10322580645161,0,400,25,10.2857142857143,34.7142857142857,0.464516129032258,1.33548387096774,0.01375,0.011,0.01375,0.01375,0,0,0,0
12/01/2013,3.13817665604895e-05,0.1,25.4749000256372,6,239.429013025974,0,3.85714285714286,15.4285714285714,1.10322580645161,0,400,25,10.2857142857143,34.7142857142857,0.464516129032258,1.33548387096774,0.01375,0.011,0.01375,0.01375,0,0,0,0
13/01/2013,0.000149744321073875,0.1,25.5228370278924,6,238.299890186543,0,1.99147408485308,7.96589633941232,0.493372788412804,0,400,25,5.31059755960821,17.9232667636777,0.207735910910654,0.597240743868131,0.01375,0.011,0.01375,0.01375,0,0,0,0
14/01/2013,0.00239609345095741,0.1,25.5685471107489,37.7679465274348,237.18348149104,0,7.61916575219056,30.4766630087622,2.27936143972788,0,400,25,20.3177753391748,68.5724917697151,0.959731132517,2.75922700598638,0.01375,0.011,0.01375,0.01375,0,0,0,0
15/01/2013,0.00193434052082621,0.1,25.6120167430522,36.4056723854306,236.08011742013,0,6.9418510922733,27.7674043690932,2.04755750755215,0,400,25,18.5116029127288,62.4766598304597,0.862129476864064,2.47862224598418,0.01375,0.011,0.01375,0.01375,0,0,0,0
16/01/2013,1.59983556904504e-05,0.1,25.6532330568687,6,234.990124592991,0,3.85714285714286,15.4285714285714,1.10322580645161,0,400,25,10.2857142857143,34.7142857142857,0.464516129032258,1.33548387096774,0.01375,0.011,0.01375,0.01375,0,0,0,0
17/01/2013,6.34893377472135e-06,0.1,25.6921838512949,6,233.91382567063,0,3.85714285714286,15.4285714285714,1.10322580645161,0,400,25,10.2857142857143,34.7142857142857,0.464516129032258,1.33548387096774,0.01375,0.011,0.01375,0.01375,0,0,0,0
18/01/2013,0,0.1,25.7288575960691,0,232.851539260369,0,0,0,0,0,400,25,0,0,0,0,0.01375,0.011,0.01375,0.01375,0,0,0,0
19/01/2013,0.000122988306488082,0.1,25.7632434349846,6,231.803579821526,0,2.02651081346915,8.10604325387662,0.504825654541069,0,400,25,5.40402883591775,18.2385973212224,0.212558170333082,0.61110473970761,0.01375,0.011,0.01375,0.01375,0,0,0,0
20/01/2013,0.000142669295009892,0.1,25.7953311891033,6,230.770257572335,0,1.94501465390105,7.78005861560419,0.478186049693,0,400,25,5.18670574373613,17.5051318851094,0.201341494607579,0.578856796996789,0.01375,0.011,0.01375,0.01375,0,0,0,0
21/01/2013,0.00211492601214485,0.1,25.8251113597692,37.3224312200754,229.751878398107,0,7.50569220608084,30.0227688243234,2.24218939038101,0,400,25,20.0151792162156,67.5512298547275,0.944079743318319,2.71422926204017,0.01375,0.011,0.01375,0.01375,0,0,0,0
22/01/2013,0.00166906292424646,0.1,25.8525751314198,36.1019725960301,228.74874376069,0,6.91745642888922,27.6698257155569,2.04096876817244,0,400,25,18.4465504770379,62.257107860003,0.859355270809448,2.47064640357716,0.01375,0.011,0.01375,0.01375,0,0,0,0
23/01/2013,0.00628684898088244,0.1,25.8777143741959,38.8188826723113,227.761150609223,0,7.6510948838756,30.6043795355024,2.28425165900523,0,400,25,20.4029196903349,68.8598539548804,0.961790172212728,2.76514674511159,0.01375,0.011,0.01375,0.01375,0,0,0,0
24/01/2013,0.00497190074852892,0.1,25.9005216463481,38.3801990163042,226.789391292236,0,7.10521252720255,28.4208501088102,2.09236132514361,0,400,25,18.9472334058735,63.9469127448229,0.880994242165731,2.53285844622648,0.01375,0.011,0.01375,0.01375,0,0,0,0
25/01/2013,1.26135204723951e-05,0.1,25.9209901964399,6,225.833753471109,0,3.85714285714286,15.4285714285714,1.10322580645161,0,400,25,10.2857142857143,34.7142857142857,0.464516129032258,1.33548387096774,0.01375,0.011,0.01375,0.01375,0,0,0,0
26/01/2013,1.0176976891006e-05,0.1,25.9391139653462,6,224.894520034914,0,3.85714285714286,15.4285714285714,1.10322580645161,0,400,25,10.2857142857143,34.7142857142857,0.464516129032258,1.33548387096774,0.01375,0.011,0.01375,0.01375,0,0,0,0
27/01/2013,0.0761400416447011,0.1,25.9548875880467,38.2560697098378,223.971969016682,0,7.06611257669043,28.2644503067617,2.09857601035974,0,400,25,18.8429668711745,63.5950131902139,0.883610951730416,2.54038148622495,0.01375,0.011,0.01375,0.01375,0,0,0,0
28/01/2013,0.097800297634427,0.1,25.9683063952143,37.3583555955933,223.066373511089,0,6.21962848876367,24.8785139550547,1.82021051795531,0,400,25,16.5856759700364,55.976656398873,0.766404428612764,2.2034127322617,0.01375,0.011,0.01375,0.01375,0,0,0,0
29/01/2013,0.624956284520447,0.1,25.9793664145975,38.5666077109587,222.178001593623,0,4.28564397569559,17.1425759027824,1.09051338284594,0,400,25,11.4283839351882,38.5707957812603,0.459163529619342,1.32009514765561,0.01375,0.011,0.01375,0.01375,0,0,0,0
30/01/2013,0.978667244693821,0.1,25.9880643721958,38.5042435138098,221.307116241223,0,3.676491269946,14.705965079784,0.872651436167045,0,400,25,9.80397671985599,33.088421429514,0.367432183649282,1.05636752799169,0.01375,0.011,0.01375,0.01375,0,0,0,0
31/01/2013,0.0355044147521917,0.1,25.9943976932292,21.2435673242212,220.453975254433,0,2.53860270024587,10.1544108009835,0.562424726591725,0,400,25,6.76960720065566,22.8474243022129,0.236810411196516,0.680829932189982,0.01375,0.011,0.01375,0.01375,0,0,0,0
01/02/2013,0.0240047467416991,0.1,25.9983645029001,6,219.618831181091,0,2.55564624278398,10.2225849711359,0.55131022463055,0,400,25,6.81505664742394,23.0008161850558,0.232130620897074,0.667375535079086,0.01375,0.011,0.01375,0.01375,0,0,0,0
02/02/2013,0.184949022182394,0.1,25.9999636269489,33.9287533410232,218.801931241564,0,4.72763937498306,18.9105574999322,1.26502476554771,0,400,25,12.6070383332882,42.5487543748476,0.532642006546406,1.53134576882092,0.01375,0.011,0.01375,0.01375,0,0,0,0
03/02/2013,0.274422361178771,0.1,25.9991945920008,35.2682167989832,218.00351725557,0,4.17443686432364,16.6977474572946,1.07415863902514,0,400,25,11.1318316381964,37.5699317789128,0.452277321694795,1.30029729987254,0.01375,0.011,0.01375,0.01375,0,0,0,0
04/02/2013,0.03437692571586,0.1,25.9960576257065,20.0711851546704,217.22382557059,0,2.69268601435863,10.7707440574345,0.574330479741513,0,400,25,7.18049603828967,24.2341741292276,0.241823359891163,0.695242159687095,0.01375,0.011,0.01375,0.01375,0,0,0,0
05/02/2013,0.020290051690531,0.1,25.9905536566747,8.92497835516111,216.463086991908,0,2.58501050042067,10.3400420016827,0.558384517769406,0,400,25,6.89336133445512,23.265094503786,0.23510927063975,0.675939153089281,0.01375,0.011,0.01375,0.01375,0,0,0,0
06/02/2013,0.0103262327233033,0.1,25.9826843141968,6.85864729267313,215.721526714289,0,2.1446139503841,8.5784558015364,0.538124509992833,0,400,25,5.7189705343576,19.3015255534569,0.226578741049614,0.651413880517639,0.01375,0.011,0.01375,0.01375,0,0,0,0
07/02/2013,0.00844862664513582,0.1,25.9724519277653,6.12405680670597,214.999364255309,0,2.17320487348063,8.69281949392253,0.552010523603944,0,400,25,5.79521299594835,19.5588438613257,0.232425483622713,0.668223265415301,0.01375,0.011,0.01375,0.01375,0,0,0,0
08/02/2013,0.0069849537858378,0.1,25.9598595263838,6.01116240456449,214.296813390382,0,2.22916712647075,8.91666850588301,0.571001309139639,0,400,25,5.94444567058867,20.0625041382368,0.240421603848269,0.691212111063773,0.01375,0.011,0.01375,0.01375,0,0,0,0
09/02/2013,0.00596516768746192,0.1,25.9449108376702,6.00020092671857,213.614082089472,0,2.27163932234234,9.08655728936937,0.58495244141304,0,400,25,6.05770485957958,20.4447539010811,0.24629576480549,0.708100323815785,0.01375,0.011,0.01375,0.01375,0,0,0,0
10/02/2013,0.00502630814177402,0.1,25.9276102867536,6,212.951372455532,0,2.33016877010409,9.32067508041635,0.604085889828187,0,400,25,6.21378338694423,20.9715189309368,0.254351953611868,0.731261866634121,0.01375,0.011,0.01375,0.01375,0,0,0,0
11/02/2013,0.0224644385532381,0.1,25.9079629949642,27.5708070392528,212.308880664676,0,5.95239303193631,23.8095721277452,1.7020088024431,0,400,25,15.8730480851635,53.5715372874268,0.7166352852392,2.0603264450627,0.01375,0.011,0.01375,0.01375,0,0,0,0
12/02/2013,0.0176619256464766,0.1,25.8859747783173,28.2318635578941,211.686796908109,0,5.72220416723264,22.8888166689306,1.63619421907995,0,400,25,15.2592111126204,51.4998375050937,0.688923881717874,1.98065615993889,0.01375,0.011,0.01375,0.01375,0,0,0,0
13/02/2013,0.00324178558005085,0.1,25.8616521457917,6,211.085305335824,0,2.47868738762666,9.91474955050666,0.652633911039868,0,400,25,6.6098330336711,22.30818648864,0.274793225700997,0.790030523890366,0.01375,0.011,0.01375,0.01375,0,0,0,0
14/02/2013,0.00282301532687393,0.1,25.8350022974027,6,210.50458400209,0,2.53390749936626,10.135629997465,0.670684356167651,0,400,25,6.7570866649767,22.8051674942964,0.282393413123221,0.811881062729261,0.01375,0.011,0.01375,0.01375,0,0,0,0
15/02/2013,0.0029228813555112,0.1,25.8060331220709,10.937426439836,209.944804812745,0,3.34455840499224,13.378233619969,0.926535393546675,0,400,25,8.91882241331265,30.1010256449302,0.390120165703863,1.12159547639861,0.01375,0.011,0.01375,0.01375,0,0,0,0
16/02/2013,0.00762147003155269,0.1,25.774753195287,29.7019067277786,209.406133474307,0,6.2005635118278,24.8022540473112,1.82453999365123,0,400,25,16.5348360315408,55.8050716064502,0.768227365747888,2.20865367652518,0.01375,0.011,0.01375,0.01375,0,0,0,0
17/02/2013,0.0198842524165925,0.1,25.7411717765731,36.4077332330488,208.888729444924,0,7.15240358228835,28.6096143291534,2.12090581076568,0,400,25,19.0730762194356,64.3716322405952,0.893012972953971,2.56741229724267,0.01375,0.011,0.01375,0.01375,0,0,0,0
18/02/2013,0.0128030215112777,0.1,25.7052988067417,34.8776786082624,208.392745887169,0,6.59902869175618,26.3961147670247,1.93295075869774,0,400,25,17.5974098446832,59.3912582258056,0.813874003662208,2.33988776052885,0.01375,0.011,0.01375,0.01375,0,0,0,0
19/02/2013,0.00160175446956084,0.1,25.6671449049533,6,207.918329622699,0,2.78585640643245,11.1434256257298,0.753041848369932,0,400,25,7.42895041715321,25.0727076578921,0.317070251945235,0.91157697434255,0.01375,0.011,0.01375,0.01375,0,0,0,0
20/02/2013,0.00148907234754839,0.1,25.6267213655722,6,207.465621088795,0,2.80807664745557,11.2323065898223,0.760305238983941,0,400,25,7.48820439321486,25.2726898271001,0.320128521677449,0.920369499822665,0.01375,0.011,0.01375,0.01375,0,0,0,0
21/02/2013,0.00738886599747046,0.1,25.5840401548241,33.1703703353269,207.034754296791,0,6.80830128218045,27.2332051287218,2.01804418566839,0,400,25,18.1554700858145,61.2747115396241,0.849702815018269,2.44289559317752,0.01375,0.011,0.01375,0.01375,0,0,0,0
22/02/2013,0.0105396680235222,0.1,25.5391139072529,35.4285724838685,206.625856792401,0,6.93351062998714,27.7340425199485,2.04843952774664,0,400,25,18.4893616799657,62.4015956698842,0.862500853788061,2.47968995464067,0.01375,0.011,0.01375,0.01375,0,0,0,0
23/02/2013,0.0145263796846402,0.1,25.4919559219814,36.7419822156277,206.239049617962,0,7.18253010858438,28.7301204343375,2.12921233572844,0,400,25,19.1534136228917,64.6427709772594,0.896510457148816,2.57746756430285,0.01375,0.011,0.01375,0.01375,0,0,0,0
24/02/2013,0.207577547081014,0.1,25.4425801587739,38.4207410203978,205.874447276606,0,4.88803303192427,19.5521321276971,1.31457433322255,0,400,25,13.0347547517981,43.9922972873184,0.553504982409496,1.5913268244273,0.01375,0.011,0.01375,0.01375,0,0,0,0
25/02/2013,0.310205780569811,0.1,25.391001233904,38.1346735553747,205.532157698364,0,4.0408501160944,16.1634004643776,1.01800598418525,0,400,25,10.7756003095851,36.3676510448496,0.428634098604315,1.23232303348741,0.01375,0.011,0.01375,0.01375,0,0,0,0
26/02/2013,0.0209211484531364,0.1,25.3372344158281,24.855264236232,205.212282208215,0,2.49517273352444,9.98069093409774,0.543603655838256,0,400,25,6.65379395606516,22.4565546017199,0.228885749826634,0.658046530751573,0.01375,0.011,0.01375,0.01375,0,0,0,0
27/02/2013,0.0086482248881824,0.1,25.2812956206654,8.15063833761545,204.91491549609,0,1.80664056428208,7.22656225712831,0.419661989975056,0,400,25,4.81770817141887,16.2597650785387,0.176699785252655,0.508011882601383,0.01375,0.011,0.01375,0.01375,0,0,0,0
28/02/2013,0.00683831782941613,0.1,25.2232014074861,6.16560903843601,204.640145588848,0,1.78541339363005,7.14165357452018,0.424991762407792,0,400,25,4.76110238301345,16.0687205426704,0.178943899961175,0.514463712388379,0.01375,0.011,0.01375,0.01375,0,0,0,0
01/03/2013,0.0652887449081671,0.1,25.1629689734102,34.7260055668665,204.388053824211,0,5.43478573422543,21.7391429369017,1.52274401943194,0,400,25,14.4927619579345,48.9130716080289,0.641155376602922,1.8433217077334,0.01375,0.011,0.01375,0.01375,0,0,0,0
02/03/2013,0.0962106787121213,0.1,25.1006161485163,35.2773017867618,204.158714826692,0,4.87404202976322,19.4961681190529,1.33769537699955,0,400,25,12.9974454127019,43.866378267869,0.563240158736653,1.61931545636788,0.01375,0.011,0.01375,0.01375,0,0,0,0
03/03/2013,0.020468290867945,0.1,25.0361613905638,26.2468792021052,203.952196485501,0,4.06735792863812,16.2694317145525,1.08216664415721,0,400,25,10.8462878097017,36.6062213577431,0.455649113329351,1.30999120082188,0.01375,0.011,0.01375,0.01375,0,0,0,0
04/03/2013,0.0101688657136497,0.1,24.9696237795288,18.0899243284028,203.768559934448,0,3.19105546171108,12.7642218468443,0.841040811378936,0,400,25,8.50948123122956,28.7194991553998,0.354122446896394,1.01810203482713,0.01375,0.011,0.01375,0.01375,0,0,0,0
05/03/2013,0.006057547730395,0.1,24.9010230119562,8.88275303945663,203.60785953385,0,2.15305930976387,8.61223723905548,0.535646695734573,0,400,25,5.74149149270366,19.3775337878748,0.22553545083561,0.648414421152377,0.01375,0.011,0.01375,0.01375,0,0,0,0
06/03/2013,0.00470780619529243,0.1,24.8303793951287,6.15299785947513,203.470142854435,0,1.88531314070084,7.54125256280337,0.457725107455613,0,400,25,5.02750170853558,16.9678182663076,0.192726361033942,0.554088287972584,0.01375,0.011,0.01375,0.01375,0,0,0,0
07/03/2013,0.00396882723776002,0.1,24.7577138410562,6.01724920970728,203.355450663264,0,1.95544267151117,7.82177068604468,0.481488168655899,0,400,25,5.21451379069646,17.5989840436005,0.202731860486694,0.582854098899246,0.01375,0.011,0.01375,0.01375,0,0,0,0
08/03/2013,0.00345410546293472,0.1,24.6830478602847,6.00127355959081,203.263816911658,0,2.02355942523589,8.09423770094354,0.503853028395891,0,400,25,5.3961584672957,18.212034827123,0.212148643535112,0.609927350163447,0.01375,0.011,0.01375,0.01375,0,0,0,0
09/03/2013,0.00299584055235696,0.1,24.6064035555288,6,203.195268725153,0,2.10011946638964,8.40047786555857,0.528886977646261,0,400,25,5.60031857703905,18.9010751975068,0.222689253745794,0.640231604519158,0.01375,0.011,0.01375,0.01375,0,0,0,0
10/03/2013,0.00268417387068849,0.1,24.5278036151292,6,203.149826395466,0,2.16259356576915,8.65037426307662,0.549308618733757,0,400,25,5.76691617538441,19.4633420919224,0.231287839466845,0.66495253846718,0.01375,0.011,0.01375,0.01375,0,0,0,0
11/03/2013,0.00234994296658665,0.1,24.4472713063363,6,203.127503374491,0,2.2457209465055,8.98288378602201,0.576481439963703,0,400,25,5.98858919068134,20.2114885185495,0.242729027353138,0.697845953640272,0.01375,0.011,0.01375,0.01375,0,0,0,0
12/03/2013,0.00233105003827244,0.1,24.3648304684224,9.08022818880904,203.128306270316,0,2.81483694781168,11.2593477912467,0.756794363297357,0,400,25,7.50623186083115,25.3335325303051,0.318650258230466,0.91611949241259,0.01375,0.011,0.01375,0.01375,0,0,0,0
13/03/2013,0.00203832632218109,0.1,24.2805055056248,8.70380768443891,203.152234845267,0,2.79960882233068,11.1984352893227,0.751420453791448,0,400,25,7.46562352621514,25.1964794009761,0.316387559491136,0.909614233537016,0.01375,0.011,0.01375,0.01375,0,0,0,0
14/03/2013,0.00180090828158875,0.1,24.1943213799221,6,203.199282015978,0,2.42113185874774,9.68452743499095,0.63382006073966,0,400,25,6.4563516233273,21.7901867287296,0.266871604521962,0.767255863000641,0.01375,0.011,0.01375,0.01375,0,0,0,0
15/03/2013,0.00166598504302782,0.1,24.1063036036443,6,203.269433855488,0,2.47622623097094,9.90490492388376,0.651829403917997,0,400,25,6.60326994925584,22.2860360787385,0.274454485860209,0.789056646848102,0.01375,0.011,0.01375,0.01375,0,0,0,0
16/03/2013,0.00144339133056017,0.1,24.016478231921,6,203.362669597364,0,2.60418269500093,10.4167307800037,0.693656033020272,0,400,25,6.94448718666913,23.4376442550083,0.292065698113799,0.839688882077171,0.01375,0.011,0.01375,0.01375,0,0,0,0
17/03/2013,0.00131466586716141,0.1,23.9248718549683,6,203.478961641847,0,2.68864303159884,10.7545721263953,0.721264573155503,0,400,25,7.16971475093023,24.1977872843895,0.303690346591791,0.873109746451398,0.01375,0.011,0.01375,0.01375,0,0,0,0
18/03/2013,0.00132990350912462,0.1,23.8315115902177,6,203.618275564026,0,2.65321813240094,10.6128725296038,0.709684821159631,0,400,25,7.07524835306917,23.8789631916084,0.298814661540897,0.859092151930079,0.01375,0.011,0.01375,0.01375,0,0,0,0
19/03/2013,0.00128356016933553,0.1,23.7364250742888,6,203.780570124022,0,2.67293342033571,10.6917336813428,0.716129388398524,0,400,25,7.12782245422856,24.0564007830214,0.30152816353622,0.866893470166634,0.01375,0.011,0.01375,0.01375,0,0,0,0
20/03/2013,0.00121044622393627,0.1,23.6396404548081,6,203.965797279202,0,2.7214871310201,10.8859485240804,0.732000708880302,0,400,25,7.25729901605359,24.4933841791809,0.308210824791706,0.886106121276155,0.01375,0.011,0.01375,0.01375,0,0,0,0
21/03/2013,0.00115822875990137,0.1,23.5411863820767,6,204.173902198397,0,2.75452809642485,11.0181123856994,0.74280119649648,0,400,25,7.34540825713294,24.7907528678237,0.312758398524834,0.899180395758897,0.01375,0.011,0.01375,0.01375,0,0,0,0
22/03/2013,0.00109638885507021,0.1,23.4410920005895,6,204.404823278136,0,2.80313849653006,11.2125539861202,0.758691047713666,0,400,25,7.47503599074683,25.2282464687706,0.319448862195228,0.91841547881128,0.01375,0.011,0.01375,0.01375,0,0,0,0
23/03/2013,0.00108152697021914,0.1,23.3393869404073,6,204.658492160877,0,2.80002233574176,11.200089342967,0.757672431714051,0,400,25,7.4667262286447,25.2002010216759,0.319019971248021,0.917182417338061,0.01375,0.011,0.01375,0.01375,0,0,0,0
24/03/2013,0.000963529949328535,0.1,23.2361013083863,6,204.93483375525,0,2.97528957851383,11.9011583140553,0.814964089566426,0,400,25,7.93410554270355,26.7776062066245,0.343142774554285,0.986535476843568,0.01375,0.011,0.01375,0.01375,0,0,0,0
25/03/2013,0.00100365701296788,0.1,23.1312656792653,6,205.233766258277,0,2.89280405531398,11.5712162212559,0.788001079832281,0,400,25,7.71414414750395,26.0352364978258,0.331789928350434,0.953896044007498,0.01375,0.011,0.01375,0.01375,0,0,0,0
26/03/2013,0.00101263918406774,0.1,23.0249110866152,6,205.555201179595,0,2.85864668293955,11.4345867317582,0.776835659185155,0,400,25,7.62305782117213,25.7278201464559,0.327088698604276,0.940380008487292,0.01375,0.011,0.01375,0.01375,0,0,0,0
27/03/2013,0.000937969117385462,0.1,22.9170690136522,6,205.899043367646,0,2.94602756587149,11.784110263486,0.805398872530649,0,400,25,7.85607350899063,26.5142480928434,0.339115314749747,0.974956529905523,0.01375,0.011,0.01375,0.01375,0,0,0,0
28/03/2013,0.000900727604204728,0.1,22.8077713839186,6,206.265191037846,0,2.98667918984914,11.9467167593966,0.818687145314742,0,400,25,7.96447783959771,26.8801127086423,0.344710376974628,0.991042333802056,0.01375,0.011,0.01375,0.01375,0,0,0,0
29/03/2013,0.00202906097146884,0.1,22.6970505518319,23.5967220315955,206.653535802714,0,5.46019027940732,21.8407611176293,1.59548875465038,0,400,25,14.5605074117529,49.1417125146659,0.671784738800162,1.93138112405046,0.01375,0.011,0.01375,0.01375,0,0,0,0
30/03/2013,0.00178795970310844,0.1,22.5849392931081,21.3830786091241,207.063962703959,0,4.92064004304505,19.6825601721802,1.41704113216172,0,400,25,13.1217067814535,44.2857603874055,0.596648897752304,1.71536558103787,0.01375,0.011,0.01375,0.01375,0,0,0,0
31/03/2013,0.000918492691428332,0.1,22.4714707950588,6,207.496350246509,0,2.90660099969188,11.6264039987675,0.792511048747208,0,400,25,7.75093599917835,26.1594089972269,0.333688862630403,0.95935548006241,0.01375,0.011,0.01375,0.01375,0,0,0,0
01/04/2013,0.000902068650952774,0.1,22.3566786467673,6,207.950570434476,0,2.91667531314876,11.666701252595,0.795804157662145,0,400,25,7.77780083506336,26.2500778183388,0.335075434805114,0.963341875064702,0.01375,0.011,0.01375,0.01375,0,0,0,0
02/04/2013,0.00130612064521517,0.1,22.2405968291455,16.7018999328513,208.426488809045,0,4.49857793335271,17.9943117334108,1.29380267511164,0,400,25,11.9962078222739,40.4872014001743,0.544759021099638,1.56618218566146,0.01375,0.011,0.01375,0.01375,0,0,0,0
03/04/2013,0.00129049650276001,0.1,22.1232597048746,14.6379343730111,208.923964488279,0,3.96890256518845,15.8756102607538,1.12041117117376,0,400,25,10.5837401738359,35.7201230866961,0.471752072073163,1.35628720721034,0.01375,0.011,0.01375,0.01375,0,0,0,0
04/04/2013,0.00306849805835168,0.1,22.0047020082334,28.8196793795603,209.442850208819,0,6.1287749423622,24.5150997694488,1.80326670239965,0,400,25,16.3433998462992,55.1589744812598,0.759270190484065,2.18290179764169,0.01375,0.011,0.01375,0.01375,0,0,0,0
05/04/2013,0.00869826467105977,0.1,21.8849588348159,36.0794104166332,209.982992369482,0,7.11607736894312,28.4643094757725,2.10968580049479,0,400,25,18.9762063171817,64.0446963204881,0.888288758103069,2.55383017954632,0.01375,0.011,0.01375,0.01375,0,0,0,0
06/04/2013,0.00816833368520959,0.1,21.7640656311426,35.8297165086155,210.544231076725,0,6.87457592697421,27.4983037078969,2.02500599432943,0,400,25,18.3322024719312,61.8711833427679,0.85263410287555,2.45132304576721,0.01375,0.011,0.01375,0.01375,0,0,0,0
07/04/2013,0.00398928652834919,0.1,21.642058184167,31.8017190337218,211.126400191981,0,6.37674485543581,25.5069794217432,1.87258054126909,0,400,25,17.0046529478288,57.3907036989223,0.78845496474488,2.26680802364153,0.01375,0.011,0.01375,0.01375,0,0,0,0
08/04/2013,0.00295434633091066,0.1,21.5189726106826,28.9964970655722,211.72932738084,0,6.02664421051465,24.1065768420586,1.76540816828807,0,400,25,16.0710512280391,54.2397978946319,0.74332975506866,2.1370730458224,0.01375,0.011,0.01375,0.01375,0,0,0,0
09/04/2013,0.00175534180883803,0.1,21.3948453466311,22.013221576205,212.352834164057,0,4.93823717259319,19.7529486903727,1.42060785767072,0,400,25,13.1686324602485,44.4441345533387,0.598150676913987,1.71968319612771,0.01375,0.011,0.01375,0.01375,0,0,0,0
10/04/2013,0.00194615408797384,0.1,21.2697131363166,24.4536895230892,212.996735970394,0,5.55737739640076,22.229509585603,1.625519738173,0,400,25,14.8196730570687,50.0163965676069,0.684429363441264,1.96773441989364,0.01375,0.011,0.01375,0.01375,0,0,0,0
11/04/2013,0.00171461202572962,0.1,21.1436130215288,22.2230066181412,213.660842191253,0,4.99220952290879,19.9688380916352,1.43817097995782,0,400,25,13.3125587277568,44.9298857061791,0.605545675771715,1.74094381784368,0.01375,0.011,0.01375,0.01375,0,0,0,0
12/04/2013,0.000845782417173341,0.1,21.0165823305776,6,214.3449562371,0,2.84908469616198,11.3963387846479,0.773710020496575,0,400,25,7.59755918976529,25.6417622654579,0.325772640209084,0.936596340601117,0.01375,0.011,0.01375,0.01375,0,0,0,0
13/04/2013,0.000812659694968688,0.1,20.8886586672431,6,215.04887559566,0,2.89120976964365,11.5648390785746,0.787479936989507,0,400,25,7.70989271904974,26.0208879267929,0.331570499785056,0.953265186882035,0.01375,0.011,0.01375,0.01375,0,0,0,0
14/04/2013,0.000791679988516886,0.1,20.7598798996444,6,215.772391891864,0,2.91548539648821,11.6619415859528,0.795415195656974,0,400,25,7.77462772396855,26.2393685683939,0.334911661329252,0.9628710263216,0.01375,0.011,0.01375,0.01375,0,0,0,0
15/04/2013,0.000846319688525944,0.1,20.6302841490292,6,216.515290949537,0,2.81225210207633,11.2490084083053,0.761670118773953,0,400,25,7.49933893887022,25.310268918687,0.320703207904822,0.922021722726365,0.01375,0.011,0.01375,0.01375,0,0,0,0
16/04/2013,0.0129875757273378,0.1,20.49990977849,37.5875500351152,217.277352854791,0,7.42678883097977,29.7071553239191,2.21114799646994,0,400,25,19.8047702159461,66.8410994788179,0.931009682724186,2.67665283783204,0.01375,0.011,0.01375,0.01375,0,0,0,0
17/04/2013,0.0105929490280912,0.1,20.3687953816071,36.8193796184015,218.058352021133,0,6.85701797793156,27.4280719117262,2.01334099594254,0,400,25,18.2853812744842,61.713161801384,0.847722524607387,2.43720225824624,0.01375,0.011,0.01375,0.01375,0,0,0,0
18/04/2013,0.000785340970569649,0.1,20.2369797710241,6,218.858057256235,0,2.8733244104541,11.4932976418164,0.781633540007116,0,400,25,7.6621984278776,25.8599196940869,0.329108858950365,0.946187969482299,0.01375,0.011,0.01375,0.01375,0,0,0,0
19/04/2013,0.00131658254380816,0.1,20.104501966959,19.4028725224751,219.676231830379,0,4.84316793066396,19.3726717226558,1.40146971552386,0,400,25,12.9151144817706,43.5885113759757,0.590092511799521,1.69651597142362,0.01375,0.011,0.01375,0.01375,0,0,0,0
20/04/2013,0.0077131336181128,0.1,19.9714011856532,36.0796533966858,220.512633546526,0,7.17994038138194,28.7197615255277,2.13261277790733,0,400,25,19.1465076836852,64.6194634324374,0.897942222276768,2.58158388904571,0.01375,0.011,0.01375,0.01375,0,0,0,0
21/04/2013,0.0415967837581096,0.1,19.8377168277622,37.1646021491109,221.367014812022,0,6.81971111274615,27.2788444509846,2.0085598414746,0,400,25,18.1858963006564,61.3774000147153,0.845709406936672,2.43141454494293,0.01375,0.011,0.01375,0.01375,0,0,0,0
22/04/2013,0.0372332156188057,0.1,19.703488466693,35.2893288124889,222.239122711881,0,5.80049208537138,23.2019683414855,1.66406790155476,0,400,25,15.4679788943237,52.2044287683424,0.700660169075687,2.0143979860926,0.01375,0.011,0.01375,0.01375,0,0,0,0
23/04/2013,0.00513203228129234,0.1,19.5687558368887,14.9898783572353,223.128699083657,0,2.8611323959784,11.4445295839136,0.756669597387706,0,400,25,7.62968638927572,25.7501915638056,0.318597725215876,0.915968459995644,0.01375,0.011,0.01375,0.01375,0,0,0,0
24/04/2013,0.00315945642109304,0.1,19.4335588220669,6,224.035480593869,0,1.33751255638265,5.35005022553058,0.279604718891286,0,400,25,3.56670015035372,12.0376130074438,0.117728302691068,0.33846887023682,0.01375,0.011,0.01375,0.01375,0,0,0,0
25/04/2013,0.00270311002844564,0.1,19.2979374434129,6,224.959198815945,0,1.41656163475114,5.66624653900458,0.305444417626795,0,400,25,3.77749769266972,12.7490547127603,0.128608175842861,0.369748505548225,0.01375,0.011,0.01375,0.01375,0,0,0,0
26/04/2013,0.00230098117440885,0.1,19.1619318477328,6,225.899580309692,0,1.50147328649648,6.00589314598593,0.333200484433874,0,400,25,4.00392876399062,13.5132595784684,0.140294940814263,0.403347954841005,0.01375,0.011,0.01375,0.01375,0,0,0,0
27/04/2013,0.00199293628267089,0.1,19.025582295569,6,226.856346702231,0,1.593025052353,6.37210020941201,0.363127083165467,0,400,25,4.24806680627467,14.337225471177,0.152895613964407,0.439574890147671,0.01375,0.011,0.01375,0.01375,0,0,0,0
28/04/2013,0.00169009269630058,0.1,18.8889291492823,6,227.829214770406,0,1.69481931350094,6.77927725400375,0.396401766379416,0,400,25,4.51951816933583,15.2533738215084,0.166906006896596,0.479854769827714,0.01375,0.011,0.01375,0.01375,0,0,0,0
29/04/2013,0.00157515355845331,0.1,18.7520128611039,6,228.817896524626,0,1.78172741777911,7.12690967111643,0.424810437025183,0,400,25,4.75127311407762,16.035546760012,0.178867552431656,0.514244213241011,0.01375,0.011,0.01375,0.01375,0,0,0,0
30/04/2013,0.00146515124409449,0.1,18.6148739611606,6,229.82209929411,0,1.86427968684064,7.45711874736255,0.451795264761425,0,400,25,4.9714124982417,16.7785171815657,0.190229585162705,0.546910057342777,0.01375,0.011,0.01375,0.01375,0,0,0,0
01/05/2013,0.00125750919573391,0.1,18.4775530454767,6,230.84152581353,0,1.97977266741501,7.91909066966006,0.489547808949179,0,400,25,5.27939377977337,17.8179540067351,0.206125393241759,0.592610505570058,0.01375,0.011,0.01375,0.01375,0,0,0,0
02/05/2013,0.00151802994334044,0.1,18.3400907639575,13.1100920161797,231.875874311002,0,3.26128570257792,13.0451428103117,0.895225561654713,0,400,25,8.69676187354112,29.3515713232013,0.376937078591458,1.08369410095044,0.01375,0.011,0.01375,0.01375,0,0,0,0
03/05/2013,0.00133874873926812,0.1,18.2025278083553,12.2086119928428,232.924838597422,0,3.09908251086868,12.3963300434747,0.841292403609878,0,400,25,8.26422002898315,27.8917425978181,0.354228380467317,1.01840659384354,0.01375,0.011,0.01375,0.01375,0,0,0,0
04/05/2013,0.000978314593236311,0.1,18.0649049002241,6,233.988108157101,0,2.24766492852973,8.99065971411891,0.577116892152267,0,400,25,5.99377314274594,20.2289843567675,0.242996586169376,0.698615185236955,0.01375,0.011,0.01375,0.01375,0,0,0,0
05/05/2013,0.000967431011100376,0.1,17.927262778865,6,235.065368239687,0,2.28100465418415,9.1240186167366,0.588015039032853,0,400,25,6.0826790778244,20.5290418876573,0.24758527959278,0.711807678829243,0.01375,0.011,0.01375,0.01375,0,0,0,0
06/05/2013,0.000958486229470413,0.1,17.789642189267,6,236.156299953336,0,2.30666255099038,9.22665020396152,0.596402136483491,0,400,25,6.15110013597435,20.7599629589134,0.25111668904568,0.721960481006331,0.01375,0.011,0.01375,0.01375,0,0,0,0
07/05/2013,0.000932937415641495,0.1,17.6520838700448,6,237.260580359109,0,2.34190967570139,9.36763870280554,0.607923777249239,0,400,25,6.24509246853703,21.0771870813125,0.255967906210206,0.735907730354342,0.01375,0.011,0.01375,0.01375,0,0,0,0
08/05/2013,0.00088917449225567,0.1,17.5146285413801,6,238.377882566574,0,2.39231556566744,9.56926226266974,0.624400541281153,0,400,25,6.37950817511316,21.5308400910069,0.262905491065748,0.755853286814027,0.01375,0.011,0.01375,0.01375,0,0,0,0
09/05/2013,0.000850710988656236,0.1,17.3773168929669,6,239.507875830567,0,2.43815254205625,9.75261016822499,0.639383810982442,0,400,25,6.50174011214999,21.9433728785062,0.269214236203133,0.773990929084008,0.01375,0.011,0.01375,0.01375,0,0,0,0
10/05/2013,0.000849583968567527,0.1,17.2401895719671,6,240.650225649104,0,2.4420541898713,9.76821675948522,0.64065918833274,0,400,25,6.51214450632348,21.9784877088417,0.269751237192733,0.775534806929106,0.01375,0.011,0.01375,0.01375,0,0,0,0
11/05/2013,0.000818809923216413,0.1,17.1032871709775,6,241.804593862396,0,2.47737960119958,9.90951840479834,0.652206419562629,0,400,25,6.60634560319889,22.2964164107963,0.274613229289528,0.789513034207393,0.01375,0.011,0.01375,0.01375,0,0,0,0
12/05/2013,0.000807332221410292,0.1,16.966650216014,6,242.970638752956,0,2.4892584421341,9.9570337685364,0.656089395524019,0,400,25,6.6380225123576,22.4033259792069,0.276248166536429,0.794213478792234,0.01375,0.011,0.01375,0.01375,0,0,0,0
13/05/2013,0.000802210386874392,0.1,16.8303191545148,6,244.148015146753,0,2.49192405308053,9.96769621232211,0.656960735016185,0,400,25,6.64513080821474,22.4273164777247,0.276615046322604,0.795268258177487,0.01375,0.011,0.01375,0.01375,0,0,0,0
14/05/2013,0.00214471345701026,0.1,16.6943343433671,27.9849461409434,245.33637451539,0,5.98026263506513,23.9210505402605,1.7569475927773,0,400,25,15.9473670268404,53.8223637155862,0.739767407485178,2.12683129651989,0.01375,0.011,0.01375,0.01375,0,0,0,0
15/05/2013,0.00182847849046202,0.1,16.5587360369606,25.9598964467999,246.535365079275,0,5.39287559432321,21.5715023772928,1.56039046531549,0,400,25,14.3810015848619,48.5358803489089,0.657006511711786,1.88889372117138,0.01375,0.011,0.01375,0.01375,0,0,0,0
16/05/2013,0.000702834004725854,0.1,16.4235643752715,6,247.744631911759,0,2.63240025949308,10.5296010379723,0.702879839047814,0,400,25,7.01973402531488,23.6916023354377,0.295949405914869,0.850854542005248,0.01375,0.011,0.01375,0.01375,0,0,0,0
17/05/2013,0.000700704012297997,0.1,16.2888593719801,6,248.963817044198,0,2.62564257470096,10.5025702988038,0.700670875416841,0,400,25,7.00171353253589,23.6307831723086,0.295019315964986,0.848180533399334,0.01375,0.011,0.01375,0.01375,0,0,0,0
18/05/2013,0.000698693090894509,0.1,16.1546609026259,6,250.192559571921,0,2.61867987173405,10.4747194869362,0.698394895092176,0,400,25,6.98314632462414,23.5681188456065,0.294061008459863,0.845425399322107,0.01375,0.011,0.01375,0.01375,0,0,0,0
19/05/2013,0.000701025330933582,0.1,16.0210086928035,6,251.430495761065,0,2.60477245103182,10.4190898041273,0.693848813486283,0,400,25,6.94605986941818,23.4429520592863,0.29214686883633,0.839922247904448,0.01375,0.011,0.01375,0.01375,0,0,0,0
20/05/2013,0.00070356791988408,0.1,15.8879423064033,6,252.677259156249,0,2.59057196259464,10.3622878503786,0.689206933394992,0,400,25,6.90819190025238,23.3151476633518,0.290192393008417,0.8343031298992,0.01375,0.011,0.01375,0.01375,0,0,0,0
21/05/2013,0.000710540991926158,0.1,15.7555011338993,6,253.932480689051,0,2.56966322340559,10.2786528936224,0.682372248756852,0,400,25,6.85243526241492,23.1269690106503,0.287314631055516,0.82602956428461,0.01375,0.011,0.01375,0.01375,0,0,0,0
22/05/2013,0.000738906773267538,0.1,15.623724380689,6,255.19578878726,0,2.51847057041526,10.073882281661,0.665638306273989,0,400,25,6.71592152110735,22.6662351337373,0.280268760536416,0.805772686542197,0.01375,0.011,0.01375,0.01375,0,0,0,0
23/05/2013,0.0213493688666381,0.1,15.4926510554879,37.7308922423823,256.466809484872,0,7.4290910983262,29.7163643933048,2.21511065102902,0,400,25,19.8109095955365,66.8618198849358,0.932678168854323,2.68144973545618,0.01375,0.011,0.01375,0.01375,0,0,0,0
24/05/2013,0.0642692404799366,0.1,15.3623199587815,37.6856061804224,257.745166532788,0,6.58966654936409,26.3586661974564,1.93607461302347,0,400,25,17.5724441316376,59.3069989442768,0.815189310746725,2.34366926839683,0.01375,0.011,0.01375,0.01375,0,0,0,0
25/05/2013,0.0496203760689345,0.1,15.2327696713403,35.6513727809709,259.030481510195,0,5.19419278001593,20.7767711200637,1.44801905931292,0,400,25,13.8511807467091,46.7477350201434,0.609692235500178,1.75286517706301,0.01375,0.011,0.01375,0.01375,0,0,0,0
26/05/2013,0.00462483146523191,0.1,15.1040385427983,6,260.322373936585,0,1.1070967192482,4.4283868769928,0.204285993634435,0,400,25,2.9522579179952,9.9638704732338,0.0860151552144988,0.247293571241684,0.01375,0.011,0.01375,0.01375,0,0,0,0
27/05/2013,0.00388715126224498,0.1,14.9761646803015,6,261.620461384384,0,1.15810321961545,4.63241287846181,0.220959086227601,0,400,25,3.08827525230787,10.4229289765391,0.0930354047274109,0.267476788591306,0.01375,0.011,0.01375,0.01375,0,0,0,0
28/05/2013,0.00546253733723079,0.1,14.8491859372266,19.5541781931506,262.924359592162,0,3.83088660604591,15.3235464241837,1.06915865454459,0,400,25,10.2156976161224,34.4779794544132,0.450172065071408,1.2942446870803,0.01375,0.011,0.01375,0.01375,0,0,0,0
29/05/2013,0.00502763759965666,0.1,14.7231399019762,21.2404605576064,264.23368257838,0,4.01944788426986,16.0777915370794,1.12239235733422,0,400,25,10.7185276913863,36.1750309584287,0.472586255719671,1.35868548519406,0.01375,0.011,0.01375,0.01375,0,0,0,0
30/05/2013,0.00279505897425631,0.1,14.5980638868514,11.1641276782144,265.54804275565,0,2.24395455211231,8.97581820844926,0.563833902943151,0,400,25,5.98387880563284,20.1955909690108,0.237403748607643,0.682535777246973,0.01375,0.011,0.01375,0.01375,0,0,0,0
31/05/2013,0.00199071502558225,0.1,14.4739949170069,6,266.867051045467,0,1.40973859548931,5.63895438195726,0.303214090814326,0,400,25,3.75930292130484,12.6876473594038,0.12766909086919,0.367048636248921,0.01375,0.011,0.01375,0.01375,0,0,0,0
01/06/2013,0.00262466704895625,0.1,14.3509697194906,17.1528964103631,268.190316993389,0,3.56030811329809,14.2412324531924,0.985294279428818,0,400,25,9.49415496879491,32.0427730196828,0.414860749233186,1.19272465404541,0.01375,0.011,0.01375,0.01375,0,0,0,0
02/06/2013,0.0204979256777978,0.1,14.2290247123716,37.0655553067342,269.517448884614,0,6.6957078630802,26.7828314523208,1.95631693161304,0,400,25,17.8552209682139,60.2613707677218,0.823712392258123,2.3681731277421,0.01375,0.011,0.01375,0.01375,0,0,0,0
03/06/2013,0.0288029920462771,0.1,14.1081959939597,36.0490073009994,270.848053859939,0,5.87200969274319,23.4880387709728,1.67804234658526,0,400,25,15.6586925139818,52.8480872346887,0.706544145930634,2.03131441955057,0.01375,0.011,0.01375,0.01375,0,0,0,0
04/06/2013,0.00988152922341124,0.1,13.9885193321197,31.5418993414265,272.181738032057,0,4.61625971395797,18.4650388558319,1.25589900107744,0,400,25,12.3100259038879,41.5463374256217,0.528799579401029,1.52029879077796,0.01375,0.011,0.01375,0.01375,0,0,0,0
05/06/2013,0.0031276542607911,0.1,13.870030153683,6,273.51810660215,0,1.2053924770384,4.82156990815359,0.236417080051876,0,400,25,3.21437993876906,10.8485322933456,0.0995440337060529,0.286189096904902,0.01375,0.011,0.01375,0.01375,0,0,0,0
06/06/2013,0.00265327999307782,0.1,13.7527635339609,6,274.856763976763,0,1.26409537979477,5.05638151917908,0.25560598589912,0,400,25,3.37092101278606,11.3768584181529,0.107623573010156,0.309417772404198,0.01375,0.011,0.01375,0.01375,0,0,0,0
07/06/2013,0.00223861856063103,0.1,13.6367541863612,6,276.197313884907,0,1.32569501828629,5.30278007314515,0.2757417817071,0,400,25,3.5351867154301,11.9312551645766,0.116101802824042,0.333792683119121,0.01375,0.011,0.01375,0.01375,0,0,0,0
08/06/2013,0.00196874396792673,0.1,13.5220364521127,6,277.539359495362,0,1.39748401732392,5.5899360692957,0.299208293220478,0,400,25,3.72662404619713,12.5773561559153,0.125982439250728,0.362199512845842,0.01375,0.011,0.01375,0.01375,0,0,0,0
09/06/2013,0.00170080940124986,0.1,13.408644290099,6,278.882503534148,0,1.46929773540375,5.87719094161499,0.322682884936893,0,400,25,3.91812729441,13.2236796186337,0.135866477868166,0.390616123870976,0.01375,0.011,0.01375,0.01375,0,0,0,0
10/06/2013,0.00259922382916629,0.1,13.2966112668063,6,280.226348402127,0,2.30953124692854,9.23812498771414,0.455009661577623,0,400,25,6.15874999180943,20.7857812223568,0.191583015401104,0.550801169278175,0.01375,0.011,0.01375,0.01375,0,0,0,0
11/06/2013,0.0059313041201586,0.1,13.1859705463869,32.1932715053544,281.570496292702,0,6.36739488148294,25.4695795259318,1.87471326141239,0,400,25,16.9797196839545,57.3065539333465,0.789352952173636,2.2693897374992,0.01375,0.011,0.01375,0.01375,0,0,0,0
12/06/2013,0.0060853146648748,0.1,13.076754880842,28.9525188216635,282.914549309573,0,5.66899398069705,22.6759759227882,1.62595159000628,0,400,25,15.1173172818588,51.0209458262734,0.684611195792118,1.96825718790234,0.01375,0.011,0.01375,0.01375,0,0,0,0
13/06/2013,0.00687424214504904,0.1,12.9689966003261,34.4674625515295,284.258109584525,0,6.8088075650443,27.2352302601772,2.01491143652812,0,400,25,18.1568201734515,61.2792680853987,0.848383762748682,2.43910331790246,0.01375,0.011,0.01375,0.01375,0,0,0,0
14/06/2013,0.00598058353858636,0.1,12.8627276035769,34.0960109729631,285.600779395208,0,6.38300550834421,25.5320220333769,1.86505159274123,0,400,25,17.0213480222512,57.4470495750979,0.785284881154202,2.25769403331833,0.01375,0.011,0.01375,0.01375,0,0,0,0
15/06/2013,0.00125996916398592,0.1,12.7579793484726,14.8944394022128,286.942161282863,0,3.33174583067143,13.3269833226857,0.91108050866935,0,400,25,8.88465554845716,29.9857124760429,0.383612845755516,1.10288693154711,0.01375,0.011,0.01375,0.01375,0,0,0,0
16/06/2013,0.000867935681065974,0.1,12.6547828427194,6,288.281858169988,0,1.96328622320044,7.85314489280176,0.484158691700543,0,400,25,5.23542992853451,17.669576008804,0.203856291242334,0.58608683732171,0.01375,0.011,0.01375,0.01375,0,0,0,0
17/06/2013,0.000851313181778795,0.1,12.5531686346731,6,289.619473477875,0,1.99686387714518,7.9874555085807,0.495134612990005,0,400,25,5.3249703390538,17.9717748943066,0.208477731785265,0.599373478882638,0.01375,0.011,0.01375,0.01375,0,0,0,0
18/06/2013,0.000805795446206249,0.1,12.4531668042954,6,290.954611244008,0,2.0439962571195,8.175985028478,0.510541326443978,0,400,25,5.450656685652,18.3959663140755,0.214964769029043,0.6180237109585,0.01375,0.011,0.01375,0.01375,0,0,0,0
19/06/2013,0.00108657334734042,0.1,12.3548069542502,15.9180452892241,292.286876239276,0,3.76771074408476,15.070842976339,1.05561013533703,0,400,25,10.0472286508927,33.9093966967628,0.444467425405065,1.27784384803956,0.01375,0.011,0.01375,0.01375,0,0,0,0
20/06/2013,0.00100418341599232,0.1,12.2581182011404,14.4066793258384,293.61587408497,0,3.40383903152591,13.6153561261036,0.935789375843006,0,400,25,9.07690408406908,30.6345512837332,0.394016579302318,1.13279766549416,0.01375,0.011,0.01375,0.01375,0,0,0,0
21/06/2013,0.000745676756272167,0.1,12.1631291668888,6,294.941211369524,0,2.12036107835321,8.48144431341284,0.53550359058919,0,400,25,5.65429620894189,19.0832497051789,0.225475196037554,0.648241188607967,0.01375,0.011,0.01375,0.01375,0,0,0,0
22/06/2013,0.000740662258713909,0.1,12.0698679702651,6,296.262495764978,0,2.12866343611493,8.51465374445973,0.538217479577969,0,400,25,5.67643582963982,19.1579709250344,0.226617886138092,0.651526422647015,0.01375,0.011,0.01375,0.01375,0,0,0,0
23/06/2013,0.00290366109890177,0.1,11.9783622185626,31.4043252045806,297.579336143113,0,6.36233776765763,25.4493510706305,1.8747156736593,0,400,25,16.966234047087,57.2610399089187,0.789353967856546,2.26939265758757,0.01375,0.011,0.01375,0.01375,0,0,0,0
24/06/2013,0.0786055785003245,0.1,11.8886389994256,37.74458772765,298.891342691233,0,5.72655946626019,22.9062378650408,1.6206991298713,0,400,25,15.2708252433605,51.5390351963417,0.68239963363002,1.96189894668631,0.01375,0.011,0.01375,0.01375,0,0,0,0
25/06/2013,0.197409475653982,0.1,11.8007248728309,37.2023318814396,300.198127027558,0,4.83702128387298,19.3480851354919,1.31721680247132,0,400,25,12.8987234236613,43.5331915548568,0.554617601040556,1.5945256029916,0.01375,0.011,0.01375,0.01375,0,0,0,0
26/06/2013,0.541739597085665,0.1,11.7146458632257,37.7104221746492,301.499302316194,0,4.48093918672584,17.9237567469034,1.19423988987891,0,400,25,11.9491711646022,40.3284526805326,0.502837848370068,1.44565881406395,0.01375,0.011,0.01375,0.01375,0,0,0,0
27/06/2013,0.684780542221705,0.1,11.6304274518233,37.6548164088577,302.794483381644,0,4.1045454360339,16.4181817441356,1.05924770439974,0,400,25,10.9454544960904,36.9409089243051,0.445999033431468,1.28224722111547,0.01375,0.011,0.01375,0.01375,0,0,0,0
28/06/2013,0.103230944652573,0.1,11.5480945690608,27.076641736612,304.083286822828,0,3.6509416014026,14.6037664056104,0.876994360155527,0,400,25,9.73584427040692,32.8584744126234,0.36926078322338,1.06162475176722,0.01375,0.011,0.01375,0.01375,0,0,0,0
29/06/2013,0.0986810271501959,0.1,11.4676715872185,27.2598126203908,305.365331126578,0,4.13974356928068,16.5589742771227,1.05867387740215,0,400,25,11.0393161847485,37.2576921235261,0.445757422064063,1.28155258843418,0.01375,0.011,0.01375,0.01375,0,0,0,0
30/06/2013,0.15472661463583,0.1,11.3891823132057,31.4241348041439,306.640236780576,0,4.43275998478128,17.7310399391251,1.18688535057834,0,400,25,11.8206932927501,39.8948398630315,0.499741200243511,1.43675595070009,0.01375,0.011,0.01375,0.01375,0,0,0,0
01/07/2013,0.10319149247273,0.1,11.3126499815131,28.493680075478,307.907626385693,0,3.97926014065532,15.9170405626213,1.0104977457735,0,400,25,10.6113603750808,35.8133412658978,0.425472735062528,1.22323411330477,0.01375,0.011,0.01375,0.01375,0,0,0,0
02/07/2013,0.0379366834748212,0.1,11.238097247335,13.7647417834608,309.167124767712,0,2.99033883729942,11.9613553491977,0.609192095188418,0,400,25,7.97423689946513,26.9130495356948,0.256501934816176,0.737443062596506,0.01375,0.011,0.01375,0.01375,0,0,0,0
03/07/2013,0.0271613213913129,0.1,11.1655461798626,9.76387592247689,310.418359088383,0,2.97776346001183,11.9110538400473,0.609853166924195,0,400,25,7.94070256003156,26.7998711401065,0.256780280810187,0.738243307329288,0.01375,0.011,0.01375,0.01375,0,0,0,0
04/07/2013,0.0191486974883074,0.1,11.0950182557516,7.41316154709762,311.660958955797,0,2.86142875631395,11.4457150252558,0.583848085381509,0,400,25,7.63047668350387,25.7528588068255,0.245830772792214,0.706763471777617,0.01375,0.011,0.01375,0.01375,0,0,0,0
05/07/2013,0.0130741993936539,0.1,11.026534352764,6.62807573123146,312.894556534024,0,2.76835299988131,11.0734119995252,0.585657573062903,0,400,25,7.38227466635015,24.9151769989318,0.246592662342275,0.70895390423404,0.01375,0.011,0.01375,0.01375,0,0,0,0
06/07/2013,0.0128303159968601,0.1,10.9601147435886,6.19203252425955,314.118786652004,0,2.87890739040385,11.5156295616154,0.596182552111517,0,400,25,7.67708637441027,25.9101665136347,0.251024232468007,0.721694668345521,0.01375,0.011,0.01375,0.01375,0,0,0,0
07/07/2013,0.0125422526185901,0.1,10.8957790898389,6.05756066546783,315.333286911643,0,2.96465407249548,11.8586162899819,0.604396196996342,0,400,25,7.90574419332127,26.6818866524593,0.254482609261618,0.731637501627151,0.01375,0.011,0.01375,0.01375,0,0,0,0
08/07/2013,0.0100203684102671,0.1,10.8335464362339,6.02043595560861,316.53769779509,0,2.95136833859179,11.8054733543672,0.611179257010574,0,400,25,7.8703155695781,26.5623150473261,0.257338634530768,0.739848574275958,0.01375,0.011,0.01375,0.01375,0,0,0,0
09/07/2013,0.0104329398755712,0.1,10.7734352049594,6.00551481995821,317.731662771168,0,3.042826813847,12.171307255388,0.616683373403381,0,400,25,8.11420483692534,27.385441324623,0.259656157222476,0.74651145201462,0.01375,0.011,0.01375,0.01375,0,0,0,0
10/07/2013,0.00934981691688781,0.1,10.7154631902157,6.001683820381,318.914828400906,0,3.06661437584084,12.2664575033634,0.622068526631594,0,400,25,8.17763833557557,27.5995293825675,0.261923590160671,0.753030321711929,0.01375,0.011,0.01375,0.01375,0,0,0,0
11/07/2013,0.00760386656157723,0.1,10.6596475529492,6.00055319487055,320.086844442171,0,3.05359228679357,12.2143691471743,0.62895985596442,0,400,25,8.14291276478287,27.4823305811422,0.264825202511335,0.761372457220087,0.01375,0.011,0.01375,0.01375,0,0,0,0
12/07/2013,0.00574434142603441,0.1,10.6060048157731,6.0001910212929,321.247363953343,0,3.00814912436577,12.0325964974631,0.638927163097932,0,400,25,8.02173099830873,27.073342119292,0.269021963409655,0.773438144802759,0.01375,0.011,0.01375,0.01375,0,0,0,0
13/07/2013,0.00665968915003529,0.1,10.5545508580758,6,322.396043396021,0,3.10815210220944,12.4326084088378,0.636755483615113,0,400,25,8.28840560589184,27.973368919885,0.268107572048469,0.770809269639347,0.01375,0.011,0.01375,0.01375,0,0,0,0
14/07/2013,0.00390968336296948,0.1,10.5053009113207,6,323.532542736714,0,2.96403109263736,11.8561243705495,0.658265824438652,0,400,25,7.90408291369964,26.6762798337363,0.27716455765838,0.796848103267842,0.01375,0.011,0.01375,0.01375,0,0,0,0
15/07/2013,0.0076482907932905,0.1,10.4582695545372,15.6621731571292,324.656525547499,0,4.43274663498452,17.7309865399381,1.12508928006611,0,400,25,11.820657693292,39.8947197148606,0.4737218021331,1.36195018113266,0.01375,0.011,0.01375,0.01375,0,0,0,0
16/07/2013,0.00526427329059137,0.1,10.4134707100049,20.3882765880705,325.767659105614,0,4.83594643424553,19.3437857369821,1.32449791565857,0,400,25,12.8958571579881,43.5235179082097,0.557683332908871,1.603339582113,0.01375,0.011,0.01375,0.01375,0,0,0,0
17/07/2013,0.00316862449867095,0.1,10.3709176391324,15.4667705739746,326.865614491947,0,4.15801830498679,16.6320732199471,1.12652585439088,0,400,25,11.0880488132981,37.4221647448811,0.474326675533003,1.36368919215738,0.01375,0.011,0.01375,0.01375,0,0,0,0
18/07/2013,0.00246001429486832,0.1,10.3306229385318,10.8528052408947,327.950066688404,0,3.48844117461921,13.9537646984768,0.909362455920596,0,400,25,9.30250979898456,31.3959705715729,0.382889455124461,1.10080718348283,0.01375,0.011,0.01375,0.01375,0,0,0,0
19/07/2013,0.00156178310280433,0.1,10.2925985362894,6,329.020694674121,0,2.72137128045468,10.8854851218187,0.731962839448165,0,400,25,7.25699008121248,24.4923415240921,0.308194879767648,0.886060279331989,0.01375,0.011,0.01375,0.01375,0,0,0,0
20/07/2013,0.0073103469684587,0.1,10.2568556884352,33.0979355675845,330.077181520497,0,6.78225198056172,27.1290079222469,2.00930759353934,0,400,25,18.0860052814979,61.0402678250555,0.846024249911301,2.43231971849499,0.01375,0.011,0.01375,0.01375,0,0,0,0
21/07/2013,0.00602725786583537,0.1,10.2234049756106,31.8026421094105,331.119214485005,0,6.20430811194783,24.8172324477913,1.81117611275437,0,400,25,16.5448216318609,55.8387730075304,0.762600468528155,2.19247634701845,0.01375,0.011,0.01375,0.01375,0,0,0,0
22/07/2013,0.00134443926031694,0.1,10.1922562999366,6,332.146485103776,0,2.77955704892353,11.1182281956941,0.750982703549811,0,400,25,7.41215213046274,25.0160134403118,0.31620324359992,0.909084325349771,0.01375,0.011,0.01375,0.01375,0,0,0,0
23/07/2013,0.00131850079828839,0.1,10.1634188820821,6,333.158689282906,0,2.76763233037638,11.0705293215055,0.747084731035474,0,400,25,7.38035288100368,24.9086909733874,0.314561992014936,0.904365727042942,0.01375,0.011,0.01375,0.01375,0,0,0,0
24/07/2013,0.0012946947588636,0.1,10.1369012585347,6,334.155527388481,0,2.75712329560984,11.0284931824393,0.743649519670926,0,400,25,7.35232878829289,24.8141096604885,0.313115587229864,0.900207313285858,0.01375,0.011,0.01375,0.01375,0,0,0,0
25/07/2013,0.00126364350181702,0.1,10.1127112790737,6,335.136704335266,0,2.7568119291385,11.027247716554,0.743547739663093,0,400,25,7.35149847770267,24.8113073622465,0.313072732489723,0.900084105907954,0.01375,0.011,0.01375,0.01375,0,0,0,0
26/07/2013,0.0012492445560112,0.1,10.0908561044464,6,336.101929674065,0,2.74285781429992,10.9714312571997,0.738986394597577,0,400,25,7.31428750479979,24.6857203286993,0.311152166146348,0.894562477670751,0.01375,0.011,0.01375,0.01375,0,0,0,0
27/07/2013,0.00121767771903778,0.1,10.0713422042482,6,337.050917677694,0,2.74848103340751,10.99392413363,0.740824522133822,0,400,25,7.32928275575336,24.7363293006676,0.311926114582662,0.896787579425153,0.01375,0.011,0.01375,0.01375,0,0,0,0
28/07/2013,0.00121380980892571,0.1,10.0541753550077,6,337.983387425568,0,2.72823931984512,10.9129572793805,0.734207875980093,0,400,25,7.27530485292031,24.5541538786061,0.309140158307408,0.888777955133797,0.01375,0.011,0.01375,0.01375,0,0,0,0
29/07/2013,0.00116685448277111,0.1,10.0393606384765,6,338.899062886852,0,2.75428738760779,11.0171495504312,0.742722513184238,0,400,25,7.34476636695412,24.7885864884702,0.312725268709153,0.899085147538814,0.01375,0.011,0.01375,0.01375,0,0,0,0
30/07/2013,0.00117975900634811,0.1,10.0269024401251,6,339.797673002179,0,2.71954246799821,10.8781698719928,0.731365034086049,0,400,25,7.25211324799522,24.4758822119839,0.307943172246758,0.885336620209428,0.01375,0.011,0.01375,0.01375,0,0,0,0
31/07/2013,0.00212834372422175,0.1,10.0168044478446,21.4515304148615,340.678951763886,0,5.0368392226311,20.1473568905244,1.46023084323142,0,400,25,13.4315712603496,45.3315530036799,0.614834039255334,1.76764786285908,0.01375,0.011,0.01375,0.01375,0,0,0,0
01/08/2013,0.0019106663220741,0.1,10.0090696508551,19.4500270447308,341.542638294759,0,4.53654087838277,18.1461635135311,1.29454808671452,0,400,25,12.0974423423541,40.828867905445,0.545072878616639,1.56708452602284,0.01375,0.011,0.01375,0.01375,0,0,0,0
02/08/2013,0.00109494557109753,0.1,10.0037003388204,6,342.388476925256,0,2.75419127026145,11.0167650810458,0.742691094180702,0,400,25,7.34451005403054,24.7877214323531,0.312712039655033,0.899047114008219,0.01375,0.011,0.01375,0.01375,0,0,0,0
03/08/2013,0.00107158197818198,0.1,10.000698101171,6,343.216217269194,0,2.76356209839867,11.0542483935947,0.74575424660405,0,400,25,7.36949892906312,24.872058885588,0.314001788043811,0.902755140625956,0.01375,0.011,0.01375,0.01375,0,0,0,0
04/08/2013,0.00104487153162474,0.1,10.0000638266329,6,344.025614297865,0,2.77835392975464,11.1134157190185,0.750589425886001,0,400,25,7.40894381267903,25.0051853677917,0.316037653004632,0.908608252388316,0.01375,0.011,0.01375,0.01375,0,0,0,0
05/08/2013,0.00103535791669264,0.1,10.0017977029648,6,344.816428412574,0,2.77336885932425,11.093475437297,0.748959897487251,0,400,25,7.39565029153134,24.9603197339183,0.315351535784106,0.906635665379304,0.01375,0.011,0.01375,0.01375,0,0,0,0
06/08/2013,0.00103466660206089,0.1,10.0058992169025,6,345.588425515561,0,2.75825292968857,11.0330117187543,0.744018776402041,0,400,25,7.3553411458362,24.8242763671972,0.313271063748228,0.900654308276155,0.01375,0.011,0.01375,0.01375,0,0,0,0
07/08/2013,0.00105924779490529,0.1,10.0123671543109,6,346.341377079302,0,2.7142286509618,10.8569146038472,0.729628044431139,0,400,25,7.23794306923148,24.4280578586562,0.307211808181532,0.883233948521906,0.01375,0.011,0.01375,0.01375,0,0,0,0
08/08/2013,0.00611178306721977,0.1,10.0211996005432,33.8093724523869,347.075060214155,0,6.8512377075617,27.4049508302468,2.03002125489354,0,400,25,18.2699672201645,61.6611393680553,0.854745791534122,2.4573941506606,0.01375,0.011,0.01375,0.01375,0,0,0,0
09/08/2013,0.00500386309290686,0.1,10.032393941008,32.5308214832111,347.789257734344,0,6.28020426061767,25.1208170424707,1.834166895972,0,400,25,16.7472113616471,56.521838345559,0.772280798304001,2.220307295124,0.01375,0.011,0.01375,0.01375,0,0,0,0
10/08/2013,0.00101523073634355,0.1,10.0459468619428,6,348.483758222246,0,2.72277208711893,10.8910883484757,0.732420737540564,0,400,25,7.26072556565047,24.5049487840703,0.308387678964448,0.886614577022788,0.01375,0.011,0.01375,0.01375,0,0,0,0
11/08/2013,0.00102866681275381,0.1,10.0618543513956,6,349.15835609098,0,2.69329396080894,10.7731758432357,0.722784876897299,0,400,25,7.18211722882383,24.2396456472804,0.304330474483073,0.874950114138836,0.01375,0.011,0.01375,0.01375,0,0,0,0
12/08/2013,0.000959625749103247,0.1,10.0801117004118,6,349.812851645262,0,2.76444927128844,11.0577970851538,0.746044247204578,0,400,25,7.37186472343584,24.880043441596,0.314123893559822,0.903106193984489,0.01375,0.011,0.01375,0.01375,0,0,0,0
13/08/2013,0.000965185926628839,0.1,10.1007135044287,6,350.447051140518,0,2.74338748380623,10.9735499352249,0.73915953387706,0,400,25,7.31569995681662,24.6904873542561,0.311225066895604,0.894772067324862,0.01375,0.011,0.01375,0.01375,0,0,0,0
14/08/2013,0.000896486357130706,0.1,10.1236536648752,6,351.06076684024,0,2.82358874265831,11.2943549706332,0.765375859351288,0,400,25,7.52956998042216,25.4122986839248,0.322263519726858,0.926507619214717,0.01375,0.011,0.01375,0.01375,0,0,0,0
15/08/2013,0.000976764209697856,0.1,10.1489253909769,6,351.653817071558,0,2.70223961488808,10.8089584595523,0.725709047693061,0,400,25,7.2059723063682,24.3201565339927,0.305561704291815,0.878489899838968,0.01375,0.011,0.01375,0.01375,0,0,0,0
16/08/2013,0.000937268661138723,0.1,10.1765212017667,6,352.226026279017,0,2.7391887527867,10.9567550111468,0.737787045457771,0,400,25,7.30450334076453,24.6526987750803,0.310647177034851,0.893110633975197,0.01375,0.011,0.01375,0.01375,0,0,0,0
17/08/2013,0.000910286460433321,0.1,10.206432928299,6,352.777225076551,0,2.76211994367641,11.0484797747057,0.745282832587313,0,400,25,7.3656531831371,24.8590794930877,0.3138032979315,0.902184481553063,0.01375,0.011,0.01375,0.01375,0,0,0,0
18/08/2013,0.000875134514565297,0.1,10.2386517160679,6,353.307250297619,0,2.79861548724419,11.1944619489768,0.757212558656779,0,400,25,7.46297463265117,25.1875393851977,0.318826340487065,0.916625728900311,0.01375,0.011,0.01375,0.01375,0,0,0,0
19/08/2013,0.000897953558011518,0.1,10.2731680276286,6,353.815945043506,0,2.75240265747354,11.0096106298942,0.742106429355406,0,400,25,7.33974041992944,24.7716239172619,0.31246586499175,0.898339361851281,0.01375,0.011,0.01375,0.01375,0,0,0,0
20/08/2013,0.000933257585656657,0.1,10.3099716454204,6,354.303158729775,0,2.69257792481904,10.7703116992762,0.722550817821031,0,400,25,7.18020779951744,24.2332013233714,0.304231923293066,0.874666779467564,0.01375,0.011,0.01375,0.01375,0,0,0,0
21/08/2013,0.00093969623756009,0.1,10.3490516747915,6,354.768747130835,0,2.67200078651162,10.6880031460465,0.715824527449575,0,400,25,7.12533543069766,24.0480070786046,0.3013998010314,0.866524427965275,0.01375,0.011,0.01375,0.01375,0,0,0,0
22/08/2013,0.000942070286213806,0.1,10.3903965472238,6,355.212572422639,0,2.65679660566985,10.6271864226794,0.710854558658287,0,400,25,7.08479094845295,23.9111694510287,0.299307182592963,0.860508149954769,0.01375,0.011,0.01375,0.01375,0,0,0,0
23/08/2013,0.000944509473243105,0.1,10.4339940237578,6,355.634503223483,0,2.64173482851951,10.5669393140781,0.705931139030649,0,400,25,7.04462620938537,23.7756134566756,0.297234163802378,0.854548220931838,0.01375,0.011,0.01375,0.01375,0,0,0,0
24/08/2013,0.000918069220935125,0.1,10.4798311986152,6,356.034414632895,0,2.6621249642283,10.6484998569132,0.712596301670939,0,400,25,7.09899990460879,23.9591246780547,0.300040548071974,0.862616575706926,0.01375,0.011,0.01375,0.01375,0,0,0,0
25/08/2013,0.000928896296742279,0.1,10.5278945030197,6,356.412188268613,0,2.63663562249732,10.5465424899893,0.704264301793287,0,400,25,7.03102832665952,23.7297206024759,0.296532337597173,0.852530470591873,0.01375,0.011,0.01375,0.01375,0,0,0,0
26/08/2013,0.00091910656024424,0.1,10.5781697092131,6,356.767712301624,0,2.63665053775542,10.5466021510217,0.704269177318515,0,400,25,7.03106810068113,23.7298548397988,0.296534390449901,0.852536372543466,0.01375,0.011,0.01375,0.01375,0,0,0,0
27/08/2013,0.000930041411128072,0.1,10.6306419346675,6,357.10088148927,0,2.61160954369646,10.4464381747858,0.696083734099242,0,400,25,6.96429211652389,23.5044858932681,0.293087888041786,0.842627678120135,0.01375,0.011,0.01375,0.01375,0,0,0,0
28/08/2013,0.000883145567877488,0.1,10.6852956464909,6,357.4115972064,0,2.65802693789864,10.6321077515946,0.711256731773933,0,400,25,7.08807183439637,23.9222424410878,0.299476518641656,0.860994991094761,0.01375,0.011,0.01375,0.01375,0,0,0,0
29/08/2013,0.000895763001245048,0.1,10.7421146660246,6,357.69976747457,0,2.63169831662913,10.5267932665165,0.702650386756803,0,400,25,7.01786217767768,23.6852848496622,0.295852794423917,0.850576783968761,0.01375,0.011,0.01375,0.01375,0,0,0,0
30/08/2013,0.000827408187260432,0.1,10.8010821736331,6,357.965306989265,0,2.71575412553724,10.863016502149,0.730126694184831,0,400,25,7.24201100143264,24.4417871298352,0.30742176597256,0.883837577171111,0.01375,0.011,0.01375,0.01375,0,0,0,0
31/08/2013,0.000846954437611628,0.1,10.862180713683,6,358.208137145153,0,2.67850085848411,10.7140034339365,0.717949282158862,0,400,25,7.14266895595763,24.106507726357,0.302294434593205,0.869096499455464,0.01375,0.011,0.01375,0.01375,0,0,0,0
01/09/2013,0.000854737493832383,0.1,10.9253921997097,6,358.428186059355,0,2.65823016577209,10.6329206630884,0.711323163250847,0,400,25,7.08861377539225,23.9240714919488,0.29950448978983,0.861075408145762,0.01375,0.011,0.01375,0.01375,0,0,0,0
02/09/2013,0.000841820961992525,0.1,10.9906979197721,6,358.625388592724,0,2.66632241072967,10.6652896429187,0.71396837020472,0,400,25,7.11019309527911,23.996901696567,0.30061826113883,0.864277500774135,0.01375,0.011,0.01375,0.01375,0,0,0,0
03/09/2013,0.000845926012940108,0.1,11.0580785419912,6,358.799686369124,0,2.65094008001298,10.6037603200519,0.708940167475825,0,400,25,7.06917354670128,23.8584607201168,0.298501123147716,0.858190729049683,0.01375,0.011,0.01375,0.01375,0,0,0,0
04/09/2013,0.000803645896491665,0.1,11.1275141202729,6,358.951027792715,0,2.70175537314881,10.8070214925952,0.725550757920225,0,400,25,7.20468099506349,24.3157983583393,0.305495055966411,0.878298285903431,0.01375,0.011,0.01375,0.01375,0,0,0,0
05/09/2013,0.000798820998286308,0.1,11.1989841002127,6,359.079368063225,0,2.6994833487768,10.7979333951072,0.724808074684644,0,400,25,7.1986222634048,24.2953501389912,0.30518234723564,0.877399248302464,0.01375,0.011,0.01375,0.01375,0,0,0,0
06/09/2013,0.000819762884181566,0.1,11.2724673251798,6,359.184669189209,0,2.65914726642834,10.6365890657134,0.711622946691169,0,400,25,7.09105937714224,23.9323253978551,0.299630714396282,0.86143830388931,0.01375,0.011,0.01375,0.01375,0,0,0,0
07/09/2013,0.000726793275057414,0.1,11.3479420425803,6,359.2668999993,0,2.79763921491185,11.1905568596474,0.756893433077177,0,400,25,7.46037123976495,25.1787529342067,0.31869197182197,0.916239418988162,0.01375,0.011,0.01375,0.01375,0,0,0,0
08/09/2013,0.000835694123508132,0.1,11.4253859102962,6,359.326036151433,0,2.61913041126832,10.4765216450733,0.698542168230259,0,400,25,6.98434776338219,23.5721737014149,0.294123018202214,0.845603677331366,0.01375,0.011,0.01375,0.01375,0,0,0,0
09/09/2013,0.000697183364584164,0.1,11.5047760032994,6,359.362060140052,0,2.83121939482492,11.3248775792997,0.767870180059512,0,400,25,7.54991838619978,25.4809745534243,0.323313760025058,0.929527060072041,0.01375,0.011,0.01375,0.01375,0,0,0,0
10/09/2013,0.000568152069809243,0.1,11.5860888204375,6,359.374961301293,0,3.12462110664954,12.4984844265981,0.863777836397882,0,400,25,8.33232295106543,28.1215899598458,0.363695931114898,1.04562580195533,0.01375,0.011,0.01375,0.01375,0,0,0,0
11/09/2013,0.00071220797511767,0.1,11.6693002913912,6,359.364735816136,0,2.78764757942822,11.1505903177129,0.753627350080377,0,400,25,7.43372687847526,25.088828214854,0.317316778981211,0.912285739570983,0.01375,0.011,0.01375,0.01375,0,0,0,0
12/09/2013,0.000694953318562327,0.1,11.7543857837993,6,359.331386711544,0,2.80971064773909,11.2388425909564,0.760839363807802,0,400,25,7.49256172730425,25.2873958296518,0.320353416340127,0.921016071977866,0.01375,0.011,0.01375,0.01375,0,0,0,0
13/09/2013,0.000762366462560425,0.1,11.8413201105505,6,359.274923859559,0,2.68406562552452,10.7362625020981,0.719768302782823,0,400,25,7.15750833473205,24.1565906297207,0.30306033801382,0.871298471789733,0.01375,0.011,0.01375,0.01375,0,0,0,0
14/09/2013,0.0100454920260406,0.1,11.9300775372393,37.1954052160788,359.195363974383,0,7.36647596881736,29.4659038752694,2.19238147641679,0,400,25,19.6439359168463,66.2982837193562,0.923107990070228,2.65393547145191,0.01375,0.011,0.01375,0.01375,0,0,0,0
15/09/2013,0.008046701652011,0.1,12.0206317897838,36.5006883795698,359.09273060743,0,6.81656144061618,27.2662457624647,2.00036922004404,0,400,25,18.1774971749765,61.3490529655456,0.842260724229071,2.42149958215858,0.01375,0.011,0.01375,0.01375,0,0,0,0
16/09/2013,0.000785064679768471,0.1,12.1129560622039,6,358.967054140356,0,2.61850571053392,10.4740228421357,0.698337964979443,0,400,25,6.98268189475711,23.5665513948052,0.294037037886081,0.845356483922483,0.01375,0.011,0.01375,0.01375,0,0,0,0
17/09/2013,0.0267429859303629,0.1,12.2070230245555,38.9551064500223,358.818371776061,0,7.58025867400725,30.321034696029,2.25733027800023,0,400,25,20.214023130686,68.2223280660653,0.950454853894832,2.73255770494764,0.01375,0.011,0.01375,0.01375,0,0,0,0
18/09/2013,0.021418442747238,0.1,12.3028048310218,38.6992505661797,358.646727527679,0,7.01424669751536,28.0569867900614,2.05665985128166,0,400,25,18.704657860041,63.1282202776382,0.865962042644909,2.48964087260411,0.01375,0.011,0.01375,0.01375,0,0,0,0
19/09/2013,0.00195073588582356,0.1,12.4002731281556,6,358.452172205552,0,1.50490484726549,6.01961938906195,0.334322198921806,0,400,25,4.01307959270797,13.5441436253894,0.140767241651287,0.40470581974745,0.01375,0.011,0.01375,0.01375,0,0,0,0
20/09/2013,0.00169800634102234,0.1,12.4993990632724,6,358.234763402183,0,1.59754859942453,6.39019439769811,0.364605748014654,0,400,25,4.26012959846541,14.3779373948207,0.15351820969038,0.441364852859844,0.01375,0.011,0.01375,0.01375,0,0,0,0
21/09/2013,0.00152894127305117,0.1,12.600153292992,6,357.994565475191,0,1.68935208975876,6.75740835903504,0.394614630876596,0,400,25,4.50493890602336,15.2041688078288,0.166153528790146,0.477691395271669,0.01375,0.011,0.01375,0.01375,0,0,0,0
22/09/2013,0.00133434962368755,0.1,12.7025059919243,6,357.73164952826,0,1.78996841482366,7.15987365929462,0.427504268317164,0,400,25,4.77324910619642,16.1097157334129,0.180001797186174,0.517505166910251,0.01375,0.011,0.01375,0.01375,0,0,0,0
23/09/2013,0.00112298145933552,0.1,12.8064268614986,6,357.446093390089,0,1.93619822457276,7.74479289829102,0.475304120106117,0,400,25,5.16319526552735,17.4257840211548,0.200128050570997,0.575368145391615,0.01375,0.011,0.01375,0.01375,0,0,0,0
24/09/2013,0.000692862452054534,0.1,12.9118851389321,6,357.137981591355,0,2.58576741392677,10.3430696557071,0.687636414260549,0,400,25,6.89537977047139,23.271906725341,0.289531121793915,0.832401975157506,0.01375,0.011,0.01375,0.01375,0,0,0,0
25/09/2013,0.000557383566776936,0.1,13.0188496063369,6,356.807405339689,0,2.92788006644241,11.7115202657697,0.799466786695769,0,400,25,7.80768017717977,26.3509205979817,0.336617594398218,0.967775583894878,0.01375,0.011,0.01375,0.01375,0,0,0,0
26/09/2013,0.000519134976800373,0.1,13.1272885999607,6,356.454462492675,0,3.02269552561419,12.0907821024568,0.83046022711321,0,400,25,8.06052140163784,27.2042597305277,0.349667464047668,1.00529395913704,0.01375,0.011,0.01375,0.01375,0,0,0,0
27/09/2013,0.000589780597705866,0.1,13.2371700195604,6,356.079257528887,0,2.83101554222988,11.3240621689195,0.767803544372531,0,400,25,7.54937477927967,25.4791398800689,0.323285702893697,0.92944639581938,0.01375,0.011,0.01375,0.01375,0,0,0,0
28/09/2013,0.000497579368382751,0.1,13.3484613379039,6,355.681901516956,0,3.06673700135003,12.2669480054001,0.844856580472021,0,400,25,8.17796533693341,27.6006330121502,0.355729086514535,1.02272112372929,0.01375,0.011,0.01375,0.01375,0,0,0,0
29/09/2013,0.000580838725246892,0.1,13.4611296103994,6,355.262512082693,0,2.83295840417061,11.3318336166824,0.768438630426275,0,400,25,7.55455574445496,25.4966256375355,0.323553107547905,0.930215184200228,0.01375,0.011,0.01375,0.01375,0,0,0,0
30/09/2013,0.000518421443846377,0.1,13.5751414848473,6,354.82121337427,0,2.98265549242203,11.9306219696881,0.817371872177277,0,400,25,7.95374797979207,26.8438994317983,0.344156577758853,0.989450161056704,0.01375,0.011,0.01375,0.01375,0,0,0,0
01/10/2013,0.000480366437977588,0.1,13.6904632113135,6,354.35813602547,0,3.08959965565856,12.3583986226343,0.852329964245995,0,400,25,8.23893241508951,27.8063969009271,0.358875774419366,1.03176785145568,0.01375,0.011,0.01375,0.01375,0,0,0,0
02/10/2013,0.00048824818614914,0.1,13.8070606521197,6,353.873417117015,0,3.05380223541156,12.2152089416463,0.840628441928695,0,400,25,8.14347262776417,27.4842201187041,0.353948817654187,1.01760285075579,0.01375,0.011,0.01375,0.01375,0,0,0,0
03/10/2013,0.000589193854857794,0.1,13.9248992919492,6,353.367200135988,0,2.77807964967309,11.1123185986924,0.750499768741065,0,400,25,7.40821239912824,25.0027168470578,0.315999902627817,0.908499720054973,0.01375,0.011,0.01375,0.01375,0,0,0,0
04/10/2013,0.00133937126496285,0.1,14.0439442480639,24.3937907882303,352.839634933357,0,5.53822868158075,22.152914726323,1.6199280722699,0,400,25,14.7686098175487,49.8440581342267,0.682074977797853,1.96096556116883,0.01375,0.011,0.01375,0.01375,0,0,0,0
05/10/2013,0.00114951351508687,0.1,14.1641602806307,22.1653167453933,352.290877679617,0,5.01957245463605,20.0782898185442,1.44876909211504,0,400,25,13.3855265456961,45.1761520917244,0.610008038785282,1.75377311150769,0.01375,0.011,0.01375,0.01375,0,0,0,0
06/10/2013,0.000485458227125136,0.1,14.2855118031529,6,351.721090818561,0,3.01391830511461,12.0556732204584,0.827591114175713,0,400,25,8.03711548030563,27.1252647460315,0.348459416495037,1.00182082242323,0.01375,0.011,0.01375,0.01375,0,0,0,0
07/10/2013,0.000519972472627297,0.1,14.4079628930047,6,351.13044301919,0,2.90282490885566,11.6112996354226,0.791276713678162,0,400,25,7.74086642361508,26.1254241797009,0.333169142601331,0.957861284978827,0.01375,0.011,0.01375,0.01375,0,0,0,0
08/10/2013,0.000538444120797852,0.1,14.5314773020651,6,350.519109125787,0,2.84382374417382,11.3752949766953,0.771990311459583,0,400,25,7.58352998446352,25.5944136975644,0.325048552193509,0.934514587556338,0.01375,0.011,0.01375,0.01375,0,0,0,0
09/10/2013,0.00041460279427683,0.1,14.6560184674478,6,349.887270106158,0,3.23173608892683,12.9269443557073,0.898791766088523,0,400,25,8.61796290380487,29.0856248003414,0.378438638353062,1.08801108526505,0.01375,0.011,0.01375,0.01375,0,0,0,0
10/10/2013,0.000302483604274918,0.1,14.7815495223251,6,349.235112998059,0,3.85714285714286,15.4285714285714,1.10322580645161,0,400,25,10.2857142857143,34.7142857142857,0.464516129032258,1.33548387096774,0.01375,0.011,0.01375,0.01375,0,0,0,0
11/10/2013,0.000468759070283695,0.1,14.908033306841,6,348.562830853834,0,3.01262651771355,12.0505060708542,0.827168852487623,0,400,25,8.03367071390279,27.1136386594219,0.348281622100052,1.00130966353765,0.01375,0.011,0.01375,0.01375,0,0,0,0
12/10/2013,0.000437070079925855,0.1,15.0354323791111,6,347.870622683264,0,3.10971723678042,12.4388689471217,0.858906033773998,0,400,25,8.29257929808111,27.9874551310238,0.361644645799578,1.03972835667379,0.01375,0.011,0.01375,0.01375,0,0,0,0
13/10/2013,0.00028287992280987,0.1,15.1637090263067,6,347.158693394657,0,3.85714285714286,15.4285714285714,1.10322580645161,0,400,25,10.2857142857143,34.7142857142857,0.464516129032258,1.33548387096774,0.01375,0.011,0.01375,0.01375,0,0,0,0
14/10/2013,0.000467186195859315,0.1,15.292825275818,6,346.427253734189,0,2.98650391400282,11.9460156560113,0.818629850844547,0,400,25,7.96401043734085,26.8785352260254,0.344686252987178,0.990972977338136,0.01375,0.011,0.01375,0.01375,0,0,0,0
15/10/2013,0.000432031426641541,0.1,15.4227429064953,6,345.676520223521,0,3.09424666491701,12.376986659668,0.853848986627251,0,400,25,8.2513244397787,27.8482199842531,0.359515362790421,1.03360666802246,0.01375,0.011,0.01375,0.01375,0,0,0,0
16/10/2013,0.000363155064894229,0.1,15.553423459963,6,344.906715095704,0,3.38164778923718,13.5265911569487,0.947795160598574,0,400,25,9.01772743796581,30.4348301031346,0.399071646567821,1.14733098388248,0.01375,0.011,0.01375,0.01375,0,0,0,0
17/10/2013,0.00028009972663657,0.1,15.6848282520041,6,344.11806622939,0,3.85714285714286,15.4285714285714,1.10322580645161,0,400,25,10.2857142857143,34.7142857142857,0.464516129032258,1.33548387096774,0.01375,0.011,0.01375,0.01375,0,0,0,0
18/10/2013,0.000436536211512828,0.1,15.8169183840117,6,343.310807081381,0,3.04381752685488,12.1752701074195,0.837364623217694,0,400,25,8.11684673827969,27.3943577416939,0.352574578196924,1.01365191231616,0.01375,0.011,0.01375,0.01375,0,0,0,0
19/10/2013,0.000410205325872653,0.1,15.9496547545038,6,342.485176617513,0,3.12903784504597,12.5161513801839,0.865221587443596,0,400,25,8.34410092012257,28.1613406054137,0.364303826292041,1.04737350058962,0.01375,0.011,0.01375,0.01375,0,0,0,0
20/10/2013,0.000404646477664414,0.1,16.0829980706979,6,341.641419241926,0,3.13772551505628,12.5509020602251,0.868061427963098,0,400,25,8.36726804015009,28.2395296355065,0.365499548616041,1.05081120227112,0.01375,0.011,0.01375,0.01375,0,0,0,0
21/10/2013,0.000365771903590048,0.1,16.2169088601428,6,340.779784724706,0,3.29666657150765,13.1866662860306,0.9200163539429,0,400,25,8.79111085735374,29.6699991435689,0.387375306923327,1.11370400740456,0.01375,0.011,0.01375,0.01375,0,0,0,0
22/10/2013,0.000543799839159229,0.1,16.3513474824032,6,339.900528127956,0,2.6988357555051,10.7953430220204,0.724596388281852,0,400,25,7.19689534801361,24.2895217995459,0.305093216118675,0.87714299634119,0.01375,0.011,0.01375,0.01375,0,0,0,0
23/10/2013,0.00655758972305584,0.1,16.486274140794,37.447281698635,339.003909730285,0,7.54306265096511,30.1722506038605,2.25309124074004,0,400,25,20.114833735907,67.887563858686,0.948669996101068,2.72742623879057,0.01375,0.011,0.01375,0.01375,0,0,0,0
24/10/2013,0.00532282795804115,0.1,16.6216488941613,36.5003317843774,338.090194949768,0,6.9151758507316,27.6607034029264,2.03522414149139,0,400,25,18.4404689352843,62.2365826565844,0.856936480627956,2.46369238180537,0.01375,0.011,0.01375,0.01375,0,0,0,0
25/10/2013,0.000324036145142856,0.1,16.7574316687051,6,337.159654265367,0,3.46023616844452,13.8409446737781,0.973484265199683,0,400,25,9.22729644918538,31.1421255160007,0.409888111663024,1.17842832103119,0.01375,0.011,0.01375,0.01375,0,0,0,0
26/10/2013,0.000373032979409322,0.1,16.893582269843,6,336.212563136873,0,3.1887022407279,12.7548089629116,0.88472478775253,0,400,25,8.5032059752744,28.6983201665511,0.372515700106329,1.07098263780569,0.01375,0.011,0.01375,0.01375,0,0,0,0
27/10/2013,0.000422461683710925,0.1,17.0300603941077,6,335.249201923357,0,2.97822096568339,11.9128838627336,0.815922306447659,0,400,25,7.94192257515572,26.8039886911505,0.343546234293751,0.987695423594535,0.01375,0.011,0.01375,0.01375,0,0,0,0
28/10/2013,0.000414009062928249,0.1,17.1668256410784,6,334.269855800181,0,2.99447652538795,11.9779061015518,0.82123595177044,0,400,25,7.98527073436787,26.9502887284916,0.345783558640185,0.994127731090532,0.01375,0.011,0.01375,0.01375,0,0,0,0
29/10/2013,0.000368071692339381,0.1,17.3038375253397,6,333.27481467458,0,3.16533273279939,12.6613309311976,0.877085722795254,0,400,25,8.44088728746504,28.4879945951945,0.369299251703265,1.06173534864689,0.01375,0.011,0.01375,0.01375,0,0,0,0
30/10/2013,0.000376019642852776,0.1,17.4410554884664,6,332.264373099842,0,3.11571246335748,12.4628498534299,0.860865763751876,0,400,25,8.30856656895327,28.0414121702173,0.362469795263948,1.04210066138385,0.01375,0.011,0.01375,0.01375,0,0,0,0
31/10/2013,0.000309144215020394,0.1,17.5784389110296,6,331.238830188116,0,3.44714896653607,13.7885958661443,0.969206298124232,0,400,25,9.19239724409617,31.0243406988246,0.408086862368097,1.17324972930828,0.01375,0.011,0.01375,0.01375,0,0,0,0
01/11/2013,0.000350157044787249,0.1,17.7159471246209,6,330.198489521866,0,3.20465561888707,12.8186224755483,0.889939655451871,0,400,25,8.54574831703218,28.8419005699836,0.374711433874472,1.07729537238911,0.01375,0.011,0.01375,0.01375,0,0,0,0
02/11/2013,0.000299955949496536,0.1,17.853539423891,6,329.143659064006,0,3.47185769859166,13.8874307943667,0.977283130968212,0,400,25,9.25828719624443,31.246719287325,0.411487634091879,1.18302694801415,0.01375,0.011,0.01375,0.01375,0,0,0,0
03/11/2013,0.000233671942089493,0.1,17.9911750785997,6,328.074651066735,0,3.85714285714286,15.4285714285714,1.10322580645161,0,400,25,10.2857142857143,34.7142857142857,0.464516129032258,1.33548387096774,0.01375,0.011,0.01375,0.01375,0,0,0,0
04/11/2013,0.000252532570744348,0.1,18.1288133456723,6,326.991781979106,0,3.80337797654461,15.2135119061784,1.08565104978294,0,400,25,10.1423412707856,34.2304017889015,0.457116231487553,1.31420916552672,0.01375,0.011,0.01375,0.01375,0,0,0,0
05/11/2013,0.000368488777715508,0.1,18.2664134812612,6,325.895372353347,0,3.066024367616,12.264097470464,0.844623633531006,0,400,25,8.17606498030934,27.594219308544,0.355631003592003,1.02243913532701,0.01375,0.011,0.01375,0.01375,0,0,0,0
06/11/2013,0.000273089517230383,0.1,18.4039347528061,6,324.785746749974,0,3.59244314350569,14.3697725740228,1.01670030866054,0,400,25,9.57984838268185,32.3319882915512,0.428084340488648,1.23074247890486,0.01375,0.011,0.01375,0.01375,0,0,0,0
07/11/2013,0.000236541068721989,0.1,18.5413364510926,6,323.663233641712,0,3.85714285714286,15.4285714285714,1.10322580645161,0,400,25,10.2857142857143,34.7142857142857,0.464516129032258,1.33548387096774,0.01375,0.011,0.01375,0.01375,0,0,0,0
08/11/2013,0.00022948133566935,0.1,18.678577902302,6,322.528165316262,0,3.85714285714286,15.4285714285714,1.10322580645161,0,400,25,10.2857142857143,34.7142857142857,0.464516129032258,1.33548387096774,0.01375,0.011,0.01375,0.01375,0,0,0,0
09/11/2013,0.000225129040605682,0.1,18.8156184800527,6,321.380877777935,0,3.85714285714286,15.4285714285714,1.10322580645161,0,400,25,10.2857142857143,34.7142857142857,0.464516129032258,1.33548387096774,0.01375,0.011,0.01375,0.01375,0,0,0,0
10/11/2013,0.000354888051975881,0.1,18.9524176174254,6,320.221710648189,0,3.05659197585426,12.226367903417,0.841540357084156,0,400,25,8.15091193561135,27.5093277826883,0.354332781930171,1.01870674804924,0.01375,0.011,0.01375,0.01375,0,0,0,0
11/11/2013,0.0206415206957481,0.1,19.0889348189725,39.159145276227,319.05100706509,0,7.6559514150224,30.6238056600896,2.28304237569169,0,400,25,20.4158704400597,68.9035627352016,0.961281000291238,2.76368287583731,0.01375,0.011,0.01375,0.01375,0,0,0,0
12/11/2013,0.0293819554044252,0.1,19.2251296727055,38.9711702052084,317.869113581744,0,7.3406899236672,29.3627596946688,2.18051988561135,0,400,25,19.5751731297792,66.0662093130048,0.918113636046885,2.6395767036348,0.01375,0.011,0.01375,0.01375,0,0,0,0
13/11/2013,0.0127754685608462,0.1,19.3609618620575,38.7029080865134,316.676380063702,0,7.29310221188973,29.1724088475589,2.15625436889889,0,400,25,19.4482725650393,65.6379199070076,0.907896576378478,2.61020265708812,0.01375,0.011,0.01375,0.01375,0,0,0,0
14/11/2013,0.00346202674240513,0.1,19.496391177818,32.414143594411,315.473159585395,0,6.18122680083077,24.7249072033231,1.80436924082911,0,400,25,16.483271468882,55.6310412074769,0.759734417191205,2.18423644942472,0.01375,0.011,0.01375,0.01375,0,0,0,0
15/11/2013,0.00063309116846972,0.1,19.6313775300357,6,314.259808325618,0,2.01019360419865,8.04077441679461,0.499491857102109,0,400,25,5.36051627786307,18.0917424377879,0.210312360885099,0.604648037544659,0.01375,0.011,0.01375,0.01375,0,0,0,0
16/11/2013,0.000606599939772455,0.1,19.7658809598859,6,313.036685462092,0,2.08845689755622,8.35382759022489,0.525074697081358,0,400,25,5.56921839348326,18.796112078006,0.221084082981624,0.63561673857217,0.01375,0.011,0.01375,0.01375,0,0,0,0
17/11/2013,0.00979770549310643,0.1,19.899861651499,37.6422677409751,311.80415306514,0,7.39552822221214,29.5821128888485,2.20092989211204,0,400,25,19.7214085925657,66.5597539999092,0.926707322994543,2.66428355360931,0.01375,0.011,0.01375,0.01375,0,0,0,0
18/11/2013,0.00888765968833662,0.1,20.0332799437473,37.5263563924057,310.562575990505,0,6.97883473704739,27.9153389481896,2.05264978260007,0,400,25,18.6102259654597,62.8095126334265,0.864273592673713,2.48478657893693,0.01375,0.011,0.01375,0.01375,0,0,0,0
19/11/2013,0.0132793810346721,0.1,20.166096341985,38.5080623298967,309.31232177135,0,7.5423585038785,30.169434015514,2.24712533564771,0,400,25,20.1129560103427,67.8812265349065,0.946158036062196,2.72020435367881,0.01375,0.011,0.01375,0.01375,0,0,0,0
20/11/2013,0.00981800875101343,0.1,20.2982715297398,38.0338431091419,308.053760509454,0,7.04111365855262,28.1644546342105,2.07112381072514,0,400,25,18.7763030894737,63.3700229269736,0.872052130831637,2.50714987614096,0.01375,0.011,0.01375,0.01375,0,0,0,0
21/11/2013,0.000237468618670262,0.1,20.4297663803513,6,306.787264765657,0,3.33362958691492,13.3345183476597,0.932098888011512,0,400,25,8.88967889843978,30.0026662822343,0.392462689689058,1.12833023285604,0.01375,0.011,0.01375,0.01375,0,0,0,0
22/11/2013,0.0060547911713107,0.1,20.5605419685534,37.204926718571,305.513209449576,0,7.39877308083554,29.5950923233422,2.2042167893102,0,400,25,19.7300615488948,66.5889577275199,0.928091279709559,2.66826242916498,0.01375,0.011,0.01375,0.01375,0,0,0,0
23/11/2013,0.028605575910916,0.1,20.6905595819968,38.6103397363,304.231971708621,0,7.4439909692372,29.7759638769488,2.21216966683415,0,400,25,19.8506425846325,66.9959187231348,0.931439859719641,2.67788959669397,0.01375,0.011,0.01375,0.01375,0,0,0,0
24/11/2013,0.0202256928219284,0.1,20.8197807327088,36.4086387480277,302.94393081635,0,6.62580233991873,26.5032093596749,1.93716463477167,0,400,25,17.6688062397833,59.6322210592686,0.815648267272282,2.34498876840781,0.01375,0.011,0.01375,0.01375,0,0,0,0
25/11/2013,0.00162776492737617,0.1,20.9481671684868,6,301.649468060202,0,1.2396814210306,4.95872568412241,0.247625509055779,0,400,25,3.30581712274827,11.1571327892754,0.104263372234012,0.299757195172785,0.01375,0.011,0.01375,0.01375,0,0,0,0
26/11/2013,0.00139680257593967,0.1,21.0756808842214,6,300.348966628621,0,1.31740010460962,5.26960041843847,0.273030326053651,0,400,25,3.51306694562565,11.8566009414866,0.114960137285748,0.330510394696524,0.01375,0.011,0.01375,0.01375,0,0,0,0
27/11/2013,0.00112806577284543,0.1,21.2022841331467,6,299.042811497628,0,1.39263396020963,5.57053584083853,0.297622898206774,0,400,25,3.71369056055902,12.5337056418867,0.125314904508115,0.360280350460831,0.01375,0.011,0.01375,0.01375,0,0,0,0
28/11/2013,0.000902031107407908,0.1,21.3279394380145,6,297.73138931686,0,1.4838460712257,5.9353842849028,0.327438469979768,0,400,25,3.95692285660187,13.3546146410313,0.137868829465165,0.396372884712351,0.01375,0.011,0.01375,0.01375,0,0,0,0
29/11/2013,0.00092113798387013,0.1,21.4526096021881,6,296.41508829511,0,1.57751186776001,6.31004747104004,0.35805610669636,0,400,25,4.20669831402669,14.1976068098401,0.150760465977415,0.433436339685067,0.01375,0.011,0.01375,0.01375,0,0,0,0
30/11/2013,0.00219015951336181,0.1,21.5762577206533,27.2589632569276,295.094298085414,0,5.54741336284013,22.1896534513605,1.61678080704144,0,400,25,14.793102300907,49.9267202655612,0.680749813491132,1.957155713787,0.01375,0.011,0.01375,0.01375,0,0,0,0
01/12/2013,0.00177129497210371,0.1,21.6988471909432,26.0630944505059,293.769409669701,0,5.11612445527926,20.464497821117,1.4701357345661,0,400,25,13.6429985474114,46.0451200975134,0.619004519817306,1.77963799447475,0.01375,0.011,0.01375,0.01375,0,0,0,0
02/12/2013,0.00052354386969876,0.1,21.8203417239731,6,292.440815243058,0,1.9444398358326,7.77775934333038,0.47799815217385,0,400,25,5.18517289555359,17.4999585224934,0.201262379862674,0.578629342105187,0.01375,0.011,0.01375,0.01375,0,0,0,0
03/12/2013,0.00042172009856161,0.1,21.9407053547832,6,291.108908097629,0,2.12843142332446,8.51372569329783,0.538141638837857,0,400,25,5.67581712886522,19.1558828099201,0.226585953194887,0.6514346154353,0.01375,0.011,0.01375,0.01375,0,0,0,0
04/12/2013,0.000364422275776965,0.1,22.0599024531845,6,289.774082506192,0,2.29653208282091,9.18612833128363,0.593090671619492,0,400,25,6.12408555418909,20.6687887453882,0.249722388050312,0.717951865644648,0.01375,0.011,0.01375,0.01375,0,0,0,0
05/12/2013,0.00646577003842662,0.1,22.1778977343065,37.2364921460785,288.436733605447,0,7.402475644108,29.609902576432,2.20594863621868,0,400,25,19.7399350509547,66.622280796972,0.928820478407865,2.67035887542261,0.01375,0.011,0.01375,0.01375,0,0,0,0
06/12/2013,0.00517166008641248,0.1,22.294656269042,36.4918946181329,287.097257279049,0,6.83818128835802,27.3527251534321,2.00943751181563,0,400,25,18.2351501022881,61.5436315952222,0.846078952343425,2.43247698798735,0.01375,0.011,0.01375,0.01375,0,0,0,0
07/12/2013,0.000208403423934634,0.1,22.4101434943871,6,285.756050040415,0,3.41507029678315,13.6602811871326,0.958720367366288,0,400,25,9.10685412475506,30.7356326710483,0.403671733627911,1.16055623418024,0.01375,0.011,0.01375,0.01375,0,0,0,0
08/12/2013,0.000166740788657046,0.1,22.5243252236724,6,284.413508915348,0,3.85714285714286,15.4285714285714,1.10322580645161,0,400,25,10.2857142857143,34.7142857142857,0.464516129032258,1.33548387096774,0.01375,0.011,0.01375,0.01375,0,0,0,0
09/12/2013,0.00021320081020944,0.1,22.637167656683,6,283.070031324511,0,3.33922408489183,13.3568963395673,0.933927627135148,0,400,25,8.90459755971155,30.0530167640265,0.393232685109536,1.13054396968992,0.01375,0.011,0.01375,0.01375,0,0,0,0
10/12/2013,0.00014220040923308,0.1,22.7486373896641,6,281.726014965779,0,3.85714285714286,15.4285714285714,1.10322580645161,0,400,25,10.2857142857143,34.7142857142857,0.464516129032258,1.33548387096774,0.01375,0.011,0.01375,0.01375,0,0,0,0
11/12/2013,0.000151887052159394,0.1,22.8587014252095,6,280.381857696517,0,3.85714285714286,15.4285714285714,1.10322580645161,0,400,25,10.2857142857143,34.7142857142857,0.464516129032258,1.33548387096774,0.01375,0.011,0.01375,0.01375,0,0,0,0
12/12/2013,0.00018444612530021,0.1,22.9673271820289,6,279.037957415799,0,3.57275335810187,14.2910134324075,1.01026407773284,0,400,25,9.52734228827165,32.1547802229168,0.42537434851909,1.22295125199238,0.01375,0.011,0.01375,0.01375,0,0,0,0
13/12/2013,0.000154301563703174,0.1,23.0744825045931,6,277.694711946626,0,3.85714285714286,15.4285714285714,1.10322580645161,0,400,25,10.2857142857143,34.7142857142857,0.464516129032258,1.33548387096774,0.01375,0.011,0.01375,0.01375,0,0,0,0
14/12/2013,0.000206243143990338,0.1,23.180135672653,6,276.352518918163,0,3.32134790995148,13.2853916398059,0.928084232315937,0,400,25,8.85692775987062,29.8921311895633,0.390772308343552,1.12347038648771,0.01375,0.011,0.01375,0.01375,0,0,0,0
15/12/2013,0.00415835676467297,0.1,23.2842554106286,36.9999601945805,275.011775648026,0,7.42389429166535,29.6955771666614,2.21409003216961,0,400,25,19.7970514444409,66.8150486249882,0.932248434597729,2.68021424946847,0.01375,0.011,0.01375,0.01375,0,0,0,0
16/12/2013,0.00467333907528287,0.1,23.3868108968681,37.0584608291951,273.672879024676,0,7.07697913015435,28.3079165206174,2.09013898578596,0,400,25,18.8719443470783,63.6928121713892,0.880058520330931,2.53016824595143,0.01375,0.011,0.01375,0.01375,0,0,0,0
17/12/2013,0.00247144187082974,0.1,23.4877717727713,35.5516285469312,272.336225389925,0,7.15871087086194,28.6348434834478,2.12802073723283,0,400,25,19.0898956556318,64.4283978377575,0.896008731466457,2.57602510296606,0.01375,0.011,0.01375,0.01375,0,0,0,0
18/12/2013,0.00118575161025414,0.1,23.5871081517765,31.3724765956043,271.002210421614,0,6.46693443410832,25.8677377364333,1.90671961716721,0,400,25,17.2451584909555,58.2024099069749,0.802829312491455,2.30813427341293,0.01375,0.011,0.01375,0.01375,0,0,0,0
19/12/2013,0.000140447027962576,0.1,23.6847906282074,6,269.671229016481,0,3.85714285714286,15.4285714285714,1.10322580645161,0,400,25,10.2857142857143,34.7142857142857,0.464516129032258,1.33548387096774,0.01375,0.011,0.01375,0.01375,0,0,0,0
20/12/2013,0.000126107989730561,0.1,23.7807902859783,6,268.343675173266,0,3.85714285714286,15.4285714285714,1.10322580645161,0,400,25,10.2857142857143,34.7142857142857,0.464516129032258,1.33548387096774,0.01375,0.011,0.01375,0.01375,0,0,0,0
21/12/2013,0.000142220143894148,0.1,23.8750787071532,6,267.019941876079,0,3.85714285714286,15.4285714285714,1.10322580645161,0,400,25,10.2857142857143,34.7142857142857,0.464516129032258,1.33548387096774,0.01375,0.011,0.01375,0.01375,0,0,0,0
22/12/2013,0.000137758526554975,0.1,23.9676279803587,6,265.700420978066,0,3.85714285714286,15.4285714285714,1.10322580645161,0,400,25,10.2857142857143,34.7142857142857,0.464516129032258,1.33548387096774,0.01375,0.011,0.01375,0.01375,0,0,0,0
23/12/2013,0.000169761897172633,0.1,24.0584107090458,6,264.385503085413,0,3.5293931650349,14.1175726601396,0.996090423224925,0,400,25,9.41171510675973,31.7645384853141,0.419406493989442,1.20579367021965,0.01375,0.011,0.01375,0.01375,0,0,0,0
24/12/2013,0.000299735080590937,0.1,24.1474000196006,6,263.07557744172,0,2.63986567442259,10.5594626976903,0.705320146723696,0,400,25,7.03964179846023,23.7587910698033,0.296976903883662,0.853808598665527,0.01375,0.011,0.01375,0.01375,0,0,0,0
25/12/2013,0.000347212370395666,0.1,24.2345695692986,6,261.771031812774,0,2.47395431961334,9.89581727845335,0.651086757624759,0,400,25,6.5972115189689,22.26558887652,0.274141792684109,0.788157653966814,0.01375,0.011,0.01375,0.01375,0,0,0,0
26/12/2013,0.0176704792198467,0.1,24.3198935541034,39.2533108132712,260.472252371766,0,7.69198856825265,30.7679542730106,2.29543174719354,0,400,25,20.5119695153404,69.2278971142738,0.9664975777657,2.77868053607639,0.01375,0.011,0.01375,0.01375,0,0,0,0
27/12/2013,0.0187615983666676,0.1,24.4033467163048,39.2776903958803,259.17962358497,0,7.32345183992901,29.2938073597161,2.16354114665958,0,400,25,19.5292049064774,65.9110665593611,0.91096469333035,2.61902349332476,0.01375,0.011,0.01375,0.01375,0,0,0,0
28/12/2013,0.00386390650839134,0.1,24.484904351996,36.9962258618673,257.893528097937,0,7.04741570566886,28.1896628226754,2.07973867485947,0,400,25,18.7931085484503,63.4267413510197,0.875679442046094,2.51757839588252,0.01375,0.011,0.01375,0.01375,0,0,0,0
29/12/2013,0.000115893741179825,0.1,24.5645423183859,6,256.614346622224,0,3.85714285714286,15.4285714285714,1.10322580645161,0,400,25,10.2857142857143,34.7142857142857,0.464516129032258,1.33548387096774,0.01375,0.011,0.01375,0.01375,0,0,0,0
30/12/2013,0.000133033286401089,0.1,24.6422370409468,6,255.342457822691,0,3.85714285714286,15.4285714285714,1.10322580645161,0,400,25,10.2857142857143,34.7142857142857,0.464516129032258,1.33548387096774,0.01375,0.011,0.01375,0.01375,0,0,0,0
31/12/2013,0.000125122075816464,0.1,24.7179655203918,6,254.078238205414,0,3.85714285714286,15.4285714285714,1.10322580645161,0,400,25,10.2857142857143,34.7142857142857,0.464516129032258,1.33548387096774,0.01375,0.011,0.01375,0.01375,0,0,0,0
01/01/2014,0.000130652408558061,0.1,24.8051371179797,6,252.59041410873,0,3.85714285714286,15.4285714285714,1.10322580645161,0,400,25,10.2857142857143,34.7142857142857,0.464516129032258,1.33548387096774,0.01375,0.011,0.01375,0.01375,0,0,0,0
02/01/2014,0.000208195258035404,0.1,24.8764918925008,6,251.344251726306,0,2.98736170911061,11.9494468364424,0.818910248385156,0,400,25,7.96629789096162,26.8862553819955,0.34480431510954,0.991312405939926,0.01375,0.011,0.01375,0.01375,0,0,0,0
03/01/2014,0.000126536534961616,0.1,24.9458110794992,6,250.106942079986,0,3.85714285714286,15.4285714285714,1.10322580645161,0,400,25,10.2857142857143,34.7142857142857,0.464516129032258,1.33548387096774,0.01375,0.011,0.01375,0.01375,0,0,0,0
04/01/2014,0.000112414232223863,0.1,25.0130741590243,6,248.878851439682,0,3.85714285714286,15.4285714285714,1.10322580645161,0,400,25,10.2857142857143,34.7142857142857,0.464516129032258,1.33548387096774,0.01375,0.011,0.01375,0.01375,0,0,0,0
05/01/2014,0.000109942660188867,0.1,25.0782612197774,6,247.660343346284,0,3.85714285714286,15.4285714285714,1.10322580645161,0,400,25,10.2857142857143,34.7142857142857,0.464516129032258,1.33548387096774,0.01375,0.011,0.01375,0.01375,0,0,0,0
06/01/2014,9.40568737562086e-05,0.1,25.1413529650052,6,246.451778504046,0,3.85714285714286,15.4285714285714,1.10322580645161,0,400,25,10.2857142857143,34.7142857142857,0.464516129032258,1.33548387096774,0.01375,0.011,0.01375,0.01375,0,0,0,0
07/01/2014,0.00105368750689678,0.1,25.2023307182122,31.7956411116602,245.253514673805,0,6.75411670507662,27.0164668203065,2.00656362808272,0,400,25,18.0109778802043,60.7870503456896,0.844868896034829,2.42899807610013,0.01375,0.011,0.01375,0.01375,0,0,0,0
08/01/2014,0.00356364370029427,0.1,25.2611764286895,36.744905440304,244.065906567085,0,7.23953170625504,28.9581268250201,2.15046349673258,0,400,25,19.3054178833468,65.1557853562953,0.905458314413717,2.60319265393944,0.01375,0.011,0.01375,0.01375,0,0,0,0
09/01/2014,0.00229136338215523,0.1,25.317872676858,35.0448880056105,242.889305741087,0,6.69014078391166,26.7605631356467,1.96540738388845,0,400,25,17.8403754237644,60.211267055205,0.827539951110926,2.37917735944391,0.01375,0.011,0.01375,0.01375,0,0,0,0
10/01/2014,0.000152674375912989,0.1,25.3724026794253,6,241.724060494622,0,3.35901338667116,13.4360535466846,0.940396388146885,0,400,25,8.95736903112309,30.2311204800404,0.395956373956583,1.13837457512518,0.01375,0.011,0.01375,0.01375,0,0,0,0
11/01/2014,0.0001016563410038,0.1,25.4247502943533,6,240.570515765012,0,3.85714285714286,15.4285714285714,1.10322580645161,0,400,25,10.2857142857143,34.7142857142857,0.464516129032258,1.33548387096774,0.01375,0.011,0.01375,0.01375,0,0,0,0
12/01/2014,0.00163297012630123,0.1,25.4749000256372,35.1825953977312,239.429013025974,0,7.30627524654696,29.2251009861878,2.18218129413259,0,400,25,19.4834006574586,65.7564772189226,0.918813176476881,2.64158788237103,0.01375,0.011,0.01375,0.01375,0,0,0,0
13/01/2014,0.00130615157025305,0.1,25.5228370278924,33.2472478858666,238.299890186543,0,6.68362881623955,26.7345152649582,1.97317512994337,0,400,25,17.8230101766388,60.152659346156,0.830810581028789,2.38858042045777,0.01375,0.011,0.01375,0.01375,0,0,0,0
14/01/2014,9.45531109728521e-05,0.1,25.5685471107489,6,237.18348149104,0,3.85714285714286,15.4285714285714,1.10322580645161,0,400,25,10.2857142857143,34.7142857142857,0.464516129032258,1.33548387096774,0.01375,0.011,0.01375,0.01375,0,0,0,0
15/01/2014,9.31054544545655e-05,0.1,25.6120167430522,6,236.08011742013,0,3.85714285714286,15.4285714285714,1.10322580645161,0,400,25,10.2857142857143,34.7142857142857,0.464516129032258,1.33548387096774,0.01375,0.011,0.01375,0.01375,0,0,0,0
16/01/2014,8.89845616303879e-05,0.1,25.6532330568687,6,234.990124592991,0,3.85714285714286,15.4285714285714,1.10322580645161,0,400,25,10.2857142857143,34.7142857142857,0.464516129032258,1.33548387096774,0.01375,0.011,0.01375,0.01375,0,0,0,0
17/01/2014,8.7561363456275e-05,0.1,25.6921838512949,6,233.91382567063,0,3.85714285714286,15.4285714285714,1.10322580645161,0,400,25,10.2857142857143,34.7142857142857,0.464516129032258,1.33548387096774,0.01375,0.011,0.01375,0.01375,0,0,0,0
18/01/2014,8.07792039103386e-05,0.1,25.7288575960691,6,232.851539260369,0,3.85714285714286,15.4285714285714,1.10322580645161,0,400,25,10.2857142857143,34.7142857142857,0.464516129032258,1.33548387096774,0.01375,0.011,0.01375,0.01375,0,0,0,0
19/01/2014,0.000117329409393655,0.1,25.7632434349846,6,231.803579821526,0,3.68791878373362,14.7516751349345,1.04790955019741,0,400,25,9.83445008995633,33.1912690536026,0.441225073767331,1.26852208708108,0.01375,0.011,0.01375,0.01375,0,0,0,0
20/01/2014,0.000206567560584656,0.1,25.7953311891033,6,230.770257572335,0,2.73087754846163,10.9235101938465,0.735070264689148,0,400,25,7.28234012923102,24.5778979361547,0.309503269342799,0.889821899360547,0.01375,0.011,0.01375,0.01375,0,0,0,0
21/01/2014,0.00023794695623981,0.1,25.8251113597692,6,229.751878398107,0,2.55672501941698,10.2269000776679,0.678142986377778,0,400,25,6.81793338511195,23.0105251747528,0.28553388900117,0.820909930878364,0.01375,0.011,0.01375,0.01375,0,0,0,0
22/01/2014,0.00276244662955274,0.1,25.8525751314198,36.1721543651948,228.74874376069,0,7.22937002702825,28.917480108113,2.15081269765825,0,400,25,19.2783200720753,65.0643302432543,0.90560534638242,2.60361537084946,0.01375,0.011,0.01375,0.01375,0,0,0,0
23/01/2014,0.00284992908387248,0.1,25.8777143741959,36.2369881347148,227.761150609223,0,6.93391432938698,27.7356573175479,2.0448747730116,0,400,25,18.4904382116986,62.4052289644828,0.860999904425937,2.47537472522457,0.01375,0.011,0.01375,0.01375,0,0,0,0
24/01/2014,0.000712307718076268,0.1,25.9005216463481,27.6413308969498,226.789391292236,0,5.7531887094426,23.0127548377704,1.6784461408516,0,400,25,15.3418365585136,51.7786983849834,0.706714164569095,2.03180322313615,0.01375,0.011,0.01375,0.01375,0,0,0,0
25/01/2014,0.00770414166546728,0.1,25.9209901964399,38.7242535804591,225.833753471109,0,7.67331408986318,30.6932563594527,2.29224976560404,0,400,25,20.4621709063018,69.0598268087686,0.965157796043805,2.77482866362594,0.01375,0.011,0.01375,0.01375,0,0,0,0
26/01/2014,0.00626060183354808,0.1,25.9391139653462,38.1841223006947,224.894520034914,0,7.04104253665845,28.1641701466338,2.07016357561574,0,400,25,18.7761134310892,63.3693828299261,0.871647821311889,2.50598748627168,0.01375,0.011,0.01375,0.01375,0,0,0,0
27/01/2014,0.000593255032616059,0.1,25.9548875880467,32.1249651754786,223.971969016682,0,7.15020569438806,28.6008227775522,2.13930127546016,0,400,25,19.0672151850348,64.3518512494926,0.900758431772698,2.58968049134651,0.01375,0.011,0.01375,0.01375,0,0,0,0
28/01/2014,0.000432941911586001,0.1,25.9683063952143,29.8658938713992,223.066373511089,0,6.86544880731923,27.4617952292769,2.04971002260388,0,400,25,18.3078634861846,61.7890392658731,0.863035798991107,2.48122792209943,0.01375,0.011,0.01375,0.01375,0,0,0,0
29/01/2014,7.58719196560544e-05,0.1,25.9793664145975,6,222.178001593623,0,3.85714285714286,15.4285714285714,1.10322580645161,0,400,25,10.2857142857143,34.7142857142857,0.464516129032258,1.33548387096774,0.01375,0.011,0.01375,0.01375,0,0,0,0
30/01/2014,8.17593146330233e-05,0.1,25.9880643721958,6,221.307116241223,0,3.85714285714286,15.4285714285714,1.10322580645161,0,400,25,10.2857142857143,34.7142857142857,0.464516129032258,1.33548387096774,0.01375,0.011,0.01375,0.01375,0,0,0,0
31/01/2014,0.00415144105880076,0.1,25.9943976932292,38.0871708954438,220.453975254433,0,7.66650193122866,30.6660077249146,2.29361121661659,0,400,25,20.4440051499431,68.998517381058,0.965731038575408,2.7764767359043,0.01375,0.011,0.01375,0.01375,0,0,0,0
01/02/2014,0.00329731106448611,0.1,25.9983645029001,37.182811745213,219.618831181091,0,7.07980386893867,28.3192154757547,2.09041146253521,0,400,25,18.8794769838365,63.7182348204481,0.880173247383247,2.53049808622684,0.01375,0.011,0.01375,0.01375,0,0,0,0
02/02/2014,6.45742526469201e-05,0.1,25.9999636269489,6,218.801931241564,0,3.85714285714286,15.4285714285714,1.10322580645161,0,400,25,10.2857142857143,34.7142857142857,0.464516129032258,1.33548387096774,0.01375,0.011,0.01375,0.01375,0,0,0,0
03/02/2014,6.15526070196195e-05,0.1,25.9991945920008,6,218.00351725557,0,3.85714285714286,15.4285714285714,1.10322580645161,0,400,25,10.2857142857143,34.7142857142857,0.464516129032258,1.33548387096774,0.01375,0.011,0.01375,0.01375,0,0,0,0
04/02/2014,0.00017800722655606,0.1,25.9960576257065,6,217.22382557059,0,2.6886033654374,10.7544134617496,0.72125160701241,0,400,25,7.16960897449974,24.1974302889366,0.30368488716312,0.87309405059397,0.01375,0.011,0.01375,0.01375,0,0,0,0
05/02/2014,0.000139275242524587,0.1,25.9905536566747,6,216.463086991908,0,2.99831345776309,11.9932538310524,0.8224901748264,0,400,25,7.99550255403492,26.9848211198678,0.346311652558484,0.995646001105642,0.01375,0.011,0.01375,0.01375,0,0,0,0
06/02/2014,0.00016256973721169,0.1,25.9826843141968,6,215.721526714289,0,2.76847322288357,11.0738928915343,0.747359603424922,0,400,25,7.38259526102286,24.9162590059522,0.314677727757862,0.904698467303853,0.01375,0.011,0.01375,0.01375,0,0,0,0
07/02/2014,7.82151208603003e-05,0.1,25.9724519277653,6,214.999364255309,0,3.85714285714286,15.4285714285714,1.10322580645161,0,400,25,10.2857142857143,34.7142857142857,0.464516129032258,1.33548387096774,0.01375,0.011,0.01375,0.01375,0,0,0,0
08/02/2014,6.89786178757319e-05,0.1,25.9598595263838,6,214.296813390382,0,3.85714285714286,15.4285714285714,1.10322580645161,0,400,25,10.2857142857143,34.7142857142857,0.464516129032258,1.33548387096774,0.01375,0.011,0.01375,0.01375,0,0,0,0
09/02/2014,5.70666074859088e-05,0.1,25.9449108376702,6,213.614082089472,0,3.85714285714286,15.4285714285714,1.10322580645161,0,400,25,10.2857142857143,34.7142857142857,0.464516129032258,1.33548387096774,0.01375,0.011,0.01375,0.01375,0,0,0,0
10/02/2014,8.63441331805664e-05,0.1,25.9276102867536,6,212.951372455532,0,3.76377719801173,15.0551087920469,1.07270627916574,0,400,25,10.0367391946979,33.8739947821056,0.451665801753995,1.29853918004274,0.01375,0.011,0.01375,0.01375,0,0,0,0
11/02/2014,0.000126228721368047,0.1,25.9079629949642,6,212.308880664676,0,3.03078031422712,12.1231212569085,0.833102996724319,0,400,25,8.08208083793899,27.2770228280441,0.350780209147082,1.00849310129786,0.01375,0.011,0.01375,0.01375,0,0,0,0
12/02/2014,0.000153720427631462,0.1,25.8859747783173,6,211.686796908109,0,2.74207679620543,10.9683071848217,0.738731094059165,0,400,25,7.31220478988116,24.6786911658489,0.311044671182806,0.894253429650568,0.01375,0.011,0.01375,0.01375,0,0,0,0
13/02/2014,0.000123340985948131,0.1,25.8616521457917,6,211.085305335824,0,3.02642990863981,12.1057196345593,0.83168092866137,0,400,25,8.07047975637284,27.2378691777583,0.350181443646893,1.00677165048482,0.01375,0.011,0.01375,0.01375,0,0,0,0
14/02/2014,0.0029659101187668,0.1,25.8350022974027,36.7186269045425,210.50458400209,0,7.28726214446358,29.1490485778543,2.16829996710528,0,400,25,19.4326990519029,65.5853593001723,0.912968407202223,2.62478417070639,0.01375,0.011,0.01375,0.01375,0,0,0,0
15/02/2014,0.00775653869354318,0.1,25.8060331220709,38.6513609890617,209.944804812745,0,7.430403362544,29.721613450176,2.20629510056954,0,400,25,19.814408966784,66.873630262896,0.928966358134545,2.67077827963682,0.01375,0.011,0.01375,0.01375,0,0,0,0
16/02/2014,0.00808695502718073,0.1,25.774753195287,38.7546890306135,209.406133474307,0,7.36101200118307,29.4440480047323,2.18072709018896,0,400,25,19.6293653364882,66.2491080106476,0.918200880079564,2.63982753022875,0.01375,0.011,0.01375,0.01375,0,0,0,0
17/02/2014,0.0255413941528477,0.1,25.7411717765731,39.5884456694569,208.888729444924,0,7.65620034099763,30.6248013639905,2.28049923076638,0,400,25,20.4165342426604,68.9058030689787,0.960210202427951,2.76060433198036,0.01375,0.011,0.01375,0.01375,0,0,0,0
18/02/2014,0.0195767558038692,0.1,25.7052988067417,38.9681361883535,208.392745887169,0,7.15290715293153,28.6116286117261,2.11488673969914,0,400,25,19.0744190744841,64.3761643763838,0.890478627241745,2.56012605332002,0.01375,0.011,0.01375,0.01375,0,0,0,0
19/02/2014,0.00135647482429802,0.1,25.6671449049533,14.0106997109425,207.918329622699,0,2.62975312921157,10.5190125168463,0.683418250766504,0,400,25,7.01267501123086,23.6677781629042,0.287755052954317,0.827295777243662,0.01375,0.011,0.01375,0.01375,0,0,0,0
20/02/2014,0.0167608212327221,0.1,25.6267213655722,38.2180171876574,207.465621088795,0,7.46136610940198,29.8454644376079,2.22173694825813,0,400,25,19.8969762917386,67.1522949846178,0.935468188740266,2.68947104262827,0.01375,0.011,0.01375,0.01375,0,0,0,0
21/02/2014,0.0132855869557921,0.1,25.5840401548241,37.9581574214683,207.034754296791,0,6.93744337142913,27.7497734857165,2.0363585521216,0,400,25,18.4998489904777,62.4369903428622,0.857414127209095,2.46506561572615,0.01375,0.011,0.01375,0.01375,0,0,0,0
22/02/2014,0.00129339401321767,0.1,25.5391139072529,6,206.625856792401,0,1.01646934184724,4.06587736738895,0.17466156059154,0,400,25,2.71058491159264,9.14822407662515,0.0735417097227535,0.211432415452916,0.01375,0.011,0.01375,0.01375,0,0,0,0
23/02/2014,0.00109037090684848,0.1,25.4919559219814,6,206.239049617962,0,1.06544481511225,4.26177926044899,0.190670747551285,0,400,25,2.84118617363266,9.58900333601023,0.0802824200215935,0.230811957562081,0.01375,0.011,0.01375,0.01375,0,0,0,0
24/02/2014,0.000872426152412533,0.1,25.4425801587739,6,205.874447276606,0,1.09547194874678,4.38188779498713,0.200486068653326,0,400,25,2.92125852999142,9.85924753872105,0.0844151868014005,0.242693662054026,0.01375,0.011,0.01375,0.01375,0,0,0,0
25/02/2014,0.000712965738265931,0.1,25.391001233904,6,205.532157698364,0,1.14071393302697,4.56285573210788,0.215274846310506,0,400,25,3.04190382140526,10.2664253972427,0.090642040551792,0.260595866586402,0.01375,0.011,0.01375,0.01375,0,0,0,0
26/02/2014,0.000637612708264059,0.1,25.3372344158281,6,205.212282208215,0,1.22000592010801,4.88002368043203,0.241193947463877,0,400,25,3.25334912028802,10.9800532809721,0.10155534630058,0.291971620614167,0.01375,0.011,0.01375,0.01375,0,0,0,0
27/02/2014,0.0060040971082074,0.1,25.2812956206654,36.0969246348307,204.91491549609,0,7.05194750384712,28.2077900153885,2.09145490410384,0,400,25,18.8051933435923,63.4675275346241,0.880612591201616,2.53176119970465,0.01375,0.011,0.01375,0.01375,0,0,0,0
28/02/2014,0.00479881399486667,0.1,25.2232014074861,35.5802101969437,204.640145588848,0,6.52507294174482,26.1002917669793,1.90684543666679,0,400,25,17.4001945113195,58.7256564757034,0.802882289122861,2.30828658122822,0.01375,0.011,0.01375,0.01375,0,0,0,0
01/03/2014,0.0154839948046972,0.1,25.1629689734102,38.7609622676025,204.388053824211,0,7.55092609225054,30.2037043690022,2.24934872726683,0,400,25,20.1358029126681,67.9583348302549,0.947094200954455,2.72289582774406,0.01375,0.011,0.01375,0.01375,0,0,0,0
02/03/2014,0.0403881596710461,0.1,25.1006161485163,37.9523642110583,204.158714826692,0,7.04129076700938,28.1651630680375,2.08386936801612,0,400,25,18.7767753786917,63.3716169030844,0.877418681269946,2.52257870865109,0.01375,0.011,0.01375,0.01375,0,0,0,0
03/03/2014,0.0260968554613082,0.1,25.0361613905638,35.0121264850747,203.952196485501,0,5.91068409506536,23.6427363802615,1.70419208689472,0,400,25,15.7618242535076,53.1961568555883,0.717554562903039,2.06296936834624,0.01375,0.011,0.01375,0.01375,0,0,0,0
04/03/2014,0.00336971585806011,0.1,24.9696237795288,12.3547579994129,203.768559934448,0,2.24492178031214,8.97968712124856,0.564254615251643,0,400,25,5.98645808083237,20.2042960228093,0.237580890632271,0.683045060567778,0.01375,0.011,0.01375,0.01375,0,0,0,0
05/03/2014,0.00318378897136782,0.1,24.9010230119562,15.8795196210665,203.60785953385,0,2.88980482216263,11.5592192886505,0.766042922677021,0,400,25,7.70614619243368,26.0082433994637,0.322544388495588,0.927315116924815,0.01375,0.011,0.01375,0.01375,0,0,0,0
06/03/2014,0.0095986321479704,0.1,24.8303793951287,33.3496910837224,203.470142854435,0,6.44508912777396,25.7803565110958,1.89750807282183,0,400,25,17.1869043407306,58.0058021499656,0.79895076750393,2.2969834565738,0.01375,0.011,0.01375,0.01375,0,0,0,0
07/03/2014,0.00730947528367922,0.1,24.7577138410562,32.7810612624469,203.355450663264,0,5.97491267399307,23.8996506959723,1.73370727057472,0,400,25,15.9331004639815,53.7742140659377,0.72998200866304,2.09869827490624,0.01375,0.011,0.01375,0.01375,0,0,0,0
08/03/2014,0.00117055785048201,0.1,24.6830478602847,6,203.263816911658,0,1.01627097664944,4.06508390659774,0.174596718634408,0,400,25,2.71005593773183,9.14643878984492,0.0735144078460667,0.211353922557442,0.01375,0.011,0.01375,0.01375,0,0,0,0
09/03/2014,0.000990094595436668,0.1,24.6064035555288,6,203.195268725153,0,1.05875677840696,4.23502711362785,0.188484550606762,0,400,25,2.82335140908524,9.52881100566267,0.0793619160449523,0.228165508629238,0.01375,0.011,0.01375,0.01375,0,0,0,0
10/03/2014,0.000804366112451125,0.1,24.5278036151292,6,203.149826395466,0,1.08520791148468,4.34083164593871,0.19713094249453,0,400,25,2.89388776395914,9.7668712033621,0.0830025021029602,0.238632193546011,0.01375,0.011,0.01375,0.01375,0,0,0,0
11/03/2014,0.000655059611648146,0.1,24.4472713063363,6,203.127503374491,0,1.11664217657691,4.46656870630766,0.207406229148337,0,400,25,2.97771247087177,10.0497795891922,0.0873289385887736,0.251070698442724,0.01375,0.011,0.01375,0.01375,0,0,0,0
12/03/2014,0.00056061828898044,0.1,24.3648304684224,6,203.128306270316,0,1.16992061016637,4.67968244066547,0.224821975181879,0,400,25,3.11978829377698,10.5292854914973,0.0946618842871069,0.272152917325432,0.01375,0.011,0.01375,0.01375,0,0,0,0
13/03/2014,0.000881027134014716,0.1,24.2805055056248,17.6428756277702,203.152234845267,0,3.56615365498763,14.2646146199505,0.986600932769152,0,400,25,9.50974307996701,32.0953828948887,0.415410919060696,1.1943063922995,0.01375,0.011,0.01375,0.01375,0,0,0,0
14/03/2014,0.000680104564281336,0.1,24.1943213799221,16.850284346503,203.199282015978,0,3.33374976656041,13.3349990662416,0.90795342521249,0,400,25,8.88999937749442,30.0037478990437,0.382296179036838,1.09910151473091,0.01375,0.011,0.01375,0.01375,0,0,0,0
15/03/2014,0.000827903886065898,0.1,24.1063036036443,22.3614924042042,203.269433855488,0,4.56355118395323,18.2542047358129,1.30447370878731,0,400,25,12.1694698238753,41.0719606555791,0.549252087910446,1.57909975274253,0.01375,0.011,0.01375,0.01375,0,0,0,0
16/03/2014,0.00186743356846469,0.1,24.016478231921,32.695020548282,203.362669597364,0,6.44369594101545,25.7747837640618,1.89852172509974,0,400,25,17.1831891760412,57.993263469139,0.799377568463048,2.29821050933126,0.01375,0.011,0.01375,0.01375,0,0,0,0
17/03/2014,0.00122727521336555,0.1,23.9248718549683,29.8490975621769,203.478961641847,0,5.71933793232466,22.8773517292986,1.66031929312766,0,400,25,15.2515678195324,51.474041390922,0.699081807632697,2.009860196944,0.01375,0.011,0.01375,0.01375,0,0,0,0
18/03/2014,0.000258958987503311,0.1,23.8315115902177,6,203.618275564026,0,1.52550758528788,6.10203034115153,0.341056857372138,0,400,25,4.06802022743435,13.729568267591,0.143602887314584,0.41285830102943,0.01375,0.011,0.01375,0.01375,0,0,0,0
19/03/2014,0.0002598327939162,0.1,23.7364250742888,6,203.780570124022,0,1.57550116418903,6.30200465675613,0.357398844453803,0,400,25,4.20133643783742,14.1795104777013,0.150483723980549,0.432640706444078,0.01375,0.011,0.01375,0.01375,0,0,0,0
20/03/2014,0.00743730086435996,0.1,23.6396404548081,38.3772939548203,203.965797279202,0,7.53504549693295,30.1401819877318,2.24626200068053,0,400,25,20.0934546584879,67.8154094723966,0.945794526602326,2.71915926398169,0.01375,0.011,0.01375,0.01375,0,0,0,0
21/03/2014,0.00591936448089246,0.1,23.5411863820767,37.9057186302391,204.173902198397,0,6.97854567992842,27.9141827197137,2.05082926690657,0,400,25,18.6094551464758,62.8069111193557,0.863507059750136,2.48258279678164,0.01375,0.011,0.01375,0.01375,0,0,0,0
22/03/2014,0.00020330664988987,0.1,23.4410920005895,6,204.404823278136,0,1.71197562986711,6.84790251946844,0.402009852589433,0,400,25,4.5652683463123,15.407780668804,0.169267306353446,0.486643505766156,0.01375,0.011,0.01375,0.01375,0,0,0,0
23/03/2014,0.000953601537674326,0.1,23.3393869404073,31.1849721948901,204.658492160877,0,6.36938769681058,25.4775507872423,1.88029076533413,0,400,25,16.9850338581616,57.3244892712952,0.79170137487753,2.2761414527729,0.01375,0.011,0.01375,0.01375,0,0,0,0
24/03/2014,0.00142401716760712,0.1,23.2361013083863,32.4604176122402,204.93483375525,0,6.29260256176011,25.1704102470404,1.84524241679529,0,400,25,16.780273498027,56.633423055841,0.776944175492753,2.23371450454166,0.01375,0.011,0.01375,0.01375,0,0,0,0
25/03/2014,0.0711772644603471,0.1,23.1312656792653,38.1894605870869,205.233766258277,0,6.82935389475222,27.3174155790089,2.00940649141404,0,400,25,18.2116103860059,61.46418505277,0.8460658911217,2.43243943697489,0.01375,0.011,0.01375,0.01375,0,0,0,0
26/03/2014,0.0785556607085373,0.1,23.0249110866152,36.7369358409777,205.555201179595,0,5.83485545174584,23.3394218069834,1.69339103224194,0,400,25,15.5596145379889,52.5136990657126,0.713006750417659,2.04989440745077,0.01375,0.011,0.01375,0.01375,0,0,0,0
27/03/2014,0.0188559089558194,0.1,22.9170690136522,29.8479895973188,205.899043367646,0,4.91514891715905,19.6605956686362,1.37783772703611,0,400,25,13.1070637790908,44.2363402544315,0.580142200857308,1.66790882746476,0.01375,0.011,0.01375,0.01375,0,0,0,0
28/03/2014,0.0206149457204771,0.1,22.8077713839186,29.8830029712246,206.265191037846,0,4.16293906673037,16.6517562669215,1.10764547535727,0,400,25,11.1011708446143,37.4664516005734,0.466377042255693,1.34083399648512,0.01375,0.011,0.01375,0.01375,0,0,0,0
29/03/2014,0.00670610748529631,0.1,22.6970505518319,14.8413678942511,206.653535802714,0,2.89864643313381,11.5945857325353,0.772509593665386,0,400,25,7.72972382169017,26.0878178982043,0.325267197332794,0.935143192331783,0.01375,0.011,0.01375,0.01375,0,0,0,0
30/03/2014,0.00544366018191609,0.1,22.5849392931081,14.8320403605902,207.063962703959,0,2.83996238907787,11.3598495563115,0.751050986042809,0,400,25,7.57323303754098,25.5596615017008,0.316231994123288,0.909166983104453,0.01375,0.011,0.01375,0.01375,0,0,0,0
31/03/2014,0.0171085321572588,0.1,22.4714707950588,33.2589257042128,207.496350246509,0,6.09542538313744,24.3817015325498,1.77177748128713,0,400,25,16.2544676883665,54.858828448237,0.746011571068264,2.14478326682126,0.01375,0.011,0.01375,0.01375,0,0,0,0
01/04/2014,0.0148832843191492,0.1,22.3566786467673,33.5377401594463,207.950570434476,0,5.40262471262888,21.6104988505155,1.52178378385407,0,400,25,14.406999233677,48.62362241366,0.640751066885923,1.84215931729703,0.01375,0.011,0.01375,0.01375,0,0,0,0
02/04/2014,0.00308938161138531,0.1,22.2405968291455,6,208.426488809045,0,1.32562905261534,5.30251621046136,0.275720218735091,0,400,25,3.53501080697424,11.9306614735381,0.116092723677933,0.333766580574058,0.01375,0.011,0.01375,0.01375,0,0,0,0
03/04/2014,0.00254066259392656,0.1,22.1232597048746,6,208.923964488279,0,1.35119280070047,5.40477120280187,0.284076540689799,0,400,25,3.60318080186791,12.1607352063042,0.119611175027284,0.343882128203441,0.01375,0.011,0.01375,0.01375,0,0,0,0
04/04/2014,0.0379923659848835,0.1,22.0047020082334,35.8030969916584,209.442850208819,0,5.85409708843415,23.4163883537366,1.67075515917228,0,400,25,15.6109255691577,52.6868737959074,0.703475856493592,2.02249308741908,0.01375,0.011,0.01375,0.01375,0,0,0,0
05/04/2014,0.0580026528623557,0.1,21.8849588348159,36.7121547283639,209.982992369482,0,5.11014288164833,20.4405715265933,1.39301421621556,0,400,25,13.6270476843956,45.991285934835,0.586532301564447,1.68628036699778,0.01375,0.011,0.01375,0.01375,0,0,0,0
06/04/2014,0.0271334171398421,0.1,21.7640656311426,31.8473680973972,210.544231076725,0,4.13315352824703,16.5326141129881,1.07909958471926,0,400,25,11.0217427419921,37.1983817542233,0.454357719881795,1.30627844466016,0.01375,0.011,0.01375,0.01375,0,0,0,0
07/04/2014,0.00567442644103945,0.1,21.642058184167,8.04113881052973,211.126400191981,0,1.91984883359668,7.67939533438671,0.465188963690456,0,400,25,5.11959688959114,17.2786395023701,0.19586903734335,0.563123482362131,0.01375,0.011,0.01375,0.01375,0,0,0,0
08/04/2014,0.00495684760584185,0.1,21.5189726106826,9.70503395576739,211.72932738084,0,2.28346033746151,9.13384134984606,0.581853827803072,0,400,25,6.08922756656404,20.5511430371536,0.244991085390767,0.704349370498456,0.01375,0.011,0.01375,0.01375,0,0,0,0
09/04/2014,0.00408556960008406,0.1,21.3948453466311,9.51800386928483,212.352834164057,0,2.22809741652275,8.912389666091,0.562515390084207,0,400,25,5.94159311072734,20.0528767487048,0.236848585298614,0.680939682733514,0.01375,0.011,0.01375,0.01375,0,0,0,0
10/04/2014,0.00333245007200416,0.1,21.2697131363166,8.21046659430885,212.996735970394,0,2.07170522415132,8.2868208966053,0.51544237940952,0,400,25,5.52454726440353,18.6453470173619,0.217028370277693,0.623956564548366,0.01375,0.011,0.01375,0.01375,0,0,0,0
11/04/2014,0.0114773824767852,0.1,21.1436130215288,32.2841438715969,213.660842191253,0,6.39772240892232,25.5908896356893,1.88424649492127,0,400,25,17.0605930904595,57.5795016803009,0.79336694523001,2.28092996753628,0.01375,0.011,0.01375,0.01375,0,0,0,0
12/04/2014,0.0181844245046309,0.1,21.0165823305776,35.7910531668996,214.3449562371,0,6.23110472185645,24.9244188874258,1.79888593265768,0,400,25,16.6162792582839,56.0799424967081,0.757425655855867,2.17759876058562,0.01375,0.011,0.01375,0.01375,0,0,0,0
13/04/2014,0.0115365129536437,0.1,20.8886586672431,34.3007171127561,215.04887559566,0,4.75822799962625,19.032911998505,1.28304058568746,0,400,25,12.6886079990033,42.8240519966363,0.5402276150263,1.55315439320061,0.01375,0.011,0.01375,0.01375,0,0,0,0
14/04/2014,0.0025094336276729,0.1,20.7598798996444,6,215.772391891864,0,1.62296789120304,6.49187156481216,0.372914849843329,0,400,25,4.32791437654144,14.6067110208274,0.157016778881402,0.45142323928403,0.01375,0.011,0.01375,0.01375,0,0,0,0
15/04/2014,0.00212106194230216,0.1,20.6302841490292,6,216.515290949537,0,1.66040624863948,6.64162499455791,0.385152764532229,0,400,25,4.42774999637194,14.9436562377553,0.162169585066201,0.466237557065329,0.01375,0.011,0.01375,0.01375,0,0,0,0
16/04/2014,0.00179700369191108,0.1,20.49990977849,6,217.277352854791,0,1.69948619940451,6.79794479761803,0.397927286072626,0,400,25,4.53196319841202,15.2953757946406,0.167548330977948,0.4817014515616,0.01375,0.011,0.01375,0.01375,0,0,0,0
17/04/2014,0.0015481877412639,0.1,20.3687953816071,6,218.058352021133,0,1.73713465168055,6.94853860672218,0.410233876924148,0,400,25,4.63235907114812,15.6342118651249,0.172730053441746,0.496598903645021,0.01375,0.011,0.01375,0.01375,0,0,0,0
18/04/2014,0.00132619506076591,0.1,20.2369797710241,6,218.858057256235,0,1.77801637929952,7.11206551719807,0.423597366382392,0,400,25,4.74137701146538,16.0021474136957,0.178356785845218,0.512775759305001,0.01375,0.011,0.01375,0.01375,0,0,0,0
19/04/2014,0.00113023746626283,0.1,20.104501966959,6,219.676231830379,0,1.82324625962266,7.29298503849064,0.438382187477269,0,400,25,4.86199002566043,16.409216336604,0.18458197367464,0.530673174314589,0.01375,0.011,0.01375,0.01375,0,0,0,0
20/04/2014,0.00103154859823031,0.1,19.9714011856532,6,220.512633546526,0,1.84815735236739,7.39262940946956,0.44652516833146,0,400,25,4.92841960631304,16.6334161713065,0.188010597192194,0.540530466927557,0.01375,0.011,0.01375,0.01375,0,0,0,0
21/04/2014,0.000924986238796142,0.1,19.8377168277622,6,221.367014812022,0,1.87901878466832,7.51607513867327,0.456613206416925,0,400,25,5.01071675911551,16.9111690620149,0.192258192175547,0.552742302504698,0.01375,0.011,0.01375,0.01375,0,0,0,0
22/04/2014,0.000859512664328364,0.1,19.703488466693,6,222.239122711881,0,1.89661285213062,7.58645140852248,0.462364385458365,0,400,25,5.05763427234832,17.0695156691756,0.194679741245628,0.559704256081179,0.01375,0.011,0.01375,0.01375,0,0,0,0
23/04/2014,0.0007857796082428,0.1,19.5687558368887,6,223.128699083657,0,1.92043855833531,7.68175423334126,0.470152573293019,0,400,25,5.12116948889417,17.2839470250178,0.197958978228639,0.569132062407338,0.01375,0.011,0.01375,0.01375,0,0,0,0
24/04/2014,0.000671715151740566,0.1,19.4335588220669,6,224.035480593869,0,1.97529923894126,7.90119695576503,0.488085526953455,0,400,25,5.26746463717669,17.7776931504713,0.20550969555935,0.59084037473313,0.01375,0.011,0.01375,0.01375,0,0,0,0
25/04/2014,0.00103698525306528,0.1,19.2979374434129,16.4838943789424,224.959198815945,0,3.75072857835619,15.0029143134248,1.04891246478298,0,400,25,10.0019428756165,33.7565572052057,0.441647353592833,1.26973614157939,0.01375,0.011,0.01375,0.01375,0,0,0,0
26/04/2014,0.00233934982814572,0.1,19.1619318477328,30.0676008987872,225.899580309692,0,6.03956808890602,24.1582723556241,1.77027574272419,0,400,25,16.1055149037494,54.3561128001542,0.745379260094398,2.14296537277139,0.01375,0.011,0.01375,0.01375,0,0,0,0
27/04/2014,0.00176672478141338,0.1,19.025582295569,27.2156176825984,226.856346702231,0,5.28431212815752,21.1372485126301,1.52071273689949,0,400,25,14.09149900842,47.5588091534177,0.640300099747152,1.84086278677306,0.01375,0.011,0.01375,0.01375,0,0,0,0
28/04/2014,0.000582632183148093,0.1,18.8889291492823,6,227.829214770406,0,1.97915986649286,7.91663946597144,0.489347495529463,0,400,25,5.27775964398096,17.8124387984357,0.206041050749248,0.592368020904087,0.01375,0.011,0.01375,0.01375,0,0,0,0
29/04/2014,0.000526670956248999,0.1,18.7520128611039,6,228.817896524626,0,2.01264138850555,8.05056555402218,0.500291993047588,0,400,25,5.36704370268146,18.1137724965499,0.210649260230564,0.60561662316287,0.01375,0.011,0.01375,0.01375,0,0,0,0
30/04/2014,0.00179436223678447,0.1,18.6148739611606,29.9868020886191,229.82209929411,0,6.14344998661277,24.5737999464511,1.8069507767225,0,400,25,16.3825332976341,55.291049879515,0.760821379672631,2.18736146655881,0.01375,0.011,0.01375,0.01375,0,0,0,0
01/05/2014,0.00154969542609693,0.1,18.4775530454767,27.8708400333623,230.84152581353,0,5.43368091673207,21.7347236669283,1.56892275589701,0,400,25,14.4898157779522,48.9031282505886,0.660599055114532,1.89922228345428,0.01375,0.011,0.01375,0.01375,0,0,0,0
02/05/2014,0.000470087926902503,0.1,18.3400907639575,6,231.875874311002,0,2.02376629221061,8.09506516884244,0.503928520710319,0,400,25,5.39671011256163,18.2138966298955,0.212180429772766,0.610018735596703,0.01375,0.011,0.01375,0.01375,0,0,0,0
03/05/2014,0.0043047882683542,0.1,18.2025278083553,35.7910043809457,232.924838597422,0,7.0896399931496,28.3585599725984,2.10487004094616,0,400,25,18.9057066483989,63.8067599383464,0.886261069872068,2.5480005758822,0.01375,0.011,0.01375,0.01375,0,0,0,0
04/05/2014,0.00553094230401544,0.1,18.0649049002241,36.728830645011,233.988108157101,0,6.98897183473199,27.955887338928,2.06230198686332,0,400,25,18.637258225952,62.900746512588,0.868337678679291,2.49647082620296,0.01375,0.011,0.01375,0.01375,0,0,0,0
05/05/2014,0.00210990879600807,0.1,17.927262778865,31.6197533448056,235.065368239687,0,6.01087737839102,24.0435095135641,1.74891474483359,0,400,25,16.029006342376,54.0978964055192,0.736385155719405,2.11710732269329,0.01375,0.011,0.01375,0.01375,0,0,0,0
06/05/2014,0.00046283224383863,0.1,17.789642189267,6,236.156299953336,0,1.97794774584119,7.91179098336476,0.488951275445477,0,400,25,5.27452732224318,17.8015297125707,0.205874221240201,0.591888386065577,0.01375,0.011,0.01375,0.01375,0,0,0,0
07/05/2014,0.00043598936808697,0.1,17.6520838700448,6,237.260580359109,0,1.99471791485971,7.97887165943883,0.494433137146153,0,400,25,5.31924777295922,17.9524612337374,0.208182373535222,0.598524323913764,0.01375,0.011,0.01375,0.01375,0,0,0,0
08/05/2014,0.00044297473165642,0.1,17.5146285413801,6,238.377882566574,0,1.9756376639893,7.90255065595719,0.488196151915396,0,400,25,5.26836710397146,17.7807389759037,0.205556274490693,0.590974289160742,0.01375,0.011,0.01375,0.01375,0,0,0,0
09/05/2014,0.000471248943646818,0.1,17.3773168929669,6,239.507875830567,0,1.93736291234583,7.7494516493833,0.475684835249143,0,400,25,5.16630109958887,17.4362662111124,0.20028835168385,0.575829011091067,0.01375,0.011,0.01375,0.01375,0,0,0,0
10/05/2014,0.00045868537068652,0.1,17.2401895719671,6,240.650225649104,0,1.93925939148721,7.75703756594883,0.476304759613637,0,400,25,5.17135837729922,17.4533345233849,0.2005493724689,0.576579445848087,0.01375,0.011,0.01375,0.01375,0,0,0,0
11/05/2014,0.00107749986642637,0.1,17.1032871709775,25.8066481543936,241.804593862396,0,5.40647861196053,21.6259144478421,1.57357525370972,0,400,25,14.4172762985614,48.6583075076447,0.662558001561986,1.90485425449071,0.01375,0.011,0.01375,0.01375,0,0,0,0
12/05/2014,0.000943047182309815,0.1,16.966650216014,23.5088457486308,242.970638752956,0,4.75543019211157,19.0217207684463,1.35763679181941,0,400,25,12.6811471789642,42.7988717290041,0.571636543923963,1.64345506378139,0.01375,0.011,0.01375,0.01375,0,0,0,0
13/05/2014,0.000792435762917285,0.1,16.8303191545148,19.6019388174526,244.148015146753,0,4.281624458951,17.126497835804,1.21680269678804,0,400,25,11.4176652238693,38.534620130559,0.512337977594966,1.47297168558553,0.01375,0.011,0.01375,0.01375,0,0,0,0
14/05/2014,0.000645402559377221,0.1,16.6943343433671,18.1535960970184,245.33637451539,0,3.94769823277985,15.7907929311194,1.10610419275398,0,400,25,10.5271952874129,35.5292840950186,0.465728081159571,1.33896823333377,0.01375,0.011,0.01375,0.01375,0,0,0,0
15/05/2014,0.000438028072957642,0.1,16.5587360369606,6,246.535365079275,0,1.91412409994861,7.65649639979446,0.468088492271989,0,400,25,5.10433093319631,17.2271168995375,0.197089891482943,0.566633438013461,0.01375,0.011,0.01375,0.01375,0,0,0,0
16/05/2014,0.000418821621528797,0.1,16.4235643752715,6,247.744631911759,0,1.92429257425187,7.69717029700746,0.471412380646385,0,400,25,5.13144686467164,17.3186331682668,0.198489423430057,0.570657092361414,0.01375,0.011,0.01375,0.01375,0,0,0,0
17/05/2014,0.000428689432215049,0.1,16.2888593719801,6,248.963817044198,0,1.90661090695508,7.62644362782031,0.465632566820338,0,400,25,5.0842957518802,17.1594981625957,0.196055817608563,0.56366047562462,0.01375,0.011,0.01375,0.01375,0,0,0,0
18/05/2014,0.000455206524154306,0.1,16.1546609026259,6,250.192559571921,0,1.87592678877347,7.50370715509389,0.455602489479255,0,400,25,5.00247143672926,16.8833410989613,0.19183262714916,0.551518803053835,0.01375,0.011,0.01375,0.01375,0,0,0,0
19/05/2014,0.000432204938494349,0.1,16.0210086928035,6,251.430495761065,0,1.88799519537982,7.55198078151927,0.459547430993587,0,400,25,5.03465385434618,16.9919567584184,0.193493655155194,0.556294258571184,0.01375,0.011,0.01375,0.01375,0,0,0,0
20/05/2014,0.000429954497993254,0.1,15.8879423064033,6,252.677259156249,0,1.8825509459103,7.53020378364119,0.45776780536054,0,400,25,5.0201358557608,16.9429585131927,0.192744339099175,0.554139974910127,0.01375,0.011,0.01375,0.01375,0,0,0,0
21/05/2014,0.000444308821128593,0.1,15.7555011338993,6,253.932480689051,0,1.86336741692406,7.45346966769626,0.451497060401599,0,400,25,4.96897977846417,16.7703067523166,0.190104025432252,0.546549073117725,0.01375,0.011,0.01375,0.01375,0,0,0,0
22/05/2014,0.00117003707367198,0.1,15.623724380689,27.4393866726293,255.19578878726,0,5.6535824173554,22.6143296694216,1.65124131112509,0,400,25,15.0762197796144,50.8822417561986,0.69525949942109,1.99887106083564,0.01375,0.011,0.01375,0.01375,0,0,0,0
23/05/2014,0.00100144451811433,0.1,15.4926510554879,25.2920008110265,256.466809484872,0,5.01335686126304,20.0534274450522,1.43795638226614,0,400,25,13.3689516300348,45.1202117513674,0.6054553188489,1.74068404169059,0.01375,0.011,0.01375,0.01375,0,0,0,0
24/05/2014,0.000409132048651354,0.1,15.3623199587815,6,257.745166532788,0,1.87198209285505,7.48792837142022,0.454313040490869,0,400,25,4.99195224761348,16.8478388356955,0.191289701259313,0.549957891120525,0.01375,0.011,0.01375,0.01375,0,0,0,0
25/05/2014,0.000419538566951257,0.1,15.2327696713403,6,259.030481510195,0,1.85600318687886,7.42401274751546,0.449089828214781,0,400,25,4.94934183167697,16.7040286819098,0.189090453985171,0.543635055207366,0.01375,0.011,0.01375,0.01375,0,0,0,0
26/05/2014,0.000413440259231286,0.1,15.1040385427983,6,260.322373936585,0,1.85424616805602,7.41698467222409,0.448515490879142,0,400,25,4.9446564481494,16.6882155125042,0.188848627738586,0.542939804748436,0.01375,0.011,0.01375,0.01375,0,0,0,0
27/05/2014,0.000366027128726095,0.1,14.9761646803015,6,261.620461384384,0,1.89157778543846,7.56631114175383,0.460718514195551,0,400,25,5.04420742783589,17.0242000689461,0.193986742819179,0.557711885605141,0.01375,0.011,0.01375,0.01375,0,0,0,0
28/05/2014,0.000675464916631723,0.1,14.8491859372266,21.1154850969749,262.924359592162,0,4.5990486765113,18.3961947060452,1.31852429988817,0,400,25,12.2641298040301,41.3914380886017,0.555168126268705,1.59610836302253,0.01375,0.011,0.01375,0.01375,0,0,0,0
29/05/2014,0.000657734041233806,0.1,14.7231399019762,18.3714998172046,264.23368257838,0,3.87451557400262,15.4980622960105,1.08107662568595,0,400,25,10.3320415306737,34.8706401660236,0.455190158183558,1.30867170477773,0.01375,0.011,0.01375,0.01375,0,0,0,0
30/05/2014,0.00043478686753639,0.1,14.5980638868514,6,265.54804275565,0,1.81182650621598,7.24730602486393,0.434649278836806,0,400,25,4.83153734990929,16.3064385559438,0.183010222668129,0.526154390170871,0.01375,0.011,0.01375,0.01375,0,0,0,0
31/05/2014,0.00039986694329695,0.1,14.4739949170069,6,266.867051045467,0,1.83180343831838,7.32721375327353,0.441179372771355,0,400,25,4.88480916884902,16.4862309448655,0.185759735903728,0.534059240723219,0.01375,0.011,0.01375,0.01375,0,0,0,0
01/06/2014,0.0011034213795321,0.1,14.3509697194906,25.9288629477767,268.190316993389,0,5.31513089326841,21.2605235730736,1.5426754417899,0,400,25,14.1736823820491,47.8361780394157,0.649547554437853,1.86744921900883,0.01375,0.011,0.01375,0.01375,0,0,0,0
02/06/2014,0.0213977064537778,0.1,14.2290247123716,38.7558163350734,269.517448884614,0,7.55487447012173,30.2194978804869,2.25459021273949,0,400,25,20.1463319203246,67.9938702310956,0.9493011422061,2.72924078384254,0.01375,0.011,0.01375,0.01375,0,0,0,0
03/06/2014,0.0171819826960065,0.1,14.1081959939597,38.4447586853142,270.848053859939,0,7.05724920180562,28.2289968072225,2.08799870434454,0,400,25,18.819331204815,63.5152428162506,0.879157349197701,2.52757737894339,0.01375,0.011,0.01375,0.01375,0,0,0,0
04/06/2014,0.000417463133561029,0.1,13.9885193321197,6,272.181738032057,0,1.79328872848587,7.17315491394346,0.428589618159435,0,400,25,4.78210327596231,16.1395985563728,0.180458786593446,0.518819011456158,0.01375,0.011,0.01375,0.01375,0,0,0,0
05/06/2014,0.00163861273622681,0.1,13.870030153683,30.671253722178,273.51810660215,0,6.14613802325887,24.5845520930355,1.80551400961013,0,400,25,16.389701395357,55.3152422093298,0.760216425099002,2.18562222215963,0.01375,0.011,0.01375,0.01375,0,0,0,0
06/06/2014,0.00615345125552955,0.1,13.7527635339609,37.5219058028031,274.856763976763,0,7.28174880996476,29.126995239859,2.16175478869652,0,400,25,19.4179968265727,65.5357392896828,0.910212542609059,2.61686106000105,0.01375,0.011,0.01375,0.01375,0,0,0,0
07/06/2014,0.00417568810351992,0.1,13.6367541863612,36.3565854077218,276.197313884907,0,6.71448992293822,26.8579596917529,1.96744103299992,0,400,25,17.9053064611686,60.430409306444,0.828396224421017,2.38163914521042,0.01375,0.011,0.01375,0.01375,0,0,0,0
08/06/2014,0.000406349044139769,0.1,13.5220364521127,6,277.539359495362,0,1.77673454881476,7.10693819525904,0.423178359428235,0,400,25,4.73795879683936,15.9906109393328,0.17818036186452,0.512268540360495,0.01375,0.011,0.01375,0.01375,0,0,0,0
09/06/2014,0.000408770300463992,0.1,13.408644290099,6,278.882503534148,0,1.76922966789328,7.07691867157314,0.420725151041,0,400,25,4.71794578104876,15.9230670110396,0.177147432017263,0.509298867049631,0.01375,0.011,0.01375,0.01375,0,0,0,0
10/06/2014,0.00304668144933553,0.1,13.2966112668063,35.0454976443486,280.226348402127,0,6.91243468230165,27.6497387292066,2.04781557406091,0,400,25,18.4331591528044,62.2119121407148,0.862238136446697,2.47893464228426,0.01375,0.011,0.01375,0.01375,0,0,0,0
11/06/2014,0.0033906042112329,0.1,13.1859705463869,34.654771952942,281.570496292702,0,6.5665384555231,26.2661538220924,1.92172806106986,0,400,25,17.5107692147283,59.0988460997079,0.809148657292571,2.32630238971614,0.01375,0.011,0.01375,0.01375,0,0,0,0
12/06/2014,0.00101051786254965,0.1,13.076754880842,25.6296446542962,282.914549309573,0,4.97752726188501,19.91010904754,1.42458543017084,0,400,25,13.2734060316934,44.7977453569651,0.59982544428246,1.72449815231207,0.01375,0.011,0.01375,0.01375,0,0,0,0
13/06/2014,0.00042270680383881,0.1,12.9689966003261,6,284.258109584525,0,1.73830050587724,6.95320202350898,0.410614973349735,0,400,25,4.63546801567265,15.6447045528952,0.172890515094625,0.497060230897048,0.01375,0.011,0.01375,0.01375,0,0,0,0
14/06/2014,0.00333893511166987,0.1,12.8627276035769,35.6793359940162,285.600779395208,0,7.03731224821578,28.1492489928631,2.08780959063987,0,400,25,18.7661659952421,63.335810233942,0.879077722374682,2.52734845182721,0.01375,0.011,0.01375,0.01375,0,0,0,0
15/06/2014,0.0035989791380814,0.1,12.7579793484726,34.6651930103501,286.942161282863,0,6.55925928155877,26.2370371262351,1.9176503565816,0,400,25,17.4913580841567,59.0333335340289,0.807431729086991,2.3213662211251,0.01375,0.011,0.01375,0.01375,0,0,0,0
16/06/2014,0.00088887807406889,0.1,12.6547828427194,24.7039902425789,288.281858169988,0,4.85372662445554,19.4149064978222,1.38684032454773,0,400,25,12.9432709985481,43.6835396200999,0.583932768230625,1.67880670866305,0.01375,0.011,0.01375,0.01375,0,0,0,0
17/06/2014,0.000387207498737337,0.1,12.5531686346731,6,289.619473477875,0,1.7361647424459,6.9446589697836,0.409916831324866,0,400,25,4.6297726465224,15.6254826820131,0.172596560557838,0.496215111603785,0.01375,0.011,0.01375,0.01375,0,0,0,0
18/06/2014,0.000393862954614508,0.1,12.4531668042954,6,290.954611244008,0,1.72668321930192,6.90673287720768,0.406817494727263,0,400,25,4.60448858480512,15.5401489737173,0.171291576727269,0.492463283090897,0.01375,0.011,0.01375,0.01375,0,0,0,0
19/06/2014,0.000379856785713861,0.1,12.3548069542502,6,292.286876239276,0,1.72904022983728,6.91616091934913,0.407587958386135,0,400,25,4.61077394623275,15.5613620685355,0.171615982478372,0.493395949625321,0.01375,0.011,0.01375,0.01375,0,0,0,0
20/06/2014,0.00039480143783731,0.1,12.2581182011404,6,293.61587408497,0,1.71514112684949,6.86056450739798,0.403044595689051,0,400,25,4.57370967159865,15.4362701416454,0.169702987658548,0.487896089518325,0.01375,0.011,0.01375,0.01375,0,0,0,0
21/06/2014,0.000380815478012626,0.1,12.1631291668888,6,294.941211369524,0,1.71716735169559,6.86866940678237,0.403706931552722,0,400,25,4.57911293785491,15.4545061652603,0.169981865916936,0.48869786451119,0.01375,0.011,0.01375,0.01375,0,0,0,0
22/06/2014,0.00039991450557051,0.1,12.0698679702651,6,296.262495764978,0,1.70180757525652,6.80723030102607,0.398686101404895,0,400,25,4.53815353401738,15.3162681773087,0.167867832170482,0.482620017490136,0.01375,0.011,0.01375,0.01375,0,0,0,0
23/06/2014,0.000381813957768446,0.1,11.9783622185626,6,297.579336143113,0,1.70555075223468,6.82220300893872,0.399909677535391,0,400,25,4.54813533929248,15.3499567701121,0.168383022120165,0.484101188595474,0.01375,0.011,0.01375,0.01375,0,0,0,0
24/06/2014,0.000318244979436715,0.1,11.8886389994256,6,298.891342691233,0,1.73872862658189,6.95491450632756,0.410754918182221,0,400,25,4.63660967088504,15.648557639237,0.172949439234619,0.497229637799531,0.01375,0.011,0.01375,0.01375,0,0,0,0
25/06/2014,0.000316701365235921,0.1,11.8007248728309,6,300.198127027558,0,1.73334898516141,6.93339594064563,0.408996411739397,0,400,25,4.62226396043042,15.6001408664527,0.17220901546922,0.495100919474007,0.01375,0.011,0.01375,0.01375,0,0,0,0
26/06/2014,0.000339973605221585,0.1,11.7146458632257,6,301.499302316194,0,1.71182791879913,6.84731167519651,0.401961568541404,0,400,25,4.564874450131,15.4064512691921,0.16924697622796,0.486585056655384,0.01375,0.011,0.01375,0.01375,0,0,0,0
27/06/2014,0.000321911530607392,0.1,11.6304274518233,6,302.794483381644,0,1.71705543075156,6.86822172300624,0.403670346641984,0,400,25,4.57881448200416,15.453498876764,0.169966461743993,0.488653577513981,0.01375,0.011,0.01375,0.01375,0,0,0,0
28/06/2014,0.000312127621146964,0.1,11.5480945690608,6,304.083286822828,0,1.71723297118997,6.86893188475988,0.403728381365938,0,400,25,4.57928792317325,15.4550967407097,0.169990897417237,0.488723830074556,0.01375,0.011,0.01375,0.01375,0,0,0,0
29/06/2014,0.000360234358650789,0.1,11.4676715872185,6,305.365331126578,0,1.68361222784962,6.73444891139848,0.392738374940706,0,400,25,4.48963260759899,15.1525100506466,0.165363526290823,0.475420138086117,0.01375,0.011,0.01375,0.01375,0,0,0,0
30/06/2014,0.000892808548624558,0.1,11.3891823132057,25.9397328743233,306.640236780576,0,5.31720754259668,21.2688301703867,1.54400231381361,0,400,25,14.1792201135912,47.8548678833701,0.650106237395204,1.86905543251121,0.01375,0.011,0.01375,0.01375,0,0,0,0
01/07/2014,0.000783602977059849,0.1,11.3126499815131,23.6158951464412,307.907626385693,0,4.64207381301205,18.5682952520482,1.32007214885049,0,400,25,12.3788635013655,41.7786643171085,0.555819852147574,1.59798207492428,0.01375,0.011,0.01375,0.01375,0,0,0,0
02/07/2014,0.000388847085749725,0.1,11.238097247335,6,309.167124767712,0,1.65558733660551,6.62234934642205,0.383577550275965,0,400,25,4.41489956428136,14.9002860294496,0.161506336958301,0.464330718755115,0.01375,0.011,0.01375,0.01375,0,0,0,0
03/07/2014,0.000374974640348467,0.1,11.1655461798626,6,310.418359088383,0,1.65600829811846,6.62403319247383,0.383715154899551,0,400,25,4.41602212831589,14.9040746830661,0.161564275747179,0.464497292773141,0.01375,0.011,0.01375,0.01375,0,0,0,0
04/07/2014,0.000344573617266287,0.1,11.0950182557516,6,311.660958955797,0,1.66369909588036,6.65479638352143,0.386229136103441,0,400,25,4.43653092234762,14.9732918629232,0.162622794148817,0.46754053317785,0.01375,0.011,0.01375,0.01375,0,0,0,0
05/07/2014,0.000334853366037564,0.1,11.026534352764,6,312.894556534024,0,1.66266981350608,6.65067925402432,0.385892682510129,0,400,25,4.43378616934955,14.9640283215547,0.162481129477949,0.467133247249103,0.01375,0.011,0.01375,0.01375,0,0,0,0
06/07/2014,0.000345813815193803,0.1,10.9601147435886,6,314.118786652004,0,1.65236935194739,6.60947740778956,0.3825256499146,0,400,25,4.40631827185971,14.8713241675265,0.161063431542989,0.463057365686095,0.01375,0.011,0.01375,0.01375,0,0,0,0
07/07/2014,0.000340245472192292,0.1,10.8957790898389,6,315.333286911643,0,1.64936154537312,6.59744618149247,0.381542452926881,0,400,25,4.39829745432831,14.8442539083581,0.16064945386395,0.461867179858856,0.01375,0.011,0.01375,0.01375,0,0,0,0
08/07/2014,0.000363626449765313,0.1,10.8335464362339,6,316.53769779509,0,1.63519253528509,6.54077014114034,0.376910862532513,0,400,25,4.36051342742689,14.7167328175658,0.158699310540006,0.456260517802516,0.01375,0.011,0.01375,0.01375,0,0,0,0
09/07/2014,0.0002919252723872,0.1,10.7734352049594,6,317.731662771168,0,1.66058970661343,6.64235882645374,0.385212733590382,0,400,25,4.42823921763583,14.9453073595209,0.16219483519595,0.466310151188358,0.01375,0.011,0.01375,0.01375,0,0,0,0
10/07/2014,0.000319457742310878,0.1,10.7154631902157,6,318.914828400906,0,1.64175036190113,6.56700144760452,0.379054496179049,0,400,25,4.37800096506968,14.7757532571102,0.15960189312802,0.458855442743059,0.01375,0.011,0.01375,0.01375,0,0,0,0
11/07/2014,0.000346958173091282,0.1,10.6596475529492,6,320.086844442171,0,1.62603763554956,6.50415054219822,0.373918293156598,0,400,25,4.33610036146548,14.634338719946,0.157439281329094,0.452637933821145,0.01375,0.011,0.01375,0.01375,0,0,0,0
12/07/2014,0.00032385526520494,0.1,10.6060048157731,6,321.247363953343,0,1.63124233049954,6.52496932199817,0.375619612796164,0,400,25,4.34997954799878,14.6811809744959,0.15815562644049,0.454697426016409,0.01375,0.011,0.01375,0.01375,0,0,0,0
13/07/2014,0.000338211615646826,0.1,10.5545508580758,6,322.396043396021,0,1.62237442525294,6.48949770101177,0.372720856672544,0,400,25,4.32633180067451,14.6013698272765,0.156935097546334,0.451188405445711,0.01375,0.011,0.01375,0.01375,0,0,0,0
14/07/2014,0.000382170385672186,0.1,10.5053009113207,6,323.532542736714,0,1.60483329932911,6.41933319731643,0.36698698325228,0,400,25,4.27955546487762,14.443499693962,0.154520835053591,0.444247400779075,0.01375,0.011,0.01375,0.01375,0,0,0,0
15/07/2014,0.000599249595636696,0.1,10.4582695545372,18.1017537893314,324.656525547499,0,3.81700257400825,15.268010296033,1.06751815595971,0,400,25,10.1786735306887,34.3530231660743,0.449481328825143,1.29225882037229,0.01375,0.011,0.01375,0.01375,0,0,0,0
16/07/2014,0.0018293539992087,0.1,10.4134707100049,33.0832555544479,325.767659105614,0,6.51122591280572,26.0449036512229,1.91939986992553,0,400,25,17.3632691008152,58.6010332152515,0.808168366284434,2.32348405306775,0.01375,0.011,0.01375,0.01375,0,0,0,0
17/07/2014,0.00187727550746254,0.1,10.3709176391324,33.5840328615665,326.865614491947,0,6.42517798477277,25.7007119390911,1.88477362541745,0,400,25,17.1338079593941,57.826601862955,0.793588894912611,2.28156807287376,0.01375,0.011,0.01375,0.01375,0,0,0,0
18/07/2014,0.000729836332994283,0.1,10.3306229385318,24.5011052578147,327.950066688404,0,4.79633168076895,19.1853267230758,1.36911551124267,0,400,25,12.7902178153839,43.1669851269206,0.576469688944282,1.65735035571481,0.01375,0.011,0.01375,0.01375,0,0,0,0
19/07/2014,0.000313690188640918,0.1,10.2925985362894,6,329.020694674121,0,1.60771482281304,6.43085929125215,0.367928900606167,0,400,25,4.28723952750144,14.4694334053173,0.154917431834176,0.445387616523255,0.01375,0.011,0.01375,0.01375,0,0,0,0
20/07/2014,0.00034081952979208,0.1,10.2568556884352,6,330.077181520497,0,1.59586169768529,6.38344679074116,0.364054330671935,0,400,25,4.25563119382744,14.3627552791676,0.153286033967131,0.4406973476555,0.01375,0.011,0.01375,0.01375,0,0,0,0
21/07/2014,0.000351581619072938,0.1,10.2234049756106,6,331.119214485005,0,1.58918195197535,6.35672780790141,0.361870843902235,0,400,25,4.23781853860094,14.3026375677782,0.152366671116731,0.4380541794606,0.01375,0.011,0.01375,0.01375,0,0,0,0
22/07/2014,0.000333197327543103,0.1,10.1922562999366,6,332.146485103776,0,1.59002801853306,6.36011207413225,0.362147407594218,0,400,25,4.24007471608817,14.3102521667976,0.152483118987039,0.438388967087738,0.01375,0.011,0.01375,0.01375,0,0,0,0
23/07/2014,0.000352299691584558,0.1,10.1634188820821,6,333.158689282906,0,1.58155329272941,6.32621317091764,0.359377174643346,0,400,25,4.21747544727843,14.2339796345647,0.151316705112988,0.43503552719984,0.01375,0.011,0.01375,0.01375,0,0,0,0
24/07/2014,0.000342363546131359,0.1,10.1369012585347,6,334.155527388481,0,1.57989977448842,6.31959909795367,0.358836669755968,0,400,25,4.21306606530245,14.2190979703958,0.151089124107776,0.434381231809856,0.01375,0.011,0.01375,0.01375,0,0,0,0
25/07/2014,0.000336518008043665,0.1,10.1127112790737,6,335.136704335266,0,1.5774237413512,6.30969496540482,0.358027299784234,0,400,25,4.20646331026988,14.1968136721608,0.150748336751256,0.433401468159862,0.01375,0.011,0.01375,0.01375,0,0,0,0
26/07/2014,0.00295370407034784,0.1,10.0908561044464,35.8509434202836,336.101929674065,0,7.04525021628483,28.1810008651393,2.09000742621731,0,400,25,18.7873339100929,63.4072519465635,0.880003126828341,2.53000898963148,0.01375,0.011,0.01375,0.01375,0,0,0,0
27/07/2014,0.00237857298714949,0.1,10.0713422042482,34.86388719634,337.050917677694,0,6.45856090728084,25.8342436291234,1.88761470685881,0,400,25,17.2228290860822,58.1270481655275,0.794785139730026,2.28500727672383,0.01375,0.011,0.01375,0.01375,0,0,0,0
28/07/2014,0.00028529077357406,0.1,10.0541753550077,6,337.983387425568,0,1.57868403722009,6.31473614888035,0.358439267466105,0,400,25,4.20982409925357,14.2081563349808,0.150921796827834,0.433900165880022,0.01375,0.011,0.01375,0.01375,0,0,0,0
29/07/2014,0.0002204212537315,0.1,10.0393606384765,6,338.899062886852,0,1.59787523414472,6.3915009365789,0.364712518933944,0,400,25,4.26100062438593,14.3808771073025,0.153563165866924,0.441494101867406,0.01375,0.011,0.01375,0.01375,0,0,0,0
30/07/2014,0.0002301113294223,0.1,10.0269024401251,6,339.797673002179,0,1.59181353998143,6.36725415992571,0.362731061917124,0,400,25,4.24483610661714,14.3263218598328,0.152728868175631,0.439095496004939,0.01375,0.011,0.01375,0.01375,0,0,0,0
31/07/2014,0.000585116021548383,0.1,10.0168044478446,28.021670546868,340.678951763886,0,5.85794989589724,23.431799583589,1.71944266006332,0,400,25,15.6211997223926,52.7215490630752,0.723975856868765,2.0814305884977,0.01375,0.011,0.01375,0.01375,0,0,0,0
01/08/2014,0.000564035609185704,0.1,10.0090696508551,23.9920911233115,341.542638294759,0,4.78345117391321,19.1338046956529,1.36745876163079,0,400,25,12.7558697971019,43.0510605652189,0.575772110160333,1.65534481671096,0.01375,0.011,0.01375,0.01375,0,0,0,0
02/08/2014,0.000267127305720072,0.1,10.0037003388204,6,342.388476925256,0,1.57549259021663,6.3019703608665,0.357396041778952,0,400,25,4.201313573911,14.1794333119496,0.150482543906927,0.432637313732416,0.01375,0.011,0.01375,0.01375,0,0,0,0
03/08/2014,0.00030682049152884,0.1,10.000698101171,6,343.216217269194,0,1.56292531248976,6.25170124995902,0.35328802841447,0,400,25,4.16780083330602,14.0663278124078,0.148752854069251,0.427664455449095,0.01375,0.011,0.01375,0.01375,0,0,0,0
04/08/2014,0.000313541854676506,0.1,10.0000638266329,6,344.025614297865,0,1.55797660471047,6.23190641884187,0.35167038630167,0,400,25,4.15460427922791,14.0217894423942,0.148071741600703,0.425706257102022,0.01375,0.011,0.01375,0.01375,0,0,0,0
05/08/2014,0.000278559043118268,0.1,10.0017977029648,6,344.816428412574,0,1.56110928647774,6.24443714591097,0.352694402707317,0,400,25,4.16295809727398,14.0499835782997,0.148502906403081,0.426945855908858,0.01375,0.011,0.01375,0.01375,0,0,0,0
06/08/2014,0.00025576318458117,0.1,10.0058992169025,6,345.588425515561,0,1.56297781729403,6.25191126917613,0.353305191275223,0,400,25,4.16794084611742,14.0668003556463,0.148760080536936,0.427685231543691,0.01375,0.011,0.01375,0.01375,0,0,0,0
07/08/2014,0.000282916082472593,0.1,10.0123671543109,6,346.341377079302,0,1.5541741489623,6.2166965958492,0.35042743302485,0,400,25,4.1444643972328,13.9875673406607,0.147548392852568,0.424201629451134,0.01375,0.011,0.01375,0.01375,0,0,0,0
08/08/2014,0.000297859985751755,0.1,10.0211996005432,6,347.075060214155,0,1.54819772439363,6.19279089757452,0.348473849079823,0,400,25,4.12852726504968,13.9337795195427,0.146725831191504,0.421836764675575,0.01375,0.011,0.01375,0.01375,0,0,0,0
09/08/2014,0.00027120182112693,0.1,10.032393941008,6,347.789257734344,0,1.54901325813265,6.1960530325306,0.348740432151502,0,400,25,4.13070202168706,13.9411193231938,0.146838076695369,0.422159470499187,0.01375,0.011,0.01375,0.01375,0,0,0,0
10/08/2014,0.000261007228666711,0.1,10.0459468619428,6,348.483758222246,0,1.54752686398584,6.19010745594337,0.348254557075556,0,400,25,4.12673830396225,13.9277417758726,0.146633497716024,0.421571305933568,0.01375,0.011,0.01375,0.01375,0,0,0,0
11/08/2014,0.000242384486460203,0.1,10.0618543513956,6,349.15835609098,0,1.54778296563029,6.19113186252115,0.348338272021697,0,400,25,4.12742124168076,13.9300466906726,0.146668746114399,0.421672645078897,0.01375,0.011,0.01375,0.01375,0,0,0,0
12/08/2014,0.00026538772820148,0.1,10.0801117004118,6,349.812851645262,0,1.54096599723819,6.16386398895276,0.346109929665571,0,400,25,4.10924265930184,13.8686939751437,0.145730496701293,0.418975178016217,0.01375,0.011,0.01375,0.01375,0,0,0,0
13/08/2014,0.0011379588088571,0.1,10.1007135044287,31.2268916048011,350.447051140518,0,6.23678154177723,24.9471261671089,1.83508934936743,0,400,25,16.6314174447393,56.1310338759951,0.772669199733655,2.22142394923426,0.01375,0.011,0.01375,0.01375,0,0,0,0
14/08/2014,0.000946462470609355,0.1,10.1236536648752,29.3431477167887,351.06076684024,0,5.57476848411323,22.2990739364529,1.61255805680213,0,400,25,14.8660492909686,50.1729163570191,0.678971813390372,1.95204396349732,0.01375,0.011,0.01375,0.01375,0,0,0,0
15/08/2014,0.00028096583237246,0.1,10.1489253909769,6,351.653817071558,0,1.52947734909751,6.11790939639005,0.342354500595931,0,400,25,4.07860626426004,13.7652961418776,0.144149263408813,0.414429132300337,0.01375,0.011,0.01375,0.01375,0,0,0,0
16/08/2014,0.000291977918297113,0.1,10.1765212017667,6,352.226026279017,0,1.52497582931553,6.0999033172621,0.340883036065044,0,400,25,4.06660221150807,13.7247824638397,0.143529699395808,0.412647885762949,0.01375,0.011,0.01375,0.01375,0,0,0,0
17/08/2014,0.0315227859612542,0.1,10.206432928299,39.1097519312509,352.777225076551,0,7.60767972517876,30.430718900715,2.27763287725549,0,400,25,20.28714593381,68.4691175266088,0.959003316739152,2.75713453562506,0.01375,0.011,0.01375,0.01375,0,0,0,0
18/08/2014,0.183383192051675,0.1,10.2386517160679,38.6318192763201,353.307250297619,0,5.60598417955586,22.4239367182234,1.57416413634759,0,400,25,14.9492911454823,50.4538576160027,0.662805952146354,1.90556711242077,0.01375,0.011,0.01375,0.01375,0,0,0,0
19/08/2014,0.279773145663418,0.1,10.2731680276286,37.8636516994224,353.815945043506,0,4.45825147938464,17.8330059175386,1.16600070159505,0,400,25,11.8886706116924,40.1242633144618,0.490947663829497,1.4114745335098,0.01375,0.011,0.01375,0.01375,0,0,0,0
20/08/2014,0.107040616114586,0.1,10.3099716454204,34.059790801195,354.303158729775,0,3.78728549899197,15.1491419959679,0.936886715765487,0,400,25,10.0994279973119,34.0855694909277,0.394478617164415,1.13412602434769,0.01375,0.011,0.01375,0.01375,0,0,0,0
21/08/2014,0.015331379425922,0.1,10.3490516747915,8.06146345106918,354.768747130835,0,1.97338620043209,7.89354480172836,0.452628408494654,0,400,25,5.26236320115224,17.7604758038888,0.190580382524065,0.547918599756687,0.01375,0.011,0.01375,0.01375,0,0,0,0
22/08/2014,0.0106533148874499,0.1,10.3903965472238,6,355.212572422639,0,1.46897481581676,5.87589926326703,0.322577328426738,0,400,25,3.91726617551136,13.2207733423508,0.135822033021784,0.39048834493763,0.01375,0.011,0.01375,0.01375,0,0,0,0
23/08/2014,0.00876135131013807,0.1,10.4339940237578,6,355.634503223483,0,1.49841550409476,5.99366201637905,0.332200951261698,0,400,25,3.99577467758603,13.4857395368529,0.139874084741767,0.402137993632581,0.01375,0.011,0.01375,0.01375,0,0,0,0
24/08/2014,0.012757035603058,0.1,10.4798311986152,20.7937517971968,356.034414632895,0,4.24886459652862,16.9954583861145,1.20347742021172,0,400,25,11.330305590743,38.2397813687576,0.506727334825986,1.45684108762471,0.01375,0.011,0.01375,0.01375,0,0,0,0
25/08/2014,0.0103304263701476,0.1,10.5278945030197,20.3614545337168,356.412188268613,0,3.97547684643615,15.9019073857446,1.10840426163897,0,400,25,10.6012715904964,35.7792916179254,0.466696531216408,1.34175252724717,0.01375,0.011,0.01375,0.01375,0,0,0,0
26/08/2014,0.0125801124766464,0.1,10.5781697092131,26.5426990737569,356.767712301624,0,5.21630070690102,20.8652028276041,1.50543458347582,0,400,25,13.9101352184027,46.9467063621091,0.63386719304245,1.82236817999704,0.01375,0.011,0.01375,0.01375,0,0,0,0
27/08/2014,0.0884766181296441,0.1,10.6306419346675,36.0932770833326,357.10088148927,0,4.86482933491735,19.4593173396694,1.30516604273638,0,400,25,12.9728782264463,43.7834640142562,0.549543596941633,1.5799378412072,0.01375,0.011,0.01375,0.01375,0,0,0,0
28/08/2014,0.125271959993536,0.1,10.6852956464909,35.7912646954517,357.4115972064,0,3.91766889121348,15.6706755648539,0.967421193354564,0,400,25,10.447117043236,35.2590200209214,0.407335239307185,1.17108881300816,0.01375,0.011,0.01375,0.01375,0,0,0,0
29/08/2014,0.0197795083823053,0.1,10.7421146660246,24.8591205631118,357.69976747457,0,2.80887552006936,11.2355020802775,0.635311499937788,0,400,25,7.49033472018497,25.2798796806243,0.267499578921174,0.769061289398376,0.01375,0.011,0.01375,0.01375,0,0,0,0
30/08/2014,0.0136615773463653,0.1,10.8010821736331,12.4381493766191,357.965306989265,0,3.00882725107017,12.0353090042807,0.697057263923721,0,400,25,8.02353933618712,27.0794452596315,0.293497795336304,0.843806161591873,0.01375,0.011,0.01375,0.01375,0,0,0,0
31/08/2014,0.00618023377327911,0.1,10.862180713683,9.03795298378362,358.208137145153,0,2.1215210925228,8.48608437009122,0.526095567571761,0,400,25,5.65738958006081,19.0936898327052,0.22151392318811,0.636852529165815,0.01375,0.011,0.01375,0.01375,0,0,0,0
01/09/2014,0.00469082305680081,0.1,10.9253921997097,6.11200887871587,358.428186059355,0,1.75656616172637,7.02626464690546,0.415893407369399,0,400,25,4.68417643127031,15.8090954555373,0.17511301362922,0.503449914184009,0.01375,0.011,0.01375,0.01375,0,0,0,0
02/09/2014,0.00394014323346636,0.1,10.9906979197721,6.01427667210793,358.625388592724,0,1.79380889480133,7.1752355792053,0.428671413523185,0,400,25,4.78349038613687,16.1442800532119,0.180493226746604,0.518918026896488,0.01375,0.011,0.01375,0.01375,0,0,0,0
03/09/2014,0.00681872537557183,0.1,11.0580785419912,23.2829019067515,358.799686369124,0,4.86295574590466,19.4518229836186,1.39965778105003,0,400,25,12.9678819890791,43.7666017131419,0.589329592021066,1.69432257706057,0.01375,0.011,0.01375,0.01375,0,0,0,0
04/09/2014,0.00561004316094203,0.1,11.1275141202729,22.5079969590218,358.951027792715,0,4.50314358386466,18.0125743354586,1.27605489704634,0,400,25,12.0083828903058,40.528292254782,0.537286272440565,1.54469803326662,0.01375,0.011,0.01375,0.01375,0,0,0,0
05/09/2014,0.00323369697414867,0.1,11.1989841002127,13.9333490780761,359.079368063225,0,3.28892489178119,13.1556995671248,0.902624040908898,0,400,25,8.77046637808317,29.6003240260307,0.380052227751115,1.09265015478446,0.01375,0.011,0.01375,0.01375,0,0,0,0
06/09/2014,0.00339913214135962,0.1,11.2724673251798,18.4135309493224,359.184669189209,0,4.00176690337269,16.0070676134908,1.12462140427312,0,400,25,10.6713784089938,36.0159021303542,0.47352480179921,1.36138380517273,0.01375,0.011,0.01375,0.01375,0,0,0,0
07/09/2014,0.00239830288052824,0.1,11.3479420425803,13.1757959023015,359.2668999993,0,3.11555243298862,12.4622097319545,0.844177611181849,0,400,25,8.30813982130298,28.0399718968976,0.355443204708147,1.02189921353592,0.01375,0.011,0.01375,0.01375,0,0,0,0
08/09/2014,0.00216061082879564,0.1,11.4253859102962,14.3549431809079,359.326036151433,0,3.46950826693298,13.8780330677319,0.960969335091506,0,400,25,9.25202204515461,31.2255744023968,0.40461866740695,1.16327866879498,0.01375,0.011,0.01375,0.01375,0,0,0,0
09/09/2014,0.00182529532274303,0.1,11.5047760032994,13.5895102595972,359.362060140052,0,3.27883845111385,13.1153538044554,0.896918125388548,0,400,25,8.74356920297027,29.5095460600247,0.377649737005704,1.0857429938914,0.01375,0.011,0.01375,0.01375,0,0,0,0
10/09/2014,0.0103166229154334,0.1,11.5860888204375,35.5840055937829,359.374961301293,0,7.06333618737282,28.2533447494913,2.09639609013372,0,400,25,18.8355631663275,63.5700256863554,0.882693090582619,2.53774263542503,0.01375,0.011,0.01375,0.01375,0,0,0,0
11/09/2014,0.00860411508717217,0.1,11.6693002913912,35.07510047138,359.364735816136,0,6.57556425001371,26.3022570000549,1.92553298462531,0,400,25,17.5348380000366,59.1800782501234,0.810750730368551,2.33090834980958,0.01375,0.011,0.01375,0.01375,0,0,0,0
12/09/2014,0.001381686228047,0.1,11.7543857837993,12.1407513143757,359.331386711544,0,3.08623924471144,12.3449569788458,0.837109723447915,0,400,25,8.2299713192305,27.7761532024029,0.352467251978069,1.01334334943695,0.01375,0.011,0.01375,0.01375,0,0,0,0
13/09/2014,0.00103484470513273,0.1,11.8413201105505,6,359.274923859559,0,2.17798750497716,8.71195001990862,0.554340616066265,0,400,25,5.80796667993908,19.6018875447944,0.233406575185796,0.671043903659163,0.01375,0.011,0.01375,0.01375,0,0,0,0
14/09/2014,0.000919129506795656,0.1,11.9300775372393,6,359.195363974383,0,2.23160882304676,8.92643529218704,0.571868444768587,0,400,25,5.95095686145803,20.0844794074208,0.240786713586774,0.692261801561974,0.01375,0.011,0.01375,0.01375,0,0,0,0
15/09/2014,0.000856297683057769,0.1,12.0206317897838,6,359.09273060743,0,2.25457016284707,9.01828065138827,0.579374087025892,0,400,25,6.01218710092551,20.2911314656236,0.243946984010902,0.701347579031343,0.01375,0.011,0.01375,0.01375,0,0,0,0
16/09/2014,0.00082353498428395,0.1,12.1129560622039,6,358.967054140356,0,2.25571211560054,9.02284846240218,0.579747370506599,0,400,25,6.01523230826812,20.3014090404049,0.244104156002778,0.701799448507988,0.01375,0.011,0.01375,0.01375,0,0,0,0
17/09/2014,0.00879115234485122,0.1,12.2070230245555,36.7634637351912,358.818371776061,0,7.29237001602719,29.1694800641088,2.16966512837896,0,400,25,19.4463200427392,65.6313301442447,0.913543211949034,2.62643673435347,0.01375,0.011,0.01375,0.01375,0,0,0,0
18/09/2014,0.00710529535068521,0.1,12.3028048310218,35.9468503405339,358.646727527679,0,6.70427759613934,26.8171103845574,1.96522106498583,0,400,25,17.8780735897049,60.3384983652541,0.827461501046666,2.37895181550916,0.01375,0.011,0.01375,0.01375,0,0,0,0
19/09/2014,0.000724451857719863,0.1,12.4002731281556,6,358.452172205552,0,2.27713279643922,9.1085311857569,0.586749399511931,0,400,25,6.07235412383793,20.494195167953,0.247052378741866,0.710275588882863,0.01375,0.011,0.01375,0.01375,0,0,0,0
20/09/2014,0.000710704562092499,0.1,12.4993990632724,6,358.234763402183,0,2.2692357232887,9.07694289315482,0.584167990654126,0,400,25,6.05129526210321,20.4231215095983,0.245965469749106,0.707150725528679,0.01375,0.011,0.01375,0.01375,0,0,0,0
21/09/2014,0.000683816135948441,0.1,12.600153292992,6,357.994565475191,0,2.27755204074145,9.11020816296581,0.586886442810724,0,400,25,6.07347210864387,20.4979683666731,0.247110081183463,0.710441483402455,0.01375,0.011,0.01375,0.01375,0,0,0,0
22/09/2014,0.000676241995789746,0.1,12.7025059919243,6,357.73164952826,0,2.26609521756868,9.06438087027472,0.583141416741344,0,400,25,6.04292058018315,20.3948569581181,0.245533228101619,0.705908030792153,0.01375,0.011,0.01375,0.01375,0,0,0,0
23/09/2014,0.00062959612331557,0.1,12.8064268614986,6,357.446093390089,0,2.30250589721906,9.21002358887625,0.59504340234749,0,400,25,6.1400157259175,20.7225530749716,0.250544590462101,0.720315697578541,0.01375,0.011,0.01375,0.01375,0,0,0,0
24/09/2014,0.000617886080168278,0.1,12.9118851389321,6,357.137981591355,0,2.29891105253863,9.19564421015451,0.593868313333671,0,400,25,6.13042947343634,20.6901994728477,0.250049816140493,0.718893221403918,0.01375,0.011,0.01375,0.01375,0,0,0,0
25/09/2014,0.00064077654076458,0.1,13.0188496063369,6,356.807405339689,0,2.25391672580538,9.01566690322153,0.579160490401513,0,400,25,6.01044460214769,20.2852505322484,0.243857048590111,0.701089014696569,0.01375,0.011,0.01375,0.01375,0,0,0,0
26/09/2014,0.00586145590997341,0.1,13.1272885999607,35.9546956963893,356.454462492675,0,7.15082603585883,28.6033041434353,2.12474859290048,0,400,25,19.0688694289569,64.3574343227294,0.894630986484411,2.57206408614268,0.01375,0.011,0.01375,0.01375,0,0,0,0
27/09/2014,0.00505555871551266,0.1,13.2371700195604,35.2687106143589,356.079257528887,0,6.64841780956264,26.5936712382506,1.94999212482312,0,400,25,17.7291141588337,59.8357602860638,0.821049315714997,2.36051678268062,0.01375,0.011,0.01375,0.01375,0,0,0,0
28/09/2014,0.000784218137744229,0.1,13.3484613379039,15.670860312188,355.681901516956,0,3.82776563900622,15.3110625560249,1.07297851288743,0,400,25,10.2073750373499,34.449890751056,0.451780426478916,1.29886872612688,0.01375,0.011,0.01375,0.01375,0,0,0,0
29/09/2014,0.000486490726649072,0.1,13.4611296103994,6,355.262512082693,0,2.41637851439363,9.66551405757452,0.632266279359392,0,400,25,6.44367603838301,21.7474066295427,0.266217380782902,0.765374969750844,0.01375,0.011,0.01375,0.01375,0,0,0,0
30/09/2014,0.000431093652088433,0.1,13.5751414848473,6,354.82121337427,0,2.51516630576145,10.0606652230458,0.664558202559196,0,400,25,6.7071101486972,22.6364967518531,0.279813980024925,0.804465192571658,0.01375,0.011,0.01375,0.01375,0,0,0,0
01/10/2014,0.00049606966639818,0.1,13.6904632113135,6,354.35813602547,0,2.36810849606353,9.47243398425411,0.616487692722456,0,400,25,6.31495598950274,21.3129764645718,0.259573765356824,0.746274575400868,0.01375,0.011,0.01375,0.01375,0,0,0,0
02/10/2014,0.000528365183437142,0.1,13.8070606521197,6,353.873417117015,0,2.30203770290442,9.20815081161769,0.594890358184425,0,400,25,6.13876720774512,20.7183393261398,0.250480150814495,0.720130433591673,0.01375,0.011,0.01375,0.01375,0,0,0,0
03/10/2014,0.000577526006229251,0.1,13.9248992919492,6,353.367200135988,0,2.2225691107031,8.89027644281241,0.568913528045499,0,400,25,5.92685096187494,20.0031219963279,0.239542538124421,0.688684797107709,0.01375,0.011,0.01375,0.01375,0,0,0,0
04/10/2014,0.000527734780738008,0.1,14.0439442480639,6,352.839634933357,0,2.27772378219829,9.11089512879314,0.586942581953603,0,400,25,6.0739300858621,20.4995140397846,0.247133718717306,0.710509441312256,0.01375,0.011,0.01375,0.01375,0,0,0,0
05/10/2014,0.000424424828199517,0.1,14.1641602806307,6,352.290877679617,0,2.45053567666467,9.80214270665867,0.643431631327559,0,400,25,6.53476180443911,22.054821089982,0.270918581611604,0.778890922133361,0.01375,0.011,0.01375,0.01375,0,0,0,0
06/10/2014,0.000416210841532487,0.1,14.2855118031529,6,351.721090818561,0,2.46768484805829,9.87073939223318,0.649037381976659,0,400,25,6.58049292815545,22.2091636325246,0.273278897674383,0.78567683081385,0.01375,0.011,0.01375,0.01375,0,0,0,0
07/10/2014,0.001246840906102,0.1,14.4079628930047,25.4576556925773,351.13044301919,0,5.52433634354837,22.0973453741935,1.6135672566669,0,400,25,14.7315635827957,49.7190270919354,0.67939673964922,1.95326562649151,0.01375,0.011,0.01375,0.01375,0,0,0,0
08/10/2014,0.00110992741289688,0.1,14.5314773020651,22.8706345085517,350.519109125787,0,4.8396104579135,19.358441831654,1.38758652435962,0,400,25,12.9056278877693,43.5564941212215,0.584246957625102,1.67971000317217,0.01375,0.011,0.01375,0.01375,0,0,0,0
09/10/2014,0.000504019642499253,0.1,14.6560184674478,6,349.887270106158,0,2.28266414730077,9.13065658920307,0.588557496997854,0,400,25,6.08710439280205,20.5439773257069,0.247813682946465,0.712464338471087,0.01375,0.011,0.01375,0.01375,0,0,0,0
10/10/2014,0.000505274602318107,0.1,14.7815495223251,6,349.235112998059,0,2.27452533828807,9.0981013531523,0.585897069105533,0,400,25,6.06540090210153,20.4707280445927,0.246693502781277,0.709243820496172,0.01375,0.011,0.01375,0.01375,0,0,0,0
11/10/2014,0.000434801080408861,0.1,14.908033306841,6,348.562830853834,0,2.39430772889509,9.57723091558037,0.625051743024387,0,400,25,6.38482061038692,21.5487695600558,0.263179681273426,0.7566415836611,0.01375,0.011,0.01375,0.01375,0,0,0,0
12/10/2014,0.000362976823758818,0.1,15.0354323791111,6,347.870622683264,0,2.56718891758336,10.2687556703334,0.681563443412808,0,400,25,6.84583711355562,23.1047002582502,0.286974081436972,0.825050484131294,0.01375,0.011,0.01375,0.01375,0,0,0,0
13/10/2014,0.000476207047872817,0.1,15.1637090263067,6,347.158693394657,0,2.30893404638148,9.23573618552594,0.597144646804884,0,400,25,6.15715745701729,20.7804064174334,0.251429324970478,0.722859309290123,0.01375,0.011,0.01375,0.01375,0,0,0,0
14/10/2014,0.0195877861425331,0.1,15.292825275818,38.948743342344,346.427253734189,0,7.62103928594646,30.4841571437858,2.27234076373287,0,400,25,20.3227714291906,68.5893535735182,0.956775058413838,2.75072829293978,0.01375,0.011,0.01375,0.01375,0,0,0,0
15/10/2014,0.0531430860328362,0.1,15.4227429064953,38.0478421321444,345.676520223521,0,6.79827535817651,27.193101432706,1.99762297274369,0,400,25,18.1287342884707,61.1844782235886,0.841104409576292,2.41817517753184,0.01375,0.011,0.01375,0.01375,0,0,0,0
16/10/2014,0.0357355115939226,0.1,15.553423459963,35.7538756297713,344.906715095704,0,5.39054123585156,21.5621649434062,1.50136454932012,0,400,25,14.3747766289375,48.5148711226641,0.632153494450577,1.81744129654541,0.01375,0.011,0.01375,0.01375,0,0,0,0
17/10/2014,0.00405593791194348,0.1,15.6848282520041,9.78334811526769,344.11806622939,0,1.77395648474625,7.09582593898499,0.414175679695577,0,400,25,4.73055062599,15.9656083627162,0.174389759871822,0.501370559631488,0.01375,0.011,0.01375,0.01375,0,0,0,0
18/10/2014,0.00318317874779177,0.1,15.8169183840117,7.72196528385511,343.310807081381,0,1.40341316666283,5.6136526666513,0.297074417873764,0,400,25,3.74243511110087,12.6307184999654,0.125083965420532,0.35961640058403,0.01375,0.011,0.01375,0.01375,0,0,0,0
19/10/2014,0.00239794317503294,0.1,15.9496547545038,6,342.485176617513,0,1.10590402180054,4.42361608720217,0.203896122640791,0,400,25,2.94907739146811,9.95313619620487,0.085850999006649,0.246821622144116,0.01375,0.011,0.01375,0.01375,0,0,0,0
20/10/2014,0.00214617833732523,0.1,16.0829980706979,6,341.641419241926,0,1.17583141049767,4.70332564199069,0.226754107763294,0,400,25,3.13555042799379,10.582482694479,0.0954754137950712,0.27449181466083,0.01375,0.011,0.01375,0.01375,0,0,0,0
21/10/2014,0.00181492950203998,0.1,16.2169088601428,6,340.779784724706,0,1.22599157557425,4.903966302297,0.243150548820585,0,400,25,3.269310868198,11.0339241801683,0.102379178450772,0.294340138045971,0.01375,0.011,0.01375,0.01375,0,0,0,0
22/10/2014,0.00147158688288662,0.1,16.3513474824032,6,339.900528127956,0,1.26937657888558,5.07750631554234,0.257332313343859,0,400,25,3.38500421036156,11.4243892099703,0.10835044772373,0.311507537205725,0.01375,0.011,0.01375,0.01375,0,0,0,0
23/10/2014,0.00128164685693097,0.1,16.486274140794,6,339.003909730285,0,1.3339095808578,5.33563832343118,0.278426972053055,0,400,25,3.55709221562079,12.0051862277202,0.117232409285497,0.337043176695804,0.01375,0.011,0.01375,0.01375,0,0,0,0
24/10/2014,0.00174217946950293,0.1,16.6216488941613,18.0063740899048,338.090194949768,0,3.70431053167396,14.8172421266959,1.03105961972413,0,400,25,9.87816141779723,33.3387947850657,0.434130366199632,1.24812480282394,0.01375,0.011,0.01375,0.01375,0,0,0,0
25/10/2014,0.00146896469324292,0.1,16.7574316687051,16.9262996804396,337.159654265367,0,3.39542557038502,13.5817022815401,0.927489054538148,0,400,25,9.05446818769338,30.5588301334651,0.390521707173957,1.12274990812513,0.01375,0.011,0.01375,0.01375,0,0,0,0
26/10/2014,0.000765704985674897,0.1,16.893582269843,6,336.212563136873,0,1.53965613937886,6.15862455751544,0.345681761074994,0,400,25,4.10574970501029,13.8569052544097,0.145550215189471,0.41845686866973,0.01375,0.011,0.01375,0.01375,0,0,0,0
27/10/2014,0.00033542284130604,0.1,17.0300603941077,6,335.249201923357,0,2.40504855511319,9.62019422045274,0.628562722777397,0,400,25,6.41346281363516,21.6454369960187,0.264657988537852,0.760891717046323,0.01375,0.011,0.01375,0.01375,0,0,0,0
28/10/2014,0.000356001213093202,0.1,17.1668256410784,6,334.269855800181,0,2.35144217727068,9.40576870908271,0.611039777762212,0,400,25,6.27051247272181,21.1629795954361,0.257279906426195,0.73967973097531,0.01375,0.011,0.01375,0.01375,0,0,0,0
29/10/2014,0.000390002225831008,0.1,17.3038375253397,6,333.27481467458,0,2.27470970747398,9.09883882989591,0.585957336022216,0,400,25,6.06589255326394,20.4723873672658,0.246718878325144,0.709316775184788,0.01375,0.011,0.01375,0.01375,0,0,0,0
30/10/2014,0.000323542663784684,0.1,17.4410554884664,6,332.264373099842,0,2.43139675735215,9.7255870294086,0.637175468455511,0,400,25,6.4837246862724,21.8825708161693,0.268284407770741,0.771317672340881,0.01375,0.011,0.01375,0.01375,0,0,0,0
31/10/2014,0.000226352311611325,0.1,17.5784389110296,6,331.238830188116,0,2.83228194173091,11.3291277669236,0.76821750722018,0,400,25,7.55275184461575,25.4905374755782,0.323460003040076,0.929947508740217,0.01375,0.011,0.01375,0.01375,0,0,0,0
01/11/2014,0.000266955302986116,0.1,17.7159471246209,6,330.198489521866,0,2.63081407793483,10.5232563117393,0.70236134529114,0,400,25,7.01550420782622,23.6773267014135,0.295731092754164,0.850226891668223,0.01375,0.011,0.01375,0.01375,0,0,0,0
02/11/2014,0.000308842263666917,0.1,17.853539423891,6,329.143659064006,0,2.47595061127488,9.90380244509953,0.651739308877565,0,400,25,6.60253496339969,22.2835555014739,0.274416551106343,0.788947584430737,0.01375,0.011,0.01375,0.01375,0,0,0,0
03/11/2014,0.000360360668111025,0.1,17.9911750785997,6,328.074651066735,0,2.33300719569517,9.33202878278067,0.605013719268712,0,400,25,6.22135252185378,20.9970647612565,0.254742618639458,0.732385028588441,0.01375,0.011,0.01375,0.01375,0,0,0,0
04/11/2014,0.000341474583218783,0.1,18.1288133456723,6,326.991781979106,0,2.37446510226167,9.4978604090467,0.618565551092603,0,400,25,6.33190693936447,21.3701859203551,0.260448653091622,0.748789877638414,0.01375,0.011,0.01375,0.01375,0,0,0,0
05/11/2014,0.000360412578227405,0.1,18.2664134812612,6,325.895372353347,0,2.32387741724457,9.2955096689783,0.602029361581636,0,400,25,6.19700644598553,20.9148967552012,0.253486046981742,0.728772385072507,0.01375,0.011,0.01375,0.01375,0,0,0,0
06/11/2014,0.00199407786712176,0.1,18.4039347528061,32.6400906363695,324.785746749974,0,6.67966467737367,26.7186587094947,1.9784489494872,0,400,25,17.8124391396631,60.116982096363,0.833031136626191,2.3949645178003,0.01375,0.011,0.01375,0.01375,0,0,0,0
07/11/2014,0.00161124769471149,0.1,18.5413364510926,30.9160288626359,323.663233641712,0,6.09888517960294,24.3955407184117,1.78274321246191,0,400,25,16.2636938122745,54.8899666164264,0.750628721036593,2.1580575729802,0.01375,0.011,0.01375,0.01375,0,0,0,0
08/11/2014,0.000284498281134265,0.1,18.678577902302,6,322.528165316262,0,2.52496011388269,10.0998404555307,0.667759619407428,0,400,25,6.73322697035383,22.7246410249442,0.281161945013654,0.808340591914255,0.01375,0.011,0.01375,0.01375,0,0,0,0
09/11/2014,0.000253034707708174,0.1,18.8156184800527,6,321.380877777935,0,2.64724978033423,10.5889991213369,0.707733875967931,0,400,25,7.05933274755794,23.825248023008,0.297993210933866,0.856730481434864,0.01375,0.011,0.01375,0.01375,0,0,0,0
10/11/2014,0.000343144186200269,0.1,18.9524176174254,6,320.221710648189,0,2.34151536211445,9.36606144845781,0.607794883345554,0,400,25,6.24404096563854,21.0736382590301,0.255913635092865,0.735751700891986,0.01375,0.011,0.01375,0.01375,0,0,0,0
11/11/2014,0.000359238079691104,0.1,19.0889348189725,6,319.05100706509,0,2.29756690047062,9.19026760188248,0.593428934593161,0,400,25,6.12684506792165,20.6781021042356,0.249864814565541,0.718361341875932,0.01375,0.011,0.01375,0.01375,0,0,0,0
12/11/2014,0.0002917418604654,0.1,19.2251296727055,6,317.869113581744,0,2.47464057321541,9.89856229286165,0.651311081382857,0,400,25,6.59904152857443,22.2717651589387,0.274236244792782,0.788429203779248,0.01375,0.011,0.01375,0.01375,0,0,0,0
13/11/2014,0.000307354358777891,0.1,19.3609618620575,6,316.676380063702,0,2.41913118782807,9.67652475131227,0.633166077987423,0,400,25,6.45101650087485,21.7721806904526,0.266596243363126,0.766464199668986,0.01375,0.011,0.01375,0.01375,0,0,0,0
14/11/2014,0.000118014961517012,0.1,19.496391177818,6,315.473159585395,0,3.85714285714286,15.4285714285714,1.10322580645161,0,400,25,10.2857142857143,34.7142857142857,0.464516129032258,1.33548387096774,0.01375,0.011,0.01375,0.01375,0,0,0,0
15/11/2014,0.000315786493380767,0.1,19.6313775300357,6,314.259808325618,0,2.38720925610997,9.54883702443989,0.62273138202796,0,400,25,6.36589134962659,21.4848833049898,0.262202687169667,0.753832725612794,0.01375,0.011,0.01375,0.01375,0,0,0,0
16/11/2014,0.00551139247169779,0.1,19.7658809598859,37.451164463973,313.036685462092,0,7.44181366308636,29.7672546523454,2.21836402681273,0,400,25,19.844836434897,66.9763229677772,0.93404801128957,2.68538803245751,0.01375,0.011,0.01375,0.01375,0,0,0,0
17/11/2014,0.00435593842106541,0.1,19.899861651499,36.6872158550387,311.80415306514,0,6.90353536937491,27.6141414774997,2.03130193650838,0,400,25,18.4094276516664,62.1318183243742,0.855285025898265,2.45894444945751,0.01375,0.011,0.01375,0.01375,0,0,0,0
18/11/2014,0.000189155907092562,0.1,20.0332799437473,6,310.562575990505,0,2.94794490501579,11.7917796200632,0.806025615648787,0,400,25,7.86118641337544,26.5315041451421,0.339379206588963,0.975715218943268,0.01375,0.011,0.01375,0.01375,0,0,0,0
19/11/2014,0.000225774304073783,0.1,20.166096341985,6,309.31232177135,0,2.70575604848776,10.8230241939511,0.726858505557905,0,400,25,7.21534946263404,24.3518044363899,0.306045686550697,0.879881348833253,0.01375,0.011,0.01375,0.01375,0,0,0,0
20/11/2014,0.000166723012879262,0.1,20.2982715297398,6,308.053760509454,0,3.12153661016584,12.4861464406634,0.862769570880631,0,400,25,8.32409762710891,28.0938294914926,0.363271398265529,1.0444052700134,0.01375,0.011,0.01375,0.01375,0,0,0,0
21/11/2014,0.000108994530814596,0.1,20.4297663803513,6,306.787264765657,0,3.85714285714286,15.4285714285714,1.10322580645161,0,400,25,10.2857142857143,34.7142857142857,0.464516129032258,1.33548387096774,0.01375,0.011,0.01375,0.01375,0,0,0,0
22/11/2014,0.000180645651719456,0.1,20.5605419685534,6,305.513209449576,0,2.98231380573174,11.929255222927,0.817260181044109,0,400,25,7.95283681528465,26.8408242515857,0.344109549913309,0.989314956000763,0.01375,0.011,0.01375,0.01375,0,0,0,0
23/11/2014,0.000142459460480661,0.1,20.6905595819968,6,304.231971708621,0,3.36741722846648,13.4696689138659,0.943143450411163,0,400,25,8.97977927591062,30.3067550561983,0.397113031752069,1.1416999662872,0.01375,0.011,0.01375,0.01375,0,0,0,0
24/11/2014,0.000654005626596516,0.1,20.8197807327088,25.8867303381741,302.94393081635,0,5.80126123604557,23.2050449441823,1.70507140610948,0,400,25,15.4700299627882,52.2113511244102,0.717924802572411,2.06403380739568,0.01375,0.011,0.01375,0.01375,0,0,0,0
25/11/2014,0.00640897445774395,0.1,20.9481671684868,38.0498689068699,301.649468060202,0,7.53497610250658,30.1399044100263,2.24748541115839,0,400,25,20.0932696066842,67.8147849225592,0.946309646803533,2.72064023456016,0.01375,0.011,0.01375,0.01375,0,0,0,0
26/11/2014,0.00484555210929714,0.1,21.0756808842214,37.2363213891829,300.348966628621,0,6.9713852730185,27.885541092074,2.05178232063796,0,400,25,18.5903607280493,62.7424674571665,0.863908345531773,2.48373649340385,0.01375,0.011,0.01375,0.01375,0,0,0,0
27/11/2014,0.00380255808313882,0.1,21.2022841331467,36.5495894570191,299.042811497628,0,7.27253786978748,29.0901514791499,2.16410248042412,0,400,25,19.3934343194333,65.4528408280874,0.911201044389103,2.61970300261867,0.01375,0.011,0.01375,0.01375,0,0,0,0
28/11/2014,0.00295356871001607,0.1,21.3279394380145,35.7642268672654,297.73138931686,0,6.80243937838216,27.2097575135286,2.00127064003564,0,400,25,18.1398383423524,61.2219544054394,0.842640269488691,2.42259077477999,0.01375,0.011,0.01375,0.01375,0,0,0,0
29/11/2014,0.000174232564903576,0.1,21.4526096021881,6,296.41508829511,0,2.949350362159,11.797401448636,0.806485033897751,0,400,25,7.86493429909067,26.544153259431,0.339572645851684,0.976271356823593,0.01375,0.011,0.01375,0.01375,0,0,0,0
30/11/2014,0.000166462444939762,0.1,21.5762577206533,6,295.094298085414,0,3.00367649225238,12.0147059690095,0.824243252766985,0,400,25,8.00980397933969,27.0330884302715,0.34704979063873,0.99776814808635,0.01375,0.011,0.01375,0.01375,0,0,0,0
01/12/2014,0.013475945741456,0.1,21.6988471909432,39.0406830852991,293.769409669701,0,7.67377034180601,30.6950813672241,2.29049637130145,0,400,25,20.4633875781494,69.0639330762541,0.964419524758505,2.7727061336807,0.01375,0.011,0.01375,0.01375,0,0,0,0
02/12/2014,0.0379697617914805,0.1,21.8203417239731,38.9582058288288,292.440815243058,0,7.44050080152531,29.7620032061012,2.2085335038166,0,400,25,19.8413354707342,66.9645072137278,0.929908843712251,2.67348792567272,0.01375,0.011,0.01375,0.01375,0,0,0,0
03/12/2014,0.0272246906849535,0.1,21.9407053547832,37.0224040527445,291.108908097629,0,6.78897578601244,27.1559031440498,1.99113911894731,0,400,25,18.1039354293665,61.100782074112,0.838374365872553,2.41032630188359,0.01375,0.011,0.01375,0.01375,0,0,0,0
04/12/2014,0.0147840786559408,0.1,22.0599024531845,35.4280888277776,289.774082506192,0,6.7544339798946,27.0177359195784,1.99124457343217,0,400,25,18.0118239463856,60.7899058190514,0.838418767760914,2.41045395731263,0.01375,0.011,0.01375,0.01375,0,0,0,0
05/12/2014,0.0175604095281363,0.1,22.1778977343065,36.7682521739533,288.436733605447,0,6.87547518383051,27.501900735322,2.02382368595292,0,400,25,18.3346004902147,61.8792766544746,0.852136288822281,2.44989183036406,0.01375,0.011,0.01375,0.01375,0,0,0,0
06/12/2014,0.00854698409933398,0.1,22.294656269042,32.7985005517632,287.097257279049,0,5.91057594402075,23.642303776083,1.71014665211173,0,400,25,15.761535850722,53.1951834961868,0.720061748257572,2.07017752624052,0.01375,0.011,0.01375,0.01375,0,0,0,0
07/12/2014,0.0253763284526877,0.1,22.4101434943871,36.5509546391389,285.756050040415,0,6.88721263428487,27.5488505371395,2.03006425730376,0,400,25,18.365900358093,61.9849137085638,0.85476389781211,2.45744620620982,0.01375,0.011,0.01375,0.01375,0,0,0,0
08/12/2014,0.0266954956818954,0.1,22.5243252236724,35.3681985341782,284.413508915348,0,6.16047033880751,24.64188135523,1.77986341074891,0,400,25,16.4279209034867,55.4442330492676,0.749416172946911,2.15457149722237,0.01375,0.011,0.01375,0.01375,0,0,0,0
09/12/2014,0.0109943290519571,0.1,22.637167656683,30.8426364832333,283.070031324511,0,5.81763466550956,23.2705386620382,1.69320845110536,0,400,25,15.5136924413588,52.358711989586,0.712929874149624,2.04967338818017,0.01375,0.011,0.01375,0.01375,0,0,0,0
10/12/2014,0.00683330005041388,0.1,22.7486373896641,27.7268087229427,281.726014965779,0,5.0724676414632,20.2898705658528,1.45126336248648,0,400,25,13.5265803772352,45.6522087731689,0.611058257889045,1.756792491431,0.01375,0.011,0.01375,0.01375,0,0,0,0
11/12/2014,0.00993304129649328,0.1,22.8587014252095,33.0439347793805,280.381857696517,0,6.39571334734934,25.5828533893974,1.88191034632127,0,400,25,17.0552355929316,57.5614201261441,0.792383303714217,2.27810199817837,0.01375,0.011,0.01375,0.01375,0,0,0,0
12/12/2014,0.0149306497595084,0.1,22.9673271820289,36.0652313603616,279.037957415799,0,6.76847043597638,27.0738817439055,1.99117442356864,0,400,25,18.049254495937,60.9162339237874,0.83838923097627,2.41036903905678,0.01375,0.011,0.01375,0.01375,0,0,0,0
13/12/2014,0.00732309650052916,0.1,23.0744825045931,33.2744025801872,277.694711946626,0,5.91439197652903,23.6575679061161,1.70747143108526,0,400,25,15.7717119374107,53.2295277887613,0.718935339404321,2.06693910078742,0.01375,0.011,0.01375,0.01375,0,0,0,0
14/12/2014,0.00131211228186022,0.1,23.180135672653,6,276.352518918163,0,1.08002386196681,4.32009544786724,0.195436371469335,0,400,25,2.88006363191149,9.72021475770129,0.0822889985134042,0.236580870726037,0.01375,0.011,0.01375,0.01375,0,0,0,0
15/12/2014,0.00107144347826296,0.1,23.2842554106286,6,275.011775648026,0,1.11634289993454,4.46537159973816,0.207308401084593,0,400,25,2.97691439982544,10.0470860994109,0.0872877478250919,0.250952274997139,0.01375,0.011,0.01375,0.01375,0,0,0,0
16/12/2014,0.00113454390301512,0.1,23.3868108968681,11.480117272681,273.672879024676,0,2.31535379818044,9.26141519272175,0.589007087241859,0,400,25,6.17427679514783,20.8381841836239,0.248002984101835,0.713008579292777,0.01375,0.011,0.01375,0.01375,0,0,0,0
17/12/2014,0.00100093206422571,0.1,23.4877717727713,10.936552682179,272.336225389925,0,2.17829004335026,8.71316017340105,0.542988518387225,0,400,25,5.80877344893404,19.6046103901524,0.228626744584095,0.657301890679272,0.01375,0.011,0.01375,0.01375,0,0,0,0
18/12/2014,0.000682959309728199,0.1,23.5871081517765,6,271.002210421614,0,1.29769281398659,5.19077125594634,0.266588372989778,0,400,25,3.4605141706309,11.6792353258793,0.112247735995696,0.322712240987626,0.01375,0.011,0.01375,0.01375,0,0,0,0
19/12/2014,0.00051852994130104,0.1,23.6847906282074,6,269.671229016481,0,1.34192251166531,5.36769004666125,0.281046252661104,0,400,25,3.5784600311075,12.0773026049878,0.11833526427836,0.340213884800284,0.01375,0.011,0.01375,0.01375,0,0,0,0
20/12/2014,0.000496353374176315,0.1,23.7807902859783,6,268.343675173266,0,1.42622539166894,5.70490156667577,0.308603323113903,0,400,25,3.80326771111718,12.8360285250205,0.129938241311117,0.373572443769462,0.01375,0.011,0.01375,0.01375,0,0,0,0
21/12/2014,0.000377180263351302,0.1,23.8750787071532,6,267.019941876079,0,1.49631396480823,5.98525585923291,0.331513996484164,0,400,25,3.99017057282194,13.466825683274,0.139584840624911,0.401306416796619,0.01375,0.011,0.01375,0.01375,0,0,0,0
22/12/2014,0.000389653822915747,0.1,23.9676279803587,6,265.700420978066,0,1.56959973600563,6.27839894402252,0.355469775456218,0,400,25,4.18559929601501,14.1263976240507,0.149671484402618,0.430305517657527,0.01375,0.011,0.01375,0.01375,0,0,0,0
23/12/2014,0.000423966199080274,0.1,24.0584107090458,6,264.385503085413,0,1.61717695147991,6.46870780591964,0.371021897503725,0,400,25,4.31247187061309,14.5545925633192,0.156219746317358,0.449131770662404,0.01375,0.011,0.01375,0.01375,0,0,0,0
24/12/2014,0.00398576223277394,0.1,24.1474000196006,35.9602383316585,263.07557744172,0,7.11798703363126,28.471948134525,2.11468660008698,0,400,25,18.98129875635,64.0618833026814,0.890394357931358,2.55988377905265,0.01375,0.011,0.01375,0.01375,0,0,0,0
25/12/2014,0.00362685087062612,0.1,24.2345695692986,35.5741432732214,261.771031812774,0,6.69472098558719,26.7788839423488,1.966205307234,0,400,25,17.8525892948992,60.2524888702847,0.827875918835367,2.38014326665168,0.01375,0.011,0.01375,0.01375,0,0,0,0
26/12/2014,0.0695363321555353,0.1,24.3198935541034,38.4704081547499,260.472252371766,0,6.80056188217478,27.2022475286991,1.98392763110857,0,400,25,18.1348316857994,61.205056939573,0.83533794994045,2.40159660607879,0.01375,0.011,0.01375,0.01375,0,0,0,0
27/12/2014,0.0781241461723184,0.1,24.4033467163048,36.7415792348281,259.17962358497,0,5.6848693223874,22.7394772895496,1.62674645448085,0,400,25,15.1596515263664,51.1638239014866,0.684945875570882,1.96921939226629,0.01375,0.011,0.01375,0.01375,0,0,0,0
28/12/2014,0.00547706002822296,0.1,24.484904351996,6,257.893528097937,0,0.936113040761556,3.74445216304622,0.148394554645252,0,400,25,2.49630144203082,8.425017366854,0.0624819177453693,0.179635513517937,0.01375,0.011,0.01375,0.01375,0,0,0,0
29/12/2014,0.00455471323140796,0.1,24.5645423183859,7.37581883303526,256.614346622224,0,1.22904036036069,4.91616144144275,0.241498960345189,0,400,25,3.27744096096183,11.0613632432462,0.101683772776922,0.29234084673365,0.01375,0.011,0.01375,0.01375,0,0,0,0
30/12/2014,0.00688664772507372,0.1,24.6422370409468,22.5613407472634,255.342457822691,0,4.2910524251975,17.16420970079,1.21379967162647,0,400,25,11.4428064671933,38.6194718267775,0.511073545947986,1.46933644460046,0.01375,0.011,0.01375,0.01375,0,0,0,0
31/12/2014,0.00548047458954366,0.1,24.7179655203918,21.5431135929426,254.078238205414,0,3.88190445258282,15.5276178103313,1.07531297502953,0,400,25,10.3517452068875,34.9371400732454,0.452763357907171,1.30169465398312,0.01375,0.011,0.01375,0.01375,0,0,0,0
01/01/2015,0.00229770420400067,0.1,24.8051371179797,6,252.59041410873,0,0.966258542921649,3.8650341716866,0.158248568254573,0,400,25,2.57668944779106,8.69632688629484,0.0666309761071885,0.191564056308167,0.01375,0.011,0.01375,0.01375,0,0,0,0
02/01/2015,0.00201181745972951,0.1,24.8764918925008,6,251.344251726306,0,1.01974420236561,4.07897680946244,0.175732052631954,0,400,25,2.71931787297496,9.17769782129049,0.0739924432134542,0.212728274238681,0.01375,0.011,0.01375,0.01375,0,0,0,0
03/01/2015,0.00152759919370506,0.1,24.9458110794992,6,250.106942079986,0,1.00268623770049,4.01074495080196,0.170156115795183,0,400,25,2.67382996720131,9.02417613930441,0.0716446803348139,0.20597845596259,0.01375,0.011,0.01375,0.01375,0,0,0,0
04/01/2015,0.00131246856966987,0.1,25.0130741590243,6,248.878851439682,0,1.04787080288521,4.19148321154083,0.18492612419965,0,400,25,2.79432214102722,9.43083722596686,0.0778636312419577,0.223857939820628,0.01375,0.011,0.01375,0.01375,0,0,0,0
05/01/2015,0.0192464033445617,0.1,25.0782612197774,37.6813913438334,247.660343346284,0,7.33509225645104,29.3403690258042,2.18094942503848,0,400,25,19.5602460172028,66.0158303080593,0.918294494753044,2.640096672415,0.01375,0.011,0.01375,0.01375,0,0,0,0
06/01/2015,0.0153780323560094,0.1,25.1413529650052,37.4815903434835,246.451778504046,0,6.85495445693566,27.4198178277426,2.01075571607897,0,400,25,18.2798785518284,61.6945901124209,0.846633985717462,2.4340727089377,0.01375,0.011,0.01375,0.01375,0,0,0,0
07/01/2015,0.000921299833344379,0.1,25.2023307182122,10.8300476094358,245.253514673805,0,2.10811259102787,8.43245036411149,0.520263283715803,0,400,25,5.62163357607433,18.9730133192509,0.219058224722443,0.629792396077024,0.01375,0.011,0.01375,0.01375,0,0,0,0
08/01/2015,0.000580779374376216,0.1,25.2611764286895,6,244.065906567085,0,1.14905458951817,4.59621835807267,0.218001254453865,0,400,25,3.06414557204845,10.3414913056635,0.0917900018753115,0.263896255391521,0.01375,0.011,0.01375,0.01375,0,0,0,0
09/01/2015,0.000546309096303594,0.1,25.317872676858,6,242.889305741087,0,1.22551679207503,4.90206716830011,0.242995350773527,0,400,25,3.26804477886674,11.0296511286753,0.102313831904643,0.294152266725849,0.01375,0.011,0.01375,0.01375,0,0,0,0
10/01/2015,0.000122700578375319,0.1,25.3724026794253,6,241.724060494622,0,2.16836744868157,8.67346979472629,0.551195995513731,0,400,25,5.7823131964842,19.5153070381342,0.232082524426834,0.667237257727148,0.01375,0.011,0.01375,0.01375,0,0,0,0
11/01/2015,0.0163575930574432,0.1,25.4247502943533,39.0408802194099,240.570515765012,0,7.61034497014322,30.4413798805729,2.26828200677583,0,400,25,20.2942532537153,68.493104731289,0.955066108116138,2.7458150608339,0.01375,0.011,0.01375,0.01375,0,0,0,0
12/01/2015,0.0239886465681636,0.1,25.4749000256372,39.3459760607617,239.429013025974,0,7.39595876895111,29.5838350758044,2.18939471552179,0,400,25,19.722556717203,66.56362892056,0.92185040653549,2.65031991878953,0.01375,0.011,0.01375,0.01375,0,0,0,0
13/01/2015,0.00904542046551519,0.1,25.5228370278924,38.3383153573926,238.299890186543,0,7.00969660169843,28.0387864067937,2.05868531260497,0,400,25,18.6925242711958,63.0872694152859,0.866814868465252,2.4920927468376,0.01375,0.011,0.01375,0.01375,0,0,0,0
14/01/2015,0.00278509562717116,0.1,25.5685471107489,36.079605278069,237.18348149104,0,7.24569923244133,28.9827969297653,2.15866729818919,0,400,25,19.3218646198436,65.211293091972,0.908912546605973,2.61312357149217,0.01375,0.011,0.01375,0.01375,0,0,0,0
15/01/2015,0.00224656608477383,0.1,25.6120167430522,34.6802151011857,236.08011742013,0,6.61091284855963,26.4436513942385,1.94218801838821,0,400,25,17.6291009294923,59.4982156370367,0.817763376163458,2.35106970646994,0.01375,0.011,0.01375,0.01375,0,0,0,0
16/01/2015,0.000238343481316365,0.1,25.6532330568687,6,234.990124592991,0,1.78173561704563,7.12694246818253,0.424813117215531,0,400,25,4.75129497878835,16.0356205534107,0.178868680932855,0.514247457681958,0.01375,0.011,0.01375,0.01375,0,0,0,0
17/01/2015,0.000121102661176501,0.1,25.6921838512949,6,233.91382567063,0,2.04739038130499,8.18956152521997,0.511650803597085,0,400,25,5.45970768347998,18.4265134317449,0.215431917304036,0.619366762249103,0.01375,0.011,0.01375,0.01375,0,0,0,0
18/01/2015,7.29859692251696e-05,0.1,25.7288575960691,6,232.851539260369,0,2.41493917463327,9.65975669853307,0.631795785502241,0,400,25,6.43983779902204,21.7344525716994,0.266019278106207,0.764805424555345,0.01375,0.011,0.01375,0.01375,0,0,0,0
19/01/2015,0.000544670847436127,0.1,25.7632434349846,18.3502756830699,231.803579821526,0,3.99296944952214,15.9718777980885,1.12520083937656,0,400,25,10.647918532059,35.9367250456992,0.473768774474343,1.36208522661374,0.01375,0.011,0.01375,0.01375,0,0,0,0
20/01/2015,0.00304260608875217,0.1,25.7953311891033,36.0987161760702,230.770257572335,0,7.15228929145098,28.6091571658039,2.12562304456512,0,400,25,19.0727714438693,64.3706036230589,0.894999176658998,2.57312263289462,0.01375,0.011,0.01375,0.01375,0,0,0,0
21/01/2015,0.00750134813680021,0.1,25.8251113597692,38.291429130886,229.751878398107,0,7.41115485289282,29.6446194115713,2.20245950630352,0,400,25,19.7630796077142,66.7003936760354,0.927351371075165,2.6661351918411,0.01375,0.011,0.01375,0.01375,0,0,0,0
22/01/2015,0.00954694713202501,0.1,25.8525751314198,38.6283930696175,228.74874376069,0,7.38412882908506,29.5365153163402,2.19037455335034,0,400,25,19.6910102108935,66.4571594617655,0.922262969831723,2.6515060382662,0.01375,0.011,0.01375,0.01375,0,0,0,0
23/01/2015,0.00546600206430276,0.1,25.8777143741959,37.7540541875206,227.761150609223,0,7.13154806653548,28.5261922661419,2.10637320424106,0,400,25,19.0174615107613,64.1839325988193,0.886893980733077,2.5498201946076,0.01375,0.011,0.01375,0.01375,0,0,0,0
24/01/2015,0.00790860286413481,0.1,25.9005216463481,38.436893892886,226.789391292236,0,7.5071924254219,30.0287697016876,2.23572336898391,0,400,25,20.0191798011251,67.5647318287971,0.941357207993225,2.70640197298052,0.01375,0.011,0.01375,0.01375,0,0,0,0
25/01/2015,0.0160052448246678,0.1,25.9209901964399,39.1983301685072,225.833753471109,0,7.52582398742194,30.1032959496878,2.23687119657517,0,400,25,20.0688639664585,67.7324158867975,0.941840503821124,2.70779144848573,0.01375,0.011,0.01375,0.01375,0,0,0,0
26/01/2015,0.00865515420714867,0.1,25.9391139653462,38.4169334499437,224.894520034914,0,7.03544304513576,28.141772180543,2.0673513109805,0,400,25,18.7611814536954,63.3189874062218,0.870463709886524,2.50258316592376,0.01375,0.011,0.01375,0.01375,0,0,0,0
27/01/2015,0.00537638901903999,0.1,25.9548875880467,37.7641628375209,223.971969016682,0,7.44041316231405,29.7616526492562,2.2167436694916,0,400,25,19.8411017661708,66.9637184608265,0.933365755575409,2.6834265472793,0.01375,0.011,0.01375,0.01375,0,0,0,0
28/01/2015,0.0299455002481842,0.1,25.9683063952143,38.4285044804496,223.066373511089,0,7.10331728438201,28.413269137528,2.09236343367159,0,400,25,18.9421794250187,63.9298555594381,0.880995129966987,2.53286099865509,0.01375,0.011,0.01375,0.01375,0,0,0,0
29/01/2015,0.0253603330408436,0.1,25.9793664145975,35.8960664335766,222.178001593623,0,5.95669574665921,23.8267829866368,1.70290250427127,0,400,25,15.8845219910912,53.6102617199329,0.717011580745799,2.06140829464417,0.01375,0.011,0.01375,0.01375,0,0,0,0
30/01/2015,0.00323441427446423,0.1,25.9880643721958,14.5057377651981,221.307116241223,0,2.55405616811977,10.2162246724791,0.657412359605487,0,400,25,6.8108164483194,22.986505513078,0.276805204044415,0.795814961627694,0.01375,0.011,0.01375,0.01375,0,0,0,0
31/01/2015,0.00191745931638906,0.1,25.9943976932292,6,220.453975254433,0,0.937673298686648,3.75069319474659,0.148904574440121,0,400,25,2.50046212983106,8.43905968817983,0.0626966629221562,0.180252905901199,0.01375,0.011,0.01375,0.01375,0,0,0,0
01/02/2015,0.00162806932089749,0.1,25.9983645029001,6,219.618831181091,0,0.971744471330137,3.88697788532055,0.160041817970896,0,400,25,2.5913185902137,8.74570024197123,0.0673860286193245,0.193734832280558,0.01375,0.011,0.01375,0.01375,0,0,0,0
02/02/2015,0.00131922305811037,0.1,25.9999636269489,6,218.801931241564,0,0.98023022886348,3.92092091545392,0.162815656992548,0,400,25,2.61394727696928,8.82207205977132,0.0685539608389675,0.197092637412031,0.01375,0.011,0.01375,0.01375,0,0,0,0
03/02/2015,0.00112648050211238,0.1,25.9991945920008,6,218.00351725557,0,1.0155939165451,4.06237566618042,0.17437540006267,0,400,25,2.70825044412028,9.14034524890594,0.073421221079019,0.21108601060218,0.01375,0.011,0.01375,0.01375,0,0,0,0
04/02/2015,0.000964762427268081,0.1,25.9960576257065,6,217.22382557059,0,1.05053328044065,4.20213312176258,0.185796439443578,0,400,25,2.80142208117506,9.45479952396582,0.0782300797657172,0.224911479326437,0.01375,0.011,0.01375,0.01375,0,0,0,0
05/02/2015,0.0126624213650672,0.1,25.9905536566747,37.4565455926476,216.463086991908,0,7.29634284262561,29.1853713705024,2.16885817418546,0,400,25,19.4569142470016,65.6670855836305,0.913203441762301,2.62545989506661,0.01375,0.011,0.01375,0.01375,0,0,0,0
06/02/2015,0.0106396011311391,0.1,25.9826843141968,37.3194427592137,215.721526714289,0,6.85588654208237,27.4235461683295,2.01236511812666,0,400,25,18.2823641122196,61.7029788787413,0.847311628684911,2.43602093246912,0.01375,0.011,0.01375,0.01375,0,0,0,0
07/02/2015,0.00111725598028332,0.1,25.9724519277653,20.1283927022649,214.999364255309,0,3.80376279375289,15.2150511750116,1.05391860292413,0,400,25,10.1433674500077,34.233865143776,0.443755201231214,1.27579620353974,0.01375,0.011,0.01375,0.01375,0,0,0,0
08/02/2015,0.000418317005608406,0.1,25.9598595263838,6,214.296813390382,0,1.0921880805747,4.36875232229881,0.199412632175571,0,400,25,2.9125015481992,9.82969272517231,0.0839632135476087,0.241394238949375,0.01375,0.011,0.01375,0.01375,0,0,0,0
09/02/2015,0.000383490293708314,0.1,25.9449108376702,6,213.614082089472,0,1.36603666526788,5.4641466610715,0.288928728677425,0,400,25,3.64276444071433,12.2943299874109,0.12165420154839,0.34975582945162,0.01375,0.011,0.01375,0.01375,0,0,0,0
10/02/2015,0.000440860852696562,0.1,25.9276102867536,20.0576474286674,212.951372455532,0,4.33658041450489,17.3463216580196,1.23514671040706,0,400,25,11.5642144386797,39.029223730544,0.520061772802971,1.49517759680854,0.01375,0.011,0.01375,0.01375,0,0,0,0
11/02/2015,0.00199656202570246,0.1,25.9079629949642,35.0635271461442,212.308880664676,0,6.99113059559373,27.9645223823749,2.07556683733226,0,400,25,18.6430149215833,62.9201753603435,0.873922878876739,2.51252827677063,0.01375,0.011,0.01375,0.01375,0,0,0,0
12/02/2015,0.00145554762986802,0.1,25.8859747783173,33.1466417125352,211.686796908109,0,6.36275611023771,25.4510244409508,1.86500769513085,0,400,25,16.9673496273006,57.2648049921394,0.785266397949831,2.25764089410576,0.01375,0.011,0.01375,0.01375,0,0,0,0
13/02/2015,0.00846990812590994,0.1,25.8616521457917,38.5068951867626,211.085305335824,0,7.53703282054963,30.1481312821985,2.24610057738783,0,400,25,20.0987541881324,67.8332953849467,0.94572655890014,2.7189638568379,0.01375,0.011,0.01375,0.01375,0,0,0,0
14/02/2015,0.00975472123587879,0.1,25.8350022974027,38.6721181142389,210.50458400209,0,7.24282587594102,28.9713035037641,2.13971661858929,0,400,25,19.3142023358427,65.1854328834692,0.90093331309023,2.59018327513441,0.01375,0.011,0.01375,0.01375,0,0,0,0
15/02/2015,0.00378518150915822,0.1,25.8060331220709,37.0101890096977,209.944804812745,0,7.04676067067214,28.1870426826886,2.08175226898668,0,400,25,18.791361788459,63.4208460360493,0.876527271152286,2.52001590456282,0.01375,0.011,0.01375,0.01375,0,0,0,0
16/02/2015,0.00110364254420809,0.1,25.774753195287,31.688626239106,209.406133474307,0,6.14884846737425,24.595393869497,1.79888312305321,0,400,25,16.3969292463313,55.3396362063683,0.757424472864509,2.17759535948546,0.01375,0.011,0.01375,0.01375,0,0,0,0
17/02/2015,0.000111246028997823,0.1,25.7411717765731,6,208.888729444924,0,1.6640887851959,6.65635514078359,0.386356518417337,0,400,25,4.43757009385572,14.9767990667631,0.1626764288073,0.467694732820988,0.01375,0.011,0.01375,0.01375,0,0,0,0
18/02/2015,0.000132068231445412,0.1,25.7052988067417,6,208.392745887169,0,1.64118149082887,6.56472596331547,0.378868542624244,0,400,25,4.37648397554365,14.7706334174598,0.159523596894419,0.458630341071454,0.01375,0.011,0.01375,0.01375,0,0,0,0
19/02/2015,0.000900869013822093,0.1,25.6671449049533,29.132476374937,207.918329622699,0,5.91748260802357,23.6699304320943,1.73535240179925,0,400,25,15.7799536213962,53.2573434722122,0.730674695494421,2.10068974954646,0.01375,0.011,0.01375,0.01375,0,0,0,0
20/02/2015,0.00425224180903716,0.1,25.6267213655722,37.3446045407406,207.465621088795,0,7.2972132521364,29.1888530085456,2.16889717396494,0,400,25,19.4592353390304,65.6749192692276,0.913219862722081,2.62550710532598,0.01375,0.011,0.01375,0.01375,0,0,0,0
21/02/2015,0.00725334910171693,0.1,25.5840401548241,38.3494740392362,207.034754296791,0,7.33098879794937,29.3239551917975,2.17361966820917,0,400,25,19.5493034611983,65.9788991815443,0.915208281351228,2.63122380888478,0.01375,0.011,0.01375,0.01375,0,0,0,0
22/02/2015,0.00618520767615144,0.1,25.5391139072529,38.115450841799,206.625856792401,0,7.22778199935628,28.9111279974251,2.13843981895073,0,400,25,19.2740853316167,65.0500379942065,0.900395713242411,2.58863767557193,0.01375,0.011,0.01375,0.01375,0,0,0,0
23/02/2015,0.00280228465555777,0.1,25.4919559219814,36.1828769738213,206.239049617962,0,6.85035228981586,27.4014091592634,2.01766494554729,0,400,25,18.2676061061756,61.6531706083428,0.84954313496728,2.44243651303093,0.01375,0.011,0.01375,0.01375,0,0,0,0
24/02/2015,0.000609050131263635,0.1,25.4425801587739,26.3429192634802,205.874447276606,0,5.24320997547788,20.9728399019115,1.51392251936563,0,400,25,13.981893267941,47.1888897793009,0.637441060785527,1.83264304975839,0.01375,0.011,0.01375,0.01375,0,0,0,0
25/02/2015,0.00291151088904543,0.1,25.391001233904,36.1042624485516,205.532157698364,0,7.10650929794306,28.4260371917722,2.11000854654785,0,400,25,18.9506914611815,63.9585836814875,0.888424651178043,2.55422087213687,0.01375,0.011,0.01375,0.01375,0,0,0,0
26/02/2015,0.00821751718168039,0.1,25.3372344158281,38.564985609172,205.212282208215,0,7.42044982303401,29.681799292136,2.20402710272411,0,400,25,19.7878661947574,66.7840484073061,0.92801141167331,2.66803280856077,0.01375,0.011,0.01375,0.01375,0,0,0,0
27/02/2015,0.010643724414717,0.1,25.2812956206654,38.8957511827968,204.91491549609,0,7.39317299338697,29.5726919735479,2.19181388993863,0,400,25,19.7151279823652,66.5385569404827,0.922869006289951,2.65324839308361,0.01375,0.011,0.01375,0.01375,0,0,0,0
28/02/2015,0.00471352129809559,0.1,25.2232014074861,37.6737280423346,204.640145588848,0,6.98041086860938,27.9216434744375,2.05326940389792,0,400,25,18.6144289829584,62.8236978174845,0.864534485851757,2.4855366468238,0.01375,0.011,0.01375,0.01375,0,0,0,0
01/03/2015,3.99980226323699e-06,0.1,25.1629689734102,6,204.388053824211,0,3.85714285714286,15.4285714285714,1.10322580645161,0,400,25,10.2857142857143,34.7142857142857,0.464516129032258,1.33548387096774,0.01375,0.011,0.01375,0.01375,0,0,0,0
02/03/2015,0.00886222070862853,0.1,25.1006161485163,38.7304691964466,204.158714826692,0,7.5770203163535,30.308081265414,2.25876110192632,0,400,25,20.205387510276,68.1931828471815,0.951057306074239,2.73428975496344,0.01375,0.011,0.01375,0.01375,0,0,0,0
03/03/2015,0.00696992371303945,0.1,25.0361613905638,38.3786644926677,203.952196485501,0,7.06025030344104,28.2410012137642,2.07663857604514,0,400,25,18.8273341425095,63.5422527309694,0.874374137282165,2.51382564468622,0.01375,0.011,0.01375,0.01375,0,0,0,0
04/03/2015,0.000166161381521986,0.1,24.9696237795288,6,203.768559934448,0,1.55428604919794,6.21714419679175,0.350464011166391,0,400,25,4.14476279786116,13.9885744427814,0.147563794175323,0.424245908254053,0.01375,0.011,0.01375,0.01375,0,0,0,0
05/03/2015,4.73370679941743e-05,0.1,24.9010230119562,6,203.60785953385,0,1.6723621491353,6.68944859654121,0.389060929855596,0,400,25,4.45963239769414,15.0512593422177,0.163815128360251,0.470968494035721,0.01375,0.011,0.01375,0.01375,0,0,0,0
06/03/2015,7.72602844455527e-05,0.1,24.8303793951287,6,203.470142854435,0,1.60834369956285,6.43337479825141,0.368134468920085,0,400,25,4.28891653216761,14.4750932960657,0.15500398691372,0.445636462376945,0.01375,0.011,0.01375,0.01375,0,0,0,0
07/03/2015,0.000153190464961255,0.1,24.7577138410562,6,203.355450663264,0,1.55590621057347,6.22362484229388,0.3509936123042,0,400,25,4.14908322819592,14.0031558951612,0.147786784128084,0.424887004368242,0.01375,0.011,0.01375,0.01375,0,0,0,0
08/03/2015,0.000183901806902969,0.1,24.6830478602847,6,203.263816911658,0,1.54515257637836,6.18061030551343,0.347478445857626,0,400,25,4.12040687034229,13.9063731874052,0.146306714045316,0.420631802880284,0.01375,0.011,0.01375,0.01375,0,0,0,0
09/03/2015,0.00010226081135342,0.1,24.6064035555288,6,203.195268725153,0,1.57605562956376,6.30422251825505,0.357580089049414,0,400,25,4.20281501217003,14.1845006660739,0.15056003749449,0.432860107796659,0.01375,0.011,0.01375,0.01375,0,0,0,0
10/03/2015,0.000245192695255341,0.1,24.5278036151292,6,203.149826395466,0,1.53229257073354,6.12917028293414,0.343274745087706,0,400,25,4.0861135219561,13.7906331366018,0.144536734773771,0.415543112474591,0.01375,0.011,0.01375,0.01375,0,0,0,0
11/03/2015,0.000139125552610811,0.1,24.4472713063363,6,203.127503374491,0,1.55042028821254,6.20168115285018,0.349200364564715,0,400,25,4.13445410190012,13.9537825939129,0.147031732448301,0.422716230788865,0.01375,0.011,0.01375,0.01375,0,0,0,0
12/03/2015,0.0166316035061474,0.1,24.3648304684224,39.3683806520164,203.128306270316,0,7.69194615430916,30.7677846172366,2.29510838371341,0,400,25,20.5118564114911,69.2275153887824,0.966361424721436,2.77828909607413,0.01375,0.011,0.01375,0.01375,0,0,0,0
13/03/2015,0.0145300668429989,0.1,24.2805055056248,39.2324642788278,203.152234845267,0,7.20097041115289,28.8038816446116,2.12061747340284,0,400,25,19.2025877630744,64.808733700376,0.892891567748563,2.56706325727712,0.01375,0.011,0.01375,0.01375,0,0,0,0
14/03/2015,0.00118751108308972,0.1,24.1943213799221,32.8976501661286,203.199282015978,0,6.28193868888828,25.1277547555531,1.83840497289555,0,400,25,16.7518365037021,56.5374481999945,0.774065251745493,2.22543759876829,0.01375,0.011,0.01375,0.01375,0,0,0,0
15/03/2015,0.000119476424587331,0.1,24.1063036036443,6,203.269433855488,0,1.53305314640311,6.13221258561243,0.343523363371093,0,400,25,4.08814172374162,13.797478317628,0.14464141615625,0.415844071449217,0.01375,0.011,0.01375,0.01375,0,0,0,0
16/03/2015,0.000175684426185568,0.1,24.016478231921,6,203.362669597364,0,1.52016559611635,6.08066238446541,0.339310658761229,0,400,25,4.05377492297694,13.6814903650472,0.142867645794202,0.41074448165833,0.01375,0.011,0.01375,0.01375,0,0,0,0
17/03/2015,0.000207209499148693,0.1,23.9248718549683,6,203.478961641847,0,1.51402855217945,6.0561142087178,0.337304571280779,0,400,25,4.03740947247853,13.6262569696151,0.142022977381381,0.408316059971469,0.01375,0.011,0.01375,0.01375,0,0,0,0
18/03/2015,0.00018482752150173,0.1,23.8315115902177,6,203.618275564026,0,1.51098025470182,6.04392101880729,0.336308138556909,0,400,25,4.02928067920486,13.5988222923164,0.141603426760804,0.407109851937311,0.01375,0.011,0.01375,0.01375,0,0,0,0
19/03/2015,0.000562003369453012,0.1,23.7364250742888,29.1312837148055,203.780570124022,0,6.02732415734571,24.1092966293828,1.77287347291356,0,400,25,16.0728644195886,54.2459174161114,0.746473041226764,2.14610999352695,0.01375,0.011,0.01375,0.01375,0,0,0,0
20/03/2015,0.00040879568702298,0.1,23.6396404548081,27.6844829624182,203.965797279202,0,5.67926762844389,22.7170705137755,1.65739306796533,0,400,25,15.1447136758504,51.113408655995,0.697849712827509,2.00631792437909,0.01375,0.011,0.01375,0.01375,0,0,0,0
21/03/2015,0.00050625207805239,0.1,23.5411863820767,25.6545009998193,204.173902198397,0,5.30474047357932,21.2189618943173,1.54166550043234,0,400,25,14.1459745962115,47.7426642622139,0.649122315971514,1.8662266584181,0.01375,0.011,0.01375,0.01375,0,0,0,0
22/03/2015,0.00256975296411305,0.1,23.4410920005895,36.2591829797084,204.404823278136,0,7.08998067221783,28.3599226888713,2.10307147259278,0,400,25,18.9066151259142,63.8098260499605,0.885503777933802,2.54582336155968,0.01375,0.011,0.01375,0.01375,0,0,0,0
23/03/2015,0.00274901609143364,0.1,23.3393869404073,36.8282211364025,204.658492160877,0,7.0409863076021,28.1639452304084,2.0811391488692,0,400,25,18.7759634869389,63.3688767684189,0.876269115313347,2.51927370652587,0.01375,0.011,0.01375,0.01375,0,0,0,0
24/03/2015,0.000977309977645065,0.1,23.2361013083863,31.0745579020794,204.93483375525,0,5.89821270703004,23.5928508281201,1.71531995227027,0,400,25,15.7285672187468,53.0839143632703,0.72223997990327,2.0764399422219,0.01375,0.011,0.01375,0.01375,0,0,0,0
25/03/2015,0.0127240624522445,0.1,23.1312656792653,39.227348900967,205.233766258277,0,7.66395523636493,30.6558209454597,2.28617428664028,0,400,25,20.4372139636398,68.9755971272844,0.962599699638012,2.76747413645928,0.01375,0.011,0.01375,0.01375,0,0,0,0
26/03/2015,0.00997634979525693,0.1,23.0249110866152,39.0097175156861,205.555201179595,0,7.16004837134986,28.6401934853994,2.10765288384951,0,400,25,19.0934623235996,64.4404353421487,0.887432793199794,2.55136928044941,0.01375,0.011,0.01375,0.01375,0,0,0,0
27/03/2015,9.00439459935605e-05,0.1,22.9170690136522,6,205.899043367646,0,1.45645599167861,5.82582396671444,0.318485153654698,0,400,25,3.8838826444763,13.1081039251075,0.134099012065136,0.385534659687266,0.01375,0.011,0.01375,0.01375,0,0,0,0
28/03/2015,0.000146401998699678,0.1,22.8077713839186,6,206.265191037846,0,1.47102576259593,5.8841030503837,0.323247745438422,0,400,25,3.92273536692247,13.2392318633633,0.136104313868809,0.391299902372827,0.01375,0.011,0.01375,0.01375,0,0,0,0
29/03/2015,0.000165599853807648,0.1,22.6970505518319,6,206.653535802714,0,1.47083610697865,5.88334442791462,0.323185750483959,0,400,25,3.92222961860974,13.2375249628079,0.136078210730088,0.391224855849003,0.01375,0.011,0.01375,0.01375,0,0,0,0
30/03/2015,0.000209814435023802,0.1,22.5849392931081,6,207.063962703959,0,1.47439612617653,5.89758450470613,0.324349455684126,0,400,25,3.93172300313742,13.2695651355888,0.136568191867,0.392633551617626,0.01375,0.011,0.01375,0.01375,0,0,0,0
31/03/2015,0.00020854420435519,0.1,22.4714707950588,6,207.496350246509,0,1.47026546015225,5.88106184060901,0.322999216467587,0,400,25,3.92070789373934,13.2323891413703,0.135999670091616,0.390999051513395,0.01375,0.011,0.01375,0.01375,0,0,0,0
01/04/2015,0.0021371622604658,0.1,22.3566786467673,36.2131245333296,207.950570434476,0,7.17041551508137,28.6816620603255,2.13196637308087,0,400,25,19.121108040217,64.5337396357324,0.897670051823524,2.58080139899263,0.01375,0.011,0.01375,0.01375,0,0,0,0
02/04/2015,0.00166832383598186,0.1,22.2405968291455,35.2451102329521,208.426488809045,0,6.65016489822837,26.6006595929135,1.95313767439472,0,400,25,17.7337730619423,59.8514840840554,0.822373757639882,2.36432455321466,0.01375,0.011,0.01375,0.01375,0,0,0,0
03/04/2015,0.0058957873618981,0.1,22.1232597048746,38.4029583595169,208.923964488279,0,7.51117040933651,30.0446816373461,2.23775224929231,0,400,25,20.0297877582307,67.6005336840286,0.942211473386235,2.70885798598542,0.01375,0.011,0.01375,0.01375,0,0,0,0
04/04/2015,0.0168711972284945,0.1,22.0047020082334,39.1801402241584,209.442850208819,0,7.49760248516973,29.9904099406789,2.23078540600954,0,400,25,19.9936066271193,67.4784223665276,0.939278065688228,2.70042443885366,0.01375,0.011,0.01375,0.01375,0,0,0,0
05/04/2015,0.0148505329547437,0.1,21.8849588348159,39.3348408464637,209.982992369482,0,7.35915191247814,29.4366076499126,2.17643347706359,0,400,25,19.6244050999417,66.2323672123033,0.916393042974141,2.63462999855066,0.01375,0.011,0.01375,0.01375,0,0,0,0
06/04/2015,0.0045145410116714,0.1,21.7640656311426,37.8699766486749,210.544231076725,0,6.94716977243453,27.7886790897381,2.04016751075839,0,400,25,18.5257860598254,62.5245279519107,0.859017899266692,2.46967646039174,0.01375,0.011,0.01375,0.01375,0,0,0,0
07/04/2015,0.00430408599753175,0.1,21.642058184167,38.0435961596986,211.126400191981,0,7.48232879472214,29.9293151788885,2.23004713384049,0,400,25,19.9528767859257,67.3409591524992,0.938967214248628,2.69953074096481,0.01375,0.011,0.01375,0.01375,0,0,0,0
08/04/2015,0.00886161775875952,0.1,21.5189726106826,38.9587745857858,211.72932738084,0,7.44700839648237,29.7880335859295,2.21065637908289,0,400,25,19.8586890572863,67.0230755683413,0.930802685929638,2.67605772204771,0.01375,0.011,0.01375,0.01375,0,0,0,0
09/04/2015,0.00521488730054151,0.1,21.3948453466311,38.2411242781736,212.352834164057,0,7.10800674523615,28.4320269809446,2.09485526296992,0,400,25,18.9546846539631,63.9720607071253,0.882044321250492,2.53587742359516,0.01375,0.011,0.01375,0.01375,0,0,0,0
10/04/2015,0.000800492070897795,0.1,21.2697131363166,29.7828436871637,212.996735970394,0,5.6528744674974,22.6114978699896,1.63775736277565,0,400,25,15.0743319133264,50.8758702074766,0.689582047484482,1.98254838651789,0.01375,0.011,0.01375,0.01375,0,0,0,0
11/04/2015,0.000743398526409457,0.1,21.1436130215288,29.6033558013649,213.660842191253,0,5.94375781471521,23.7750312588608,1.74276869933688,0,400,25,15.8500208392406,53.4938203324369,0.733797347089211,2.10966737288148,0.01375,0.011,0.01375,0.01375,0,0,0,0
12/04/2015,0.000832717227437589,0.1,21.0165823305776,30.628337402769,214.3449562371,0,5.92913300584281,23.7165320233712,1.73003005183187,0,400,25,15.8110213489142,53.3621970525853,0.728433706034471,2.0942469048491,0.01375,0.011,0.01375,0.01375,0,0,0,0
13/04/2015,0.000346690730277055,0.1,20.8886586672431,20.0511052269112,215.04887559566,0,4.01662454708021,16.0664981883208,1.12495584151478,0,400,25,10.7109987922139,36.1496209237219,0.473665617479909,1.36178865025474,0.01375,0.011,0.01375,0.01375,0,0,0,0
14/04/2015,0.000169490365759442,0.1,20.7598798996444,6,215.772391891864,0,1.38889321535238,5.55557286140952,0.296400117092145,0,400,25,3.70371524093968,12.5000389381714,0.124800049301956,0.358800141743123,0.01375,0.011,0.01375,0.01375,0,0,0,0
15/04/2015,0.000152080906554014,0.1,20.6302841490292,6,216.515290949537,0,1.36960966936408,5.4784386774563,0.290096678403495,0,400,25,3.65229245163754,12.3264870242767,0.122145969854103,0.351169663330547,0.01375,0.011,0.01375,0.01375,0,0,0,0
16/04/2015,0.00376594521565967,0.1,20.49990977849,37.8152378416777,217.277352854791,0,7.43536619220833,29.7414647688333,2.21503453445531,0,400,25,19.8276431792222,66.918295729875,0.932646119770656,2.68135759434064,0.01375,0.011,0.01375,0.01375,0,0,0,0
17/04/2015,0.00713443826761817,0.1,20.3687953816071,38.650929807712,218.058352021133,0,7.33193965852368,29.3277586340947,2.17191805232372,0,400,25,19.5518390893965,65.9874569267131,0.914491811504723,2.62916395807608,0.01375,0.011,0.01375,0.01375,0,0,0,0
18/04/2015,0.0215584758142391,0.1,20.2369797710241,39.5682031486941,218.858057256235,0,7.63829785712476,30.5531914284991,2.27448807471965,0,400,25,20.368794285666,68.7446807141229,0.957679189355644,2.75332766939748,0.01375,0.011,0.01375,0.01375,0,0,0,0
19/04/2015,0.0255222435256254,0.1,20.104501966959,38.0265148873082,219.676231830379,0,7.01307653097362,28.0523061238945,2.06349863505655,0,400,25,18.7015374159297,63.1176887787626,0.868841530550125,2.49791940033161,0.01375,0.011,0.01375,0.01375,0,0,0,0
20/04/2015,0.0190531387090383,0.1,19.9714011856532,34.7444148338918,220.512633546526,0,6.29709362124505,25.1883744849802,1.85532220605073,0,400,25,16.7922496566535,56.6738425912054,0.781188297284517,2.24591635469299,0.01375,0.011,0.01375,0.01375,0,0,0,0
21/04/2015,0.108647511623216,0.1,19.8377168277622,37.0893997596118,221.367014812022,0,5.68480115392676,22.739204615707,1.60525535625342,0,400,25,15.1594697438047,51.1632103853408,0.675896992106702,1.94320385230677,0.01375,0.011,0.01375,0.01375,0,0,0,0
22/04/2015,0.30077573557769,0.1,19.703488466693,36.9753006587722,222.239122711881,0,4.57836773523879,18.3134709409551,1.20899741420988,0,400,25,12.2089806273034,41.2053096171491,0.509051542825213,1.46352318562249,0.01375,0.011,0.01375,0.01375,0,0,0,0
23/04/2015,0.319825682436259,0.1,19.5687558368887,36.2474028179142,223.128699083657,0,3.89086402131521,15.5634560852609,0.956543939852099,0,400,25,10.3756373901739,35.0177761918369,0.402755343095621,1.15792161139991,0.01375,0.011,0.01375,0.01375,0,0,0,0
24/04/2015,0.107546943065031,0.1,19.4335588220669,30.5580137855036,224.035480593869,0,3.54002270588698,14.1600908235479,0.843010601576304,0,400,25,9.44006054903194,31.8602043529828,0.354951832242654,1.02048651769763,0.01375,0.011,0.01375,0.01375,0,0,0,0
25/04/2015,0.0317837210595858,0.1,19.2979374434129,15.7114742515786,224.959198815945,0,2.64674541026894,10.5869816410758,0.563522442654939,0,400,25,7.05798776071718,23.8207086924205,0.237272607433658,0.682158746371768,0.01375,0.011,0.01375,0.01375,0,0,0,0
26/04/2015,0.0293687958097348,0.1,19.1619318477328,13.9654365935649,225.899580309692,0,3.59907260874534,14.3962904349814,0.885082476899933,0,400,25,9.59752695665424,32.3916534787081,0.37266630606313,1.0714156299315,0.01375,0.011,0.01375,0.01375,0,0,0,0
27/04/2015,0.0195690185630099,0.1,19.025582295569,14.4696091243517,226.856346702231,0,3.52315602898175,14.092624115927,0.901960630074296,0,400,25,9.39508274395135,31.7084042608358,0.379772896873388,1.09184707851099,0.01375,0.011,0.01375,0.01375,0,0,0,0
28/04/2015,0.011013154733553,0.1,18.8889291492823,6.04141330318469,227.829214770406,0,2.2243595226128,8.89743809045122,0.487897668493457,0,400,25,5.93162539363414,20.0192357035152,0.205430597260403,0.590612967123658,0.01375,0.011,0.01375,0.01375,0,0,0,0
29/04/2015,0.0106090500121559,0.1,18.7520128611039,6.00423379395952,228.817896524626,0,2.41027378780945,9.64109515123781,0.512970247968906,0,400,25,6.42739676749187,21.6924640902851,0.215987472829013,0.620963984383413,0.01375,0.011,0.01375,0.01375,0,0,0,0
30/04/2015,0.016940842992159,0.1,18.6148739611606,19.319603537146,229.82209929411,0,4.59422683303424,18.376907332137,1.23807408368776,0,400,25,12.251271554758,41.3480414973082,0.521294351026424,1.49872125920097,0.01375,0.011,0.01375,0.01375,0,0,0,0
01/05/2015,0.0190823813030778,0.1,18.4775530454767,23.8945207473557,230.84152581353,0,5.17669749157977,20.7067899663191,1.44324498258095,0,400,25,13.8045266442127,46.590277424218,0.60768209792882,1.74708603154536,0.01375,0.011,0.01375,0.01375,0,0,0,0
02/05/2015,0.0223342209474092,0.1,18.3400907639575,29.872753994673,231.875874311002,0,5.23233927071709,20.9293570828684,1.45392141803636,0,400,25,13.9529047219122,47.0910534364538,0.612177439173204,1.76001013762296,0.01375,0.011,0.01375,0.01375,0,0,0,0
03/05/2015,0.047997395538436,0.1,18.2025278083553,33.1973920583345,232.924838597422,0,4.53518258030882,18.1407303212353,1.19186750994261,0,400,25,12.0938202141569,40.8166432227794,0.501838951554784,1.44278698572,0.01375,0.011,0.01375,0.01375,0,0,0,0
04/05/2015,0.044396440430504,0.1,18.0649049002241,32.505844909597,233.988108157101,0,3.74030893606985,14.9612357442794,0.907039874726504,0,400,25,9.97415716285292,33.6627804246286,0.381911526200633,1.09799563782682,0.01375,0.011,0.01375,0.01375,0,0,0,0
05/05/2015,0.00591606688938051,0.1,17.927262778865,13.3601934701317,235.065368239687,0,2.11956107800273,8.47824431201093,0.489752139010181,0,400,25,5.65216287467395,19.0760497020246,0.206211426951655,0.592857852486009,0.01375,0.011,0.01375,0.01375,0,0,0,0
06/05/2015,0.00415917279001206,0.1,17.789642189267,7.35101898110731,236.156299953336,0,1.95642762313657,7.82571049254628,0.473566718275153,0,400,25,5.21714032836419,17.6078486082291,0.199396512957959,0.573264974754133,0.01375,0.011,0.01375,0.01375,0,0,0,0
07/05/2015,0.00343761869344572,0.1,17.6520838700448,6.19263215591355,237.260580359109,0,1.96587037156235,7.8634814862494,0.48381283244777,0,400,25,5.24232099083294,17.6928333440612,0.203710666293798,0.585668165594669,0.01375,0.011,0.01375,0.01375,0,0,0,0
08/05/2015,0.00297298938575197,0.1,17.5146285413801,6.02333435116239,238.377882566574,0,2.00429747659915,8.01718990639661,0.49742030195406,0,400,25,5.34479327093108,18.0386772893924,0.209440127138552,0.602140365523336,0.01375,0.011,0.01375,0.01375,0,0,0,0
09/05/2015,0.00252734445430506,0.1,17.3773168929669,6.00242987842579,239.507875830567,0,2.0626012376182,8.2504049504728,0.516607936525099,0,400,25,5.50026996698186,18.5634111385638,0.217519131168463,0.62536750210933,0.01375,0.011,0.01375,0.01375,0,0,0,0
10/05/2015,0.00218992649601277,0.1,17.2401895719671,6.00020126573691,240.650225649104,0,2.11672503211928,8.46690012847713,0.534313789610401,0,400,25,5.64460008565142,19.0505252890735,0.224974227204379,0.646800903212591,0.01375,0.011,0.01375,0.01375,0,0,0,0
11/05/2015,0.00192062264219546,0.1,17.1032871709775,6,241.804593862396,0,2.16839568403199,8.67358273612794,0.55120522513365,0,400,25,5.78238849075196,19.5155611562879,0.23208641058259,0.667248430424945,0.01375,0.011,0.01375,0.01375,0,0,0,0
12/05/2015,0.00170807816969095,0.1,16.966650216014,6,242.970638752956,0,2.21519633355122,8.8607853342049,0.566503501965746,0,400,25,5.90719022280326,19.936767001961,0.238527790301367,0.685767397116429,0.01375,0.011,0.01375,0.01375,0,0,0,0
13/05/2015,0.00153492043296292,0.1,16.8303191545148,6,244.148015146753,0,2.25854981146744,9.03419924586977,0.580674961413628,0,400,25,6.02279949724651,20.326948303207,0.244494720595212,0.702922321711234,0.01375,0.011,0.01375,0.01375,0,0,0,0
14/05/2015,0.00139791216538742,0.1,16.6943343433671,6,245.33637451539,0,2.29536008142984,9.18144032571935,0.592707565788432,0,400,25,6.12096021714623,20.6582407328685,0.249561080331971,0.717488105954418,0.01375,0.011,0.01375,0.01375,0,0,0,0
15/05/2015,0.00132414865586975,0.1,16.5587360369606,6,246.535365079275,0,2.3037288598279,9.21491543931158,0.595443166469088,0,400,25,6.14327695954106,20.7335597384511,0.250712912197511,0.720799622567843,0.01375,0.011,0.01375,0.01375,0,0,0,0
16/05/2015,0.00121368662152769,0.1,16.4235643752715,6,247.744631911759,0,2.34095879977374,9.36383519909495,0.607612953290094,0,400,25,6.24255679939663,21.0686291979636,0.25583703296425,0.735531469772219,0.01375,0.011,0.01375,0.01375,0,0,0,0
17/05/2015,0.00149383055595105,0.1,16.2888593719801,13.3282996677719,248.963817044198,0,3.51839841235806,14.0735936494322,0.9788316566084,0,400,25,9.38239576628816,31.6655857112225,0.412139644887748,1.18490147905227,0.01375,0.011,0.01375,0.01375,0,0,0,0
18/05/2015,0.0024522461694312,0.1,16.1546609026259,10.1083415807283,250.192559571921,0,3.38507760976458,13.5403104390583,0.799177657954876,0,400,25,9.02687362603889,30.4656984878813,0.336495855981001,0.967425585945377,0.01375,0.011,0.01375,0.01375,0,0,0,0
19/05/2015,0.00138827015819228,0.1,16.0210086928035,13.9189446929665,251.430495761065,0,3.6266832598832,14.5067330395328,1.01310073009555,0,400,25,9.67115535968854,32.6401493389488,0.426568728461286,1.2263850943262,0.01375,0.011,0.01375,0.01375,0,0,0,0
20/05/2015,0.00680123904224099,0.1,15.8879423064033,34.9153166625815,252.677259156249,0,6.96599178464216,27.8639671385687,2.06507719783244,0,400,25,18.5759780923791,62.6939260617795,0.869506188561026,2.49983029211295,0.01375,0.011,0.01375,0.01375,0,0,0,0
21/05/2015,0.00530496188436056,0.1,15.7555011338993,33.7075501629188,253.932480689051,0,6.3948276045641,25.5793104182564,1.86900156245012,0,400,25,17.0528736121709,57.5534484410769,0.786948026294789,2.26247557559752,0.01375,0.011,0.01375,0.01375,0,0,0,0
22/05/2015,0.00360593055625502,0.1,15.623724380689,31.3364562687032,255.19578878726,0,6.44243248158613,25.7697299263445,1.9015725703101,0,400,25,17.1798199508963,57.9818923342752,0.800662134867409,2.3019036377438,0.01375,0.011,0.01375,0.01375,0,0,0,0
23/05/2015,0.00619326454300209,0.1,15.4926510554879,34.9160744714416,256.466809484872,0,6.81672674849671,27.2669069939868,2.01168520026934,0,400,25,18.1779379959912,61.3505407364704,0.847025347481828,2.43519787401026,0.01375,0.011,0.01375,0.01375,0,0,0,0
24/05/2015,0.00336997740925199,0.1,15.3623199587815,30.8465667237994,257.745166532788,0,5.97473413708417,23.8989365483367,1.73809873938434,0,400,25,15.9326243655578,53.7726072337575,0.731831048161827,2.10401426346525,0.01375,0.011,0.01375,0.01375,0,0,0,0
25/05/2015,0.000870153421121918,0.1,15.2327696713403,6,259.030481510195,0,2.38914612054152,9.5565844821661,0.623364507605586,0,400,25,6.37105632144407,21.5023150848737,0.262469266360247,0.754599140785709,0.01375,0.011,0.01375,0.01375,0,0,0,0
26/05/2015,0.00148436111804221,0.1,15.1040385427983,20.6995221831279,260.322373936585,0,4.74643308581057,18.9857323432423,1.36669975788637,0,400,25,12.6571548954949,42.7178977722951,0.575452529636367,1.65442602270456,0.01375,0.011,0.01375,0.01375,0,0,0,0
27/05/2015,0.00135964337928596,0.1,14.9761646803015,18.6734086711137,261.620461384384,0,4.21183768977661,16.8473507591064,1.18994073450905,0,400,25,11.2315671727376,37.9065392079895,0.501027677688022,1.44045457335306,0.01375,0.011,0.01375,0.01375,0,0,0,0
28/05/2015,0.000826321856258438,0.1,14.8491859372266,6,262.924359592162,0,2.37995457537021,9.51981830148083,0.620359959506575,0,400,25,6.34654553432056,21.4195911783319,0.261204193476453,0.750962056244801,0.01375,0.011,0.01375,0.01375,0,0,0,0
29/05/2015,0.000802853210005034,0.1,14.7231399019762,6,264.23368257838,0,2.38896761650014,9.55587046600057,0.623306157897435,0,400,25,6.37058031066705,21.5007085485013,0.262444698062078,0.754528506928474,0.01375,0.011,0.01375,0.01375,0,0,0,0
30/05/2015,0.00078891769508391,0.1,14.5980638868514,6,265.54804275565,0,2.38883950910546,9.55535803642185,0.623264281931862,0,400,25,6.3702386909479,21.4995555819492,0.262427066076573,0.754477814970149,0.01375,0.011,0.01375,0.01375,0,0,0,0
31/05/2015,0.000809098598264277,0.1,14.4739949170069,6,266.867051045467,0,2.35244697634874,9.40978790539498,0.611368228213537,0,400,25,6.27319193692998,21.1720227871387,0.257418201353068,0.740077328890071,0.01375,0.011,0.01375,0.01375,0,0,0,0
01/06/2015,0.000730913419405494,0.1,14.3509697194906,6,268.190316993389,0,2.42788686424444,9.71154745697775,0.636028148557936,0,400,25,6.4743649713185,21.8509817781999,0.267801325708604,0.769928811412238,0.01375,0.011,0.01375,0.01375,0,0,0,0
02/06/2015,0.000744394477387306,0.1,14.2290247123716,6,269.517448884614,0,2.39721980443454,9.58887921773818,0.626003647286745,0,400,25,6.39258614515879,21.5749782399109,0.263580483068103,0.757793888820797,0.01375,0.011,0.01375,0.01375,0,0,0,0
03/06/2015,0.000775000815668661,0.1,14.1081959939597,6,270.848053859939,0,2.34926828225572,9.3970731290229,0.61032917121969,0,400,25,6.2647154193486,21.1434145403015,0.256980703671448,0.738819523055414,0.01375,0.011,0.01375,0.01375,0,0,0,0
04/06/2015,0.000748213567673528,0.1,13.9885193321197,6,272.181738032057,0,2.36678131207876,9.46712524831505,0.616053860538188,0,400,25,6.31141683221003,21.3010318087089,0.259391099173974,0.745749410125175,0.01375,0.011,0.01375,0.01375,0,0,0,0
05/06/2015,0.00206231012452621,0.1,13.870030153683,27.3279369825652,273.51810660215,0,5.76842138547438,23.0736855418975,1.68838536151441,0,400,25,15.3824570279317,51.9157924692695,0.710899099585014,2.04383491130691,0.01375,0.011,0.01375,0.01375,0,0,0,0
06/06/2015,0.00177857045080822,0.1,13.7527635339609,25.3281354921763,274.856763976763,0,5.1641745476407,20.6566981905628,1.48610000687376,0,400,25,13.7711321270419,46.4775709287663,0.62572631868369,1.79896316621561,0.01375,0.011,0.01375,0.01375,0,0,0,0
07/06/2015,0.000732045185005427,0.1,13.6367541863612,6,276.197313884907,0,2.34990069035085,9.3996027614034,0.610535893865839,0,400,25,6.2664018409356,21.1491062131577,0.257067744785616,0.739069766258647,0.01375,0.011,0.01375,0.01375,0,0,0,0
08/06/2015,0.000694120444611304,0.1,13.5220364521127,6,277.539359495362,0,2.3841890704697,9.53675628187879,0.621744138549849,0,400,25,6.35783752125253,21.4577016342273,0.2617870057052,0.752637641402449,0.01375,0.011,0.01375,0.01375,0,0,0,0
09/06/2015,0.000714277809741274,0.1,13.408644290099,6,278.882503534148,0,2.34830449100905,9.3932179640362,0.610014125478842,0,400,25,6.26214530935747,21.1347404190815,0.256848052833197,0.73843815189544,0.01375,0.011,0.01375,0.01375,0,0,0,0
10/06/2015,0.000759411605849761,0.1,13.2966112668063,6,280.226348402127,0,2.28809988251506,9.15239953006023,0.590334339476504,0,400,25,6.10159968670682,20.5928989426355,0.248561827148002,0.714615253050505,0.01375,0.011,0.01375,0.01375,0,0,0,0
11/06/2015,0.000742674632708412,0.1,13.1859705463869,6,281.570496292702,0,2.29554490216377,9.18217960865507,0.592767980307911,0,400,25,6.12145307243672,20.6599041194739,0.249586518024383,0.717561239320102,0.01375,0.011,0.01375,0.01375,0,0,0,0
12/06/2015,0.000726061819375166,0.1,13.076754880842,6,282.914549309573,0,2.30342730258996,9.21370921035983,0.595344592920343,0,400,25,6.14247280690656,20.7308457233096,0.250671407545407,0.720680296693047,0.01375,0.011,0.01375,0.01375,0,0,0,0
13/06/2015,0.000721959175554597,0.1,12.9689966003261,6,284.258109584525,0,2.29793910517468,9.19175642069873,0.593550601507177,0,400,25,6.12783761379915,20.6814519465721,0.249916042739864,0.718508622877109,0.01375,0.011,0.01375,0.01375,0,0,0,0
14/06/2015,0.000701411899089236,0.1,12.8627276035769,6,285.600779395208,0,2.31100376531871,9.24401506127484,0.597821200091892,0,400,25,6.16267670751656,20.7990338878684,0.251714189512375,0.723678294848079,0.01375,0.011,0.01375,0.01375,0,0,0,0
15/06/2015,0.00150938014948494,0.1,12.7579793484726,6,286.942161282863,0,2.84118522885014,11.3647409154006,0.595209827275164,0,400,25,7.57649394360037,25.5706670596513,0.250614664115858,0.720517159333093,0.01375,0.011,0.01375,0.01375,0,0,0,0
16/06/2015,0.00602624861059943,0.1,12.6547828427194,32.2189847364535,288.281858169988,0,6.61205872880269,26.4482349152108,1.93202275663555,0,400,25,17.6321566101405,59.5085285592243,0.813483265951808,2.33876438961145,0.01375,0.011,0.01375,0.01375,0,0,0,0
17/06/2015,0.0105323486328211,0.1,12.5531686346731,35.2288300459281,289.619473477875,0,6.87545738254777,27.5018295301911,2.03178394006158,0,400,25,18.3345530201274,61.8791164429299,0.855487974762769,2.45952792744296,0.01375,0.011,0.01375,0.01375,0,0,0,0
18/06/2015,0.00817916513059009,0.1,12.4531668042954,36.2014711397628,290.954611244008,0,6.94864307241421,27.7945722896568,2.05040195715158,0,400,25,18.5297148597712,62.5377876517279,0.863327139853296,2.48206552707822,0.01375,0.011,0.01375,0.01375,0,0,0,0
19/06/2015,0.048610697027781,0.1,12.3548069542502,38.147528904842,292.286876239276,0,6.06190711948344,24.2476284779338,1.73060709205192,0,400,25,16.1650856519558,54.557164075351,0.728676670337652,2.09494542722075,0.01375,0.011,0.01375,0.01375,0,0,0,0
20/06/2015,0.0565269537880151,0.1,12.2581182011404,37.1600678929482,293.61587408497,0,4.88165050558354,19.5266020223342,1.32723736842826,0,400,25,13.0177346815561,43.9348545502519,0.558836786706635,1.60665576178157,0.01375,0.011,0.01375,0.01375,0,0,0,0
21/06/2015,0.00361988681244499,0.1,12.1631291668888,6,294.941211369524,0,1.127933685143,4.51173474057202,0.211097216894672,0,400,25,3.00782316038134,10.151403166287,0.0888830386924933,0.255538736240918,0.01375,0.011,0.01375,0.01375,0,0,0,0
22/06/2015,0.00303084359048795,0.1,12.0698679702651,6,296.262495764978,0,1.17417137497404,4.69668549989616,0.226211472495354,0,400,25,3.13112366659744,10.5675423747664,0.0952469357875175,0.273834940389113,0.01375,0.011,0.01375,0.01375,0,0,0,0
23/06/2015,0.00310459280256971,0.1,11.9783622185626,11.892854521716,297.579336143113,0,2.36688142587521,9.46752570350082,0.605003828693586,0,400,25,6.31168380233388,21.3019328328769,0.254738454186773,0.732373055786973,0.01375,0.011,0.01375,0.01375,0,0,0,0
24/06/2015,0.00403505709367189,0.1,11.8886389994256,21.4701662749413,298.891342691233,0,4.19130825902959,16.7652330361183,1.18179778448042,0,400,25,11.1768220240789,37.7217743312663,0.497599067149651,1.43059731805525,0.01375,0.011,0.01375,0.01375,0,0,0,0
25/06/2015,0.00302161903638091,0.1,11.8007248728309,18.4696755748232,300.198127027558,0,3.52588136618383,14.1035254647353,0.965862205838802,0,400,25,9.40235030982355,31.7329322956545,0.406678823511074,1.16920161759434,0.01375,0.011,0.01375,0.01375,0,0,0,0
26/06/2015,0.00164596479486409,0.1,11.7146458632257,6,301.499302316194,0,1.413986433678,5.655945734712,0.304602631469552,0,400,25,3.770630489808,12.725877903102,0.128253739566127,0.368729501252616,0.01375,0.011,0.01375,0.01375,0,0,0,0
27/06/2015,0.0014486093280699,0.1,11.6304274518233,6,302.794483381644,0,1.48234832680671,5.92939330722685,0.326948884707325,0,400,25,3.95292887148457,13.3411349412604,0.137662688297821,0.395780228856236,0.01375,0.011,0.01375,0.01375,0,0,0,0
28/06/2015,0.00133004006576561,0.1,11.5480945690608,6,304.083286822828,0,1.55016461093156,6.20065844372622,0.349116788335231,0,400,25,4.13377229581748,13.951481498384,0.146996542456939,0.4226150595637,0.01375,0.011,0.01375,0.01375,0,0,0,0
29/06/2015,0.00119192451861804,0.1,11.4676715872185,6,305.365331126578,0,1.61697782857691,6.46791131430764,0.370956807866615,0,400,25,4.3119408762051,14.5528004571922,0.156192340154364,0.449052977943797,0.01375,0.011,0.01375,0.01375,0,0,0,0
30/06/2015,0.00110275936099746,0.1,11.3891823132057,6,306.640236780576,0,1.67851288803425,6.71405155213699,0.391071493968799,0,400,25,4.47603436809133,15.1066159923082,0.164661681671073,0.473402334804335,0.01375,0.011,0.01375,0.01375,0,0,0,0
01/07/2015,0.00098750530826792,0.1,11.3126499815131,6,307.907626385693,0,1.74464573449113,6.97858293796453,0.412689112595565,0,400,25,4.65238862530969,15.7018116104202,0.173763836882343,0.499571031036737,0.01375,0.011,0.01375,0.01375,0,0,0,0
02/07/2015,0.000900226101736192,0.1,11.238097247335,6,309.167124767712,0,1.80710702344831,7.22842809379322,0.433106566190168,0,400,25,4.81895206252882,16.2639632110348,0.182360659448492,0.524286895914414,0.01375,0.011,0.01375,0.01375,0,0,0,0
03/07/2015,0.000891603591689026,0.1,11.1655461798626,6,310.418359088383,0,1.84075263873099,7.36301055492395,0.444104702798701,0,400,25,4.90867370328263,16.5667737485789,0.186991453809979,0.53760042970369,0.01375,0.011,0.01375,0.01375,0,0,0,0
04/07/2015,0.000843414196972776,0.1,11.0950182557516,6,311.660958955797,0,1.88468124622315,7.53872498489261,0.458464161591838,0,400,25,5.02581665659507,16.9621312160084,0.193037541722879,0.554982932453278,0.01375,0.011,0.01375,0.01375,0,0,0,0
05/07/2015,0.000786757089868332,0.1,11.026534352764,6,312.894556534024,0,1.93195602169805,7.72782408679219,0.473917421532019,0,400,25,5.15188272452813,17.3876041952824,0.199544177487166,0.573689510275602,0.01375,0.011,0.01375,0.01375,0,0,0,0
06/07/2015,0.000736583370790808,0.1,10.9601147435886,6,314.118786652004,0,1.9767177738269,7.9068710953076,0.488549220077365,0,400,25,5.27124739687173,17.7904599644421,0.205704934769417,0.591401687462073,0.01375,0.011,0.01375,0.01375,0,0,0,0
07/07/2015,0.000761903763685538,0.1,10.8957790898389,6,315.333286911643,0,1.97201260798837,7.88805043195347,0.487011187373156,0,400,25,5.25870028796898,17.7481134718953,0.205057342051855,0.589539858399084,0.01375,0.011,0.01375,0.01375,0,0,0,0
08/07/2015,0.000725261026458881,0.1,10.8335464362339,6,316.53769779509,0,2.00332809061618,8.01331236246471,0.497247646210634,0,400,25,5.34220824164314,18.0299528155456,0.209367429983425,0.601931361202346,0.01375,0.011,0.01375,0.01375,0,0,0,0
09/07/2015,0.000708521627817801,0.1,10.7734352049594,6,317.731662771168,0,2.02005702565133,8.08022810260531,0.502716029275887,0,400,25,5.38681873507021,18.180513230862,0.211669907063531,0.608550982807653,0.01375,0.011,0.01375,0.01375,0,0,0,0
10/07/2015,0.000702757499509196,0.1,10.7154631902157,6,318.914828400906,0,2.02689305132897,8.10757220531589,0.5049506011103,0,400,25,5.40504813687726,18.2420374619608,0.212610779414863,0.611255990817731,0.01375,0.011,0.01375,0.01375,0,0,0,0
11/07/2015,0.00426042013167297,0.1,10.6596475529492,34.4776252412987,320.086844442171,0,6.86689892647283,27.4675957058913,2.03419487012177,0,400,25,18.3117304705942,61.8020903382555,0.856503103209167,2.46244642172636,0.01375,0.011,0.01375,0.01375,0,0,0,0
12/07/2015,0.015255564210825,0.1,10.6060048157731,38.4400349178657,321.247363953343,0,7.43185157566963,29.7274063026785,2.20839021127432,0,400,25,19.8182708684523,66.8866641810266,0.92984851001024,2.67331446627944,0.01375,0.011,0.01375,0.01375,0,0,0,0
13/07/2015,0.0115645676980251,0.1,10.5545508580758,37.9447419017716,322.396043396021,0,7.03598426684144,28.1439370673658,2.07035986857349,0,400,25,18.7626247115772,63.323858401573,0.87173047097831,2.50622510406264,0.01375,0.011,0.01375,0.01375,0,0,0,0
14/07/2015,0.00190226292770669,0.1,10.5053009113207,28.3388258770038,323.532542736714,0,5.53831546618121,22.1532618647248,1.60199944585346,0,400,25,14.7688412431499,49.8448391956309,0.674526082464615,1.93926248708577,0.01375,0.011,0.01375,0.01375,0,0,0,0
15/07/2015,0.000637237391857487,0.1,10.4582695545372,6,324.656525547499,0,2.07050540178335,8.28202160713342,0.519206681258829,0,400,25,5.52134773808895,18.6345486160502,0.218613339477402,0.62851335099753,0.01375,0.011,0.01375,0.01375,0,0,0,0
16/07/2015,0.000643740832854544,0.1,10.4134707100049,6,325.767659105614,0,2.06003831305027,8.24015325220108,0.515785181285864,0,400,25,5.49343550146739,18.5403448174524,0.217172707909838,0.624371535240783,0.01375,0.011,0.01375,0.01375,0,0,0,0
17/07/2015,0.0169941181254842,0.1,10.3709176391324,38.6376167595524,326.865614491947,0,6.94357107015706,27.7742842806283,2.03244706734495,0,400,25,18.5161895204188,62.4921396314136,0.855767186250506,2.4603306604702,0.01375,0.011,0.01375,0.01375,0,0,0,0
18/07/2015,0.0174763767723738,0.1,10.3306229385318,37.8275274302151,327.950066688404,0,5.99061468504712,23.9624587401885,1.70857604804836,0,400,25,15.974972493459,53.9155321654241,0.719400441283522,2.06827626869012,0.01375,0.011,0.01375,0.01375,0,0,0,0
19/07/2015,0.00186119103104625,0.1,10.2925985362894,6,329.020694674121,0,1.26225631520476,5.04902526081903,0.255004829301955,0,400,25,3.36601684054602,11.3603068368428,0.107370454442928,0.308690056523419,0.01375,0.011,0.01375,0.01375,0,0,0,0
20/07/2015,0.00161972032800865,0.1,10.2568556884352,6,330.077181520497,0,1.32019064754674,5.28076259018695,0.27394250352987,0,400,25,3.52050839345796,11.8817158279206,0.115344212012577,0.331614609536159,0.01375,0.011,0.01375,0.01375,0,0,0,0
21/07/2015,0.00139303753155177,0.1,10.2234049756106,6,331.119214485005,0,1.37729750570356,5.50919002281423,0.29260969157253,0,400,25,3.67279334854282,12.395677551332,0.123204080662118,0.354211731903589,0.01375,0.011,0.01375,0.01375,0,0,0,0
22/07/2015,0.00193497404382663,0.1,10.1922562999366,17.4279097854177,332.146485103776,0,3.57507376555186,14.3002950622075,0.989561910322113,0,400,25,9.53353004147163,32.1756638899668,0.416657646451416,1.19789073354782,0.01375,0.011,0.01375,0.01375,0,0,0,0
23/07/2015,0.00296233892140112,0.1,10.1634188820821,26.8164457179332,333.158689282906,0,5.26394445559522,21.0557778223809,1.52144857737966,0,400,25,14.0371852149206,47.375500100357,0.640609927317753,1.84175354103854,0.01375,0.011,0.01375,0.01375,0,0,0,0
24/07/2015,0.00203890915758257,0.1,10.1369012585347,22.870156516742,334.155527388481,0,4.41437547718834,17.6575019087533,1.24636850091155,0,400,25,11.7716679391689,39.729379294695,0.524786737225916,1.50876186952451,0.01375,0.011,0.01375,0.01375,0,0,0,0
25/07/2015,0.000884759570416211,0.1,10.1127112790737,6,335.136704335266,0,1.62256114805061,6.49024459220245,0.37278189294189,0,400,25,4.32682972813497,14.6030503324555,0.156960797028164,0.451262291455972,0.01375,0.011,0.01375,0.01375,0,0,0,0
26/07/2015,0.000783893301663023,0.1,10.0908561044464,6,336.101929674065,0,1.68555800678843,6.74223202715371,0.393374414507799,0,400,25,4.49482135143581,15.1700220610959,0.165631332424337,0.476190080719968,0.01375,0.011,0.01375,0.01375,0,0,0,0
27/07/2015,0.000790951481428428,0.1,10.0713422042482,6,337.050917677694,0,1.72115003227347,6.88460012909387,0.405008797031941,0,400,25,4.58973341939591,15.4903502904612,0.170530019802923,0.490273806933403,0.01375,0.011,0.01375,0.01375,0,0,0,0
28/07/2015,0.000771107701569249,0.1,10.0541753550077,6,337.983387425568,0,1.7562003196771,7.02480127870839,0.416466095280009,0,400,25,4.68320085247226,15.8058028770939,0.175354145381057,0.504143167970538,0.01375,0.011,0.01375,0.01375,0,0,0,0
29/07/2015,0.000734736816106136,0.1,10.0393606384765,6,338.899062886852,0,1.79229718429995,7.16918873719982,0.428265500490062,0,400,25,4.77945915813321,16.1306746586996,0.180322315995816,0.51842665848797,0.01375,0.011,0.01375,0.01375,0,0,0,0
30/07/2015,0.000651269672607736,0.1,10.0269024401251,6,339.797673002179,0,1.84913625259954,7.39654501039814,0.446845152923473,0,400,25,4.93103000693209,16.6422262733958,0.188145327546726,0.540917816696836,0.01375,0.011,0.01375,0.01375,0,0,0,0
31/07/2015,0.000647564553586449,0.1,10.0168044478446,6,340.678951763886,0,1.86616879325367,7.46467517301467,0.452412779115792,0,400,25,4.97645011534311,16.795519139283,0.190489591206649,0.547657574719116,0.01375,0.011,0.01375,0.01375,0,0,0,0
01/08/2015,0.000610943401276778,0.1,10.0090696508551,6,341.542638294759,0,1.89921244752253,7.5968497900901,0.463214145672494,0,400,25,5.06456652672674,17.0929120277027,0.195037535019997,0.560732913182492,0.01375,0.011,0.01375,0.01375,0,0,0,0
02/08/2015,0.000581907137469205,0.1,10.0037003388204,6,342.388476925256,0,1.92710443310558,7.70841773242233,0.472331525906095,0,400,25,5.13894515494822,17.3439398979502,0.198876431960461,0.571769741886326,0.01375,0.011,0.01375,0.01375,0,0,0,0
03/08/2015,0.000576316526985283,0.1,10.000698101171,6,343.216217269194,0,1.93653108828573,7.74612435314293,0.475412927169284,0,400,25,5.16408290209529,17.4287797945716,0.200173864071277,0.575499859204923,0.01375,0.011,0.01375,0.01375,0,0,0,0
04/08/2015,0.000606031331872214,0.1,10.0000638266329,6,344.025614297865,0,1.9182342925887,7.6729371703548,0.46943203911348,0,400,25,5.1152914469032,17.2641086332983,0.197655595416202,0.568259836821581,0.01375,0.011,0.01375,0.01375,0,0,0,0
05/08/2015,0.000592062035060553,0.1,10.0017977029648,6,344.816428412574,0,1.928904117248,7.71561646899202,0.472919809754801,0,400,25,5.14374431266135,17.360137055232,0.199124130423074,0.572481874966338,0.01375,0.011,0.01375,0.01375,0,0,0,0
06/08/2015,0.000567133362223892,0.1,10.0058992169025,6,345.588425515561,0,1.94689797337766,7.78759189351064,0.478801672403634,0,400,25,5.19172792900709,17.5220817603989,0.201600704169951,0.57960202448861,0.01375,0.011,0.01375,0.01375,0,0,0,0
07/08/2015,0.000576442208593124,0.1,10.0123671543109,6,346.341377079302,0,1.93800909132688,7.75203636530751,0.475896059346175,0,400,25,5.16802424353834,17.4420818219419,0.200377288145758,0.576084703419053,0.01375,0.011,0.01375,0.01375,0,0,0,0
08/08/2015,0.00057015014616573,0.1,10.0211996005432,6,347.075060214155,0,1.93998715264629,7.75994861058517,0.476542651433381,0,400,25,5.17329907372345,17.4598843738166,0.200649537445634,0.576867420156198,0.01375,0.011,0.01375,0.01375,0,0,0,0
09/08/2015,0.000560478947336974,0.1,10.032393941008,6,347.789257734344,0,1.94384445023733,7.7753778009493,0.477803531506149,0,400,25,5.18358520063287,17.4946000521359,0.201180434318379,0.578393748665338,0.01375,0.011,0.01375,0.01375,0,0,0,0
10/08/2015,0.000514207927921093,0.1,10.0459468619428,6,348.483758222246,0,1.97855879159317,7.91423516637269,0.489151015132146,0,400,25,5.27615677758179,17.8070291243386,0.205958322160904,0.592130176212598,0.01375,0.011,0.01375,0.01375,0,0,0,0
11/08/2015,0.000518042113780478,0.1,10.0618543513956,6,349.15835609098,0,1.96995217954647,7.87980871818589,0.486337670979246,0,400,25,5.25320581212393,17.7295696159183,0.204773756201788,0.58872454908014,0.01375,0.011,0.01375,0.01375,0,0,0,0
12/08/2015,0.000514006252658174,0.1,10.0801117004118,6,349.812851645262,0,1.96802254512938,7.87209018051752,0.485706908761186,0,400,25,5.24806012034502,17.7122029061644,0.204508172109973,0.587960994816173,0.01375,0.011,0.01375,0.01375,0,0,0,0
13/08/2015,0.00159910710764054,0.1,10.1007135044287,28.5086846789469,350.447051140518,0,5.86043284378496,23.4417313751398,1.71686558878628,0,400,25,15.6278209167599,52.7438955940646,0.7228907742258,2.07831097589918,0.01375,0.011,0.01375,0.01375,0,0,0,0
14/08/2015,0.00140916154606311,0.1,10.1236536648752,26.1720180521111,351.06076684024,0,5.1317122956752,20.5268491827008,1.47373157951614,0,400,25,13.6845661218005,46.1854106610768,0.620518559796271,1.78399085941428,0.01375,0.011,0.01375,0.01375,0,0,0,0
15/08/2015,0.000532548522634098,0.1,10.1489253909769,6,351.653817071558,0,1.93427719400671,7.73710877602684,0.47467617032969,0,400,25,5.15807251735123,17.4084947460604,0.199863650665133,0.574607995662256,0.01375,0.011,0.01375,0.01375,0,0,0,0
16/08/2015,0.000500546864370271,0.1,10.1765212017667,6,352.226026279017,0,1.95499891307177,7.81999565228708,0.481449721507946,0,400,25,5.21333043485805,17.5949902176459,0.202715672213872,0.582807557614882,0.01375,0.011,0.01375,0.01375,0,0,0,0
17/08/2015,0.000489360588975493,0.1,10.206432928299,6,352.777225076551,0,1.95838204823888,7.83352819295551,0.482555606551817,0,400,25,5.222352128637,17.6254384341499,0.203181308021818,0.584146260562726,0.01375,0.011,0.01375,0.01375,0,0,0,0
18/08/2015,0.000498964445072465,0.1,10.2386517160679,6,353.307250297619,0,1.94289131463553,7.77156525854211,0.47749196890083,0,400,25,5.18104350569474,17.4860218317197,0.201049250063507,0.578016593932583,0.01375,0.011,0.01375,0.01375,0,0,0,0
19/08/2015,0.000525203754404869,0.1,10.2731680276286,6,353.815945043506,0,1.91460476208308,7.65841904833231,0.468245611937448,0,400,25,5.10561269888821,17.2314428587477,0.197156047131557,0.566823635503227,0.01375,0.011,0.01375,0.01375,0,0,0,0
20/08/2015,0.000493643352081457,0.1,10.3099716454204,6,354.303158729775,0,1.93375540252625,7.73502161010499,0.47450560623285,0,400,25,5.15668107340333,17.4037986227362,0.199791834203305,0.574401523334503,0.01375,0.011,0.01375,0.01375,0,0,0,0
21/08/2015,0.000486957714947086,0.1,10.3490516747915,6,354.768747130835,0,1.93259320848029,7.73037283392118,0.474125706243635,0,400,25,5.15358188928079,17.3933388763226,0.19963187631311,0.57394164440019,0.01375,0.011,0.01375,0.01375,0,0,0,0
22/08/2015,0.00041831429483893,0.1,10.3903965472238,6,355.212572422639,0,1.99431505085498,7.97726020341993,0.494301448267189,0,400,25,5.31817346894662,17.9488354576948,0.208126925586185,0.598364911060281,0.01375,0.011,0.01375,0.01375,0,0,0,0
23/08/2015,0.00174214438461346,0.1,10.4339940237578,29.1472389207738,355.634503223483,0,5.91222321068428,23.6488928427371,1.73195866736628,0,400,25,15.7659285618247,53.2100088961585,0.729245754680538,2.09658154470655,0.01375,0.011,0.01375,0.01375,0,0,0,0
24/08/2015,0.006113962976103,0.1,10.4798311986152,36.9695345398177,356.034414632895,0,7.20799588011323,28.8319835204529,2.13907212552829,0,400,25,19.2213223469686,64.8719629210191,0.900661947590859,2.58940309932372,0.01375,0.011,0.01375,0.01375,0,0,0,0
25/08/2015,0.101205784906913,0.1,10.5278945030197,38.5119951663415,356.412188268613,0,6.05326999579277,24.2130799831711,1.73001990066769,0,400,25,16.1420533221141,54.4794299621349,0.728429431860082,2.09423461659774,0.01375,0.011,0.01375,0.01375,0,0,0,0
26/08/2015,0.167426846947498,0.1,10.5781697092131,37.843866531191,356.767712301624,0,4.94448751358873,19.7779500543549,1.3517460680923,0,400,25,13.1853000362366,44.5003876222985,0.56915623919676,1.63632418769068,0.01375,0.011,0.01375,0.01375,0,0,0,0
27/08/2015,0.0725146049346581,0.1,10.6306419346675,34.9283301773006,357.10088148927,0,3.82532314479157,15.3012925791663,0.954445920877887,0,400,25,10.2008617194442,34.4279083031241,0.401871966685426,1.1553819042206,0.01375,0.011,0.01375,0.01375,0,0,0,0
28/08/2015,0.0124520645830454,0.1,10.6852956464909,14.2693274771311,357.4115972064,0,2.51855646552359,10.0742258620943,0.639450729840825,0,400,25,6.71615057472957,22.6670081897123,0.269242412564558,0.774071936123104,0.01375,0.011,0.01375,0.01375,0,0,0,0
29/08/2015,0.00823697126213467,0.1,10.7421146660246,7.51114765030783,357.69976747457,0,1.56856498397102,6.27425993588407,0.351170784541606,0,400,25,4.18283995725605,14.1170848557392,0.147861382964887,0.42510147602405,0.01375,0.011,0.01375,0.01375,0,0,0,0
30/08/2015,0.00645694234467175,0.1,10.8010821736331,6,357.965306989265,0,1.34484631315618,5.37938525262473,0.282001989922635,0,400,25,3.58625683508315,12.1036168184056,0.118737679967425,0.341370829906348,0.01375,0.011,0.01375,0.01375,0,0,0,0
31/08/2015,0.00534694670856351,0.1,10.862180713683,6,358.208137145153,0,1.3758668008053,5.5034672032212,0.29214202029396,0,400,25,3.6689781354808,12.3828012072477,0.123007166439562,0.353645603513741,0.01375,0.011,0.01375,0.01375,0,0,0,0
01/09/2015,0.00443622986960475,0.1,10.9253921997097,6,358.428186059355,0,1.40876023110178,5.63504092440713,0.302894281380122,0,400,25,3.75669394960476,12.6788420799161,0.127534434265315,0.36666149851278,0.01375,0.011,0.01375,0.01375,0,0,0,0
02/09/2015,0.0036954227548433,0.1,10.9906979197721,6,358.625388592724,0,1.44386895595237,5.77547582380949,0.31437068176139,0,400,25,3.850317215873,12.9948206035714,0.132366602846901,0.380553983184841,0.01375,0.011,0.01375,0.01375,0,0,0,0
03/09/2015,0.00879073209352693,0.1,11.0580785419912,27.8418441484534,358.799686369124,0,5.53197525912863,22.1279010365145,1.60977625766226,0,400,25,14.751934024343,49.7877773321577,0.677800529542003,1.94867652243326,0.01375,0.011,0.01375,0.01375,0,0,0,0
04/09/2015,0.0071262442983647,0.1,11.1275141202729,27.1745445015078,358.951027792715,0,5.10979059655105,20.4391623862042,1.46345368204619,0,400,25,13.6261082574695,45.9881153689594,0.616191024019447,1.77154919405591,0.01375,0.011,0.01375,0.01375,0,0,0,0
05/09/2015,0.00310295962721367,0.1,11.1989841002127,15.3553028652292,359.079368063225,0,3.28488816136055,13.1395526454422,0.898661186878503,0,400,25,8.75970176362813,29.5639934522449,0.378383657633054,1.08785301569503,0.01375,0.011,0.01375,0.01375,0,0,0,0
06/09/2015,0.00302248302510386,0.1,11.2724673251798,17.3419362518535,359.184669189209,0,3.54898698435453,14.1959479374181,0.977712198929299,0,400,25,9.46396529161207,31.9408828591908,0.41166829428602,1.18354634607231,0.01375,0.011,0.01375,0.01375,0,0,0,0
07/09/2015,0.00228999730549208,0.1,11.3479420425803,15.8364631763065,359.2668999993,0,3.3988041062843,13.5952164251372,0.933549452349574,0,400,25,9.06347761675814,30.5892369565587,0.393073453620873,1.13008617916001,0.01375,0.011,0.01375,0.01375,0,0,0,0
08/09/2015,0.00179896662096065,0.1,11.4253859102962,12.198184366814,359.326036151433,0,2.72224080380523,10.8889632152209,0.717938826840021,0,400,25,7.25930881014729,24.5001672342471,0.302290032353693,0.869083843016868,0.01375,0.011,0.01375,0.01375,0,0,0,0
09/09/2015,0.00129145374733221,0.1,11.5047760032994,6,359.362060140052,0,1.72891964069362,6.91567856277448,0.407548539999389,0,400,25,4.61045237518299,15.5602767662426,0.171599385262901,0.49334823263084,0.01375,0.011,0.01375,0.01375,0,0,0,0
10/09/2015,0.00117211476106664,0.1,11.5860888204375,6,359.374961301293,0,1.76405817803272,7.05623271213087,0.419034685538191,0,400,25,4.70415514142058,15.8765236022945,0.176435657068712,0.507252514072547,0.01375,0.011,0.01375,0.01375,0,0,0,0
11/09/2015,0.000991314749626906,0.1,11.6693002913912,6,359.364735816136,0,1.81993668131611,7.27974672526443,0.437300346826525,0,400,25,4.85316448350962,16.379430131845,0.184126461821695,0.529363577737372,0.01375,0.011,0.01375,0.01375,0,0,0,0
12/09/2015,0.000946779157739887,0.1,11.7543857837993,6,359.331386711544,0,1.83945720646521,7.35782882586086,0.443681249670964,0,400,25,4.90521921724057,16.5551148581869,0.186813157756195,0.537087828549062,0.01375,0.011,0.01375,0.01375,0,0,0,0
13/09/2015,0.000852672288797149,0.1,11.8413201105505,6,359.274923859559,0,1.87774417741545,7.51097670966178,0.456196560605233,0,400,25,5.00731780644119,16.899697596739,0.192082762360098,0.552237941785282,0.01375,0.011,0.01375,0.01375,0,0,0,0
14/09/2015,0.000784379495994774,0.1,11.9300775372393,6,359.195363974383,0,1.90877106834222,7.63508427336888,0.466338684090974,0,400,25,5.09005618224592,17.17893961508,0.196353130143568,0.564515249162759,0.01375,0.011,0.01375,0.01375,0,0,0,0
15/09/2015,0.000627713775037315,0.1,12.0206317897838,6,359.09273060743,0,2.00485403924194,8.01941615696774,0.49774645092271,0,400,25,5.3462774379785,18.0436863531774,0.209577453020088,0.602535177432754,0.01375,0.011,0.01375,0.01375,0,0,0,0
16/09/2015,0.000711358290191561,0.1,12.1129560622039,6,358.967054140356,0,1.94086023378222,7.76344093512887,0.476828045697167,0,400,25,5.17562729008592,17.46774210404,0.200769703451439,0.577212897422887,0.01375,0.011,0.01375,0.01375,0,0,0,0
17/09/2015,0.000657413831415829,0.1,12.2070230245555,6,358.818371776061,0,1.96940254683577,7.87761018734307,0.486158006093166,0,400,25,5.25174012489538,17.7246229215219,0.204698107828701,0.588507060007517,0.01375,0.011,0.01375,0.01375,0,0,0,0
18/09/2015,0.00163423011218097,0.1,12.3028048310218,25.6586427752682,358.646727527679,0,5.37563061730134,21.5025224692053,1.56366448056539,0,400,25,14.3350149794702,48.380675555712,0.658385044448583,1.89285700278968,0.01375,0.011,0.01375,0.01375,0,0,0,0
19/09/2015,0.00338646056504539,0.1,12.4002731281556,32.9068112037939,358.452172205552,0,6.49230760216369,25.9692304086547,1.91189153560028,0,400,25,17.3128202724365,58.4307684194732,0.805006962358011,2.31439501677928,0.01375,0.011,0.01375,0.01375,0,0,0,0
20/09/2015,0.00604164435757629,0.1,12.4993990632724,35.934191869401,358.234763402183,0,6.9689779136403,27.8759116545612,2.06096050606068,0,400,25,18.5839411030408,62.7208012227627,0.867772844657127,2.49484692838924,0.01375,0.011,0.01375,0.01375,0,0,0,0
21/09/2015,0.00359785904762227,0.1,12.600153292992,33.5863836740654,357.994565475191,0,6.33025495997521,25.3210198399008,1.84916037807976,0,400,25,16.8806798932672,56.9722946397769,0.778593843402004,2.23845729978076,0.01375,0.011,0.01375,0.01375,0,0,0,0
22/09/2015,0.00048415049234086,0.1,12.7025059919243,6,357.73164952826,0,2.07767317139266,8.31069268557063,0.521549694120365,0,400,25,5.54046179038042,18.6990585425339,0.219599871208575,0.631349629724652,0.01375,0.011,0.01375,0.01375,0,0,0,0
23/09/2015,0.000984298675890479,0.1,12.8064268614986,20.0216349133268,357.446093390089,0,4.44542599404068,17.7817039761627,1.27011425669461,0,400,25,11.8544693174418,40.0088339463662,0.534784950187202,1.53750673178821,0.01375,0.011,0.01375,0.01375,0,0,0,0
24/09/2015,0.000905281038232944,0.1,12.9118851389321,17.9592204790434,357.137981591355,0,3.90867781367325,15.634711254693,1.09330151301314,0,400,25,10.423140836462,35.1781003230592,0.460337479163426,1.32347025259485,0.01375,0.011,0.01375,0.01375,0,0,0,0
25/09/2015,0.000877134949679032,0.1,13.0188496063369,17.9058727463157,356.807405339689,0,4.07072433965639,16.2828973586255,1.15129057308722,0,400,25,10.8552649057504,36.6365190569075,0.484753925510408,1.39366753584242,0.01375,0.011,0.01375,0.01375,0,0,0,0
26/09/2015,0.00222542631815734,0.1,13.1272885999607,30.9222543578912,356.454462492675,0,6.22468276514035,24.8987310605614,1.82991255177516,0,400,25,16.5991540403743,56.0221448862631,0.770489495484278,2.2151572995173,0.01375,0.011,0.01375,0.01375,0,0,0,0
27/09/2015,0.00165891337970702,0.1,13.2371700195604,27.8869473115897,356.079257528887,0,5.45363947121095,21.8145578848438,1.57588027782253,0,400,25,14.5430385898959,49.0827552408985,0.663528538030539,1.9076445468378,0.01375,0.011,0.01375,0.01375,0,0,0,0
28/09/2015,0.000478007402578947,0.1,13.3484613379039,6,355.681901516956,0,2.04946127923735,8.19784511694939,0.512327742276048,0,400,25,5.46523007796626,18.4451515131361,0.215716944116231,0.620186214334164,0.01375,0.011,0.01375,0.01375,0,0,0,0
29/09/2015,0.000482971687433528,0.1,13.4611296103994,6,355.262512082693,0,2.03691852162439,8.14767408649756,0.508227744088587,0,400,25,5.4317827243317,18.3322666946195,0.213990629089931,0.615223058633552,0.01375,0.011,0.01375,0.01375,0,0,0,0
30/09/2015,0.00049688956148917,0.1,13.5751414848473,6,354.82121337427,0,2.01530278682382,8.06121114729529,0.501161955508617,0,400,25,5.37414076486353,18.1377250814144,0.211015560214154,0.606669735615694,0.01375,0.011,0.01375,0.01375,0,0,0,0
01/10/2015,0.000452071495944452,0.1,13.6904632113135,6,354.35813602547,0,2.06036643858711,8.24146575434845,0.515892439525864,0,400,25,5.49431050289896,18.543297947284,0.217217869274048,0.624501374162888,0.01375,0.011,0.01375,0.01375,0,0,0,0
02/10/2015,0.000372454301142688,0.1,13.8070606521197,6,353.873417117015,0,2.17610796124666,8.70443184498666,0.553726227578019,0,400,25,5.80295456332444,19.58497165122,0.233147885296008,0.670300170226023,0.01375,0.011,0.01375,0.01375,0,0,0,0
03/10/2015,0.000337840277887909,0.1,13.9248992919492,6,353.367200135988,0,2.24356915937354,8.97427663749415,0.575778060084007,0,400,25,5.98285109166277,20.1921224343618,0.242432867403792,0.696994493785903,0.01375,0.011,0.01375,0.01375,0,0,0,0
04/10/2015,0.000366419100275333,0.1,14.0439442480639,6,352.839634933357,0,2.18364667079126,8.73458668316505,0.55619049392378,0,400,25,5.8230577887767,19.6528200371214,0.234185471125802,0.673283229486681,0.01375,0.011,0.01375,0.01375,0,0,0,0
05/10/2015,0.00032408476556619,0.1,14.1641602806307,6,352.290877679617,0,2.27122543270986,9.08490173083943,0.584818390292869,0,400,25,6.05660115389295,20.4410288943887,0.246239322228576,0.707938051407157,0.01375,0.011,0.01375,0.01375,0,0,0,0
06/10/2015,0.000302367728177303,0.1,14.2855118031529,6,351.721090818561,0,2.32596303603947,9.30385214415787,0.602711112241473,0,400,25,6.20256809610525,20.9336673243552,0.253773099891146,0.729597662187046,0.01375,0.011,0.01375,0.01375,0,0,0,0
07/10/2015,0.000437232557309859,0.1,14.4079628930047,6,351.13044301919,0,2.06815437137156,8.27261748548624,0.518438172393038,0,400,25,5.51507832365749,18.613389342344,0.218289756797069,0.627583050791573,0.01375,0.011,0.01375,0.01375,0,0,0,0
08/10/2015,0.000448562197030141,0.1,14.5314773020651,6,350.519109125787,0,2.04860124391656,8.19440497566623,0.512046612450758,0,400,25,5.46293665044416,18.437411195249,0.215598573663477,0.619845899282497,0.01375,0.011,0.01375,0.01375,0,0,0,0
09/10/2015,0.000384236402174885,0.1,14.6560184674478,6,349.887270106158,0,2.13547657437383,8.54190629749532,0.540444569933565,0,400,25,5.69460419833022,19.2192891693645,0.22755560839308,0.654222374130106,0.01375,0.011,0.01375,0.01375,0,0,0,0
10/10/2015,0.000377930451933928,0.1,14.7815495223251,6,349.235112998059,0,2.14212516178885,8.56850064715539,0.542617871626217,0,400,25,5.71233376477026,19.2791264560996,0.228470682789986,0.65685321302121,0.01375,0.011,0.01375,0.01375,0,0,0,0
11/10/2015,0.000384434109300751,0.1,14.908033306841,6,348.562830853834,0,2.1271801524646,8.50872060985841,0.537732621266463,0,400,25,5.67248040657227,19.1446213721814,0.22641373527009,0.650939488901507,0.01375,0.011,0.01375,0.01375,0,0,0,0
12/10/2015,0.000857558477642305,0.1,15.0354323791111,25.4324942715787,347.870622683264,0,5.54066682353448,22.1626672941379,1.61971080175559,0,400,25,14.7751115294253,49.8660014118103,0.681983495476038,1.96070254949361,0.01375,0.011,0.01375,0.01375,0,0,0,0
13/10/2015,0.000911842684242159,0.1,15.1637090263067,21.3714754751695,347.158693394657,0,4.41632487840066,17.6652995136026,1.25106184124615,0,400,25,11.7768663424017,39.7469239056059,0.526762880524693,1.51444328150849,0.01375,0.011,0.01375,0.01375,0,0,0,0
14/10/2015,0.00199934110120297,0.1,15.292825275818,32.6657454397426,346.427253734189,0,6.64442545540908,26.5777018216363,1.96661417323676,0,400,25,17.7184678810909,59.7998290986817,0.828048072941795,2.38063820970766,0.01375,0.011,0.01375,0.01375,0,0,0,0
15/10/2015,0.00160391575357211,0.1,15.4227429064953,31.0523701088672,345.676520223521,0,6.0836700787319,24.3346803149276,1.7773210169069,0,400,25,16.2231202099517,54.7530307085871,0.748345691329219,2.15149386257151,0.01375,0.011,0.01375,0.01375,0,0,0,0
16/10/2015,0.000230611106488876,0.1,15.553423459963,6,344.906715095704,0,2.51236658675101,10.0494663470041,0.663643025592344,0,400,25,6.69964423133604,22.6112992807591,0.279428642354671,0.80335734676968,0.01375,0.011,0.01375,0.01375,0,0,0,0
17/10/2015,0.000294868717290584,0.1,15.6848282520041,6,344.11806622939,0,2.28958301025357,9.15833204101429,0.590819146823287,0,400,25,6.10555469400953,20.6062470922821,0.248765956557174,0.715202125101874,0.01375,0.011,0.01375,0.01375,0,0,0,0
18/10/2015,0.000394135138100605,0.1,15.8169183840117,6,343.310807081381,0,2.08665491045776,8.34661964183104,0.52448566043842,0,400,25,5.56441309455403,18.7798941941198,0.220836067553019,0.634903694214929,0.01375,0.011,0.01375,0.01375,0,0,0,0
19/10/2015,0.000310164072969533,0.1,15.9496547545038,6,342.485176617513,0,2.23931203662475,8.95724814649901,0.574386484475802,0,400,25,5.97149876433267,20.1538083296228,0.241846940831917,0.695309954891761,0.01375,0.011,0.01375,0.01375,0,0,0,0
20/10/2015,0.000262789095484576,0.1,16.0829980706979,6,341.641419241926,0,2.36796450433181,9.47185801732723,0.616440624457463,0,400,25,6.31457201155148,21.3116805389863,0.259553947139984,0.746217598027455,0.01375,0.011,0.01375,0.01375,0,0,0,0
21/10/2015,0.000626796596803482,0.1,16.2169088601428,17.0797686186454,340.779784724706,0,3.96170958892323,15.8468383556929,1.11717827167013,0,400,25,10.5645589037953,35.655386300309,0.47039085122953,1.3523736972849,0.01375,0.011,0.01375,0.01375,0,0,0,0
22/10/2015,0.00229213283783159,0.1,16.3513474824032,33.6281838418677,339.900528127956,0,6.73524557123731,26.9409822849493,1.99284615477426,0,400,25,17.9606548566328,60.6172101411358,0.839093117799687,2.4123927136741,0.01375,0.011,0.01375,0.01375,0,0,0,0
23/10/2015,0.00295149180682199,0.1,16.486274140794,34.8648305402218,339.003909730285,0,6.74578001852439,26.9831200740976,1.98821798000223,0,400,25,17.988746716065,60.7120201667195,0.837144412632516,2.40679018631848,0.01375,0.011,0.01375,0.01375,0,0,0,0
24/10/2015,0.00123134628506237,0.1,16.6216488941613,29.6137143701684,338.090194949768,0,5.88615983682087,23.5446393472835,1.7162994042138,0,400,25,15.6964262315223,52.9754385313878,0.7226523807216,2.0776255945746,0.01375,0.011,0.01375,0.01375,0,0,0,0
25/10/2015,0.000279559761413666,0.1,16.7574316687051,6,337.159654265367,0,2.28024135388131,9.12096541552523,0.587765530116655,0,400,25,6.08064361035015,20.5221721849318,0.247480223207013,0.711505641720161,0.01375,0.011,0.01375,0.01375,0,0,0,0
26/10/2015,0.00030003506940234,0.1,16.893582269843,6,336.212563136873,0,2.22170822072451,8.88683288289803,0.568632118848195,0,400,25,5.92455525526535,19.9953739865206,0.239424050041345,0.688344143868868,0.01375,0.011,0.01375,0.01375,0,0,0,0
27/10/2015,0.00592847319186155,0.1,17.0300603941077,37.4999112731523,335.249201923357,0,7.39154324542984,29.5661729817194,2.20058827696794,0,400,25,19.7107819878129,66.5238892088686,0.926563485039132,2.6638700194875,0.01375,0.011,0.01375,0.01375,0,0,0,0
28/10/2015,0.00470889717125191,0.1,17.1668256410784,36.8357500455069,334.269855800181,0,6.84768245062025,27.390729802481,2.01087629278221,0,400,25,18.2604865349873,61.6291420555823,0.846684754855667,2.43421867021004,0.01375,0.011,0.01375,0.01375,0,0,0,0
29/10/2015,0.000239188381863025,0.1,17.3038375253397,6,333.27481467458,0,2.37824442081859,9.51297768327436,0.61980094124454,0,400,25,6.3419851221829,21.4041997873673,0.260968817366122,0.750285349927601,0.01375,0.011,0.01375,0.01375,0,0,0,0
30/10/2015,0.000268248413501469,0.1,17.4410554884664,6,332.264373099842,0,2.27724555510636,9.10898222042544,0.586786258259038,0,400,25,6.07265481361696,20.4952099959572,0.247067898214332,0.710320207366203,0.01375,0.011,0.01375,0.01375,0,0,0,0
31/10/2015,0.000289313903168689,0.1,17.5784389110296,6,331.238830188116,0,2.21455645292276,8.85822581169105,0.566294336685044,0,400,25,5.9054838744607,19.9310080763049,0.238439720709492,0.68551419703979,0.01375,0.011,0.01375,0.01375,0,0,0,0
01/11/2015,0.00175294573071982,0.1,17.7159471246209,33.8034409392218,330.198489521866,0,6.91504627181547,27.6601850872619,2.05442335546853,0,400,25,18.4401233915079,62.2354164463392,0.865020360197274,2.48693353556716,0.01375,0.011,0.01375,0.01375,0,0,0,0
02/11/2015,0.0098479512265814,0.1,17.853539423891,38.5950958818758,329.143659064006,0,7.53334700197429,30.1333880078972,2.2435552108622,0,400,25,20.0889253385981,67.8001230177687,0.94465482562619,2.7158826236753,0.01375,0.011,0.01375,0.01375,0,0,0,0
03/11/2015,0.0070071819168646,0.1,17.9911750785997,37.8657708299737,328.074651066735,0,6.95557147433101,27.822285897324,2.04229035082825,0,400,25,18.548190598216,62.6001432689791,0.859911726664528,2.47224621416052,0.01375,0.011,0.01375,0.01375,0,0,0,0
04/11/2015,0.00129151316150531,0.1,18.1288133456723,28.7375430849201,326.991781979106,0,5.87053917922565,23.4821567169026,1.71905161613796,0,400,25,15.6547711446017,52.8348526130309,0.723811206794932,2.08095721953543,0.01375,0.011,0.01375,0.01375,0,0,0,0
05/11/2015,0.0217194040318365,0.1,18.2664134812612,39.3179560419242,325.895372353347,0,7.64480599226255,30.5792239690502,2.27839623914561,0,400,25,20.3861493127001,68.8032539303629,0.959324732271836,2.75805860528153,0.01375,0.011,0.01375,0.01375,0,0,0,0
06/11/2015,0.0296738562349544,0.1,18.4039347528061,38.3105166728003,324.785746749974,0,7.0503419132443,28.2013676529772,2.07421897036323,0,400,25,18.8009117686515,63.4530772191987,0.873355355942413,2.51089664833444,0.01375,0.011,0.01375,0.01375,0,0,0,0
07/11/2015,0.022416088179571,0.1,18.5413364510926,36.1149984415674,323.663233641712,0,6.49585198964225,25.983407958569,1.89363037754499,0,400,25,17.3222719723793,58.4626679067803,0.797318053703154,2.29228940439657,0.01375,0.011,0.01375,0.01375,0,0,0,0
08/11/2015,0.00997191414593224,0.1,18.678577902302,32.7066468568198,322.528165316262,0,5.80742196762837,23.2296878705135,1.67435222820849,0,400,25,15.4864585803423,52.2667977086553,0.704990411877259,2.02684743414712,0.01375,0.011,0.01375,0.01375,0,0,0,0
09/11/2015,0.00229866500566625,0.1,18.8156184800527,6,321.380877777935,0,0.996552630005148,3.98621052002059,0.168151151559286,0,400,25,2.65747368001373,8.96897367004633,0.0708004848670679,0.20355139399282,0.01375,0.011,0.01375,0.01375,0,0,0,0
10/11/2015,0.00184169128404485,0.1,18.9524176174254,6,320.221710648189,0,1.01148838447745,4.0459535379098,0.173033376677114,0,400,25,2.69730235860653,9.10339546029704,0.0728561586008901,0.209461455977559,0.01375,0.011,0.01375,0.01375,0,0,0,0
11/11/2015,0.00170446349152522,0.1,19.0889348189725,6,319.05100706509,0,1.09408031877206,4.37632127508825,0.200031170252987,0,400,25,2.9175475167255,9.84672286894855,0.0842236506328367,0.242142995569406,0.01375,0.011,0.01375,0.01375,0,0,0,0
12/11/2015,0.0050438413395283,0.1,19.2251296727055,30.1087023977591,317.869113581744,0,5.85753610608372,23.4301444243349,1.71202995081279,0,400,25,15.6200962828899,52.7178249547535,0.720854716131703,2.07245730887865,0.01375,0.011,0.01375,0.01375,0,0,0,0
13/11/2015,0.00960941365825953,0.1,19.3609618620575,35.7078857011431,316.676380063702,0,6.8303789370623,27.3215157482492,2.01575044362685,0,400,25,18.2143438321661,61.4734104335607,0.848737028895517,2.44011895807461,0.01375,0.011,0.01375,0.01375,0,0,0,0
14/11/2015,0.0107246172422848,0.1,19.496391177818,36.5351733509866,315.473159585395,0,6.9202110282834,27.6808441131336,2.04131322942705,0,400,25,18.4538960754224,62.2818992545506,0.859500307127178,2.47106338299064,0.01375,0.011,0.01375,0.01375,0,0,0,0
15/11/2015,0.0148376814101824,0.1,19.6313775300357,37.7837171701805,314.259808325618,0,7.22818770570741,28.9127508228297,2.14165586003248,0,400,25,19.2751672152198,65.0536893513667,0.901749835803149,2.59253077793405,0.01375,0.011,0.01375,0.01375,0,0,0,0
16/11/2015,0.00842003874792521,0.1,19.7658809598859,36.6356039098172,313.036685462092,0,6.73195521869261,26.9278208747704,1.97287618088185,0,400,25,17.9518805831803,60.5875969682335,0.830684707739724,2.38821853475171,0.01375,0.011,0.01375,0.01375,0,0,0,0
17/11/2015,0.000565777644427653,0.1,19.899861651499,6,311.80415306514,0,1.3500236875649,5.40009475025959,0.283694378976667,0,400,25,3.60006316683972,12.1502131880841,0.119450264832281,0.343419511392807,0.01375,0.011,0.01375,0.01375,0,0,0,0
18/11/2015,0.000403065955524596,0.1,20.0332799437473,6,310.562575990505,0,1.3932070688049,5.57282827521961,0.297810236930389,0,400,25,3.71521885014641,12.5388636192441,0.12539378397069,0.360507128915734,0.01375,0.011,0.01375,0.01375,0,0,0,0
19/11/2015,0.000411274263851756,0.1,20.166096341985,6,309.31232177135,0,1.47803929131355,5.91215716525421,0.325540339771926,0,400,25,3.94143811016948,13.302353621822,0.137069616746074,0.394075148144963,0.01375,0.011,0.01375,0.01375,0,0,0,0
20/11/2015,0.000174243699329124,0.1,20.2982715297398,6,308.053760509454,0,1.59276423575952,6.37105694303808,0.363041826988673,0,400,25,4.24737129535872,14.3348781218357,0.15285971662681,0.439471685302077,0.01375,0.011,0.01375,0.01375,0,0,0,0
21/11/2015,0.000371962478611196,0.1,20.4297663803513,6,306.787264765657,0,1.60354975075146,6.41419900300586,0.366567414684964,0,400,25,4.27613266867057,14.4319477567632,0.154344174604195,0.443739501987062,0.01375,0.011,0.01375,0.01375,0,0,0,0
22/11/2015,0.000436266596602376,0.1,20.5605419685534,6,305.513209449576,0,1.62689340024435,6.50757360097739,0.374198026992315,0,400,25,4.33838240065159,14.6420406021991,0.157557063996764,0.452976558990697,0.01375,0.011,0.01375,0.01375,0,0,0,0
23/11/2015,0.000183461038105959,0.1,20.6905595819968,6,304.231971708621,0,2.19979594190135,8.79918376760539,0.561469395447937,0,400,25,5.86612251173693,19.7981634771121,0.236408166504394,0.679673478700134,0.01375,0.011,0.01375,0.01375,0,0,0,0
24/11/2015,0.000140773360047983,0.1,20.8197807327088,6,302.94393081635,0,2.41020447542966,9.64081790171864,0.630248098880848,0,400,25,6.4272119344791,21.691840278867,0.26536762058141,0.762931909171552,0.01375,0.011,0.01375,0.01375,0,0,0,0
25/11/2015,4.93321748674382e-05,0.1,20.9481671684868,6,301.649468060202,0,3.85714285714286,15.4285714285714,1.10322580645161,0,400,25,10.2857142857143,34.7142857142857,0.464516129032258,1.33548387096774,0.01375,0.011,0.01375,0.01375,0,0,0,0
26/11/2015,4.0120433358193e-05,0.1,21.0756808842214,6,300.348966628621,0,3.85714285714286,15.4285714285714,1.10322580645161,0,400,25,10.2857142857143,34.7142857142857,0.464516129032258,1.33548387096774,0.01375,0.011,0.01375,0.01375,0,0,0,0
27/11/2015,0.000184485484985015,0.1,21.2022841331467,6,299.042811497628,0,2.20421637861163,8.8168655144465,0.562914355404845,0,400,25,5.87791034296433,19.8379474075046,0.237016570696777,0.681422640753233,0.01375,0.011,0.01375,0.01375,0,0,0,0
28/11/2015,0.000243013926019235,0.1,21.3279394380145,6,297.73138931686,0,2.03152531297919,8.12610125191676,0.506464802768005,0,400,25,5.41740083461117,18.2837278168127,0.213248338007581,0.613088971771796,0.01375,0.011,0.01375,0.01375,0,0,0,0
29/11/2015,0.00531367733011101,0.1,21.4526096021881,37.8766135671891,296.41508829511,0,7.50192143018336,30.0076857207334,2.23743277668625,0,400,25,20.0051238138223,67.5172928716503,0.942076958604739,2.70847125598862,0.01375,0.011,0.01375,0.01375,0,0,0,0
30/11/2015,0.00415306552346115,0.1,21.5762577206533,37.2309472234445,295.094298085414,0,6.99193750938451,27.967750037538,2.05975629386163,0,400,25,18.645166691692,62.9274375844606,0.867265807941737,2.49338919783249,0.01375,0.011,0.01375,0.01375,0,0,0,0
01/12/2015,5.06030117719046e-05,0.1,21.6988471909432,6,293.769409669701,0,3.85714285714286,15.4285714285714,1.10322580645161,0,400,25,10.2857142857143,34.7142857142857,0.464516129032258,1.33548387096774,0.01375,0.011,0.01375,0.01375,0,0,0,0
02/12/2015,0.000139053439236041,0.1,21.8203417239731,6,292.440815243058,0,2.40801552118356,9.63206208473425,0.62953256975094,0,400,25,6.42137472315617,21.6721396906521,0.265066345158291,0.762065742330086,0.01375,0.011,0.01375,0.01375,0,0,0,0
03/12/2015,0.000176944183420616,0.1,21.9407053547832,6,291.108908097629,0,2.20923306192352,8.8369322476941,0.564554217476691,0,400,25,5.8912881651294,19.8830975573117,0.237707038937554,0.683407736945469,0.01375,0.011,0.01375,0.01375,0,0,0,0
04/12/2015,0.000165182280929364,0.1,22.0599024531845,6,289.774082506192,0,2.25339617851645,9.01358471406582,0.578990333008144,0,400,25,6.00905647604388,20.2805656066481,0.24378540337185,0.700883034694069,0.01375,0.011,0.01375,0.01375,0,0,0,0
05/12/2015,8.2437357959314e-05,0.1,22.1778977343065,6,288.436733605447,0,2.99697110968561,11.9878844387424,0.822051385777416,0,400,25,7.99192295916163,26.9727399871705,0.346126899274701,0.995114835414767,0.01375,0.011,0.01375,0.01375,0,0,0,0
06/12/2015,6.5819549151924e-05,0.1,22.294656269042,6,287.097257279049,0,3.36646999874963,13.4658799949985,0.942833818331677,0,400,25,8.97725332999902,30.2982299887467,0.39698266035018,1.14132514850677,0.01375,0.011,0.01375,0.01375,0,0,0,0
07/12/2015,0.000145143186814559,0.1,22.4101434943871,6,285.756050040415,0,2.34338334178638,9.37353336714552,0.608405491754442,0,400,25,6.24902224476368,21.0904500760774,0.256170733370291,0.736490858439588,0.01375,0.011,0.01375,0.01375,0,0,0,0
08/12/2015,0.000233597647373417,0.1,22.5243252236724,6,284.413508915348,0,2.02012711513287,8.08050846053146,0.502738940246196,0,400,25,5.38700564035431,18.1811440361958,0.211679553787872,0.608578717140132,0.01375,0.011,0.01375,0.01375,0,0,0,0
09/12/2015,0.00366689776261161,0.1,22.637167656683,37.6727743194237,283.070031324511,0,7.54889229822984,30.1955691929194,2.25516232519625,0,400,25,20.1303794619462,67.9400306840685,0.94954203166158,2.72993334102704,0.01375,0.011,0.01375,0.01375,0,0,0,0
10/12/2015,0.00295205479725045,0.1,22.7486373896641,36.5552196759864,281.726014965779,0,6.90952640336962,27.6381056134785,2.0349611768623,0,400,25,18.425403742319,62.1857376303266,0.856825758678861,2.46337405620173,0.01375,0.011,0.01375,0.01375,0,0,0,0
11/12/2015,1.67622746521321e-05,0.1,22.8587014252095,6,280.381857696517,0,3.85714285714286,15.4285714285714,1.10322580645161,0,400,25,10.2857142857143,34.7142857142857,0.464516129032258,1.33548387096774,0.01375,0.011,0.01375,0.01375,0,0,0,0
12/12/2015,0.000115674709831625,0.1,22.9673271820289,6,279.037957415799,0,2.51939837755202,10.0775935102081,0.665941589467082,0,400,25,6.71839567347206,22.6745853979682,0.280396458722982,0.806139818828573,0.01375,0.011,0.01375,0.01375,0,0,0,0
13/12/2015,0.000112747351888805,0.1,23.0744825045931,6,277.694711946626,0,2.53596482478768,10.1438592991507,0.671356858240889,0,400,25,6.76257286610049,22.8236834230892,0.282676571890901,0.81269514418634,0.01375,0.011,0.01375,0.01375,0,0,0,0
14/12/2015,4.24095289771693e-05,0.1,23.180135672653,6,276.352518918163,0,3.85714285714286,15.4285714285714,1.10322580645161,0,400,25,10.2857142857143,34.7142857142857,0.464516129032258,1.33548387096774,0.01375,0.011,0.01375,0.01375,0,0,0,0
15/12/2015,0.000160540552789368,0.1,23.2842554106286,6,275.011775648026,0,2.2167629708222,8.86705188328881,0.567015607052173,0,400,25,5.91136792219254,19.9508667373998,0.238743413495652,0.686387313799999,0.01375,0.011,0.01375,0.01375,0,0,0,0
16/12/2015,0.00320063031807937,0.1,23.3868108968681,36.7127675099105,273.672879024676,0,7.26114372367261,29.0445748946904,2.15979776376631,0,400,25,19.3630499297936,65.3502935130535,0.909388532112131,2.61449202982238,0.01375,0.011,0.01375,0.01375,0,0,0,0
17/12/2015,0.00243951639840771,0.1,23.4877717727713,36.114990028169,272.336225389925,0,6.84933265426233,27.3973306170493,2.01651020940641,0,400,25,18.2648870780329,61.643993888361,0.849056930276384,2.4410386745446,0.01375,0.011,0.01375,0.01375,0,0,0,0
18/12/2015,4.4795416917566e-05,0.1,23.5871081517765,6,271.002210421614,0,3.85714285714286,15.4285714285714,1.10322580645161,0,400,25,10.2857142857143,34.7142857142857,0.464516129032258,1.33548387096774,0.01375,0.011,0.01375,0.01375,0,0,0,0
19/12/2015,2.23616834466344e-05,0.1,23.6847906282074,6,269.671229016481,0,3.85714285714286,15.4285714285714,1.10322580645161,0,400,25,10.2857142857143,34.7142857142857,0.464516129032258,1.33548387096774,0.01375,0.011,0.01375,0.01375,0,0,0,0
20/12/2015,4.4118686209975e-06,0.1,23.7807902859783,6,268.343675173266,0,3.85714285714286,15.4285714285714,1.10322580645161,0,400,25,10.2857142857143,34.7142857142857,0.464516129032258,1.33548387096774,0.01375,0.011,0.01375,0.01375,0,0,0,0
21/12/2015,0.000143978430697045,0.1,23.8750787071532,6,267.019941876079,0,2.25392642337815,9.0157056935126,0.579163660360784,0,400,25,6.01047046234174,20.2853378104034,0.243858383309804,0.701092852015686,0.01375,0.011,0.01375,0.01375,0,0,0,0
22/12/2015,0.0334079043721527,0.1,23.9676279803587,39.2701817169682,265.700420978066,0,7.62522319362767,30.5008927745107,2.27216761342979,0,400,25,20.3339285163405,68.6270087426491,0.956702153023068,2.75051868994132,0.01375,0.011,0.01375,0.01375,0,0,0,0
23/12/2015,0.0527171305125069,0.1,24.0584107090458,38.0647790923485,264.385503085413,0,7.00699814109848,28.0279925643939,2.08246143136687,0,400,25,18.6853283762626,63.0629832698863,0.876825865838683,2.52087436428621,0.01375,0.011,0.01375,0.01375,0,0,0,0
24/12/2015,0.0203767197107744,0.1,24.1474000196006,33.5653155672175,263.07557744172,0,5.6573566588707,22.6294266354828,1.61469978680184,0,400,25,15.0862844236552,50.9162099298363,0.67987359444288,1.95463658402328,0.01375,0.011,0.01375,0.01375,0,0,0,0
25/12/2015,0.00303080072911259,0.1,24.2345695692986,6,261.771031812774,0,0.916334354813418,3.66533741925367,0.141929263754678,0,400,25,2.44355827950245,8.24700919332077,0.0597596900019697,0.171809108755663,0.01375,0.011,0.01375,0.01375,0,0,0,0
26/12/2015,0.0024734725661905,0.1,24.3198935541034,6,260.472252371766,0,0.930757913028035,3.72303165211214,0.146644061278596,0,400,25,2.48202110140809,8.37682121725232,0.0617448679067772,0.177516495231984,0.01375,0.011,0.01375,0.01375,0,0,0,0
27/12/2015,0.00593718764462734,0.1,24.4033467163048,28.1508534309444,259.17962358497,0,5.42539676683191,21.7015870673276,1.5745824855987,0,400,25,14.4677247115518,48.8285709014872,0.662982099199452,1.90607353519843,0.01375,0.011,0.01375,0.01375,0,0,0,0
28/12/2015,0.00508558985980907,0.1,24.484904351996,28.3867206724816,257.893528097937,0,5.19036905168404,20.7614762067362,1.4883940401913,0,400,25,13.8409841378241,46.7133214651564,0.626692227448968,1.80174015391578,0.01375,0.011,0.01375,0.01375,0,0,0,0
29/12/2015,0.00155700053374611,0.1,24.5645423183859,10.65968507916,256.614346622224,0,1.89027965161817,7.56111860647267,0.449228975044054,0,400,25,5.04074573764845,17.0125168645635,0.189149042123812,0.543803496105961,0.01375,0.011,0.01375,0.01375,0,0,0,0
30/12/2015,0.00104226941391911,0.1,24.6422370409468,6,255.342457822691,0,0.970227668202537,3.88091067281015,0.159546002754992,0,400,25,2.58727378187343,8.73204901382283,0.0671772643178914,0.193134634913938,0.01375,0.011,0.01375,0.01375,0,0,0,0
31/12/2015,0.000885803511274658,0.1,24.7179655203918,6,254.078238205414,0,1.01155301493881,4.04621205975523,0.173054503193515,0,400,25,2.69747470650349,9.10397713444927,0.0728650539762169,0.209487030181624,0.01375,0.011,0.01375,0.01375,0,0,0,0
01/01/2016,0.000687899701949578,0.1,24.8051371179797,6,252.59041410873,0,1.00932531200036,4.03730124800144,0.172326307824388,0,400,25,2.69153416533429,9.08392780800323,0.0725584453997422,0.208605530524259,0.01375,0.011,0.01375,0.01375,0,0,0,0
02/01/2016,0.000602483993773394,0.1,24.8764918925008,6,251.344251726306,0,1.06682055385008,4.26728221540031,0.191120451396769,0,400,25,2.84485481026688,9.60138498465071,0.0804717690091659,0.231356335901352,0.01375,0.011,0.01375,0.01375,0,0,0,0
03/01/2016,0.000545130259096746,0.1,24.9458110794992,6,250.106942079986,0,1.13354581288049,4.53418325152197,0.212931718864776,0,400,25,3.02278883434798,10.2019123159244,0.0896554605746424,0.257759449152097,0.01375,0.011,0.01375,0.01375,0,0,0,0
04/01/2016,0.00648332597687721,0.1,25.0130741590243,36.6564774954186,248.878851439682,0,7.1577679747832,28.6310718991328,2.12517183398591,0,400,25,19.0873812660885,64.4199117730488,0.894809193257226,2.57257643061452,0.01375,0.011,0.01375,0.01375,0,0,0,0
05/01/2016,0.0620677535711527,0.1,25.0782612197774,38.4460989296303,247.660343346284,0,6.93328584652137,27.7331433860855,2.03162175346487,0,400,25,18.4887622573903,62.3995726186923,0.855419685669419,2.45933159629958,0.01375,0.011,0.01375,0.01375,0,0,0,0
06/01/2016,0.0954788728614552,0.1,25.1413529650052,37.1097059274221,246.451778504046,0,5.94464893275763,23.7785957310305,1.72543240534728,0,400,25,15.8523971540203,53.5018403948186,0.726497854883064,2.08868133278881,0.01375,0.011,0.01375,0.01375,0,0,0,0
07/01/2016,0.0412502299394025,0.1,25.2023307182122,33.4880589377872,245.253514673805,0,4.56818198122665,18.2727279249066,1.22487980557651,0,400,25,12.1818186166044,41.1136378310398,0.515738865505899,1.48274923832946,0.01375,0.011,0.01375,0.01375,0,0,0,0
08/01/2016,0.0105304497891444,0.1,25.2611764286895,19.5586369072086,244.065906567085,0,3.45535730932143,13.8214292372857,0.936423543116066,0,400,25,9.21428615819049,31.0982157838929,0.394283597101501,1.13356534166682,0.01375,0.011,0.01375,0.01375,0,0,0,0
09/01/2016,0.00521913162096036,0.1,25.317872676858,6,242.889305741087,0,1.14021663904975,4.56086655619901,0.215112289999673,0,400,25,3.04057770413267,10.2619497514478,0.0905735957893361,0.260399087894341,0.01375,0.011,0.01375,0.01375,0,0,0,0
10/01/2016,0.00420461069063336,0.1,25.3724026794253,6,241.724060494622,0,1.1538426569345,4.61537062773801,0.219566386168452,0,400,25,3.07691375182534,10.3845839124105,0.0924490047025061,0.265790888519705,0.01375,0.011,0.01375,0.01375,0,0,0,0
11/01/2016,0.00336093650369937,0.1,25.4247502943533,6,240.570515765012,0,1.16589786259101,4.66359145036402,0.223507012533588,0,400,25,3.10906096690935,10.4930807633191,0.0941082158036162,0.270561120435396,0.01375,0.011,0.01375,0.01375,0,0,0,0
12/01/2016,0.00340062718069105,0.1,25.4749000256372,11.1494982013516,239.429013025974,0,2.21652612346514,8.86610449386056,0.557261735740496,0,400,25,5.91073632924037,19.9487351111863,0.234636520311788,0.674579995896389,0.01375,0.011,0.01375,0.01375,0,0,0,0
13/01/2016,0.0027297911148673,0.1,25.5228370278924,10.8836973216744,238.299890186543,0,2.11393108214206,8.45572432856825,0.521999326357676,0,400,25,5.63714955237883,19.0253797392786,0.219789190045337,0.631893921380345,0.01375,0.011,0.01375,0.01375,0,0,0,0
14/01/2016,0.00183810679234603,0.1,25.5685471107489,6,237.18348149104,0,1.23135478068541,4.92541912274166,0.244903682534341,0,400,25,3.28361274849444,11.0821930261687,0.103117340014459,0.296462352541571,0.01375,0.011,0.01375,0.01375,0,0,0,0
15/01/2016,0.0397266552046181,0.1,25.6120167430522,38.1144793783841,236.08011742013,0,6.98978990336572,27.9591596134629,2.05402380377301,0,400,25,18.6394397423086,62.9081091302915,0.864852127904427,2.48644986772523,0.01375,0.011,0.01375,0.01375,0,0,0,0
16/01/2016,0.037727850093104,0.1,25.6532330568687,36.6745213765983,234.990124592991,0,5.92208201992911,23.6883280797164,1.68399563577225,0,400,25,15.792218719811,53.298738179362,0.709050794009368,2.03852103277693,0.01375,0.011,0.01375,0.01375,0,0,0,0
17/01/2016,0.00338176723791395,0.1,25.6921838512949,10.8242156819574,233.91382567063,0,1.95233504433668,7.80934017734671,0.469242171839107,0,400,25,5.2062267848978,17.5710153990301,0.197575651300677,0.568029997489445,0.01375,0.011,0.01375,0.01375,0,0,0,0
18/01/2016,0.00231435791160001,0.1,25.7288575960691,6,232.851539260369,0,1.05714231737902,4.22856926951608,0.18795681280838,0,400,25,2.81904617967739,9.51428085641118,0.0791397106561601,0.22752666813646,0.01375,0.011,0.01375,0.01375,0,0,0,0
19/01/2016,0.00182167554278997,0.1,25.7632434349846,6,231.803579821526,0,1.05746409291247,4.22985637164987,0.188061995348345,0,400,25,2.81990424776658,9.5171768362122,0.0791839980414086,0.22765399436905,0.01375,0.011,0.01375,0.01375,0,0,0,0
20/01/2016,0.00149579161126467,0.1,25.7953311891033,6,230.770257572335,0,1.07769753403097,4.31079013612387,0.194675937391383,0,400,25,2.87386009074925,9.69927780627872,0.0819688157437401,0.235660345263253,0.01375,0.011,0.01375,0.01375,0,0,0,0
21/01/2016,0.00124660746157195,0.1,25.8251113597692,6,229.751878398107,0,1.10457344114964,4.41829376459856,0.203461180148454,0,400,25,2.94552917639904,9.94116097034677,0.0856678653256649,0.246295112811287,0.01375,0.011,0.01375,0.01375,0,0,0,0
22/01/2016,0.0128245461417368,0.1,25.8525751314198,36.5436577244966,228.74874376069,0,7.11839029775205,28.4735611910082,2.11220079966373,0,400,25,18.9823741273388,64.0655126797685,0.889347705121568,2.55687465222451,0.01375,0.011,0.01375,0.01375,0,0,0,0
23/01/2016,0.0234527060424358,0.1,25.8777143741959,38.3438318549282,227.761150609223,0,7.27598464717606,29.1039385887042,2.15450539062776,0,400,25,19.4026257258028,65.4838618245845,0.907160164474847,2.60808547286518,0.01375,0.011,0.01375,0.01375,0,0,0,0
24/01/2016,0.0153414870838263,0.1,25.9005216463481,37.7545056180458,226.789391292236,0,7.01785528994245,28.0714211597698,2.06671516293351,0,400,25,18.7142807731799,63.1606976094821,0.870195858077265,2.50181309197214,0.01375,0.011,0.01375,0.01375,0,0,0,0
25/01/2016,0.00418101350710895,0.1,25.9209901964399,33.0887468737123,225.833753471109,0,6.15300056403027,24.6120022561211,1.793128591372,0,400,25,16.4080015040807,55.3770050762724,0.755001512156633,2.17062934745032,0.01375,0.011,0.01375,0.01375,0,0,0,0
26/01/2016,0.00302044579262813,0.1,25.9391139653462,32.3669583661503,224.894520034914,0,6.37573631639647,25.5029452655859,1.87761947619365,0,400,25,17.0019635103906,57.3816268475682,0.790576621555222,2.27290778697126,0.01375,0.011,0.01375,0.01375,0,0,0,0
27/01/2016,0.00238215688131102,0.1,25.9548875880467,29.8666071182173,223.971969016682,0,5.56031142951659,22.2412457180664,1.60538251698124,0,400,25,14.8274971453776,50.0428028656494,0.675950533465787,1.94335778371414,0.01375,0.011,0.01375,0.01375,0,0,0,0
28/01/2016,0.00311248659541872,0.1,25.9683063952143,33.6812134217891,223.066373511089,0,6.66837493937163,26.6734997574865,1.97192412080641,0,400,25,17.7823331716577,60.0153744543446,0.83028384033954,2.38706604097618,0.01375,0.011,0.01375,0.01375,0,0,0,0
29/01/2016,0.00425061412417789,0.1,25.9793664145975,35.0901838915725,222.178001593623,0,6.6600734519305,26.640293807722,1.95858035704888,0,400,25,17.7601958718147,59.9406610673745,0.824665413494265,2.37091306379601,0.01375,0.011,0.01375,0.01375,0,0,0,0
30/01/2016,0.0618223747067208,0.1,25.9880643721958,38.1565073991141,221.307116241223,0,6.17319457340221,24.6927782936088,1.76184716397755,0,400,25,16.4618521957392,55.5587511606199,0.741830384832654,2.13276235639388,0.01375,0.011,0.01375,0.01375,0,0,0,0
31/01/2016,0.0737801998141763,0.1,25.9943976932292,37.1179266071565,220.453975254433,0,5.06872236328782,20.2748894531513,1.37505547063123,0,400,25,13.5165929687675,45.6185012695904,0.578970724476309,1.66454083286939,0.01375,0.011,0.01375,0.01375,0,0,0,0
01/02/2016,0.00957218374594376,0.1,25.9983645029001,20.8131814129297,219.618831181091,0,3.83775204977781,15.3510081991112,1.06236993227427,0,400,25,10.2340054660742,34.5397684480003,0.447313655694429,1.28602676012148,0.01375,0.011,0.01375,0.01375,0,0,0,0
02/02/2016,0.0063949518257729,0.1,25.9999636269489,16.7877862321841,218.801931241564,0,3.29439805015035,13.1775922006014,0.899052759961927,0,400,25,8.7850614670676,29.6495824513532,0.378548530510285,1.08832702521707,0.01375,0.011,0.01375,0.01375,0,0,0,0
03/02/2016,0.00516410043378104,0.1,25.9991945920008,16.4011550814096,218.00351725557,0,3.08404213166509,12.3361685266604,0.826352918303061,0,400,25,8.22411235110691,27.7563791849858,0.347938070864447,1.00032195373528,0.01375,0.011,0.01375,0.01375,0,0,0,0
04/02/2016,0.00793701690046424,0.1,25.9960576257065,27.2325152254436,217.22382557059,0,5.33938379620464,21.3575351848185,1.54812521311386,0,400,25,14.238356789879,48.0544541658417,0.651842194995311,1.87404631061152,0.01375,0.011,0.01375,0.01375,0,0,0,0
05/02/2016,0.00636418491778956,0.1,25.9905536566747,26.6704061337255,216.463086991908,0,4.94514799706015,19.7805919882406,1.41120775414584,0,400,25,13.1870613254937,44.5063319735414,0.594192738587721,1.7083041234397,0.01375,0.011,0.01375,0.01375,0,0,0,0
06/02/2016,0.00204940485285931,0.1,25.9826843141968,6,215.721526714289,0,1.284551309356,5.13820523742398,0.262292655347091,0,400,25,3.42547015828266,11.560961784204,0.110439012777722,0.317512161735952,0.01375,0.011,0.01375,0.01375,0,0,0,0
07/02/2016,0.00173246736979716,0.1,25.9724519277653,6,214.999364255309,0,1.31342859844967,5.25371439379868,0.271732113287388,0,400,25,3.50247626253245,11.820857386047,0.114413521384163,0.32893887397947,0.01375,0.011,0.01375,0.01375,0,0,0,0
08/02/2016,0.00135904361944586,0.1,25.9598595263838,6,214.296813390382,0,1.32913886710974,5.31655546843898,0.276867512935412,0,400,25,3.54437031229265,11.9622498039877,0.116575794920174,0.335155410395499,0.01375,0.011,0.01375,0.01375,0,0,0,0
09/02/2016,0.00118555359538743,0.1,25.9449108376702,6,213.614082089472,0,1.3641812144451,5.45672485778042,0.288322215720304,0,400,25,3.63781657185361,12.2776309300059,0.121398827671707,0.349021629556158,0.01375,0.011,0.01375,0.01375,0,0,0,0
10/02/2016,0.000970555787665854,0.1,25.9276102867536,6,212.951372455532,0,1.39001687272495,5.56006749089979,0.296767420147264,0,400,25,3.70671166059986,12.5101518545245,0.124954703219901,0.359244771757215,0.01375,0.011,0.01375,0.01375,0,0,0,0
11/02/2016,0.000925186431572072,0.1,25.9079629949642,6,212.308880664676,0,1.43041581340589,5.72166325362356,0.309973095380604,0,400,25,3.81444216908238,12.873742320653,0.130514987528676,0.375230589144942,0.01375,0.011,0.01375,0.01375,0,0,0,0
12/02/2016,0.00073293475748441,0.1,25.8859747783173,6,211.686796908109,0,1.45468926102577,5.81875704410308,0.317907641699361,0,400,25,3.87917136273539,13.0922033492319,0.133855849136573,0.384835566267648,0.01375,0.011,0.01375,0.01375,0,0,0,0
13/02/2016,0.000603606939910789,0.1,25.8616521457917,6,211.085305335824,0,1.48409524503023,5.93638098012094,0.32751992034168,0,400,25,3.95758732008062,13.3568572052721,0.137903124354392,0.396471482518876,0.01375,0.011,0.01375,0.01375,0,0,0,0
14/02/2016,0.000287107521173553,0.1,25.8350022974027,6,210.50458400209,0,2.1165466609999,8.46618664399958,0.534256727282301,0,400,25,5.64412442933306,19.0489199489991,0.224950200960969,0.646731827762785,0.01375,0.011,0.01375,0.01375,0,0,0,0
15/02/2016,0.00028802250479386,0.1,25.8060331220709,6,209.944804812745,0,2.05959183999735,8.2383673599894,0.5156392374062,0,400,25,5.4922449066596,18.5363265599762,0.217111257855242,0.624194866333821,0.01375,0.011,0.01375,0.01375,0,0,0,0
16/02/2016,0.000273773243984723,0.1,25.774753195287,6,209.406133474307,0,2.04040573816898,8.16162295267592,0.509367651432195,0,400,25,5.44108196845061,18.3636516435208,0.214470590076714,0.616602946470552,0.01375,0.011,0.01375,0.01375,0,0,0,0
17/02/2016,0.000298806407334712,0.1,25.7411717765731,6,208.888729444924,0,1.95741485846682,7.82965943386727,0.482239449895144,0,400,25,5.21977295591152,17.6167337262014,0.203048189429534,0.583763544609912,0.01375,0.011,0.01375,0.01375,0,0,0,0
18/02/2016,0.000287629838074833,0.1,25.7052988067417,6,208.392745887169,0,1.94181169771029,7.76724679084114,0.477139061862902,0,400,25,5.17816452722743,17.4763052793926,0.200900657626485,0.577589390676144,0.01375,0.011,0.01375,0.01375,0,0,0,0
19/02/2016,0.000226604507897417,0.1,25.6671449049533,6,207.918329622699,0,2.02716172053706,8.10864688214822,0.505038424163265,0,400,25,5.40576458809881,18.2444554848335,0.212647757542427,0.611362302934478,0.01375,0.011,0.01375,0.01375,0,0,0,0
20/02/2016,0.000254025095029739,0.1,25.6267213655722,6,207.465621088795,0,1.94560772211494,7.78243088845976,0.478379912851089,0,400,25,5.18828725897317,17.5104694990345,0.201423121200459,0.579091473451318,0.01375,0.011,0.01375,0.01375,0,0,0,0
21/02/2016,0.00272958891669208,0.1,25.5840401548241,34.9926982580128,207.034754296791,0,6.97481441072545,27.8992576429018,2.06994044800007,0,400,25,18.5995050952679,62.773329696529,0.871553872842135,2.50571738442114,0.01375,0.011,0.01375,0.01375,0,0,0,0
22/02/2016,0.00209887571707806,0.1,25.5391139072529,34.0827586861656,206.625856792401,0,6.52762983066478,26.1105193226591,1.91629788517889,0,400,25,17.4070128817727,58.748668475983,0.806862267443741,2.31972901890076,0.01375,0.011,0.01375,0.01375,0,0,0,0
23/02/2016,0.000213238515904017,0.1,25.4919559219814,6,206.239049617962,0,1.96221917551718,7.84887670206871,0.483809893318057,0,400,25,5.2325844680458,17.6599725796546,0.203709428765498,0.585664607700806,0.01375,0.011,0.01375,0.01375,0,0,0,0
24/02/2016,0.000171912950411517,0.1,25.4425801587739,6,205.874447276606,0,2.05666173067066,8.22664692268263,0.514681438228442,0,400,25,5.48443128178842,18.5099555760359,0.216707973990923,0.623035425223903,0.01375,0.011,0.01375,0.01375,0,0,0,0
25/02/2016,7.56814905291213e-05,0.1,25.391001233904,6,205.532157698364,0,2.74204702277308,10.9681880910923,0.738721361668373,0,400,25,7.31212539406154,24.6784232049577,0.311040573334052,0.894241648335398,0.01375,0.011,0.01375,0.01375,0,0,0,0
26/02/2016,0.000243360612841579,0.1,25.3372344158281,6,205.212282208215,0,1.88007986489409,7.52031945957635,0.456960054146639,0,400,25,5.01354630638423,16.9207187840468,0.192404233324901,0.553162170809089,0.01375,0.011,0.01375,0.01375,0,0,0,0
27/02/2016,0.000195630380138293,0.1,25.2812956206654,6,204.91491549609,0,1.96202144284774,7.84808577139097,0.483745258122887,0,400,25,5.23205718092731,17.6581929856297,0.203682213946479,0.585586365096127,0.01375,0.011,0.01375,0.01375,0,0,0,0
28/02/2016,0.000248349143948336,0.1,25.2232014074861,6,204.640145588848,0,1.85687358963217,7.42749435852867,0.449374346964248,0,400,25,4.95166290568578,16.7118623066895,0.189210251353368,0.543979472640932,0.01375,0.011,0.01375,0.01375,0,0,0,0
29/02/2016,0.000281197688537971,0.1,25.1629689734102,6,204.388053824211,0,1.8080548573364,7.23221942934558,0.433416395762189,0,400,25,4.82147961956372,16.2724937160276,0.182491114005132,0.524661952764755,0.01375,0.011,0.01375,0.01375,0,0,0,0
01/03/2016,0.00044520430378351,0.1,25.1006161485163,20.000079583014,204.158714826692,0,4.46631116592492,17.8652446636997,1.27784661268597,0,400,25,11.9101631091331,40.1968004933242,0.538040679025671,1.5468669521988,0.01375,0.011,0.01375,0.01375,0,0,0,0
02/03/2016,0.000352078452849207,0.1,25.0361613905638,18.2193917229796,203.952196485501,0,4.10190763556097,16.4076305422439,1.15869784754709,0,400,25,10.9384203614959,36.9171687200488,0.487872777914565,1.40263423650437,0.01375,0.011,0.01375,0.01375,0,0,0,0
03/03/2016,0.000145325068984528,0.1,24.9696237795288,6,203.768559934448,0,2.06969843396728,8.27879373586912,0.518942898230779,0,400,25,5.51919582391274,18.6272859057055,0.218502272939275,0.628194034700416,0.01375,0.011,0.01375,0.01375,0,0,0,0
04/03/2016,0.000148300911840766,0.1,24.9010230119562,6,203.60785953385,0,2.05493196332651,8.21972785330603,0.514116008903042,0,400,25,5.47981856887068,18.4943876699386,0.216469898485491,0.622350958145788,0.01375,0.011,0.01375,0.01375,0,0,0,0
05/03/2016,0.000126433566755022,0.1,24.8303793951287,6,203.470142854435,0,2.14733373523353,8.5893349409341,0.544320459074799,0,400,25,5.72622329395607,19.3260036171017,0.229187561715705,0.658914239932652,0.01375,0.011,0.01375,0.01375,0,0,0,0
06/03/2016,0.000125487347873079,0.1,24.7577138410562,6,203.355450663264,0,2.14970747459147,8.5988298983659,0.545096391079978,0,400,25,5.73255326557727,19.3473672713233,0.229514269928412,0.659853526044184,0.01375,0.011,0.01375,0.01375,0,0,0,0
07/03/2016,0.000145709171857173,0.1,24.6830478602847,6,203.263816911658,0,2.05708714997681,8.22834859990725,0.514820500023143,0,400,25,5.48556573327151,18.5137843497913,0.216766526325534,0.62320376318591,0.01375,0.011,0.01375,0.01375,0,0,0,0
08/03/2016,0.000116163316505857,0.1,24.6064035555288,6,203.195268725153,0,2.19473061047638,8.77892244190551,0.559813631197194,0,400,25,5.85261496127034,19.7525754942874,0.235711002609345,0.677669132501866,0.01375,0.011,0.01375,0.01375,0,0,0,0
09/03/2016,0.000128319922678774,0.1,24.5278036151292,6,203.149826395466,0,2.12642203078541,8.50568812314165,0.537484805147674,0,400,25,5.6704587487611,19.1377982770687,0.226309391641126,0.650639500968237,0.01375,0.011,0.01375,0.01375,0,0,0,0
10/03/2016,0.000186804025369983,0.1,24.4472713063363,6,203.127503374491,0,1.92778907467491,7.71115629869965,0.472555322720156,0,400,25,5.14077086579977,17.3501016720742,0.19897066219796,0.572040653819136,0.01375,0.011,0.01375,0.01375,0,0,0,0
11/03/2016,0.000246067897975977,0.1,24.3648304684224,6,203.128306270316,0,1.82113977533458,7.28455910133833,0.437693616269123,0,400,25,4.85637273422555,16.3902579780112,0.18429204895542,0.529839640746834,0.01375,0.011,0.01375,0.01375,0,0,0,0
12/03/2016,0.000126347540861751,0.1,24.2805055056248,6,203.152234845267,0,2.11565860064974,8.46263440259897,0.533966436587197,0,400,25,5.64175626839931,19.0409274058477,0.224827973299872,0.646380423237133,0.01375,0.011,0.01375,0.01375,0,0,0,0
13/03/2016,0.00017264197881076,0.1,24.1943213799221,6,203.199282015978,0,1.94781753862463,7.79127015449852,0.479102261473612,0,400,25,5.19418010299901,17.5303578476217,0.201727267988889,0.579965895468056,0.01375,0.011,0.01375,0.01375,0,0,0,0
14/03/2016,0.000169404712575872,0.1,24.1063036036443,6,203.269433855488,0,1.95163904993298,7.80655619973193,0.480351443664729,0,400,25,5.20437079982129,17.5647514493968,0.202253239437781,0.58147806338362,0.01375,0.011,0.01375,0.01375,0,0,0,0
15/03/2016,0.00927946618591795,0.1,24.016478231921,38.7811826649198,203.362669597364,0,7.59987062806157,30.3994825122463,2.26633433079938,0,400,25,20.2663216748308,68.3988356525541,0.954246034020792,2.74345734780978,0.01375,0.011,0.01375,0.01375,0,0,0,0
16/03/2016,0.00931089132022379,0.1,23.9248718549683,38.7398265507262,203.478961641847,0,7.2118972492491,28.8475889969964,2.12797210605494,0,400,25,19.2317259979976,64.9070752432419,0.895988255181027,2.57596623364545,0.01375,0.011,0.01375,0.01375,0,0,0,0
17/03/2016,0.00458675163777199,0.1,23.8315115902177,37.653727869828,203.618275564026,0,7.27299124752952,29.0919649901181,2.15760201602046,0,400,25,19.3946433267454,65.4569212277656,0.908464006745455,2.61183401939318,0.01375,0.011,0.01375,0.01375,0,0,0,0
18/03/2016,0.00288561549146025,0.1,23.7364250742888,36.2858569924792,203.780570124022,0,6.84206895779792,27.3682758311917,2.01347160618467,0,400,25,18.2455172207945,61.5786206201813,0.847777518393546,2.43736036538145,0.01375,0.011,0.01375,0.01375,0,0,0,0
19/03/2016,0.00213348582423033,0.1,23.6396404548081,35.8536538811777,203.965797279202,0,7.12563558246639,28.5025423298656,2.11731195168461,0,400,25,19.001694886577,64.1307202421975,0.891499769130363,2.56306183624979,0.01375,0.011,0.01375,0.01375,0,0,0,0
20/03/2016,0.0014887102273234,0.1,23.5411863820767,33.4343072475078,204.173902198397,0,6.36837381582878,25.4734952633151,1.86444395944599,0,400,25,16.9823301755434,57.315364342459,0.785029035556208,2.2569584772241,0.01375,0.011,0.01375,0.01375,0,0,0,0
21/03/2016,0.000253410408013317,0.1,23.4410920005895,6,204.404823278136,0,1.76831500373988,7.07326001495952,0.420426164048919,0,400,25,4.71550667663968,15.9148350336589,0.17702154275744,0.508936935427639,0.01375,0.011,0.01375,0.01375,0,0,0,0
22/03/2016,0.000201746857822481,0.1,23.3393869404073,6,204.658492160877,0,1.82916917367524,7.31667669470096,0.440318279812736,0,400,25,4.87778446313397,16.4625225630772,0.185397170447468,0.533016865036469,0.01375,0.011,0.01375,0.01375,0,0,0,0
23/03/2016,0.000178861623332236,0.1,23.2361013083863,6,204.93483375525,0,1.86425212268956,7.45700849075825,0.4517862545443,0,400,25,4.97133899383884,16.7782691042061,0.190225791387073,0.546899150237836,0.01375,0.011,0.01375,0.01375,0,0,0,0
24/03/2016,0.000164138442167113,0.1,23.1312656792653,6,205.233766258277,0,1.89018198001451,7.56072792005805,0.460262250917186,0,400,25,5.0404852800387,17.0116378201306,0.193794631965131,0.557159566899752,0.01375,0.011,0.01375,0.01375,0,0,0,0
25/03/2016,0.000257565583519393,0.1,23.0249110866152,6,205.555201179595,0,1.74561267198037,6.98245068792148,0.413005186785595,0,400,25,4.65496712528098,15.7105140478233,0.17389692075183,0.49995364716151,0.01375,0.011,0.01375,0.01375,0,0,0,0
26/03/2016,0.000189292725333976,0.1,22.9170690136522,6,205.899043367646,0,1.82604970229444,7.30419880917777,0.439298581640949,0,400,25,4.86946587278518,16.43444732065,0.18496782384882,0.531782493565359,0.01375,0.011,0.01375,0.01375,0,0,0,0
27/03/2016,0.000158029757107264,0.1,22.8077713839186,6,206.265191037846,0,1.8833339997717,7.53333599908682,0.458023771353946,0,400,25,5.02222399939121,16.9500059979453,0.192852114254293,0.554449828481092,0.01375,0.011,0.01375,0.01375,0,0,0,0
28/03/2016,0.00230309987142586,0.1,22.6970505518319,35.7976492900551,206.653535802714,0,7.10206244143149,28.4082497657259,2.1099027549054,0,400,25,18.9388331771506,63.9185619728834,0.888380107328591,2.5540928085697,0.01375,0.011,0.01375,0.01375,0,0,0,0
29/03/2016,0.0019438355247062,0.1,22.5849392931081,34.2553308716295,207.063962703959,0,6.34860075485981,25.3944030194392,1.85235416687732,0,400,25,16.9296020129595,57.1374067937383,0.779938596579923,2.24232346516728,0.01375,0.011,0.01375,0.01375,0,0,0,0
30/03/2016,0.018400900254092,0.1,22.4714707950588,39.4174931534019,207.496350246509,0,7.69724003356209,30.7889601342483,2.29655980516506,0,400,25,20.5259734228322,69.2751603020588,0.966972549543183,2.78004607993665,0.01375,0.011,0.01375,0.01375,0,0,0,0
31/03/2016,0.0145380965375945,0.1,22.3566786467673,39.2407282044066,207.950570434476,0,7.17165607744361,28.6866243097744,2.10996695099736,0,400,25,19.1244162065163,64.5449046969925,0.888407137262045,2.55417051962838,0.01375,0.011,0.01375,0.01375,0,0,0,0
01/04/2016,0.000121113494413519,0.1,22.2405968291455,6,208.426488809045,0,1.94300936662429,7.77203746649718,0.477530557938018,0,400,25,5.18135831099812,17.4870842996187,0.201065498079166,0.578063306977601,0.01375,0.011,0.01375,0.01375,0,0,0,0
02/04/2016,0.000123553564531505,0.1,22.1232597048746,6,208.923964488279,0,1.92462989768219,7.69851959072875,0.47152264550963,0,400,25,5.13234639381917,17.3216690791397,0.198535850740897,0.570790570880079,0.01375,0.011,0.01375,0.01375,0,0,0,0
03/04/2016,0.000204752778381406,0.1,22.0047020082334,6,209.442850208819,0,1.7524468758735,7.00978750349402,0.415239163111953,0,400,25,4.67319166899601,15.7720218828615,0.174837542362928,0.502657934293417,0.01375,0.011,0.01375,0.01375,0,0,0,0
04/04/2016,0.00176658317457174,0.1,21.8849588348159,34.6263231351827,209.982992369482,0,6.88310750606509,27.5324300242604,2.04028733858558,0,400,25,18.3549533495069,61.9479675545859,0.859068353088666,2.46982151512991,0.01375,0.011,0.01375,0.01375,0,0,0,0
05/04/2016,0.00134082265460904,0.1,21.7640656311426,33.8074948749726,210.544231076725,0,6.47982252076235,25.9192900830494,1.90150926790258,0,400,25,17.2795267220329,58.3184026868611,0.80063548122214,2.30182700851365,0.01375,0.011,0.01375,0.01375,0,0,0,0
06/04/2016,5.46883393699451e-05,0.1,21.642058184167,6,211.126400191981,0,2.36723731459382,9.46894925837528,0.616202919424831,0,400,25,6.31263283891685,21.3051358313444,0.259453860810455,0.745929849830058,0.01375,0.011,0.01375,0.01375,0,0,0,0
07/04/2016,0.000222745261557995,0.1,21.5189726106826,6,211.72932738084,0,1.71230726475476,6.84922905901905,0.402118257972064,0,400,25,4.5661527060127,15.4107653827929,0.16931295072508,0.486774733334604,0.01375,0.011,0.01375,0.01375,0,0,0,0
08/04/2016,0.00027531928227054,0.1,21.3948453466311,6,212.352834164057,0,1.66786608944145,6.67146435776581,0.387591250127713,0,400,25,4.44764290517721,15.0107948049731,0.163196315843248,0.469189408049337,0.01375,0.011,0.01375,0.01375,0,0,0,0
09/04/2016,0.00018271773886048,0.1,21.2697131363166,6,212.996735970394,0,1.74352347044005,6.97409388176019,0.412322264991769,0,400,25,4.64939592117346,15.6917112339604,0.173609374733377,0.499126952358458,0.01375,0.011,0.01375,0.01375,0,0,0,0
10/04/2016,0.000139504195690171,0.1,21.1436130215288,6,213.660842191253,0,1.81017582120757,7.24070328483029,0.434109700081369,0,400,25,4.82713552322019,16.2915823908682,0.182783031613208,0.525501215887973,0.01375,0.011,0.01375,0.01375,0,0,0,0
11/04/2016,0.000154256145638304,0.1,21.0165823305776,6,214.3449562371,0,1.77485328942847,7.09941315771389,0.42256341012347,0,400,25,4.73294210514259,15.9736796048563,0.177921435841461,0.5115241280442,0.01375,0.011,0.01375,0.01375,0,0,0,0
12/04/2016,0.00512062076160501,0.1,20.8886586672431,38.1300419225769,215.04887559566,0,7.4858857619931,29.9435430479724,2.23042753350645,0,400,25,19.9623620319816,67.3729718579379,0.93912738252903,2.69999122477096,0.01375,0.011,0.01375,0.01375,0,0,0,0
13/04/2016,0.00408781594015182,0.1,20.7598798996444,37.5458495327168,215.772391891864,0,6.91597740481905,27.6639096192762,2.03105584581615,0,400,25,18.4426064128508,62.2437966433715,0.855181408764694,2.45864655019849,0.01375,0.011,0.01375,0.01375,0,0,0,0
14/04/2016,0.000212102129355941,0.1,20.6302841490292,6,216.515290949537,0,1.684853532249,6.73941412899601,0.393144134658353,0,400,25,4.49294275266401,15.163681790241,0.165534372487728,0.475911320902217,0.01375,0.011,0.01375,0.01375,0,0,0,0
15/04/2016,0.000169237469762921,0.1,20.49990977849,6,217.277352854791,0,1.72364371173779,6.89457484695115,0.40582393526544,0,400,25,4.59638323130077,15.5127934056401,0.170873235901238,0.491260553216058,0.01375,0.011,0.01375,0.01375,0,0,0,0
16/04/2016,0.00016770795347063,0.1,20.3687953816071,6,218.058352021133,0,1.71937020137834,6.87748080551334,0.404427002846866,0,400,25,4.58498720367556,15.474331812405,0.170285053830259,0.489569529761996,0.01375,0.011,0.01375,0.01375,0,0,0,0
17/04/2016,0.00265373607664425,0.1,20.2369797710241,36.3731804246435,218.858057256235,0,7.15596610609889,28.6238644243956,2.12547740931953,0,400,25,19.0825762829304,64.40369495489,0.89493785655559,2.57294633759732,0.01375,0.011,0.01375,0.01375,0,0,0,0
18/04/2016,0.00241619609618252,0.1,20.104501966959,36.1625189628582,219.676231830379,0,6.7903678083572,27.1614712334288,1.99625426647269,0,400,25,18.1076474889525,61.1133102752148,0.840528112199028,2.41651832257221,0.01375,0.011,0.01375,0.01375,0,0,0,0
19/04/2016,0.00287222252725404,0.1,19.9714011856532,36.8263823589363,220.512633546526,0,7.2185275529689,28.8741102118756,2.14442417533051,0,400,25,19.2494068079171,64.9667479767201,0.902915442244427,2.59588189645273,0.01375,0.011,0.01375,0.01375,0,0,0,0
20/04/2016,0.00208577318901688,0.1,19.8377168277622,35.6220816255982,221.367014812022,0,6.64366709966234,26.5746683986494,1.9477891385647,0,400,25,17.7164455990996,59.7930038969611,0.82012174255356,2.35785000984148,0.01375,0.011,0.01375,0.01375,0,0,0,0
21/04/2016,0.000173742216383222,0.1,19.703488466693,6,222.239122711881,0,1.67851381404881,6.71405525619525,0.391071796666033,0,400,25,4.4760368374635,15.1066243264393,0.16466180912254,0.473402701227303,0.01375,0.011,0.01375,0.01375,0,0,0,0
22/04/2016,0.000197289561978539,0.1,19.5687558368887,6,223.128699083657,0,1.65231927313817,6.60927709255269,0.382509280067286,0,400,25,4.40618472836846,14.8708734582436,0.161056538975699,0.463037549555136,0.01375,0.011,0.01375,0.01375,0,0,0,0
23/04/2016,0.00119213694725025,0.1,19.4335588220669,33.0051464041291,224.035480593869,0,6.59665478629423,26.3866191451769,1.94988824336127,0,400,25,17.591079430118,59.3698930766481,0.821005576152115,2.36039103143733,0.01375,0.011,0.01375,0.01375,0,0,0,0
24/04/2016,0.00282357928632016,0.1,19.2979374434129,36.8526986284845,224.959198815945,0,7.14463958018769,28.5785583207508,2.11785911640819,0,400,25,19.0523722138338,64.3017562216892,0.891730154277131,2.56372419354675,0.01375,0.011,0.01375,0.01375,0,0,0,0
25/04/2016,0.00164483028034582,0.1,19.1619318477328,34.7304474142371,225.899580309692,0,6.51476756907326,26.0590702762931,1.90823941130141,0,400,25,17.3727135175287,58.6329081216594,0.803469225811122,2.30997402420697,0.01375,0.011,0.01375,0.01375,0,0,0,0
26/04/2016,0.000200670928439004,0.1,19.025582295569,6,226.856346702231,0,1.6278317654686,6.51132706187441,0.374504761431211,0,400,25,4.34088470791627,14.6504858892174,0.157686215339457,0.45334786910094,0.01375,0.011,0.01375,0.01375,0,0,0,0
27/04/2016,0.000178743950812244,0.1,18.8889291492823,6,227.829214770406,0,1.63685247899306,6.54740991597226,0.377453467787595,0,400,25,4.36493994398151,14.7316723109376,0.158927775910566,0.456917355742878,0.01375,0.011,0.01375,0.01375,0,0,0,0
28/04/2016,0.000177487928590166,0.1,18.7520128611039,6,228.817896524626,0,1.63198580151056,6.52794320604223,0.375862639879334,0,400,25,4.35196213736148,14.687872213595,0.158257953633404,0.454991616696036,0.01375,0.011,0.01375,0.01375,0,0,0,0
29/04/2016,0.000226041353447543,0.1,18.6148739611606,6,229.82209929411,0,1.6000335531392,6.40013421255681,0.365418033960095,0,400,25,4.26675614170454,14.4003019782528,0.153860224825303,0.442348146372747,0.01375,0.011,0.01375,0.01375,0,0,0,0
30/04/2016,0.0015116204893857,0.1,18.4775530454767,34.5625499578071,230.84152581353,0,6.86668746712754,27.4667498685102,2.03523183705575,0,400,25,18.3111665790068,61.8001872041479,0.856939720865579,2.46370169748854,0.01375,0.011,0.01375,0.01375,0,0,0,0
01/05/2016,0.00161950707993088,0.1,18.3400907639575,35.0964072596109,231.875874311002,0,6.7290418331877,26.9161673327508,1.98203399255561,0,400,25,17.9441115551672,60.5613764986893,0.834540628444468,2.39930430677785,0.01375,0.011,0.01375,0.01375,0,0,0,0
02/05/2016,0.000542043384988448,0.1,18.2025278083553,25.586124567717,232.924838597422,0,5.00353832338074,20.0141532935229,1.43505968181869,0,400,25,13.3427688623486,45.0318449104266,0.604235655502604,1.73717750956999,0.01375,0.011,0.01375,0.01375,0,0,0,0
03/05/2016,0.000428978702811484,0.1,18.0649049002241,28.1831482996192,233.988108157101,0,5.92583279130291,23.7033311652116,1.74170718033893,0,400,25,15.8022207768078,53.3324951217262,0.733350391721656,2.10838237619976,0.01375,0.011,0.01375,0.01375,0,0,0,0
04/05/2016,0.000428471942134177,0.1,17.927262778865,23.6935985286432,235.065368239687,0,4.73844675344384,18.9537870137753,1.35342947647836,0,400,25,12.6358580091836,42.6460207809945,0.56986504272773,1.63836199784222,0.01375,0.011,0.01375,0.01375,0,0,0,0
05/05/2016,0.000181434808797181,0.1,17.789642189267,6,236.156299953336,0,1.59079892932635,6.36319571730539,0.362399404240625,0,400,25,4.24213047820359,14.3171903639371,0.152589222838158,0.438694015659704,0.01375,0.011,0.01375,0.01375,0,0,0,0
06/05/2016,0.000147095235731187,0.1,17.6520838700448,6,237.260580359109,0,1.60431177526427,6.41724710105708,0.36681650656872,0,400,25,4.27816473403806,14.4388059773784,0.154449055397356,0.444041034267398,0.01375,0.011,0.01375,0.01375,0,0,0,0
07/05/2016,0.000203933200766145,0.1,17.5146285413801,6,238.377882566574,0,1.57205941537187,6.28823766148748,0.356273799679161,0,400,25,4.19215844099166,14.1485347383468,0.150010020917542,0.431278810137932,0.01375,0.011,0.01375,0.01375,0,0,0,0
08/05/2016,0.000244355851857301,0.1,17.3773168929669,6,239.507875830567,0,1.55676952125369,6.22707808501478,0.351275812784618,0,400,25,4.15138539000985,14.0109256912833,0.147905605382997,0.425228615476116,0.01375,0.011,0.01375,0.01375,0,0,0,0
09/05/2016,0.0133132433644665,0.1,17.2401895719671,39.3056840761083,240.650225649104,0,7.66182431286532,30.6472972514613,2.28481221465033,0,400,25,20.4315315009742,68.9564188157879,0.962026195642243,2.76582531247145,0.01375,0.011,0.01375,0.01375,0,0,0,0
10/05/2016,0.0113119287658995,0.1,17.1032871709775,39.1928102210631,241.804593862396,0,7.2093557710627,28.8374230842508,2.12388426307255,0,400,25,19.2249487228339,64.8842019395643,0.894267058135812,2.57101779214046,0.01375,0.011,0.01375,0.01375,0,0,0,0
11/05/2016,0.000814309257555004,0.1,16.966650216014,31.6783308861818,242.970638752956,0,6.1107858501147,24.4431434004588,1.78573004107206,0,400,25,16.2954289336392,54.9970726510323,0.751886333082974,2.16167320761355,0.01375,0.011,0.01375,0.01375,0,0,0,0
12/05/2016,0.000170048938312769,0.1,16.8303191545148,6,244.148015146753,0,1.55503811947565,6.22015247790258,0.350709849192654,0,400,25,4.14676831860172,13.9953430752808,0.147667304923223,0.424543501654265,0.01375,0.011,0.01375,0.01375,0,0,0,0
13/05/2016,0.000127637921712106,0.1,16.6943343433671,6,245.33637451539,0,1.56382340997276,6.25529363989102,0.353581600064827,0,400,25,4.17019575992735,14.0744106897548,0.14887646318519,0.428019831657422,0.01375,0.011,0.01375,0.01375,0,0,0,0
14/05/2016,0.000192867146964331,0.1,16.5587360369606,6,246.535365079275,0,1.53926703078586,6.15706812314344,0.34555456858868,0,400,25,4.10471208209562,13.8534032770727,0.145496660458392,0.418302898817876,0.01375,0.011,0.01375,0.01375,0,0,0,0
15/05/2016,0.000191945540180516,0.1,16.4235643752715,6,247.744631911759,0,1.53423497339396,6.13693989357584,0.343909681011113,0,400,25,4.0912932623839,13.8081147605456,0.144804076215206,0.416311719118716,0.01375,0.011,0.01375,0.01375,0,0,0,0
16/05/2016,0.000157862045041068,0.1,16.2888593719801,6,248.963817044198,0,1.53431429532553,6.13725718130211,0.343935609900572,0,400,25,4.09150478753474,13.8088286579297,0.144814993642346,0.416343106721745,0.01375,0.011,0.01375,0.01375,0,0,0,0
17/05/2016,0.000115395364530049,0.1,16.1546609026259,6,250.192559571921,0,1.53721265324708,6.1488506129883,0.34488303012439,0,400,25,4.0992337419922,13.8349138792237,0.145213907420796,0.417489983834788,0.01375,0.011,0.01375,0.01375,0,0,0,0
18/05/2016,0.00020132831722551,0.1,16.0210086928035,6,251.430495761065,0,1.51933723554526,6.07734894218102,0.339039882832612,0,400,25,4.05156596145401,13.6740351199073,0.142753634876889,0.410416700271056,0.01375,0.011,0.01375,0.01375,0,0,0,0
19/05/2016,0.000163130375599046,0.1,15.8879423064033,6,252.677259156249,0,1.51678528383841,6.06714113535363,0.338205696468223,0,400,25,4.04476075690242,13.6510675545457,0.142402398512936,0.409406895724691,0.01375,0.011,0.01375,0.01375,0,0,0,0
20/05/2016,0.000182874268327001,0.1,15.7555011338993,6,253.932480689051,0,1.51063705960503,6.04254823842012,0.336195954353226,0,400,25,4.02836549228008,13.5957335364453,0.141556191306622,0.406974050006537,0.01375,0.011,0.01375,0.01375,0,0,0,0
21/05/2016,0.000210962367490593,0.1,15.623724380689,6,255.19578878726,0,1.50555627601027,6.02222510404107,0.334535139070637,0,400,25,4.01481673602738,13.5500064840924,0.140856900661321,0.404963589401297,0.01375,0.011,0.01375,0.01375,0,0,0,0
22/05/2016,0.000172821158175283,0.1,15.4926510554879,6,256.466809484872,0,1.50011365516514,6.00045462066056,0.332756045805133,0,400,25,4.00030308044038,13.5010228964863,0.140107808760056,0.402809950185162,0.01375,0.011,0.01375,0.01375,0,0,0,0
23/05/2016,0.000130425646751262,0.1,15.3623199587815,6,257.745166532788,0,1.49179037312336,5.96716149249345,0.330035317051692,0,400,25,3.9781076616623,13.4261133581103,0.138962238758607,0.399516436430995,0.01375,0.011,0.01375,0.01375,0,0,0,0
24/05/2016,0.000158400683674252,0.1,15.2327696713403,6,259.030481510195,0,1.48905996774661,5.95623987098644,0.329142797444667,0,400,25,3.97082658065763,13.4015397097195,0.138586441029334,0.398436017959334,0.01375,0.011,0.01375,0.01375,0,0,0,0
25/05/2016,0.000190607896989048,0.1,15.1040385427983,6,260.322373936585,0,1.48731579512911,5.94926318051643,0.328572659298731,0,400,25,3.96617545367762,13.385842156162,0.138346382862624,0.397745850730043,0.01375,0.011,0.01375,0.01375,0,0,0,0
26/05/2016,0.000375170010637781,0.1,14.9761646803015,23.5437403855436,261.620461384384,0,4.89254125596146,19.5701650238458,1.41046143414534,0,400,25,13.0467766825639,44.0328713036531,0.593878498587512,1.7074006834391,0.01375,0.011,0.01375,0.01375,0,0,0,0
27/05/2016,0.000319541724456919,0.1,14.8491859372266,21.1131264375426,262.924359592162,0,4.26372733351313,17.0549093340525,1.20390101266158,0,400,25,11.369939556035,38.3735460016182,0.506905689541719,1.45735385743244,0.01375,0.011,0.01375,0.01375,0,0,0,0
28/05/2016,0.000175407582387986,0.1,14.7231399019762,6,264.23368257838,0,1.47137278815516,5.88549115262065,0.323361181750259,0,400,25,3.92366076841377,13.2423550933965,0.136152076526425,0.391437220013471,0.01375,0.011,0.01375,0.01375,0,0,0,0
29/05/2016,0.00327619174644895,0.1,14.5980638868514,37.442345097434,265.54804275565,0,7.32720948318254,29.3088379327302,2.17920306650245,0,400,25,19.5392252884868,65.9448853486429,0.917559185895769,2.63798265945034,0.01375,0.011,0.01375,0.01375,0,0,0,0
30/05/2016,0.00261758725593637,0.1,14.4739949170069,36.7640918099378,266.867051045467,0,6.75873539062645,27.0349415625058,1.98109337945753,0,400,25,18.0232943750039,60.8286185156381,0.834144580824224,2.39816566986964,0.01375,0.011,0.01375,0.01375,0,0,0,0
31/05/2016,0.000239130681963766,0.1,14.3509697194906,6,268.190316993389,0,1.4697746434432,5.87909857377279,0.322838777457315,0,400,25,3.91939904918186,13.2279717909888,0.135932116824133,0.390804835869382,0.01375,0.011,0.01375,0.01375,0,0,0,0
01/06/2016,0.00228185652729956,0.1,14.2290247123716,36.4769197182334,269.517448884614,0,7.16069107551563,28.6427643020625,2.12688956635736,0,400,25,19.095176201375,64.4462196796407,0.895532448992571,2.57465579085364,0.01375,0.011,0.01375,0.01375,0,0,0,0
02/06/2016,0.00260950856843886,0.1,14.1081959939597,36.7960993308211,270.848053859939,0,6.90603660881196,27.6241464352478,2.03353912872538,0,400,25,18.4160976234986,62.1543294793077,0.856227001568582,2.46165262950967,0.01375,0.011,0.01375,0.01375,0,0,0,0
03/06/2016,0.000806350829445293,0.1,13.9885193321197,30.3011858004832,272.181738032057,0,5.6934007141135,22.773602856454,1.64865536617229,0,400,25,15.1824019043027,51.2406064270215,0.694170680493598,1.99574070641909,0.01375,0.011,0.01375,0.01375,0,0,0,0
04/06/2016,0.0102662710446837,0.1,13.870030153683,39.165153427302,273.51810660215,0,7.62821447138192,30.5128578855277,2.27391794913878,0,400,25,20.3419052570185,68.6539302424373,0.957439136479487,2.75263751737853,0.01375,0.011,0.01375,0.01375,0,0,0,0
05/06/2016,0.478680866758525,0.1,13.7527635339609,38.7388057716602,274.856763976763,0,4.70880115501597,18.8352046200639,1.24288715345066,0,400,25,12.5568030800426,42.3792103951438,0.523320906716069,1.5045476068087,0.01375,0.011,0.01375,0.01375,0,0,0,0
06/06/2016,1.59296327063165,0.1,13.6367541863612,38.6846063319812,276.197313884907,0,4.14767918231619,16.5907167292647,1.05084937522443,0,400,25,11.0604778195098,37.3291126408457,0.442462894831339,1.2720808226401,0.01375,0.011,0.01375,0.01375,0,0,0,0
07/06/2016,1.49534637143956,0.1,13.5220364521127,38.0915552353603,277.539359495362,0,3.8579608470256,15.4318433881024,0.954531608437691,0,400,25,10.2878955920683,34.7216476232304,0.401908045657975,1.15548563126668,0.01375,0.011,0.01375,0.01375,0,0,0,0
08/06/2016,0.0894552411145509,0.1,13.408644290099,14.627332435432,278.882503534148,0,3.04081447639244,12.1632579055698,0.616898127160459,0,400,25,8.10883860371317,27.3673302875319,0.259746579857035,0.746771417088976,0.01375,0.011,0.01375,0.01375,0,0,0,0
09/06/2016,0.0580192873231081,0.1,13.2966112668063,7.14557647085373,280.226348402127,0,3.06567795848495,12.2627118339398,0.625380999034173,0,400,25,8.17514122262654,27.5911016263646,0.26331831538281,0.757040156725578,0.01375,0.011,0.01375,0.01375,0,0,0,0
10/06/2016,0.0482930279581864,0.1,13.1859705463869,6.29793035417689,281.570496292702,0,3.08700575946505,12.3480230378602,0.62978959026371,0,400,25,8.23201535857345,27.7830518351854,0.265174564321562,0.762376872424492,0.01375,0.011,0.01375,0.01375,0,0,0,0
11/06/2016,0.0389958218735417,0.1,13.076754880842,6.01663257452689,282.914549309573,0,3.07431070994355,12.2972428397742,0.62803180120404,0,400,25,8.19816189318279,27.6687963894919,0.264434442612227,0.760249022510154,0.01375,0.011,0.01375,0.01375,0,0,0,0
12/06/2016,0.0365375737681703,0.1,12.9689966003261,6.00128570330156,284.258109584525,0,3.12294115447584,12.4917646179034,0.630832521840831,0,400,25,8.32784307860224,28.1064703902826,0.265613693406666,0.763639368544164,0.01375,0.011,0.01375,0.01375,0,0,0,0
13/06/2016,0.03072892581959,0.1,12.8627276035769,6.00008050914924,285.600779395208,0,3.13679457819691,12.5471783127876,0.635704080991511,0,400,25,8.36478554185841,28.2311512037721,0.267664876206952,0.769536519094988,0.01375,0.011,0.01375,0.01375,0,0,0,0
14/06/2016,0.0251877829139384,0.1,12.7579793484726,6,286.942161282863,0,3.14283631812228,12.5713452724891,0.641562596066725,0,400,25,8.38089684832608,28.2855268631005,0.270131619396516,0.776628405764983,0.01375,0.011,0.01375,0.01375,0,0,0,0
15/06/2016,0.0226960603335051,0.1,12.6547828427194,6,288.281858169988,0,3.17087674809125,12.683506992365,0.644415359892966,0,400,25,8.45567132824333,28.5378907328212,0.271332783112828,0.78008175144938,0.01375,0.011,0.01375,0.01375,0,0,0,0
16/06/2016,0.0184748198283903,0.1,12.5531686346731,6,289.619473477875,0,3.17301681272142,12.6920672508857,0.651063936931715,0,400,25,8.46137816725711,28.5571513144928,0.274132183971248,0.788130028917339,0.01375,0.011,0.01375,0.01375,0,0,0,0
17/06/2016,0.0150548168130063,0.1,12.4531668042954,6,290.954611244008,0,3.17424938252874,12.6969975301149,0.658429430982694,0,400,25,8.46466502007663,28.5682444427586,0.277233444624292,0.79704615329484,0.01375,0.011,0.01375,0.01375,0,0,0,0
18/06/2016,0.0223888346044681,0.1,12.3548069542502,16.9271967650534,292.286876239276,0,4.66357333912482,18.6542933564993,1.19588415198715,0,400,25,12.4361955709995,41.9721600521234,0.503530169257748,1.44764923661603,0.01375,0.011,0.01375,0.01375,0,0,0,0
19/06/2016,0.015946695762041,0.1,12.2581182011404,19.0221033256941,293.61587408497,0,4.74995824369811,18.9998329747924,1.25976394402062,0,400,25,12.6665553165283,42.749624193283,0.530426923798156,1.5249774059197,0.01375,0.011,0.01375,0.01375,0,0,0,0
20/06/2016,0.0718744877964726,0.1,12.1631291668888,34.3536037872818,294.941211369524,0,5.36079175093285,21.4431670037314,1.49208705489159,0,400,25,14.2954446691543,48.2471257583957,0.628247181006984,1.80621064539508,0.01375,0.011,0.01375,0.01375,0,0,0,0
21/06/2016,0.0979395024273116,0.1,12.0698679702651,34.8902700256839,296.262495764978,0,4.67638501107532,18.7055400443013,1.2653280456797,0,400,25,12.4703600295342,42.0874650996779,0.532769703444083,1.53171289740174,0.01375,0.011,0.01375,0.01375,0,0,0,0
22/06/2016,0.00922380984912148,0.1,11.9783622185626,9.7734894947386,297.579336143113,0,2.52861099134001,10.11444396536,0.563465629980878,0,400,25,6.74296264357336,22.7574989220601,0.237248686307738,0.682089973134747,0.01375,0.011,0.01375,0.01375,0,0,0,0
23/06/2016,0.00988585887293044,0.1,11.8886389994256,6.34361742845489,298.891342691233,0,2.76063707675775,11.042548307031,0.582055844925806,0,400,25,7.36169887135401,24.8457336908198,0.245076145231918,0.704593917541765,0.01375,0.011,0.01375,0.01375,0,0,0,0
24/06/2016,0.00449221392509072,0.1,11.8007248728309,6.06583491670291,300.198127027558,0,2.2583737929587,9.03349517183479,0.580210529059809,0,400,25,6.02233011455653,20.3253641366283,0.244299170130446,0.702360114125032,0.01375,0.011,0.01375,0.01375,0,0,0,0
25/06/2016,0.00676571872185156,0.1,11.7146458632257,6.00334690683392,301.499302316194,0,2.77845851284147,11.1138340513659,0.60526269384496,0,400,25,7.40922270091058,25.0061266155732,0.254847450039983,0.732686418864952,0.01375,0.011,0.01375,0.01375,0,0,0,0
26/06/2016,0.0073522004402859,0.1,11.6304274518233,6.00020016510569,302.794483381644,0,2.92899748799858,11.7159899519943,0.616556585669944,0,400,25,7.81065996799622,26.3609773919872,0.259602772913661,0.746357972126774,0.01375,0.011,0.01375,0.01375,0,0,0,0
27/06/2016,0.00710236877921363,0.1,11.5480945690608,10.5133120108836,304.083286822828,0,3.57145696182929,14.2858278473172,0.85425365530904,0,400,25,9.52388523154479,32.1431126564637,0.359685749603806,1.03409653011094,0.01375,0.011,0.01375,0.01375,0,0,0,0
28/06/2016,0.00386370600653793,0.1,11.4676715872185,12.1342023955791,305.365331126578,0,3.47758527783914,13.9103411113566,0.930138610592953,0,400,25,9.27356074090439,31.2982675005523,0.391637309723349,1.12595726545463,0.01375,0.011,0.01375,0.01375,0,0,0,0
29/06/2016,0.0042644867447001,0.1,11.3891823132057,6,306.640236780576,0,2.92417595096738,11.6967038038695,0.655251328440461,0,400,25,7.79780253591301,26.3175835587064,0.275895296185457,0.793198976533189,0.01375,0.011,0.01375,0.01375,0,0,0,0
30/06/2016,0.00228253754631706,0.1,11.3126499815131,6,307.907626385693,0,2.64505870460222,10.5802348184089,0.70701765336306,0,400,25,7.05348987893925,23.80552834142,0.297691643521288,0.855863475123704,0.01375,0.011,0.01375,0.01375,0,0,0,0
01/07/2016,0.00229914731604597,0.1,11.238097247335,6,309.167124767712,0,2.74966086538585,10.9986434615434,0.713480345060999,0,400,25,7.33242897436227,24.7469477884727,0.300412776867789,0.863686733494893,0.01375,0.011,0.01375,0.01375,0,0,0,0
02/07/2016,0.00195374586036393,0.1,11.1655461798626,6,310.418359088383,0,2.74850277866031,10.9940111146412,0.740831630259468,0,400,25,7.32934074309416,24.7365250079428,0.311929107477671,0.896796183998303,0.01375,0.011,0.01375,0.01375,0,0,0,0
03/07/2016,0.00181978997302351,0.1,11.0950182557516,6,311.660958955797,0,2.79933906682629,11.1973562673051,0.757449083595444,0,400,25,7.46490417820343,25.1940516014366,0.318925929934924,0.916912048562906,0.01375,0.011,0.01375,0.01375,0,0,0,0
04/07/2016,0.00325018424028422,0.1,11.026534352764,6,312.894556534024,0,3.08118827728435,12.3247531091374,0.690805660566597,0,400,25,8.21650207275826,27.7306944955591,0.290865541291199,0.836238431212196,0.01375,0.011,0.01375,0.01375,0,0,0,0
05/07/2016,0.00667056813400146,0.1,10.9601147435886,31.4282414618214,314.118786652004,0,6.5430409850309,26.1721639401236,1.9338445365597,0,400,25,17.4481092934157,58.8873688652781,0.81425033118303,2.34096970215121,0.01375,0.011,0.01375,0.01375,0,0,0,0
06/07/2016,0.00607308762547496,0.1,10.8957790898389,30.5396321309836,315.333286911643,0,6.09490136467766,24.3796054587106,1.77682774902202,0,400,25,16.2530703058071,54.8541122820989,0.748137999588217,2.15089674881612,0.01375,0.011,0.01375,0.01375,0,0,0,0
07/07/2016,0.00439647039953655,0.1,10.8335464362339,27.9265139180754,316.53769779509,0,6.00489981416518,24.0195992566607,1.76324151249618,0,400,25,16.0130661711071,54.0440983274866,0.742417478945758,2.13445025196905,0.01375,0.011,0.01375,0.01375,0,0,0,0
08/07/2016,0.0106861183311576,0.1,10.7734352049594,28.7114299164581,317.731662771168,0,6.11748923748608,24.4699569499443,1.75577865608989,0,400,25,16.3133046332962,55.0574031373747,0.739275223616797,2.12541626789829,0.01375,0.011,0.01375,0.01375,0,0,0,0
09/07/2016,0.0102979943196796,0.1,10.7154631902157,31.9119252612779,318.914828400906,0,6.47599147933892,25.9039659173557,1.8899269823106,0,400,25,17.2693106115705,58.2839233140503,0.795758729393939,2.28780634700757,0.01375,0.011,0.01375,0.01375,0,0,0,0
10/07/2016,0.00449672572992368,0.1,10.6596475529492,29.1345441062995,320.086844442171,0,5.89270740500631,23.5708296200252,1.71525311811952,0,400,25,15.7138864133502,53.0343666450568,0.722211839208219,2.07635903772363,0.01375,0.011,0.01375,0.01375,0,0,0,0
11/07/2016,0.00146158837214058,0.1,10.6060048157731,6,321.247363953343,0,2.93575522601745,11.7430209040698,0.786067795863779,0,400,25,7.8286806027132,26.4217970341571,0.330975914047907,0.951555752887733,0.01375,0.011,0.01375,0.01375,0,0,0,0
12/07/2016,0.00122313854768433,0.1,10.5545508580758,6,322.396043396021,0,3.08301329720906,12.3320531888363,0.850177004064652,0,400,25,8.2213687925575,27.7471196748816,0.357969264869327,1.02916163649932,0.01375,0.011,0.01375,0.01375,0,0,0,0
13/07/2016,0.00127801089171335,0.1,10.5053009113207,6,323.532542736714,0,2.99165578678144,11.9666231471258,0.820313903881859,0,400,25,7.97774876475051,26.924902081033,0.345395327950256,0.993011567856987,0.01375,0.011,0.01375,0.01375,0,0,0,0
14/07/2016,0.00130261021441686,0.1,10.4582695545372,6,324.656525547499,0,2.94190291384035,11.7676116553614,0.804050599178536,0,400,25,7.8450744369076,26.4771262245632,0.338547620706752,0.973324409531912,0.01375,0.011,0.01375,0.01375,0,0,0,0
15/07/2016,0.00126750224874688,0.1,10.4134707100049,6,325.767659105614,0,2.96070731037783,11.8428292415113,0.810197412670357,0,400,25,7.89521949434088,26.6463657934005,0.341135752703308,0.980765289022011,0.01375,0.011,0.01375,0.01375,0,0,0,0
16/07/2016,0.00127150836816919,0.1,10.3709176391324,6,326.865614491947,0,2.93642854276839,11.7457141710736,0.802261127344262,0,400,25,7.83047611404905,26.4278568849156,0.337794158881794,0.971158206785159,0.01375,0.011,0.01375,0.01375,0,0,0,0
17/07/2016,0.00125641680470991,0.1,10.3306229385318,6,327.950066688404,0,2.9347140960232,11.7388563840928,0.801700706042607,0,400,25,7.82590425606187,26.4124268642088,0.33755819201794,0.970479802051577,0.01375,0.011,0.01375,0.01375,0,0,0,0
18/07/2016,0.00187772564389845,0.1,10.2925985362894,17.6358960550649,329.020694674121,0,4.61420986401562,18.4568394560625,1.32923403335458,0,400,25,12.304559637375,41.5278887761406,0.559677487728242,1.6090727772187,0.01375,0.011,0.01375,0.01375,0,0,0,0
19/07/2016,0.00172583525848597,0.1,10.2568556884352,15.8570235443223,330.077181520497,0,4.21597617400651,16.863904696026,1.19817144703734,0,400,25,11.242603130684,37.9437855660586,0.504493240857826,1.45041806746625,0.01375,0.011,0.01375,0.01375,0,0,0,0
20/07/2016,0.0187550796601555,0.1,10.2234049756106,36.1034464077128,331.119214485005,0,7.2192720236048,28.8770880944192,2.14350075489857,0,400,25,19.2513920629461,64.9734482124432,0.902526633641503,2.59476407171932,0.01375,0.011,0.01375,0.01375,0,0,0,0
21/07/2016,0.0377969355282599,0.1,10.1922562999366,37.0094423014202,332.146485103776,0,6.2651523829075,25.06060953163,1.81923683052474,0,400,25,16.7070730210867,56.3863714461675,0.765994454957787,2.20223405800364,0.01375,0.011,0.01375,0.01375,0,0,0,0
22/07/2016,0.025559516433009,0.1,10.1634188820821,35.5422670263448,333.158689282906,0,4.41465125758435,17.6586050303374,1.15184479879702,0,400,25,11.7724033535583,39.7318613182592,0.484987283704008,1.39433844064902,0.01375,0.011,0.01375,0.01375,0,0,0,0
23/07/2016,0.0237725782256643,0.1,10.1369012585347,35.6464719596037,334.155527388481,0,5.42152731014883,21.6861092405953,1.51079019766209,0,400,25,14.4574061603969,48.7937457913394,0.636122188489301,1.82885129190674,0.01375,0.011,0.01375,0.01375,0,0,0,0
24/07/2016,0.0286760264732809,0.1,10.1127112790737,34.8138370375271,335.136704335266,0,4.23758092020495,16.9503236808198,1.09477715853182,0,400,25,11.3002157872132,38.1382282818445,0.460958803592346,1.325256560328,0.01375,0.011,0.01375,0.01375,0,0,0,0
25/07/2016,0.00404633431037178,0.1,10.0908561044464,6.97898216978627,336.101929674065,0,1.69582922092607,6.78331688370427,0.390681251396834,0,400,25,4.52221125580285,15.2624629883346,0.164497369009193,0.472929935901431,0.01375,0.011,0.01375,0.01375,0,0,0,0
26/07/2016,0.00337766630062503,0.1,10.0713422042482,6.04079622001548,337.050917677694,0,1.74651214523627,6.98604858094508,0.41304706561468,0,400,25,4.65736572063005,15.7186093071264,0.173914553943023,0.500004342586192,0.01375,0.011,0.01375,0.01375,0,0,0,0
27/07/2016,0.00295088265182175,0.1,10.0541753550077,6.00106883548379,337.983387425568,0,1.83566770782692,7.34267083130767,0.442435925859544,0,400,25,4.89511388753845,16.5210093704423,0.186288810888229,0.535580331303658,0.01375,0.011,0.01375,0.01375,0,0,0,0
28/07/2016,0.00260841475384583,0.1,10.0393606384765,6,338.899062886852,0,1.92782322108594,7.71129288434377,0.47256648455774,0,400,25,5.14086192289585,17.3504089897735,0.198975361919048,0.572054165517264,0.01375,0.011,0.01375,0.01375,0,0,0,0
29/07/2016,0.0023177320406759,0.1,10.0269024401251,6,339.797673002179,0,2.02255492967996,8.09021971871983,0.503532548442235,0,400,25,5.39347981247989,18.2029943671196,0.212013704607257,0.609539400745864,0.01375,0.011,0.01375,0.01375,0,0,0,0
30/07/2016,0.00210682209414475,0.1,10.0168044478446,6,340.678951763886,0,2.10880960035338,8.43523840141352,0.531727623587095,0,400,25,5.62349226760901,18.9792864031804,0.223885315194567,0.643670281184379,0.01375,0.011,0.01375,0.01375,0,0,0,0
31/07/2016,0.00191952780019484,0.1,10.0090696508551,6,341.542638294759,0,2.19560846032241,8.78243384128965,0.560100584265145,0,400,25,5.8549558941931,19.7604761429017,0.235831824953745,0.678016496742018,0.01375,0.011,0.01375,0.01375,0,0,0,0
01/08/2016,0.001788595962962,0.1,10.0037003388204,6,342.388476925256,0,2.26775001110354,9.07100004441414,0.583682338498975,0,400,25,6.04733336294276,20.4097500999318,0.245760984631147,0.706562830814548,0.01375,0.011,0.01375,0.01375,0,0,0,0
02/08/2016,0.00164095471277704,0.1,10.000698101171,6,343.216217269194,0,2.35270696358918,9.41082785435673,0.611453213289982,0,400,25,6.27388523623782,21.1743626723026,0.25745398454315,0.740180205561557,0.01375,0.011,0.01375,0.01375,0,0,0,0
03/08/2016,0.0198502675207227,0.1,10.0000638266329,36.3204758706548,344.025614297865,0,7.12194081106724,28.487763244269,2.11062006709741,0,400,25,18.991842162846,64.0974672996052,0.888682133514698,2.55496113385476,0.01375,0.011,0.01375,0.01375,0,0,0,0
04/08/2016,0.0163772412329883,0.1,10.0017977029648,36.7329962017566,344.816428412574,0,6.67203082869057,26.6881233147623,1.94879371109846,0,400,25,17.7920822098415,60.0482774582151,0.82054472046251,2.35906607132972,0.01375,0.011,0.01375,0.01375,0,0,0,0
05/08/2016,0.00481858394953628,0.1,10.0058992169025,29.1853554682659,345.588425515561,0,5.99875406978134,23.9950162791254,1.75783286980648,0,400,25,15.9966775194169,53.9887866280321,0.740140155707992,2.12790294766048,0.01375,0.011,0.01375,0.01375,0,0,0,0
06/08/2016,0.00352695404957667,0.1,10.0123671543109,25.7799035189872,346.341377079302,0,5.26001320460121,21.0400528184048,1.51497173677081,0,400,25,14.0267018789366,47.3401188414109,0.637882836535076,1.83391315503834,0.01375,0.011,0.01375,0.01375,0,0,0,0
07/08/2016,0.00135812399953902,0.1,10.0211996005432,6,347.075060214155,0,2.51078116220499,10.04312464882,0.663124779289127,0,400,25,6.69541643254663,22.5970304598449,0.279210433384895,0.802729995981574,0.01375,0.011,0.01375,0.01375,0,0,0,0
08/08/2016,0.00217152453418225,0.1,10.032393941008,19.4972454610393,347.789257734344,0,4.63922176478959,18.5568870591584,1.33375872855032,0,400,25,12.3712580394389,41.7529958831063,0.561582622547502,1.61455003982407,0.01375,0.011,0.01375,0.01375,0,0,0,0
09/08/2016,0.00223365780817136,0.1,10.0459468619428,21.063896151189,348.483758222246,0,4.77691779308569,19.1076711723428,1.37168031087137,0,400,25,12.7384474482285,42.9922601377712,0.577549604577419,1.66045511316008,0.01375,0.011,0.01375,0.01375,0,0,0,0
10/08/2016,0.0013864220444953,0.1,10.0618543513956,11.9404168275064,349.15835609098,0,3.52987272740515,14.1194909096206,0.983031819386229,0,400,25,9.41299393974705,31.7688545466463,0.413908134478412,1.18998588662543,0.01375,0.011,0.01375,0.01375,0,0,0,0
11/08/2016,0.00112414912825871,0.1,10.0801117004118,6,349.812851645262,0,2.72029493341296,10.8811797336518,0.731611001275388,0,400,25,7.25411982243455,24.4826544007166,0.308046737379111,0.885634369964943,0.01375,0.011,0.01375,0.01375,0,0,0,0
12/08/2016,0.00113768244835143,0.1,10.1007135044287,6,350.447051140518,0,2.70025203163908,10.8010081265563,0.725059343061131,0,400,25,7.20067208437088,24.3022682847517,0.305288144446792,0.877703415284527,0.01375,0.011,0.01375,0.01375,0,0,0,0
13/08/2016,0.00108506005209614,0.1,10.1236536648752,6,351.06076684024,0,2.75085601477127,11.0034240590851,0.741600860127997,0,400,25,7.33561603939005,24.7577041329414,0.312252993738104,0.897727356997049,0.01375,0.011,0.01375,0.01375,0,0,0,0
14/08/2016,0.00106885037607054,0.1,10.1489253909769,6,351.653817071558,0,2.76124118661754,11.0449647464702,0.744995582968068,0,400,25,7.3633098309801,24.8511706795578,0.313682350723397,0.901836758329766,0.01375,0.011,0.01375,0.01375,0,0,0,0
15/08/2016,0.00105534111397431,0.1,10.1765212017667,6,352.226026279017,0,2.76786554212501,11.0714621685,0.747160963693091,0,400,25,7.38097477900003,24.9107898791251,0.314594089976038,0.90445800868111,0.01375,0.011,0.01375,0.01375,0,0,0,0
16/08/2016,0.00103988443306894,0.1,10.206432928299,6,352.777225076551,0,2.77639125061148,11.1055650024459,0.749947861951035,0,400,25,7.40371000163062,24.9875212555034,0.315767520821488,0.907831622361779,0.01375,0.011,0.01375,0.01375,0,0,0,0
17/08/2016,0.00100966342038993,0.1,10.2386517160679,6,353.307250297619,0,2.8033757450994,11.2135029803976,0.758768599934183,0,400,25,7.47566865359841,25.2303817058946,0.319481515761761,0.918509357815064,0.01375,0.011,0.01375,0.01375,0,0,0,0
18/08/2016,0.00101395712822784,0.1,10.2731680276286,6,353.815945043506,0,2.78655375979601,11.146215039184,0.753269800437159,0,400,25,7.43081002612269,25.0789838381641,0.317166231763014,0.911852916318666,0.01375,0.011,0.01375,0.01375,0,0,0,0
19/08/2016,0.000932599654736809,0.1,10.3099716454204,6,354.303158729775,0,2.88560942710781,11.5424377084312,0.785649287386393,0,400,25,7.69495847228749,25.9704848439703,0.330799699952166,0.951049137362476,0.01375,0.011,0.01375,0.01375,0,0,0,0
20/08/2016,0.00173715666847374,0.1,10.3490516747915,20.5007821686479,354.768747130835,0,4.9516888929148,19.8067555716592,1.43453552583561,0,400,25,13.2045037144395,44.5652000362332,0.604014958246574,1.7365430049589,0.01375,0.011,0.01375,0.01375,0,0,0,0
21/08/2016,0.00161504762153097,0.1,10.3903965472238,18.3234573849303,355.212572422639,0,4.40378173017739,17.6151269207096,1.25383320523147,0,400,25,11.7434179471397,39.6340355715965,0.527929770623775,1.51779809054335,0.01375,0.011,0.01375,0.01375,0,0,0,0
22/08/2016,0.00108429241815027,0.1,10.4339940237578,6,355.634503223483,0,2.73642002966011,10.9456801186404,0.722857477303953,0,400,25,7.29712007909363,24.627780266941,0.304361043075349,0.875037998841627,0.01375,0.011,0.01375,0.01375,0,0,0,0
23/08/2016,0.0027400682467915,0.1,10.4798311986152,27.3883442977637,356.034414632895,0,5.92645201374478,23.7058080549791,1.74006083508216,0,400,25,15.8038720366528,53.3380681237031,0.732657193718806,2.10638943194157,0.01375,0.011,0.01375,0.01375,0,0,0,0
24/08/2016,0.00293657906142493,0.1,10.5278945030197,28.0309549900579,356.412188268613,0,5.76820733690583,23.0728293476233,1.67982701216403,0,400,25,15.3818862317489,51.9138660321525,0.707295584069067,2.03347480419857,0.01375,0.011,0.01375,0.01375,0,0,0,0
25/08/2016,0.0270019050709024,0.1,10.5781697092131,38.6882674994537,356.767712301624,0,7.27884719700133,29.1153887880053,2.15119689441687,0,400,25,19.4102591920035,65.509624773012,0.90576711343868,2.60408045113621,0.01375,0.011,0.01375,0.01375,0,0,0,0
26/08/2016,0.02676805111647,0.1,10.6306419346675,37.4642294636067,357.10088148927,0,6.4613318490489,25.8453273961956,1.8864688251794,0,400,25,17.2302182641304,58.1519866414401,0.79430266323343,2.28362015679611,0.01375,0.011,0.01375,0.01375,0,0,0,0
27/08/2016,0.00188280001878067,0.1,10.6852956464909,6,357.4115972064,0,1.81101311049088,7.24405244196352,0.434383394642794,0,400,25,4.82936829464234,16.2991179944179,0.182898271428545,0.525832530357066,0.01375,0.011,0.01375,0.01375,0,0,0,0
28/08/2016,0.00168177607997426,0.1,10.7421146660246,6,357.69976747457,0,1.91221247397819,7.64884989591275,0.467463616685957,0,400,25,5.09923326394183,17.2099122658037,0.196826785973035,0.565877009672475,0.01375,0.011,0.01375,0.01375,0,0,0,0
29/08/2016,0.00155482808013228,0.1,10.8010821736331,6,357.965306989265,0,2.00016434657413,8.00065738629653,0.496213476115169,0,400,25,5.33377159086435,18.0014791191672,0.208931989943229,0.600679471086784,0.01375,0.011,0.01375,0.01375,0,0,0,0
30/08/2016,0.00144922000059059,0.1,10.862180713683,6,358.208137145153,0,2.0818211026807,8.32728441072279,0.522905577036025,0,400,25,5.55152294048186,18.7363899241263,0.220170769278326,0.632990961675188,0.01375,0.011,0.01375,0.01375,0,0,0,0
31/08/2016,0.00130537755712321,0.1,10.9253921997097,6,358.428186059355,0,2.18422895105426,8.73691580421706,0.556380830697922,0,400,25,5.82461053614471,19.6580605594884,0.234265612925441,0.673513637160643,0.01375,0.011,0.01375,0.01375,0,0,0,0
01/09/2016,0.00119717516324626,0.1,10.9906979197721,6,358.625388592724,0,2.2778030283073,9.11121211322921,0.586968486058055,0,400,25,6.07414140881947,20.5002272547657,0.247144625708655,0.710540798912382,0.01375,0.011,0.01375,0.01375,0,0,0,0
02/09/2016,0.00837565558017322,0.1,11.0580785419912,35.0723373381888,358.799686369124,0,6.99563004020904,27.9825201608361,2.07496814130071,0,400,25,18.6550134405574,62.9606703618813,0.873670796337139,2.51180353946928,0.01375,0.011,0.01375,0.01375,0,0,0,0
03/09/2016,0.0441816658473204,0.1,11.1275141202729,38.3126523568129,358.951027792715,0,6.00239662490969,24.0095864996388,1.69881350460646,0,400,25,16.0063909997592,54.0215696241872,0.715289896676404,2.05645845294466,0.01375,0.011,0.01375,0.01375,0,0,0,0
04/09/2016,0.0474939318747336,0.1,11.1989841002127,37.1823293090776,359.079368063225,0,4.61732193958169,18.4692877583268,1.21628909648871,0,400,25,12.3128585055512,41.5558974562353,0.51212172483735,1.47234995890738,0.01375,0.011,0.01375,0.01375,0,0,0,0
05/09/2016,0.00348135842423015,0.1,11.2724673251798,6,359.184669189209,0,1.33068387453062,5.32273549812246,0.277372547619224,0,400,25,3.54849033208164,11.9761548707755,0.116788441102831,0.33576676817064,0.01375,0.011,0.01375,0.01375,0,0,0,0
06/09/2016,0.00297295379608897,0.1,11.3479420425803,6,359.2668999993,0,1.40852486421348,5.6340994568539,0.30281734424674,0,400,25,3.75606630456927,12.6767237779213,0.127502039682838,0.366568364088159,0.01375,0.011,0.01375,0.01375,0,0,0,0
07/09/2016,0.00254466953150987,0.1,11.4253859102962,6,359.326036151433,0,1.49243569391009,5.96974277564036,0.330246260620687,0,400,25,3.97982851709357,13.4319212451908,0.139051057103447,0.39977178917241,0.01375,0.011,0.01375,0.01375,0,0,0,0
08/09/2016,0.00220972025594373,0.1,11.5047760032994,6,359.362060140052,0,1.58220216977637,6.32880867910548,0.359589280688804,0,400,25,4.21920578607032,14.2398195279873,0.151406012921602,0.435292287149605,0.01375,0.011,0.01375,0.01375,0,0,0,0
09/09/2016,0.00188187596684599,0.1,11.5860888204375,6,359.374961301293,0,1.68093804697032,6.72375218788128,0.391864234094139,0,400,25,4.48250145858752,15.1284424227329,0.164995466987006,0.474361967587642,0.01375,0.011,0.01375,0.01375,0,0,0,0
10/09/2016,0.00433678427160033,0.1,11.6693002913912,26.2859684620491,359.364735816136,0,5.37060791696018,21.4824316678407,1.56014479924638,0,400,25,14.3216211118938,48.3354712526416,0.656903073366898,1.88859633592983,0.01375,0.011,0.01375,0.01375,0,0,0,0
11/09/2016,0.00361244192615494,0.1,11.7543857837993,25.0504931165993,359.331386711544,0,4.91525849647827,19.6610339859131,1.40519743135161,0,400,25,13.1073559906087,44.2373264683045,0.591662076358574,1.7010284695309,0.01375,0.011,0.01375,0.01375,0,0,0,0
12/09/2016,0.00137907664726299,0.1,11.8413201105505,6,359.274923859559,0,1.96631037389632,7.8652414955853,0.485147231282854,0,400,25,5.2434943303902,17.6967933650669,0.204272518434886,0.587283490500297,0.01375,0.011,0.01375,0.01375,0,0,0,0
13/09/2016,0.00135483807965617,0.1,11.9300775372393,6,359.195363974383,0,2.01957726355323,8.07830905421292,0.502559203815864,0,400,25,5.38553936947528,18.1761953719791,0.21160387529089,0.608361141461309,0.01375,0.011,0.01375,0.01375,0,0,0,0
14/09/2016,0.00171686730581699,0.1,12.0206317897838,16.4110172154708,359.09273060743,0,3.88711231785682,15.5484492714273,1.0937914443412,0,400,25,10.3656328476182,34.9840108607114,0.4605437660384,1.3240633273604,0.01375,0.011,0.01375,0.01375,0,0,0,0
15/09/2016,0.00151242425412083,0.1,12.1129560622039,15.1090113157356,358.967054140356,0,3.60357314361913,14.4142925744765,0.999778244774799,0,400,25,9.60952838298435,32.4321582925722,0.42095926095781,1.2102578752537,0.01375,0.011,0.01375,0.01375,0,0,0,0
16/09/2016,0.0018859797141817,0.1,12.2070230245555,21.1634062276323,358.818371776061,0,4.77408133532551,19.096325341302,1.37517408425706,0,400,25,12.730883560868,42.9667320179296,0.579020667055606,1.66468441778487,0.01375,0.011,0.01375,0.01375,0,0,0,0
17/09/2016,0.00167027801048977,0.1,12.3028048310218,19.3110360119025,358.646727527679,0,4.30739046545541,17.2295618618216,1.2204342176359,0,400,25,11.4863745745478,38.7665141890987,0.513867039004588,1.47736773713819,0.01375,0.011,0.01375,0.01375,0,0,0,0
18/09/2016,0.00104723995206283,0.1,12.4002731281556,6,358.452172205552,0,2.30709158024693,9.22836632098771,0.596542378304986,0,400,25,6.15224421399181,20.7638242222224,0.251175738233678,0.722130247421826,0.01375,0.011,0.01375,0.01375,0,0,0,0
19/09/2016,0.0159548649758875,0.1,12.4993990632724,37.8633587048221,358.234763402183,0,7.45725403787921,29.8290161515168,2.22089369208188,0,400,25,19.8860107676779,67.1152863409129,0.935113133508159,2.68845025883596,0.01375,0.011,0.01375,0.01375,0,0,0,0
20/09/2016,0.0127869973099859,0.1,12.600153292992,37.336344482451,357.994565475191,0,6.90019817162589,27.6007926865036,2.02531065953171,0,400,25,18.4005284576691,62.101783544633,0.852762382960721,2.45169185101207,0.01375,0.011,0.01375,0.01375,0,0,0,0
21/09/2016,0.000914684260785596,0.1,12.7025059919243,6,357.73164952826,0,2.44233869427604,9.76935477710418,0.640752187622031,0,400,25,6.51290318473612,21.9810482484844,0.269790394788224,0.775647385016143,0.01375,0.011,0.01375,0.01375,0,0,0,0
22/09/2016,0.00380413095043716,0.1,12.8064268614986,31.9033298011091,357.446093390089,0,6.54705540479061,26.1882216191624,1.93484010525442,0,400,25,17.458814412775,58.9234986431155,0.81466951800186,2.34217486425535,0.01375,0.011,0.01375,0.01375,0,0,0,0
23/09/2016,0.00315653932835194,0.1,12.9118851389321,30.3033946590699,357.137981591355,0,5.9539030456334,23.8156121825336,1.73347449751507,0,400,25,15.8770747883557,53.5851274107006,0.729883998953714,2.09841649699193,0.01375,0.011,0.01375,0.01375,0,0,0,0
24/09/2016,0.000780020645842117,0.1,13.0188496063369,6,356.807405339689,0,2.59848787318482,10.3939514927393,0.691794499867482,0,400,25,6.92930099515953,23.3863908586634,0.291281894681045,0.837435447208004,0.01375,0.011,0.01375,0.01375,0,0,0,0
25/09/2016,0.000804523274301688,0.1,13.1272885999607,6,356.454462492675,0,2.56003618923148,10.2401447569259,0.679225347263379,0,400,25,6.82676317128396,23.0403257030834,0.28598961990037,0.822220157213564,0.01375,0.011,0.01375,0.01375,0,0,0,0
26/09/2016,0.00172744771169083,0.1,13.2371700195604,24.48186672726,356.079257528887,0,5.4735591698028,21.8942366792112,1.59829372866929,0,400,25,14.5961577861408,49.2620325282252,0.672965780492335,1.93477661891546,0.01375,0.011,0.01375,0.01375,0,0,0,0
27/09/2016,0.00146336106657724,0.1,13.3484613379039,22.4088431798658,355.681901516956,0,4.98423613116441,19.9369445246576,1.43639345958177,0,400,25,13.2912963497718,44.8581251804797,0.604797246139694,1.73879208265162,0.01375,0.011,0.01375,0.01375,0,0,0,0
28/09/2016,0.000758243410915513,0.1,13.4611296103994,6,355.262512082693,0,2.60143115609466,10.4057246243786,0.692756605248761,0,400,25,6.93714974958576,23.4128804048519,0.291686991683689,0.838600101090605,0.01375,0.011,0.01375,0.01375,0,0,0,0
29/09/2016,0.00504172617752353,0.1,13.5751414848473,34.3366809529612,354.82121337427,0,6.92911962572044,27.7164785028818,2.0551207023761,0,400,25,18.4776523352545,62.362076631484,0.865313979947833,2.48777769235002,0.01375,0.011,0.01375,0.01375,0,0,0,0
30/09/2016,0.00853228766709638,0.1,13.6904632113135,36.6669867657066,354.35813602547,0,7.1100083949471,28.4400335797884,2.1044054488102,0,400,25,18.9600223865256,63.9900755545239,0.886065452130612,2.54743817487551,0.01375,0.011,0.01375,0.01375,0,0,0,0
01/10/2016,0.00428282648676957,0.1,13.8070606521197,33.3628898062324,353.873417117015,0,6.38477264880594,25.5390905952238,1.86709099062765,0,400,25,17.0260603968158,57.4629538392535,0.786143575001117,2.26016277812821,0.01375,0.011,0.01375,0.01375,0,0,0,0
02/10/2016,0.000630801396648691,0.1,13.9248992919492,6,353.367200135988,0,2.77640855105431,11.1056342042173,0.749953517149551,0,400,25,7.40375613614483,24.9876769594888,0.315769901957706,0.907838468128404,0.01375,0.011,0.01375,0.01375,0,0,0,0
03/10/2016,0.000633169563713744,0.1,14.0439442480639,6,352.839634933357,0,2.75936750679562,11.0374700271825,0.744383111284343,0,400,25,7.35831335145498,24.8343075611606,0.313424467909197,0.901095345238942,0.01375,0.011,0.01375,0.01375,0,0,0,0
04/10/2016,0.000644108827807694,0.1,14.1641602806307,6,352.290877679617,0,2.7258576906527,10.9034307626108,0.73342936493225,0,400,25,7.26895384174053,24.5327192158743,0.308812364182,0.88783554702325,0.01375,0.011,0.01375,0.01375,0,0,0,0
05/10/2016,0.00129452841200499,0.1,14.2855118031529,22.0371300210875,351.721090818561,0,5.15933072984597,20.6373229193839,1.50046648604339,0,400,25,13.7582152795893,46.4339765686138,0.631775362544584,1.81635416731568,0.01375,0.011,0.01375,0.01375,0,0,0,0
06/10/2016,0.00115020139087865,0.1,14.4079628930047,19.6810447727889,351.13044301919,0,4.61634030920774,18.4653612368309,1.32228372947701,0,400,25,12.310240824554,41.5470627828696,0.556751043990321,1.60065925147217,0.01375,0.011,0.01375,0.01375,0,0,0,0
07/10/2016,0.000601205868405692,0.1,14.5314773020651,6,350.519109125787,0,2.77591118898671,11.1036447559469,0.749790938581218,0,400,25,7.40242983729791,24.9832007008804,0.315701447823671,0.907641662493053,0.01375,0.011,0.01375,0.01375,0,0,0,0
08/10/2016,0.000658883501067849,0.1,14.6560184674478,6,349.887270106158,0,2.65626538961961,10.6250615584784,0.710680913841863,0,400,25,7.08337437231895,23.9063885065765,0.299234068986047,0.860297948334886,0.01375,0.011,0.01375,0.01375,0,0,0,0
09/10/2016,0.000608077382382072,0.1,14.7815495223251,6,349.235112998059,0,2.74427199814255,10.9770879925702,0.73944866544506,0,400,25,7.31805866171346,24.6984479832829,0.311346806503183,0.895122068696652,0.01375,0.011,0.01375,0.01375,0,0,0,0
10/10/2016,0.00050547709123375,0.1,14.908033306841,6,348.562830853834,0,2.98878526396338,11.9551410558535,0.819375582444559,0,400,25,7.97009403723569,26.8990673756704,0.345000245239814,0.991875705064466,0.01375,0.011,0.01375,0.01375,0,0,0,0
11/10/2016,0.000544822718581234,0.1,15.0354323791111,6,347.870622683264,0,2.8740791700062,11.4963166800248,0.781880257108016,0,400,25,7.66421112001652,25.8667125300558,0.329212739834954,0.946486627025493,0.01375,0.011,0.01375,0.01375,0,0,0,0
12/10/2016,0.000606686326813577,0.1,15.1637090263067,6,347.158693394657,0,2.72593181860193,10.9037272744077,0.733453596003825,0,400,25,7.26915151627181,24.5333863674174,0.308822566738453,0.887864879373052,0.01375,0.011,0.01375,0.01375,0,0,0,0
13/10/2016,0.000543374963672831,0.1,15.292825275818,6,346.427253734189,0,2.85979393874982,11.4391757549993,0.777210676138192,0,400,25,7.62611716999953,25.7381454487484,0.327246600479238,0.940833976377811,0.01375,0.011,0.01375,0.01375,0,0,0,0
14/10/2016,0.000605878752983796,0.1,15.4227429064953,6,345.676520223521,0,2.71109175335504,10.8443670134201,0.728602649944626,0,400,25,7.22957800894676,24.3998257801953,0.306780063134579,0.881992681511916,0.01375,0.011,0.01375,0.01375,0,0,0,0
15/10/2016,0.00050098554463338,0.1,15.553423459963,6,344.906715095704,0,2.95503785713252,11.8201514285301,0.808344172039632,0,400,25,7.88010095235339,26.5953407141927,0.340355440858792,0.978521892469028,0.01375,0.011,0.01375,0.01375,0,0,0,0
16/10/2016,0.000449158361338314,0.1,15.6848282520041,6,344.11806622939,0,3.11416996519576,12.456679860783,0.860361549299013,0,400,25,8.30445324052203,28.0275296867618,0.36225749444169,1.04149029651986,0.01375,0.011,0.01375,0.01375,0,0,0,0
17/10/2016,0.000641563000748903,0.1,15.8169183840117,6,343.310807081381,0,2.62214233829066,10.4885693531626,0.699526712117132,0,400,25,6.9923795687751,23.599281044616,0.294537562996687,0.846795493615475,0.01375,0.011,0.01375,0.01375,0,0,0,0
18/10/2016,0.00140866840843659,0.1,15.9496547545038,25.7473699963295,342.485176617513,0,5.7660871475977,23.0643485903908,1.69246264800995,0,400,25,15.3762323935939,51.8947843283794,0.712615851793661,2.04877057390678,0.01375,0.011,0.01375,0.01375,0,0,0,0
19/10/2016,0.00120270201347229,0.1,16.0829980706979,23.3956105291474,341.641419241926,0,5.20720940696058,20.8288376278423,1.50806338111186,0,400,25,13.8858917518949,46.8648846626452,0.634974055204995,1.82555040871436,0.01375,0.011,0.01375,0.01375,0,0,0,0
20/10/2016,0.000543978035864065,0.1,16.2169088601428,6,340.779784724706,0,2.79401086806151,11.1760434722461,0.755707392816421,0,400,25,7.45069564816404,25.1460978125536,0.318192586449019,0.914803686040931,0.01375,0.011,0.01375,0.01375,0,0,0,0
21/10/2016,0.00049901889709379,0.1,16.3513474824032,6,339.900528127956,0,2.90011229900674,11.600449196027,0.790390011103894,0,400,25,7.73363279735132,26.1010106910607,0.332795794149008,0.956787908178398,0.01375,0.011,0.01375,0.01375,0,0,0,0
22/10/2016,0.00714591196651539,0.1,16.486274140794,36.795262436851,339.003909730285,0,7.31653393971664,29.2661357588666,2.17724651053142,0,400,25,19.5107571725777,65.8488054574498,0.916735372855337,2.63561419695909,0.01375,0.011,0.01375,0.01375,0,0,0,0
23/10/2016,0.00568595495809411,0.1,16.6216488941613,36.0140161207985,338.090194949768,0,6.78549115173928,27.1419646069571,1.99253652377192,0,400,25,18.0946430713048,61.0694203656535,0.838962746851336,2.41201789719759,0.01375,0.011,0.01375,0.01375,0,0,0,0
24/10/2016,0.000509739845368308,0.1,16.7574316687051,6,337.159654265367,0,2.83637284501631,11.3454913800652,0.769554748724226,0,400,25,7.5636609200435,25.5273556051468,0.324023052094411,0.931566274771431,0.01375,0.011,0.01375,0.01375,0,0,0,0
25/10/2016,0.000461512824907732,0.1,16.893582269843,6,336.212563136873,0,2.96414263228916,11.8565705291567,0.811320356606964,0,400,25,7.9043803527711,26.6772836906025,0.341608571202932,0.98212464220843,0.01375,0.011,0.01375,0.01375,0,0,0,0
26/10/2016,0.00046718199559675,0.1,17.0300603941077,6,335.249201923357,0,2.93538192407512,11.7415276963005,0.801919006825169,0,400,25,7.82768513086698,26.4184373166761,0.337650108136913,0.970744060893625,0.01375,0.011,0.01375,0.01375,0,0,0,0
27/10/2016,0.000527594763312773,0.1,17.1668256410784,6,334.269855800181,0,2.76090903001967,11.0436361200787,0.744887007047904,0,400,25,7.36242408005245,24.848181270177,0.313636634546486,0.901705324321147,0.01375,0.011,0.01375,0.01375,0,0,0,0
28/10/2016,0.000597415731537729,0.1,17.3038375253397,6,333.27481467458,0,2.60361444914735,10.4144577965894,0.693470283838028,0,400,25,6.94297186439294,23.4325300423262,0.291987487931801,0.839464027803928,0.01375,0.011,0.01375,0.01375,0,0,0,0
29/10/2016,0.0013832988644209,0.1,17.4410554884664,26.3432499940387,332.264373099842,0,5.82404260603136,23.2961704241255,1.70999451307157,0,400,25,15.5307802827503,52.4163834542823,0.719997689714344,2.06999335792874,0.01375,0.011,0.01375,0.01375,0,0,0,0
30/10/2016,0.00191100364501926,0.1,17.5784389110296,30.1733658103352,331.238830188116,0,6.27849158096052,25.1139663238421,1.84795116777775,0,400,25,16.7426442158947,56.5064242286447,0.778084702222212,2.23699351888886,0.01375,0.011,0.01375,0.01375,0,0,0,0
31/10/2016,0.00202927487770996,0.1,17.7159471246209,31.840321948659,330.198489521866,0,6.68178369948289,26.7271347979316,1.97989226667824,0,400,25,17.8180898652877,60.136053295346,0.833638849127682,2.39671169124209,0.01375,0.011,0.01375,0.01375,0,0,0,0
01/11/2016,0.00128762007630526,0.1,17.853539423891,26.315640571994,329.143659064006,0,5.64073355946546,22.5629342378619,1.64397250520627,0,400,25,15.0419561585746,50.7666020351892,0.692198949560535,1.99007197998654,0.01375,0.011,0.01375,0.01375,0,0,0,0
02/11/2016,0.000428827714644064,0.1,17.9911750785997,6,328.074651066735,0,2.97686297874168,11.9074519149667,0.81547840533983,0,400,25,7.93830127664448,26.7917668086751,0.343359328564139,0.9871580696219,0.01375,0.011,0.01375,0.01375,0,0,0,0
03/11/2016,0.000410226239691961,0.1,18.1288133456723,6,326.991781979106,0,3.03159955014653,12.1263982005861,0.833370789971094,0,400,25,8.08426546705742,27.2843959513188,0.350892964198355,1.00881727207027,0.01375,0.011,0.01375,0.01375,0,0,0,0
04/11/2016,0.00034966193654663,0.1,18.2664134812612,6,325.895372353347,0,3.28309790269128,13.1323916107651,0.915581004136257,0,400,25,8.75492774051007,29.5478811242215,0.385507791215266,1.10833489974389,0.01375,0.011,0.01375,0.01375,0,0,0,0
05/11/2016,0.000322020105599201,0.1,18.4039347528061,6,324.785746749974,0,3.42241202928976,13.689648117159,0.961120245518986,0,400,25,9.12643207810601,30.8017082636078,0.404682208639573,1.16346134983877,0.01375,0.011,0.01375,0.01375,0,0,0,0
06/11/2016,0.000411431712705861,0.1,18.5413364510926,6,323.663233641712,0,2.99392816515982,11.9757126606393,0.821056702835654,0,400,25,7.9838084404262,26.9453534864384,0.345708085404486,0.993910745537897,0.01375,0.011,0.01375,0.01375,0,0,0,0
07/11/2016,0.000257947482350357,0.1,18.678577902302,6,322.528165316262,0,3.85714285714286,15.4285714285714,1.10322580645161,0,400,25,10.2857142857143,34.7142857142857,0.464516129032258,1.33548387096774,0.01375,0.011,0.01375,0.01375,0,0,0,0
08/11/2016,0.000436237497565797,0.1,18.8156184800527,6,321.380877777935,0,2.88847604899851,11.553904195994,0.786586333681847,0,400,25,7.70260279732935,25.9962844409866,0.331194245760777,0.952183456562235,0.01375,0.011,0.01375,0.01375,0,0,0,0
09/11/2016,0.00737954266466076,0.1,18.9524176174254,37.3583026954462,320.221710648189,0,7.40097566174568,29.6039026469827,2.20370135795789,0,400,25,19.7359350979885,66.6087809557111,0.927874255982269,2.66763848594902,0.01375,0.011,0.01375,0.01375,0,0,0,0
10/11/2016,0.00988815013610633,0.1,19.0889348189725,38.0856822857537,319.05100706509,0,7.28707687709982,29.1483075083993,2.15815572587414,0,400,25,19.4322050055995,65.5836918938983,0.90869714773648,2.61250429974238,0.01375,0.011,0.01375,0.01375,0,0,0,0
11/11/2016,0.00363576546754983,0.1,19.2251296727055,35.0330444384011,317.869113581744,0,6.72145979370977,26.8858391748391,1.97564505009584,0,400,25,17.9238927832261,60.493138143388,0.831850547408776,2.39157032380023,0.01375,0.011,0.01375,0.01375,0,0,0,0
12/11/2016,0.00975032816964479,0.1,19.3609618620575,38.1314187352111,316.676380063702,0,7.55158239314202,30.2063295725681,2.25235711525777,0,400,25,20.1375530483787,67.9642415382782,0.94836089063485,2.72653756057519,0.01375,0.011,0.01375,0.01375,0,0,0,0
13/11/2016,0.00756023609534818,0.1,19.496391177818,37.6491338807643,315.473159585395,0,7.08970222700125,28.358808908005,2.09032751692578,0,400,25,18.9058726053367,63.8073200430113,0.880137901863485,2.53039646785752,0.01375,0.011,0.01375,0.01375,0,0,0,0
14/11/2016,0.000362312545766177,0.1,19.6313775300357,6,314.259808325618,0,3.08401078008347,12.3360431203339,0.850503062982739,0,400,25,8.22402874688926,27.7560970207513,0.358106552834837,1.02955633940016,0.01375,0.011,0.01375,0.01375,0,0,0,0
15/11/2016,0.00469111813867271,0.1,19.7658809598859,36.2205083866992,313.036685462092,0,7.26140436479613,29.0456174591845,2.16102750426576,0,400,25,19.3637449727897,65.3526392831651,0.909906317585585,2.61598066305856,0.01375,0.011,0.01375,0.01375,0,0,0,0
16/11/2016,0.003674515183566,0.1,19.899861651499,35.3304845564241,311.80415306514,0,6.77906203230596,27.1162481292239,1.99425588894335,0,400,25,18.0774987528159,61.0115582907537,0.839686690081412,2.41409923398406,0.01375,0.011,0.01375,0.01375,0,0,0,0
17/11/2016,0.000295494384788403,0.1,20.0332799437473,6,310.562575990505,0,3.38835240771411,13.5534096308565,0.949986777821142,0,400,25,9.03560642057097,30.495171669427,0.399994432766797,1.14998399420454,0.01375,0.011,0.01375,0.01375,0,0,0,0
18/11/2016,0.000253222176835555,0.1,20.166096341985,6,309.31232177135,0,3.68446058613754,14.7378423445502,1.04677912861762,0,400,25,9.82522822970011,33.1601452752379,0.440749106786365,1.2671536820108,0.01375,0.011,0.01375,0.01375,0,0,0,0
19/11/2016,0.000318906430058525,0.1,20.2982715297398,6,308.053760509454,0,3.2208798791378,12.8835195165512,0.895243069555337,0,400,25,8.58901301103414,28.9879189122402,0.376944450339089,1.08371529472488,0.01375,0.011,0.01375,0.01375,0,0,0,0
20/11/2016,0.000305982116811356,0.1,20.4297663803513,6,306.787264765657,0,3.27794939641008,13.1117975856403,0.913898051545414,0,400,25,8.74119839042687,29.5015445676907,0.384799179598069,1.10629764134445,0.01375,0.011,0.01375,0.01375,0,0,0,0
21/11/2016,0.000313851407953807,0.1,20.5605419685534,6,305.513209449576,0,3.21854419155591,12.8741767662236,0.89447957598018,0,400,25,8.58278451081575,28.9668977240032,0.376622979360076,1.08279106566022,0.01375,0.011,0.01375,0.01375,0,0,0,0
22/11/2016,0.000224820575191342,0.1,20.6905595819968,6,304.231971708621,0,3.85714285714286,15.4285714285714,1.10322580645161,0,400,25,10.2857142857143,34.7142857142857,0.464516129032258,1.33548387096774,0.01375,0.011,0.01375,0.01375,0,0,0,0
23/11/2016,0.000316738324426248,0.1,20.8197807327088,6,302.94393081635,0,3.17475946145379,12.6990378458152,0.880167148075833,0,400,25,8.46602523054345,28.5728351530842,0.370596693926667,1.06546549503917,0.01375,0.011,0.01375,0.01375,0,0,0,0
24/11/2016,0.00025415625286119,0.1,20.9481671684868,6,301.649468060202,0,3.56816370203781,14.2726548081512,1.00876380306244,0,400,25,9.51510320543416,32.1134733183403,0.424742653921026,1.22113513002295,0.01375,0.011,0.01375,0.01375,0,0,0,0
25/11/2016,0.000257862541069186,0.1,21.0756808842214,6,300.348966628621,0,3.52135048585937,14.0854019434375,0.99346141841916,0,400,25,9.39026796229165,31.6921543727343,0.418299544597541,1.20261119071793,0.01375,0.011,0.01375,0.01375,0,0,0,0
26/11/2016,0.000228406574953392,0.1,21.2022841331467,6,299.042811497628,0,3.76228860739563,15.0491544295825,1.07221968610413,0,400,25,10.0327696197217,33.8605974665606,0.451460920464897,1.29795014633658,0.01375,0.011,0.01375,0.01375,0,0,0,0
27/11/2016,0.000269626789225806,0.1,21.3279394380145,6,297.73138931686,0,3.40075298166585,13.6030119266634,0.954040298768806,0,400,25,9.0686746177756,30.6067768349926,0.401701178428971,1.15489088798329,0.01375,0.011,0.01375,0.01375,0,0,0,0
28/11/2016,0.000240480420210136,0.1,21.4526096021881,6,296.41508829511,0,3.61206296433283,14.4482518573313,1.02311366944705,0,400,25,9.63216790488755,32.5085666789955,0.430784702925072,1.23850602090958,0.01375,0.011,0.01375,0.01375,0,0,0,0
29/11/2016,0.000277821687631001,0.1,21.5762577206533,6,295.094298085414,0,3.31272037296762,13.2508814918705,0.925264048183577,0,400,25,8.83392099458031,29.8144833567085,0.389584862393085,1.12005647938012,0.01375,0.011,0.01375,0.01375,0,0,0,0
30/11/2016,0.000223980821631811,0.1,21.6988471909432,6,293.769409669701,0,3.72747913557333,14.9099165422933,1.06084110606759,0,400,25,9.93994436152887,33.5473122201599,0.446669939396882,1.28417607576603,0.01375,0.011,0.01375,0.01375,0,0,0,0
01/12/2016,0.000282207142132483,0.1,21.8203417239731,6,292.440815243058,0,3.253102618958,13.012410475832,0.905776094184735,0,400,25,8.67494031722134,29.277923570622,0.381379408077783,1.09646579822363,0.01375,0.011,0.01375,0.01375,0,0,0,0
02/12/2016,0.000200684179780084,0.1,21.9407053547832,6,291.108908097629,0,3.85714285714286,15.4285714285714,1.10322580645161,0,400,25,10.2857142857143,34.7142857142857,0.464516129032258,1.33548387096774,0.01375,0.011,0.01375,0.01375,0,0,0,0
03/12/2016,0.000207759646366643,0.1,22.0599024531845,6,289.774082506192,0,3.83806254196315,15.3522501678526,1.09698880019932,0,400,25,10.2348334452351,34.5425628776683,0.461890021136556,1.3279338107676,0.01375,0.011,0.01375,0.01375,0,0,0,0
04/12/2016,0.000228773461801286,0.1,22.1778977343065,6,288.436733605447,0,3.60474802609008,14.4189921043603,1.02072254984941,0,400,25,9.61266140290688,32.4427322348107,0.429777915726069,1.23561150771245,0.01375,0.011,0.01375,0.01375,0,0,0,0
05/12/2016,0.00141067670289195,0.1,22.294656269042,32.3054086866615,287.097257279049,0,6.93781112460393,27.7512444984157,2.0667142875605,0,400,25,18.5008296656105,62.4403001214354,0.870195489499156,2.50181203231007,0.01375,0.011,0.01375,0.01375,0,0,0,0
06/12/2016,0.00176758583303865,0.1,22.4101434943871,31.5511235056415,285.756050040415,0,6.31511469336098,25.2604587734439,1.85324975325795,0,400,25,16.8403058489626,56.8360322402488,0.780315685582295,2.2434075960491,0.01375,0.011,0.01375,0.01375,0,0,0,0
07/12/2016,0.0070279437897039,0.1,22.5243252236724,37.951975305349,284.413508915348,0,7.52780846767858,30.1112338707143,2.24495568636583,0,400,25,20.0741559138095,67.7502762091072,0.945244499522454,2.71757793612706,0.01375,0.011,0.01375,0.01375,0,0,0,0
08/12/2016,0.00522464076613905,0.1,22.637167656683,37.25172294268,283.070031324511,0,7.04815085239038,28.1926034095615,2.07805578689766,0,400,25,18.7950689397077,63.4333576715134,0.874970857641121,2.51554121571822,0.01375,0.011,0.01375,0.01375,0,0,0,0
09/12/2016,0.000189447269983166,0.1,22.7486373896641,6,281.726014965779,0,3.85714285714286,15.4285714285714,1.10322580645161,0,400,25,10.2857142857143,34.7142857142857,0.464516129032258,1.33548387096774,0.01375,0.011,0.01375,0.01375,0,0,0,0
10/12/2016,0.000204331644747556,0.1,22.8587014252095,6,280.381857696517,0,3.72504905534494,14.9001962213797,1.06004675726175,0,400,25,9.93346414758649,33.5254414981044,0.446335476741791,1.28321449563265,0.01375,0.011,0.01375,0.01375,0,0,0,0
11/12/2016,0.000186022526251392,0.1,22.9673271820289,6,279.037957415799,0,3.85714285714286,15.4285714285714,1.10322580645161,0,400,25,10.2857142857143,34.7142857142857,0.464516129032258,1.33548387096774,0.01375,0.011,0.01375,0.01375,0,0,0,0
12/12/2016,0.000174938290022948,0.1,23.0744825045931,6,277.694711946626,0,3.85714285714286,15.4285714285714,1.10322580645161,0,400,25,10.2857142857143,34.7142857142857,0.464516129032258,1.33548387096774,0.01375,0.011,0.01375,0.01375,0,0,0,0
13/12/2016,0.000151339729720696,0.1,23.180135672653,6,276.352518918163,0,3.85714285714286,15.4285714285714,1.10322580645161,0,400,25,10.2857142857143,34.7142857142857,0.464516129032258,1.33548387096774,0.01375,0.011,0.01375,0.01375,0,0,0,0
14/12/2016,0.000186304634866649,0.1,23.2842554106286,6,275.011775648026,0,3.85135695285799,15.405427811432,1.10133450010473,0,400,25,10.2702852076213,34.6622125757219,0.463719789517782,1.33319439486362,0.01375,0.011,0.01375,0.01375,0,0,0,0
15/12/2016,0.00487165451521823,0.1,23.3868108968681,36.9613277918768,273.672879024676,0,7.32996398748243,29.3198559499297,2.18106145280087,0,400,25,19.5465706332865,65.9696758873419,0.918341664337209,2.64023228496948,0.01375,0.011,0.01375,0.01375,0,0,0,0
16/12/2016,0.0223612055438632,0.1,23.4877717727713,38.4900603538012,272.336225389925,0,7.46168725295646,29.8467490118259,2.22507533605469,0,400,25,19.8978326745506,67.1551852766082,0.936873825707237,2.6935122489083,0.01375,0.011,0.01375,0.01375,0,0,0,0
17/12/2016,0.0216931953403728,0.1,23.5871081517765,39.322708592154,271.002210421614,0,7.41020288076987,29.6408115230795,2.19415526642607,0,400,25,19.7605410153863,66.6918259269289,0.923854849021501,2.65608269093682,0.01375,0.011,0.01375,0.01375,0,0,0,0
18/12/2016,0.00685162012826205,0.1,23.6847906282074,37.9188312585409,269.671229016481,0,7.0591835701101,28.2367342804404,2.07790249325968,0,400,25,18.8244895202936,63.5326521309909,0.874906312951444,2.5153556497354,0.01375,0.011,0.01375,0.01375,0,0,0,0
19/12/2016,0.000223897255259331,0.1,23.7807902859783,6,268.343675173266,0,3.35563843581309,13.4225537432524,0.939293178404034,0,400,25,8.94836916216825,30.2007459223178,0.395491864591172,1.13703911069962,0.01375,0.011,0.01375,0.01375,0,0,0,0
20/12/2016,0.000160307103176908,0.1,23.8750787071532,6,267.019941876079,0,3.85714285714286,15.4285714285714,1.10322580645161,0,400,25,10.2857142857143,34.7142857142857,0.464516129032258,1.33548387096774,0.01375,0.011,0.01375,0.01375,0,0,0,0
21/12/2016,0.000160122341389459,0.1,23.9676279803587,6,265.700420978066,0,3.85714285714286,15.4285714285714,1.10322580645161,0,400,25,10.2857142857143,34.7142857142857,0.464516129032258,1.33548387096774,0.01375,0.011,0.01375,0.01375,0,0,0,0
22/12/2016,0.000232430755937906,0.1,24.0584107090458,6,264.385503085413,0,3.23364410278649,12.934576411146,0.899415460941575,0,400,25,8.62305094076398,29.1027969250784,0.378701246712242,1.0887660842977,0.01375,0.011,0.01375,0.01375,0,0,0,0
23/12/2016,0.000166964323610743,0.1,24.1474000196006,6,263.07557744172,0,3.85714285714286,15.4285714285714,1.10322580645161,0,400,25,10.2857142857143,34.7142857142857,0.464516129032258,1.33548387096774,0.01375,0.011,0.01375,0.01375,0,0,0,0
24/12/2016,0.000243713872416167,0.1,24.2345695692986,6,261.771031812774,0,3.12009589057645,12.4803835623058,0.862298625982595,0,400,25,8.32025570820388,28.0808630151881,0.363073105676882,1.04383517882104,0.01375,0.011,0.01375,0.01375,0,0,0,0
25/12/2016,0.000157759092890583,0.1,24.3198935541034,6,260.472252371766,0,3.85714285714286,15.4285714285714,1.10322580645161,0,400,25,10.2857142857143,34.7142857142857,0.464516129032258,1.33548387096774,0.01375,0.011,0.01375,0.01375,0,0,0,0
26/12/2016,0.000152285666058214,0.1,24.4033467163048,6,259.17962358497,0,3.85714285714286,15.4285714285714,1.10322580645161,0,400,25,10.2857142857143,34.7142857142857,0.464516129032258,1.33548387096774,0.01375,0.011,0.01375,0.01375,0,0,0,0
27/12/2016,0.00815620803610322,0.1,24.484904351996,38.4442999031196,257.893528097937,0,7.6142482261818,30.4569929047272,2.27278587047314,0,400,25,20.3046619364848,68.5282340356362,0.956962471778163,2.75126710636222,0.01375,0.011,0.01375,0.01375,0,0,0,0
28/12/2016,0.00691163988410117,0.1,24.5645423183859,38.1371904228612,256.614346622224,0,7.17446760619191,28.6978704247677,2.11764209887948,0,400,25,19.1319136165118,64.5702084557272,0.89163877847557,2.56346148811727,0.01375,0.011,0.01375,0.01375,0,0,0,0
29/12/2016,0.000532815825990597,0.1,24.6422370409468,26.5163278343648,255.342457822691,0,6.24618693987671,24.9847477595068,1.85015588002154,0,400,25,16.6564985063379,56.2156824588904,0.779013002114333,2.23966238107871,0.01375,0.011,0.01375,0.01375,0,0,0,0
30/12/2016,0.000166048937106983,0.1,24.7179655203918,6,254.078238205414,0,3.73334364039916,14.9333745615966,1.06275810549453,0,400,25,9.95558304106443,33.6000927635925,0.44747709705033,1.2864966540197,0.01375,0.011,0.01375,0.01375,0,0,0,0
31/12/2016,0.000151116684844131,0.1,24.7917053394842,6,252.822062006227,0,3.85714285714286,15.4285714285714,1.10322580645161,0,400,25,10.2857142857143,34.7142857142857,0.464516129032258,1.33548387096774,0.01375,0.011,0.01375,0.01375,0,0,0,0
01/01/2017,0.000256436141230675,0.1,24.8051371179797,6,252.59041410873,0,2.91816411637032,11.6726564654813,0.796290820220589,0,400,25,7.78177097698751,26.2634770473328,0.335280345356037,0.963930992898607,0.01375,0.011,0.01375,0.01375,0,0,0,0
02/01/2017,0.000499274458437767,0.1,24.8764918925008,24.8849905303438,251.344251726306,0,5.98733571772617,23.9493428709047,1.76908074520387,0,400,25,15.9662285806031,53.8860214595355,0.744876103243735,2.14151879682574,0.01375,0.011,0.01375,0.01375,0,0,0,0
03/01/2017,0.000621094246463386,0.1,24.9458110794992,27.4059095475078,250.106942079986,0,6.24595701044233,24.9838280417693,1.84780697920933,0,400,25,16.6558853611795,56.213613093981,0.778023991246033,2.23681897483235,0.01375,0.011,0.01375,0.01375,0,0,0,0
04/01/2017,0.00380321616014526,0.1,25.0130741590243,37.1902339363689,248.878851439682,0,7.48500818767918,29.9400327507167,2.23433568103281,0,400,25,19.9600218338111,67.3650736891126,0.940772918329605,2.70472214019761,0.01375,0.011,0.01375,0.01375,0,0,0,0
05/01/2017,0.0035504845127442,0.1,25.0782612197774,36.7188599224477,247.660343346284,0,7.07151900853442,28.2860760341377,2.09003432209205,0,400,25,18.8573840227585,63.6436710768098,0.880014451407177,2.53004154779563,0.01375,0.011,0.01375,0.01375,0,0,0,0
06/01/2017,0.0115155298636446,0.1,25.1413529650052,38.9120216310389,246.451778504046,0,7.63464855085598,30.5385942034239,2.27713949903137,0,400,25,20.3590628022826,68.7118369577038,0.958795578539522,2.75653728830113,0.01375,0.011,0.01375,0.01375,0,0,0,0
07/01/2017,0.0130987115253012,0.1,25.2023307182122,39.0276075938791,245.253514673805,0,7.36292011036468,29.4516804414587,2.17925884792855,0,400,25,19.6344536276391,66.2662809932821,0.91758267281202,2.63805018433456,0.01375,0.011,0.01375,0.01375,0,0,0,0
08/01/2017,0.00360950019793521,0.1,25.2611764286895,36.8767355454446,244.065906567085,0,7.03938145070443,28.1575258028177,2.07749410501809,0,400,25,18.7716838685451,63.3544330563399,0.874734360007617,2.5148612850219,0.01375,0.011,0.01375,0.01375,0,0,0,0
09/01/2017,0.000135469470447888,0.1,25.317872676858,6,242.889305741087,0,3.85714285714286,15.4285714285714,1.10322580645161,0,400,25,10.2857142857143,34.7142857142857,0.464516129032258,1.33548387096774,0.01375,0.011,0.01375,0.01375,0,0,0,0
10/01/2017,0.00140750069148031,0.1,25.3724026794253,34.514604338678,241.724060494622,0,7.29108598756697,29.1643439502679,2.17944413020545,0,400,25,19.4428959668453,65.6197738881028,0.917660686402296,2.6382744734066,0.01375,0.011,0.01375,0.01375,0,0,0,0
11/01/2017,0.00217858609369876,0.1,25.4247502943533,35.805359245785,240.570515765012,0,7.24818321566168,28.9927328626467,2.15791401341839,0,400,25,19.3284885750978,65.2336489409551,0.908595374070901,2.61221170045384,0.01375,0.011,0.01375,0.01375,0,0,0,0
12/01/2017,0.000948555381440321,0.1,25.4749000256372,31.3939116502035,239.429013025974,0,6.60750896068234,26.4300358427294,1.95528715611117,0,400,25,17.6200238951529,59.4675806461411,0.823278802573124,2.36692655739773,0.01375,0.011,0.01375,0.01375,0,0,0,0
13/01/2017,0.000411454431761015,0.1,25.5228370278924,26.9343833902937,238.299890186543,0,6.49593067944878,25.9837227177951,1.93345087828679,0,400,25,17.3224818118634,58.4633761150391,0.81408458033128,2.34049316845243,0.01375,0.011,0.01375,0.01375,0,0,0,0
14/01/2017,0.000749837889888697,0.1,25.5685471107489,31.7706417882398,237.18348149104,0,7.03889338667046,28.1555735466819,2.10264920281361,0,400,25,18.7703823644546,63.3500404800342,0.885325980132045,2.54531219287963,0.01375,0.011,0.01375,0.01375,0,0,0,0
15/01/2017,0.00049186627582945,0.1,25.6120167430522,24.7250375845882,236.08011742013,0,5.7130198218613,22.8520792874452,1.67569124743044,0,400,25,15.2347195249635,51.4171783967518,0.705554209444398,2.02846835215264,0.01375,0.011,0.01375,0.01375,0,0,0,0
16/01/2017,0.000113360293722867,0.1,25.6532330568687,6,234.990124592991,0,3.85714285714286,15.4285714285714,1.10322580645161,0,400,25,10.2857142857143,34.7142857142857,0.464516129032258,1.33548387096774,0.01375,0.011,0.01375,0.01375,0,0,0,0
17/01/2017,8.94117436308041e-05,0.1,25.6921838512949,6,233.91382567063,0,3.85714285714286,15.4285714285714,1.10322580645161,0,400,25,10.2857142857143,34.7142857142857,0.464516129032258,1.33548387096774,0.01375,0.011,0.01375,0.01375,0,0,0,0
18/01/2017,0.0017040713293876,0.1,25.7288575960691,36.5716190910155,232.851539260369,0,7.71070828878347,30.8428331551339,2.31564865085811,0,400,25,20.5618887700893,69.3963745990513,0.975009958256047,2.80315362998614,0.01375,0.011,0.01375,0.01375,0,0,0,0
19/01/2017,0.00161611555497374,0.1,25.7632434349846,33.2118009127305,231.803579821526,0,6.45034121239307,25.8013648495723,1.8915307494565,0,400,25,17.2009098997148,58.0530709115376,0.796433999771159,2.28974774934208,0.01375,0.011,0.01375,0.01375,0,0,0,0
20/01/2017,0.000418091958044464,0.1,25.7953311891033,21.3153289330954,230.770257572335,0,5.2263770082708,20.9055080330832,1.52502481125562,0,400,25,13.9370053553888,47.0373930744372,0.642115710002367,1.84608266625681,0.01375,0.011,0.01375,0.01375,0,0,0,0
21/01/2017,0.00505066994319218,0.1,25.8251113597692,38.0556239807319,229.751878398107,0,7.60326581296084,30.4130632518433,2.27128470794139,0,400,25,20.2753755012289,68.4293923166475,0.956330403343745,2.74944990961327,0.01375,0.011,0.01375,0.01375,0,0,0,0
22/01/2017,0.00386424051988632,0.1,25.8525751314198,37.2435187154707,228.74874376069,0,7.05736353729148,28.2294541491659,2.08177891616894,0,400,25,18.8196360994439,63.5162718356233,0.876538491018502,2.52004816167819,0.01375,0.011,0.01375,0.01375,0,0,0,0
23/01/2017,9.19092117194344e-05,0.1,25.8777143741959,6,227.761150609223,0,3.85714285714286,15.4285714285714,1.10322580645161,0,400,25,10.2857142857143,34.7142857142857,0.464516129032258,1.33548387096774,0.01375,0.011,0.01375,0.01375,0,0,0,0
24/01/2017,0.000102068067980094,0.1,25.9005216463481,6,226.789391292236,0,3.85714285714286,15.4285714285714,1.10322580645161,0,400,25,10.2857142857143,34.7142857142857,0.464516129032258,1.33548387096774,0.01375,0.011,0.01375,0.01375,0,0,0,0
25/01/2017,0.00146711136530916,0.1,25.9209901964399,32.8681246425961,225.833753471109,0,6.73770049198129,26.9508019679252,1.9965287068919,0,400,25,17.9672013119501,60.6393044278316,0.840643666059748,2.41685053992178,0.01375,0.011,0.01375,0.01375,0,0,0,0
26/01/2017,0.00113988964332026,0.1,25.9391139653462,31.5360845561828,224.894520034914,0,6.30063892082949,25.202555683318,1.84845571376875,0,400,25,16.8017037888786,56.7057502874654,0.778297142639473,2.23760428508848,0.01375,0.011,0.01375,0.01375,0,0,0,0
27/01/2017,0.000166258780848309,0.1,25.9548875880467,6,223.971969016682,0,3.13708119568481,12.5483247827392,0.867850811738444,0,400,25,8.36554985515949,28.2337307611633,0.365410868100397,1.05055624578864,0.01375,0.011,0.01375,0.01375,0,0,0,0
28/01/2017,9.00126742639455e-05,0.1,25.9683063952143,6,223.066373511089,0,3.85714285714286,15.4285714285714,1.10322580645161,0,400,25,10.2857142857143,34.7142857142857,0.464516129032258,1.33548387096774,0.01375,0.011,0.01375,0.01375,0,0,0,0
29/01/2017,0.000101128357864253,0.1,25.9793664145975,6,222.178001593623,0,3.85714285714286,15.4285714285714,1.10322580645161,0,400,25,10.2857142857143,34.7142857142857,0.464516129032258,1.33548387096774,0.01375,0.011,0.01375,0.01375,0,0,0,0
30/01/2017,7.28684693180038e-05,0.1,25.9880643721958,6,221.307116241223,0,3.85714285714286,15.4285714285714,1.10322580645161,0,400,25,10.2857142857143,34.7142857142857,0.464516129032258,1.33548387096774,0.01375,0.011,0.01375,0.01375,0,0,0,0
31/01/2017,8.0427398687847e-05,0.1,25.9943976932292,6,220.453975254433,0,3.85714285714286,15.4285714285714,1.10322580645161,0,400,25,10.2857142857143,34.7142857142857,0.464516129032258,1.33548387096774,0.01375,0.011,0.01375,0.01375,0,0,0,0
01/02/2017,0.000281713088984763,0.1,25.9983645029001,6,219.618831181091,0,2.41387944867403,9.65551779469613,0.631449380457503,0,400,25,6.43701186313076,21.7249150380663,0.265873423350528,0.764386092132767,0.01375,0.011,0.01375,0.01375,0,0,0,0
02/02/2017,0.000467350148244547,0.1,25.9999636269489,26.3398434742681,218.801931241564,0,6.08196875928857,24.3278750371543,1.79721628578826,0,400,25,16.2185833581029,54.7377188335972,0.756722646647689,2.1755776091121,0.01375,0.011,0.01375,0.01375,0,0,0,0
03/02/2017,0.00101285012918079,0.1,25.9991945920008,31.0439571456048,218.00351725557,0,6.42231407947449,25.689256317898,1.89521916128861,0,400,25,17.1261708785986,57.8008267152704,0.797987015279416,2.29421266892832,0.01375,0.011,0.01375,0.01375,0,0,0,0
04/02/2017,0.000479810342405648,0.1,25.9960576257065,28.7061211182072,217.22382557059,0,6.49225287820677,25.9690115128271,1.9267273953963,0,400,25,17.3126743418847,58.430275903861,0.811253640166865,2.33235421547974,0.01375,0.011,0.01375,0.01375,0,0,0,0
05/02/2017,7.63241826098653e-05,0.1,25.9905536566747,6,216.463086991908,0,3.85714285714286,15.4285714285714,1.10322580645161,0,400,25,10.2857142857143,34.7142857142857,0.464516129032258,1.33548387096774,0.01375,0.011,0.01375,0.01375,0,0,0,0
06/02/2017,8.12670028221352e-05,0.1,25.9826843141968,6,215.721526714289,0,3.85714285714286,15.4285714285714,1.10322580645161,0,400,25,10.2857142857143,34.7142857142857,0.464516129032258,1.33548387096774,0.01375,0.011,0.01375,0.01375,0,0,0,0
07/02/2017,0.000176731972883087,0.1,25.9724519277653,6,214.999364255309,0,2.85257276975758,11.4102910790303,0.774850207994491,0,400,25,7.60686071935356,25.6731549278183,0.326252719155575,0.937976567572279,0.01375,0.011,0.01375,0.01375,0,0,0,0
08/02/2017,0.0280659663440625,0.1,25.9598595263838,39.5994162002913,214.296813390382,0,7.72098622150815,30.8839448860326,2.30353473091543,0,400,25,20.5892965906884,69.4888759935734,0.969909360385442,2.78848941110815,0.01375,0.011,0.01375,0.01375,0,0,0,0
09/02/2017,0.0277042008818967,0.1,25.9449108376702,39.5958495760842,213.614082089472,0,7.33506081233988,29.3402432493595,2.1655833832779,0,400,25,19.5601621662397,66.0155473110589,0.911824582432799,2.6214956744943,0.01375,0.011,0.01375,0.01375,0,0,0,0
10/02/2017,0.00459599055886882,0.1,25.9276102867536,37.089679313511,212.951372455532,0,6.97828556110355,27.9131422444142,2.05592640014867,0,400,25,18.6087614962761,62.804570049932,0.86565322111523,2.48875301070629,0.01375,0.011,0.01375,0.01375,0,0,0,0
11/02/2017,7.2507621607293e-05,0.1,25.9079629949642,6,212.308880664676,0,3.58229855961647,14.3291942384659,1.01338422962578,0,400,25,9.55279615897726,32.2406870365483,0.426688096684541,1.22672827796805,0.01375,0.011,0.01375,0.01375,0,0,0,0
12/02/2017,0.000101964706354175,0.1,25.8859747783173,6,211.686796908109,0,3.10040899617242,12.4016359846897,0.85586334006988,0,400,25,8.26775732312646,27.9036809655518,0.36036351160837,1.03604509587406,0.01375,0.011,0.01375,0.01375,0,0,0,0
13/02/2017,0.000102837628341647,0.1,25.8616521457917,6,211.085305335824,0,3.17556709215887,12.7022683686355,0.88043114779018,0,400,25,8.46817891242365,28.5801038294298,0.370707851701128,1.06578507364074,0.01375,0.011,0.01375,0.01375,0,0,0,0
14/02/2017,0.000202409022569901,0.1,25.8350022974027,6,210.50458400209,0,2.38823647067565,9.55294588270259,0.623067159692439,0,400,25,6.36863058846839,21.4941282360808,0.262344067238921,0.754239193311899,0.01375,0.011,0.01375,0.01375,0,0,0,0
15/02/2017,0.000118831955653002,0.1,25.8060331220709,6,209.944804812745,0,3.04995575393006,12.1998230157203,0.83937109744442,0,400,25,8.13321534381351,27.4496017853706,0.353419409450282,1.01608080216956,0.01375,0.011,0.01375,0.01375,0,0,0,0
16/02/2017,6.50544725386798e-05,0.1,25.774753195287,6,209.406133474307,0,3.85714285714286,15.4285714285714,1.10322580645161,0,400,25,10.2857142857143,34.7142857142857,0.464516129032258,1.33548387096774,0.01375,0.011,0.01375,0.01375,0,0,0,0
17/02/2017,0.000119449531140217,0.1,25.7411717765731,6,208.888729444924,0,3.09024427110689,12.3609770844276,0.85254067725276,0,400,25,8.24065138961838,27.812198439962,0.358964495685373,1.03202292509545,0.01375,0.011,0.01375,0.01375,0,0,0,0
18/02/2017,0.0108227523354001,0.1,25.7052988067417,39.0238298285625,208.392745887169,0,7.67233904859221,30.6893561943688,2.29012861004547,0,400,25,20.4595707962459,69.0510514373299,0.964264677913883,2.77226094900241,0.01375,0.011,0.01375,0.01375,0,0,0,0
19/02/2017,0.0102793467600265,0.1,25.6671449049533,38.93671612598,207.918329622699,0,7.2551819419341,29.0207277677364,2.1416398936493,0,400,25,19.3471518451576,65.2966374774069,0.901743113115494,2.59251145020704,0.01375,0.011,0.01375,0.01375,0,0,0,0
20/02/2017,0.0163518053207411,0.1,25.6267213655722,39.3679347655758,207.465621088795,0,7.6882913098303,30.7531652393212,2.29345258194956,0,400,25,20.5021101595475,69.1946217884727,0.965664245031394,2.77628470446526,0.01375,0.011,0.01375,0.01375,0,0,0,0
21/02/2017,0.011899081729455,0.1,25.5840401548241,39.0904636206658,207.034754296791,0,7.17941998745,28.7176799498,2.11348999316795,0,400,25,19.1451199665333,64.61477988705,0.889890523439136,2.55843525488752,0.01375,0.011,0.01375,0.01375,0,0,0,0
22/02/2017,6.42423110661333e-05,0.1,25.5391139072529,6,206.625856792401,0,3.85714285714286,15.4285714285714,1.10322580645161,0,400,25,10.2857142857143,34.7142857142857,0.464516129032258,1.33548387096774,0.01375,0.011,0.01375,0.01375,0,0,0,0
23/02/2017,6.39925357037139e-05,0.1,25.4919559219814,6,206.239049617962,0,3.85714285714286,15.4285714285714,1.10322580645161,0,400,25,10.2857142857143,34.7142857142857,0.464516129032258,1.33548387096774,0.01375,0.011,0.01375,0.01375,0,0,0,0
24/02/2017,0.000118014187679217,0.1,25.4425801587739,6,205.874447276606,0,3.09218256153958,12.3687302461583,0.853174268964089,0,400,25,8.24582016410554,27.8296430538562,0.359231271142774,1.03278990453548,0.01375,0.011,0.01375,0.01375,0,0,0,0
25/02/2017,9.46069988238506e-05,0.1,25.391001233904,6,205.532157698364,0,3.46754165239145,13.8701666095658,0.975872294360832,0,400,25,9.24677773971055,31.2078748715231,0.410893597625613,1.18131909317364,0.01375,0.011,0.01375,0.01375,0,0,0,0
26/02/2017,0.0360448367979677,0.1,25.3372344158281,38.7957176803561,205.212282208215,0,7.52687367266537,30.1074946906615,2.24081911040738,0,400,25,20.0716631271077,67.7418630539883,0.943502783329424,2.7125705020721,0.01375,0.011,0.01375,0.01375,0,0,0,0
27/02/2017,0.0313297390147012,0.1,25.2812956206654,37.6349416102958,204.91491549609,0,6.82800532900124,27.3120213160049,2.00032458444082,0,400,25,18.20801421067,61.4520479610111,0.842241930290871,2.42144554958625,0.01375,0.011,0.01375,0.01375,0,0,0,0
28/02/2017,0.00744684392369005,0.1,25.2232014074861,32.0163918665439,204.640145588848,0,6.12962762657296,24.5185105062919,1.79502067269698,0,400,25,16.3456736708612,55.1666486391567,0.755798177977676,2.17291976168582,0.01375,0.011,0.01375,0.01375,0,0,0,0
01/03/2017,0.013813757995005,0.1,25.1629689734102,36.3235756710198,204.388053824211,0,6.92850763202537,27.7140305281015,2.04642964073893,0,400,25,18.4760203520676,62.3565686882283,0.861654585574286,2.47725693352607,0.01375,0.011,0.01375,0.01375,0,0,0,0
02/03/2017,0.0116104411069433,0.1,25.1006161485163,36.3801141248326,204.158714826692,0,6.77838894654982,27.1135557861993,1.99215040776496,0,400,25,18.0757038574662,61.0055005189484,0.838800171690508,2.41155049361021,0.01375,0.011,0.01375,0.01375,0,0,0,0
03/03/2017,0.0139674877631761,0.1,25.0361613905638,36.9593417274625,203.952196485501,0,7.05877109618147,28.2350843847259,2.08786839226435,0,400,25,18.8233895898172,63.5289398656332,0.879102480953411,2.52741963274106,0.01375,0.011,0.01375,0.01375,0,0,0,0
04/03/2017,0.0566119728636157,0.1,24.9696237795288,36.8905588208987,203.768559934448,0,6.37929414724905,25.5171765889962,1.85871599931879,0,400,25,17.0114510593308,57.4136473252414,0.782617262871069,2.25002463075432,0.01375,0.011,0.01375,0.01375,0,0,0,0
05/03/2017,0.0522583309939374,0.1,24.9010230119562,35.0904258243272,203.60785953385,0,5.17139028770263,20.6855611508105,1.43120092979852,0,400,25,13.7903741005403,46.5425125893236,0.602610917809904,1.73250638870347,0.01375,0.011,0.01375,0.01375,0,0,0,0
06/03/2017,0.0116593565434295,0.1,24.8303793951287,22.8135122049481,203.470142854435,0,4.41103163556589,17.6441265422636,1.2493339368115,0,400,25,11.7627510281757,39.699284720093,0.526035341815367,1.51235160771918,0.01375,0.011,0.01375,0.01375,0,0,0,0
07/03/2017,0.00722291892339795,0.1,24.7577138410562,17.4524288363822,203.355450663264,0,3.35977660876369,13.4391064350547,0.914056723911117,0,400,25,8.9594042900365,30.2379894788732,0.384865989015207,1.10648971841872,0.01375,0.011,0.01375,0.01375,0,0,0,0
08/03/2017,0.00516100286819391,0.1,24.6830478602847,13.7439772376277,203.263816911658,0,2.84810750652442,11.3924300260977,0.758862468283118,0,400,25,7.59495335073179,25.6329675587198,0.319521039277102,0.918622987921669,0.01375,0.011,0.01375,0.01375,0,0,0,0
09/03/2017,0.0047241162200293,0.1,24.6064035555288,16.4612207687771,203.195268725153,0,3.28893530601431,13.1557412240572,0.894940224204867,0,400,25,8.77049414937149,29.6004177541288,0.376816936507312,1.08334869245852,0.01375,0.011,0.01375,0.01375,0,0,0,0
10/03/2017,0.00310916799991641,0.1,24.5278036151292,10.4880333123938,203.149826395466,0,2.22866251868312,8.9146500747325,0.560459546842828,0,400,25,5.94310004982166,20.0579626681481,0.235982967091717,0.678451030388686,0.01375,0.011,0.01375,0.01375,0,0,0,0
11/03/2017,0.0021943270276897,0.1,24.4472713063363,6,203.127503374491,0,1.48632504589777,5.94530018359109,0.328248801485478,0,400,25,3.9635334557274,13.37692541308,0.138210021678096,0.397353812324526,0.01375,0.011,0.01375,0.01375,0,0,0,0
12/03/2017,0.001793699520842,0.1,24.3648304684224,6,203.128306270316,0,1.52825292221693,6.11301168886772,0.341954257830665,0,400,25,4.07534112591182,13.7542762999524,0.143980740139227,0.413944627900279,0.01375,0.011,0.01375,0.01375,0,0,0,0
13/03/2017,0.00150946548835698,0.1,24.2805055056248,6,203.152234845267,0,1.57316899279409,6.29267597117635,0.356636500255886,0,400,25,4.19511731411757,14.1585209351468,0.150162736949847,0.431717868730809,0.01375,0.011,0.01375,0.01375,0,0,0,0
14/03/2017,0.00669994269041068,0.1,24.1943213799221,32.8805964455379,203.199282015978,0,6.50598435538234,26.0239374215294,1.91907984104454,0,400,25,17.3492916143529,58.5538591984411,0.808033617281912,2.3230966496855,0.01375,0.011,0.01375,0.01375,0,0,0,0
15/03/2017,0.0246385401048437,0.1,24.1063036036443,38.3276223761719,203.269433855488,0,7.41637484263144,29.6654993705258,2.20418169937177,0,400,25,19.7769995803505,66.747373583683,0.928076504998642,2.6682199518711,0.01375,0.011,0.01375,0.01375,0,0,0,0
16/03/2017,0.0332128122842738,0.1,24.016478231921,38.4106003257406,203.362669597364,0,6.89743772137366,27.5897508854946,2.01837328636705,0,400,25,18.3931672569964,62.0769394923629,0.849841383733493,2.44329397823379,0.01375,0.011,0.01375,0.01375,0,0,0,0
17/03/2017,0.0749935128084288,0.1,23.9248718549683,37.0342706741437,203.478961641847,0,5.58993401806201,22.359736072248,1.57447471632834,0,400,25,14.906490714832,50.3094061625581,0.662936722664564,1.90594307766062,0.01375,0.011,0.01375,0.01375,0,0,0,0
18/03/2017,0.0838541595194711,0.1,23.8315115902177,36.2332543862736,203.618275564026,0,4.65002936193503,18.6001174477401,1.24099439183814,0,400,25,12.4000782984934,41.8502642574152,0.522523954458164,1.50225636906722,0.01375,0.011,0.01375,0.01375,0,0,0,0
19/03/2017,0.0454266525615113,0.1,23.7364250742888,32.8795124837295,203.780570124022,0,4.60499299658363,18.4199719863345,1.23871785814923,0,400,25,12.279981324223,41.4449369692527,0.521565413957571,1.49950056512802,0.01375,0.011,0.01375,0.01375,0,0,0,0
20/03/2017,0.041890275169732,0.1,23.6396404548081,32.529065756917,203.965797279202,0,4.05163944953379,16.2065577981352,1.04348967998954,0,400,25,10.8043718654235,36.4647550458042,0.43936407578507,1.26317171788208,0.01375,0.011,0.01375,0.01375,0,0,0,0
21/03/2017,0.0100226272400006,0.1,23.5411863820767,14.6582259753034,204.173902198397,0,3.03498407784411,12.1399363113764,0.814291303488642,0,400,25,8.09329087425095,27.314856700597,0.342859496205744,0.985721051591515,0.01375,0.011,0.01375,0.01375,0,0,0,0
22/03/2017,0.0143473868362645,0.1,23.4410920005895,25.2315791049339,204.404823278136,0,5.04705017363304,20.1882006945322,1.45438413862978,0,400,25,13.4588004630214,45.4234515626973,0.612372268896749,1.76057027307815,0.01375,0.011,0.01375,0.01375,0,0,0,0
23/03/2017,0.0971656260391374,0.1,23.3393869404073,34.6627416263,204.658492160877,0,4.90355190043424,19.614207601737,1.32441443053456,0,400,25,13.076138401158,44.1319671039082,0.557648181277709,1.60323852117341,0.01375,0.011,0.01375,0.01375,0,0,0,0
24/03/2017,0.14412802054536,0.1,23.2361013083863,35.6614303086194,204.93483375525,0,4.1431656597252,16.5726626389008,1.05061228168919,0,400,25,11.0484417592672,37.2884909375268,0.442363065974397,1.27179381467639,0.01375,0.011,0.01375,0.01375,0,0,0,0
25/03/2017,0.0468999451658105,0.1,23.1312656792653,28.3356512896186,205.233766258277,0,3.65312305543128,14.6124922217251,0.887152883187741,0,400,25,9.74166148115009,32.8781074988816,0.373538056079049,1.07392191122726,0.01375,0.011,0.01375,0.01375,0,0,0,0
26/03/2017,0.00991476693998703,0.1,23.0249110866152,10.4161724110912,205.555201179595,0,2.00114356018496,8.00457424073983,0.472584743635165,0,400,25,5.33638282715989,18.0102920416646,0.198983049951648,0.572076268610989,0.01375,0.011,0.01375,0.01375,0,0,0,0
27/03/2017,0.00724451910398284,0.1,22.9170690136522,6.4388410051881,205.899043367646,0,1.77934209206577,7.11736836826309,0.421318444700666,0,400,25,4.74491224550872,16.014078828592,0.177397239873965,0.510017064637648,0.01375,0.011,0.01375,0.01375,0,0,0,0
28/03/2017,0.0107563941537135,0.1,22.8077713839186,6.02058002879951,206.265191037846,0,2.50536027947978,10.0214411179191,0.50954547610268,0,400,25,6.68096074527941,22.548242515318,0.214545463622181,0.616818207913771,0.01375,0.011,0.01375,0.01375,0,0,0,0
29/03/2017,0.0049443753922864,0.1,22.6970505518319,6.0021747568544,206.653535802714,0,1.85235223031853,7.40940892127414,0.447882956088505,0,400,25,4.93960594751609,16.6711700728668,0.188582297300423,0.542174104738717,0.01375,0.011,0.01375,0.01375,0,0,0,0
30/03/2017,0.00574753086845192,0.1,22.5849392931081,14.9394022168349,207.063962703959,0,3.4446997308005,13.778798923202,0.951655312617672,0,400,25,9.18586594880134,31.0022975772045,0.400696973733757,1.15200379948455,0.01375,0.011,0.01375,0.01375,0,0,0,0
31/03/2017,0.0528333434332367,0.1,22.4714707950588,35.9525575805381,207.496350246509,0,5.60986942578472,22.4394777031389,1.57018501032988,0,400,25,14.9596518020926,50.4888248320625,0.661130530665214,1.90075027566249,0.01375,0.011,0.01375,0.01375,0,0,0,0
01/04/2017,0.0596913586757373,0.1,22.3566786467673,36.7415677910183,207.950570434476,0,4.54697211134124,18.187888445365,1.19148305402142,0,400,25,12.1252589635766,40.9227490020712,0.501677075377442,1.44232159171014,0.01375,0.011,0.01375,0.01375,0,0,0,0
02/04/2017,0.00605257922169857,0.1,22.2405968291455,13.2100202504549,208.426488809045,0,2.50228898624992,10.0091559449997,0.631394821129166,0,400,25,6.6727706299998,22.5206008762493,0.265850451001754,0.764320046630043,0.01375,0.011,0.01375,0.01375,0,0,0,0
03/04/2017,0.00521027646124159,0.1,22.1232597048746,13.1895105115922,208.923964488279,0,2.95106899782156,11.8042759912862,0.788572325142955,0,400,25,7.86951732752415,26.559620980394,0.33203045269177,0.95458755148884,0.01375,0.011,0.01375,0.01375,0,0,0,0
04/04/2017,0.00640334122924975,0.1,22.0047020082334,22.000244793035,209.442850208819,0,4.597987525535,18.39195010214,1.31444177795926,0,400,25,12.2613000680933,41.381887729815,0.553449169667058,1.59116636279279,0.01375,0.011,0.01375,0.01375,0,0,0,0
05/04/2017,0.00995726253575756,0.1,21.8849588348159,30.0016155853471,209.982992369482,0,5.94655208022171,23.7862083208868,1.73827263682853,0,400,25,15.8574722139246,53.5189687219954,0.731904268138328,2.10422477089769,0.01375,0.011,0.01375,0.01375,0,0,0,0
06/04/2017,0.00701826137442667,0.1,21.7640656311426,27.622279075031,210.544231076725,0,5.36888415219333,21.4755366087733,1.54839642354155,0,400,25,14.3170244058489,48.3199573697399,0.651956388859598,1.87437461797134,0.01375,0.011,0.01375,0.01375,0,0,0,0
07/04/2017,0.00434067063456698,0.1,21.642058184167,22.8289439813406,211.126400191981,0,4.80795522433095,19.2318208973238,1.38115849782586,0,400,25,12.8212139315492,43.2715970189785,0.581540420137203,1.67192870789446,0.01375,0.011,0.01375,0.01375,0,0,0,0
08/04/2017,0.00323049887192564,0.1,21.5189726106826,20.0670005360951,211.72932738084,0,4.22402803352507,16.8961121341003,1.19087543567838,0,400,25,11.2640747560669,38.0162523017257,0.501421236075109,1.44158605371594,0.01375,0.011,0.01375,0.01375,0,0,0,0
09/04/2017,0.00154916363377208,0.1,21.3948453466311,6,212.352834164057,0,2.12475206387913,8.49900825551653,0.536938923492288,0,400,25,5.66600550367769,19.1227685749122,0.226079546733595,0.649978696859085,0.01375,0.011,0.01375,0.01375,0,0,0,0
10/04/2017,0.0103953137446631,0.1,21.2697131363166,34.8364966161575,212.996735970394,0,6.91886319135765,27.6754527654306,2.05006880614146,0,400,25,18.4503018436204,62.2697687222188,0.863186865743773,2.48166223901335,0.01375,0.011,0.01375,0.01375,0,0,0,0
11/04/2017,0.00832349792451425,0.1,21.1436130215288,34.1777737629212,213.660842191253,0,6.41113816758105,25.6445526703242,1.87290707368184,0,400,25,17.0963684468828,57.7002435082294,0.788592452076562,2.26720329972012,0.01375,0.011,0.01375,0.01375,0,0,0,0
12/04/2017,0.00121251257100822,0.1,21.0165823305776,6,214.3449562371,0,2.22838771062118,8.91355084248471,0.570815521997214,0,400,25,5.94236722832314,20.0554893955906,0.240343377683038,0.690987210838733,0.01375,0.011,0.01375,0.01375,0,0,0,0
13/04/2017,0.00111369922588012,0.1,20.8886586672431,6,215.04887559566,0,2.26894871775942,9.07579487103769,0.584074173792942,0,400,25,6.05052991402513,20.4205384598348,0.245925967912817,0.70703715774935,0.01375,0.011,0.01375,0.01375,0,0,0,0
14/04/2017,0.000999468499563911,0.1,20.7598798996444,6,215.772391891864,0,2.33118381841842,9.32473527367367,0.604417690567495,0,400,25,6.21649018244911,20.9806543657658,0.254491659186314,0.731663520160652,0.01375,0.011,0.01375,0.01375,0,0,0,0
15/04/2017,0.000969867428938038,0.1,20.6302841490292,6,216.515290949537,0,2.33216283667863,9.32865134671451,0.604737713740725,0,400,25,6.21910089780967,20.9894655301077,0.254626405785568,0.732050916633509,0.01375,0.011,0.01375,0.01375,0,0,0,0
16/04/2017,0.000931254338342812,0.1,20.49990977849,6,217.277352854791,0,2.34277987003887,9.37111948015547,0.608208227871384,0,400,25,6.24741298677031,21.0850188303498,0.256087674893214,0.736252065317991,0.01375,0.011,0.01375,0.01375,0,0,0,0
17/04/2017,0.000877317152836371,0.1,20.3687953816071,6,218.058352021133,0,2.37078837590369,9.48315350361475,0.617363696455153,0,400,25,6.32210233574317,21.3370953831332,0.259942609033749,0.747335000972028,0.01375,0.011,0.01375,0.01375,0,0,0,0
18/04/2017,0.000822826689448899,0.1,20.2369797710241,6,218.858057256235,0,2.40478822514266,9.61915290057064,0.628477625668753,0,400,25,6.41276860038043,21.643094026284,0.264622158176317,0.760788704756912,0.01375,0.011,0.01375,0.01375,0,0,0,0
19/04/2017,0.000824230435006667,0.1,20.104501966959,6,219.676231830379,0,2.38170089122187,9.5268035648875,0.620930798236582,0,400,25,6.35120237659167,21.4353080209969,0.261444546625929,0.751653071549547,0.01375,0.011,0.01375,0.01375,0,0,0,0
20/04/2017,0.00110902346003448,0.1,19.9714011856532,15.5837728374691,220.512633546526,0,3.94326312325051,15.773052493002,1.11382425877961,0,400,25,10.515368328668,35.4893681092546,0.468978635275627,1.34831357641743,0.01375,0.011,0.01375,0.01375,0,0,0,0
21/04/2017,0.00102945256557175,0.1,19.8377168277622,14.0262961801636,221.367014812022,0,3.57194945509041,14.2877978203616,0.99195526664194,0,400,25,9.52519854690776,32.1475450958137,0.417665375428185,1.20078795435603,0.01375,0.011,0.01375,0.01375,0,0,0,0
22/04/2017,0.000764585175643445,0.1,19.703488466693,6,222.239122711881,0,2.38952811993481,9.55811247973923,0.623489376224466,0,400,25,6.37207498649282,21.5057530794133,0.262521842620828,0.75475029753488,0.01375,0.011,0.01375,0.01375,0,0,0,0
23/04/2017,0.000752520127241798,0.1,19.5687558368887,6,223.128699083657,0,2.3859205163253,9.54368206530121,0.62231011654996,0,400,25,6.36245471020081,21.4732846469277,0.262025312231562,0.753322772665742,0.01375,0.011,0.01375,0.01375,0,0,0,0
24/04/2017,0.00560310983539143,0.1,19.4335588220669,35.3584656520729,224.035480593869,0,7.07776870128791,28.3110748051517,2.1020108101792,0,400,25,18.8740498701011,63.6999183115912,0.885057183233348,2.54453940179588,0.01375,0.011,0.01375,0.01375,0,0,0,0
25/04/2017,0.00458850032804267,0.1,19.2979374434129,34.1957121065586,224.959198815945,0,6.46281455969607,25.8512582387843,1.89028191708254,0,400,25,17.2341721591895,58.1653310372646,0.795908175613701,2.28823600488939,0.01375,0.011,0.01375,0.01375,0,0,0,0
26/04/2017,0.00120456309108973,0.1,19.1619318477328,20.6246681480863,225.899580309692,0,4.78460557054797,19.1384222821919,1.37991005721545,0,400,25,12.7589481881279,43.0614501349318,0.581014760932819,1.67041743768186,0.01375,0.011,0.01375,0.01375,0,0,0,0
27/04/2017,0.00195776569376202,0.1,19.025582295569,27.7642811641549,226.856346702231,0,5.80098482881673,23.2039393152669,1.69619569298426,0,400,25,15.4692928768446,52.2088634593506,0.714187660203901,2.05328952308621,0.01375,0.011,0.01375,0.01375,0,0,0,0
28/04/2017,0.00137476390508825,0.1,18.8889291492823,22.2573556951423,227.829214770406,0,4.7604614917828,19.0418459671312,1.36189732972194,0,400,25,12.6945639780875,42.8441534260452,0.573430454619766,1.64861255703183,0.01375,0.011,0.01375,0.01375,0,0,0,0
29/04/2017,0.000682681074510556,0.1,18.7520128611039,6,228.817896524626,0,2.38053756761902,9.52215027047608,0.620550529015864,0,400,25,6.34810018031739,21.4248381085712,0.261284433269838,0.751192745650783,0.01375,0.011,0.01375,0.01375,0,0,0,0
30/04/2017,0.000655264125228452,0.1,18.6148739611606,6,229.82209929411,0,2.40337054322407,9.6134821728963,0.628014211364182,0,400,25,6.4089881152642,21.6303348890167,0.264427036363866,0.760227729546116,0.01375,0.011,0.01375,0.01375,0,0,0,0
01/05/2017,0.000665628348914138,0.1,18.4775530454767,6,230.84152581353,0,2.37646087849046,9.50584351396184,0.619217933859861,0,400,25,6.33722900930789,21.3881479064141,0.260723340572573,0.749579604146148,0.01375,0.011,0.01375,0.01375,0,0,0,0
02/05/2017,0.000643390285757159,0.1,18.3400907639575,6,231.875874311002,0,2.39364819331995,9.5745927732798,0.624836152900899,0,400,25,6.3830618488532,21.5428337398796,0.263088906484589,0.756380606143194,0.01375,0.011,0.01375,0.01375,0,0,0,0
03/05/2017,0.000658753508488164,0.1,18.2025278083553,6,232.924838597422,0,2.36083950154699,9.44335800618798,0.614111591289094,0,400,25,6.29557200412532,21.2475555139229,0.258573301595408,0.743398242086798,0.01375,0.011,0.01375,0.01375,0,0,0,0
04/05/2017,0.00101472994469086,0.1,18.0649049002241,16.6659384177228,233.988108157101,0,4.04279544203211,16.1711817681285,1.14417715395494,0,400,25,10.780787845419,36.385158978289,0.481758801665239,1.38505655478756,0.01375,0.011,0.01375,0.01375,0,0,0,0
05/05/2017,0.000923888936785939,0.1,17.927262778865,15.0173080169548,235.065368239687,0,3.66135051062344,14.6454020424938,1.01882987484149,0,400,25,9.76360136166251,32.952154595611,0.42898099993326,1.23332037480812,0.01375,0.011,0.01375,0.01375,0,0,0,0
06/05/2017,0.000640440822856284,0.1,17.789642189267,6,236.156299953336,0,2.35015093080783,9.40060372323132,0.610617692896937,0,400,25,6.26706914882088,21.1513583772705,0.257102186482921,0.739168786138398,0.01375,0.011,0.01375,0.01375,0,0,0,0
07/05/2017,0.000615475929604076,0.1,17.6520838700448,6,237.260580359109,0,2.37284429347774,9.49137717391096,0.618035738328822,0,400,25,6.32758478260731,21.3555986412997,0.260225574033188,0.748148525345416,0.01375,0.011,0.01375,0.01375,0,0,0,0
08/05/2017,0.000694031812498025,0.1,17.5146285413801,6,238.377882566574,0,2.26483582289592,9.05934329158369,0.582729743644013,0,400,25,6.03956219438913,20.3835224060633,0.245359892060637,0.705409689674331,0.01375,0.011,0.01375,0.01375,0,0,0,0
09/05/2017,0.000640424384434376,0.1,17.3773168929669,6,239.507875830567,0,2.31772785381181,9.27091141524723,0.600019181706839,0,400,25,6.18060761016482,20.8595506843063,0.252639655455511,0.726339009434595,0.01375,0.011,0.01375,0.01375,0,0,0,0
10/05/2017,0.000665486987204438,0.1,17.2401895719671,6,240.650225649104,0,2.27722083687105,9.10888334748421,0.586778178319754,0,400,25,6.07258889832281,20.4949875318395,0.247064496134633,0.71031042638707,0.01375,0.011,0.01375,0.01375,0,0,0,0
11/05/2017,0.000649306114587025,0.1,17.1032871709775,6,241.804593862396,0,2.28640411676598,9.14561646706394,0.589780024651,0,400,25,6.09707764470929,20.5776370508939,0.248328431432,0.713944240367001,0.01375,0.011,0.01375,0.01375,0,0,0,0
12/05/2017,0.000862570813893015,0.1,16.966650216014,6,242.970638752956,0,2.45907214228652,9.83628856914607,0.578275573971329,0,400,25,6.55752571276404,22.1316492805786,0.243484452198454,0.700017800070557,0.01375,0.011,0.01375,0.01375,0,0,0,0
13/05/2017,0.000625462265534892,0.1,16.8303191545148,6,244.148015146753,0,2.29586314059349,9.18345256237397,0.592872006633326,0,400,25,6.12230170824932,20.6627682653414,0.249630318582453,0.717687165924553,0.01375,0.011,0.01375,0.01375,0,0,0,0
14/05/2017,0.000659122714559842,0.1,16.6943343433671,6,245.33637451539,0,2.24617463476018,8.98469853904073,0.576629742360932,0,400,25,5.98979902602716,20.2155717128416,0.242791470467761,0.698025477594813,0.01375,0.011,0.01375,0.01375,0,0,0,0
15/05/2017,0.000622557487340565,0.1,16.5587360369606,6,246.535365079275,0,2.2798138039519,9.11925521580761,0.587625771860161,0,400,25,6.07950347720507,20.5183242355671,0.247421377625331,0.711336460672826,0.01375,0.011,0.01375,0.01375,0,0,0,0
16/05/2017,0.000623254182639528,0.1,16.4235643752715,6,247.744631911759,0,2.26930311807123,9.07721247228491,0.584190020776585,0,400,25,6.05147498152327,20.423728062641,0.245974745590141,0.707177393571656,0.01375,0.011,0.01375,0.01375,0,0,0,0
17/05/2017,0.000623998171832741,0.1,16.2888593719801,6,248.963817044198,0,2.25888604750749,9.03554419002996,0.580784870828869,0,400,25,6.02369612668664,20.3299744275674,0.244540998243734,0.703055369950736,0.01375,0.011,0.01375,0.01375,0,0,0,0
18/05/2017,0.000616516374876865,0.1,16.1546609026259,6,250.192559571921,0,2.25851247454136,9.03404989816543,0.580662756654994,0,400,25,6.02269993211029,20.3266122708722,0.244489581749471,0.70290754752973,0.01375,0.011,0.01375,0.01375,0,0,0,0
19/05/2017,0.000646283383357699,0.1,16.0210086928035,6,251.430495761065,0,2.21493057873312,8.85972231493246,0.56641663157359,0,400,25,5.90648154328831,19.934375208598,0.238491213294143,0.685662238220661,0.01375,0.011,0.01375,0.01375,0,0,0,0
20/05/2017,0.0099432855408367,0.1,15.8879423064033,37.2565656344709,252.677259156249,0,7.3394406118896,29.3577624475584,2.18167150168468,0,400,25,19.5718416317056,66.0549655070064,0.91859852702513,2.64097076519725,0.01375,0.011,0.01375,0.01375,0,0,0,0
21/05/2017,0.00795183158060713,0.1,15.7555011338993,36.7902943195993,253.932480689051,0,6.81155596281928,27.2462238512771,1.9983198490819,0,400,25,18.1641492341848,61.3040036653736,0.84139783119238,2.41901876467809,0.01375,0.011,0.01375,0.01375,0,0,0,0
22/05/2017,0.000632433663416636,0.1,15.623724380689,6,255.19578878726,0,2.20361193368415,8.81444773473661,0.562716773407047,0,400,25,5.87629848982441,19.8325074031574,0.236933378276651,0.681183462545373,0.01375,0.011,0.01375,0.01375,0,0,0,0
23/05/2017,0.000579645191852776,0.1,15.4926510554879,6,256.466809484872,0,2.25753451643415,9.03013806573661,0.580343080026402,0,400,25,6.02009204382441,20.3178106479074,0.244354981063748,0.702520570558276,0.01375,0.011,0.01375,0.01375,0,0,0,0
24/05/2017,0.00517101307183657,0.1,15.3623199587815,35.8141449345046,257.745166532788,0,7.11738086160604,28.4695234464242,2.11379352442705,0,400,25,18.9796822976161,64.0564277544544,0.890018326074546,2.55880268746432,0.01375,0.011,0.01375,0.01375,0,0,0,0
25/05/2017,0.0047524799509871,0.1,15.2327696713403,35.349177393368,259.030481510195,0,6.65955281473852,26.6382112589541,1.9534759575279,0,400,25,17.7588075059694,59.9359753326467,0.822516192643327,2.36473405384957,0.01375,0.011,0.01375,0.01375,0,0,0,0
26/05/2017,0.0010503835217343,0.1,15.1040385427983,19.5074897060456,260.322373936585,0,4.22384403985475,16.895376159419,1.19215809526091,0,400,25,11.2635841062793,38.0145963586928,0.50196130326775,1.44313874689478,0.01375,0.011,0.01375,0.01375,0,0,0,0
27/05/2017,0.000831283211016463,0.1,14.9761646803015,14.6534954513612,261.620461384384,0,3.61942960715272,14.4777184286109,1.0094767443024,0,400,25,9.65181228574058,32.5748664643744,0.425042839706272,1.22199816415553,0.01375,0.011,0.01375,0.01375,0,0,0,0
28/05/2017,0.000711560008279391,0.1,14.8491859372266,13.4407991359938,262.924359592162,0,3.39541197866458,13.5816479146583,0.935835320610397,0,400,25,9.05443194310556,30.5587078079813,0.394035924467536,1.13285328284417,0.01375,0.011,0.01375,0.01375,0,0,0,0
29/05/2017,0.000565285753766358,0.1,14.7231399019762,6,264.23368257838,0,2.21993405449694,8.87973621798776,0.568052176339399,0,400,25,5.91982414532517,19.9794064904725,0.239179863721852,0.687642108200325,0.01375,0.011,0.01375,0.01375,0,0,0,0
30/05/2017,0.000570557655059914,0.1,14.5980638868514,6,265.54804275565,0,2.20430332005542,8.81721328022166,0.562942774973567,0,400,25,5.87814218681444,19.8387298804987,0.237028536830976,0.681457043389055,0.01375,0.011,0.01375,0.01375,0,0,0,0
31/05/2017,0.000802710622402762,0.1,14.4739949170069,14.8703106372923,266.867051045467,0,3.65870646713411,14.6348258685364,1.02198848574656,0,400,25,9.7565505790243,32.928358204207,0.430310941366971,1.23714395643004,0.01375,0.011,0.01375,0.01375,0,0,0,0
01/06/2017,0.000745095259188112,0.1,14.3509697194906,13.3650710161641,268.190316993389,0,3.30832592327707,13.2333036931083,0.907180351662895,0,400,25,8.82220246207218,29.7749333094936,0.381970674384377,1.09816568885508,0.01375,0.011,0.01375,0.01375,0,0,0,0
02/06/2017,0.00058650802287651,0.1,14.2290247123716,6,269.517448884614,0,2.1594443415924,8.63777736636959,0.548279194916839,0,400,25,5.7585182442464,19.4349990743316,0.230854397859722,0.6637063938467,0.01375,0.011,0.01375,0.01375,0,0,0,0
03/06/2017,0.000600137091718977,0.1,14.1081959939597,6,270.848053859939,0,2.13634506868328,8.54538027473314,0.540728464847623,0,400,25,5.69692018315543,19.2271056181496,0.227675143093736,0.654566036394492,0.01375,0.011,0.01375,0.01375,0,0,0,0
04/06/2017,0.000555906014569774,0.1,13.9885193321197,6,272.181738032057,0,2.17759237179832,8.71036948719326,0.554211454252967,0,400,25,5.80691299146218,19.5983313461848,0.233352191264407,0.670887549885171,0.01375,0.011,0.01375,0.01375,0,0,0,0
05/06/2017,0.000581980276133427,0.1,13.870030153683,6,273.51810660215,0,2.13915867092652,8.55663468370608,0.541648179989499,0,400,25,5.70442312247072,19.2524280383387,0.228062391574526,0.655679375776761,0.01375,0.011,0.01375,0.01375,0,0,0,0
06/06/2017,0.000558462572267049,0.1,13.7527635339609,6,274.856763976763,0,2.15714441669456,8.62857766677823,0.547527391509373,0,400,25,5.75238511118548,19.414299750251,0.230537849056578,0.662796316037662,0.01375,0.011,0.01375,0.01375,0,0,0,0
07/06/2017,0.0232203887909099,0.1,13.6367541863612,38.539257389116,276.197313884907,0,7.53926224319199,30.157048972768,2.24970786987054,0,400,25,20.1046993151786,67.8533601887279,0.94724541889286,2.72333057931697,0.01375,0.011,0.01375,0.01375,0,0,0,0
08/06/2017,0.0466901329864525,0.1,13.5220364521127,37.4326091435932,277.539359495362,0,6.69722202589227,26.7888881035691,1.98430830812555,0,400,25,17.8592587357127,60.2749982330304,0.835498235000233,2.40205742562567,0.01375,0.011,0.01375,0.01375,0,0,0,0
09/06/2017,0.0236514890918555,0.1,13.408644290099,34.5776715560133,278.882503534148,0,4.99698480070835,19.9879392028334,1.36988184187562,0,400,25,13.3252928018889,44.9728632063751,0.576792354473946,1.65827801911259,0.01375,0.011,0.01375,0.01375,0,0,0,0
10/06/2017,0.0717356691255717,0.1,13.2966112668063,36.722221745126,280.226348402127,0,5.33868894540486,21.3547557816195,1.48405154591846,0,400,25,14.236503854413,48.0482005086438,0.624863808807773,1.79648345032235,0.01375,0.011,0.01375,0.01375,0,0,0,0
11/06/2017,0.10388116339662,0.1,13.1859705463869,36.5573724418637,281.570496292702,0,4.47276544496247,17.8910617798499,1.18678780381256,0,400,25,11.9273745198999,40.2548890046622,0.499700127921078,1.4366378677731,0.01375,0.011,0.01375,0.01375,0,0,0,0
12/06/2017,0.0181875059494417,0.1,13.076754880842,24.6711819353577,282.914549309573,0,2.85289784305492,11.4115913722197,0.680536714100476,0,400,25,7.60772758147978,25.6760805874942,0.286541774358095,0.823807601279523,0.01375,0.011,0.01375,0.01375,0,0,0,0
13/06/2017,0.0130033601533478,0.1,12.9689966003261,20.4451822418613,284.258109584525,0,3.68227488707533,14.7290995483013,1.00888731605245,0,400,25,9.81939969886755,33.140473983678,0.424794659390504,1.2212846457477,0.01375,0.011,0.01375,0.01375,0,0,0,0
14/06/2017,0.0113245857567794,0.1,12.8627276035769,21.4571368335155,285.600779395208,0,3.37843899665859,13.5137559866344,0.891906069878711,0,400,25,9.00917065775624,30.4059509699273,0.375539397843668,1.07967576880054,0.01375,0.011,0.01375,0.01375,0,0,0,0
15/06/2017,0.00606225244734827,0.1,12.7579793484726,9.03810639871286,286.942161282863,0,1.87990179242218,7.51960716968873,0.451183822390654,0,400,25,5.01307144645916,16.9191161317996,0.189972135743433,0.546169890262371,0.01375,0.011,0.01375,0.01375,0,0,0,0
16/06/2017,0.00553814962016987,0.1,12.6547828427194,8.88042508889262,288.281858169988,0,2.00896730431006,8.03586921724026,0.466091755858251,0,400,25,5.35724614482684,18.0807057387906,0.196249160361369,0.564216336038935,0.01375,0.011,0.01375,0.01375,0,0,0,0
17/06/2017,0.00384699083188786,0.1,12.5531686346731,6,289.619473477875,0,1.37203880955655,5.48815523822619,0.290890719928776,0,400,25,3.65877015881746,12.3483492860089,0.122480303127906,0.352130871492729,0.01375,0.011,0.01375,0.01375,0,0,0,0
18/06/2017,0.00318152165885455,0.1,12.4531668042954,6,290.954611244008,0,1.41026441940125,5.64105767760501,0.303385973039303,0,400,25,3.76070511840334,12.6923797746113,0.127741462332338,0.367256704205472,0.01375,0.011,0.01375,0.01375,0,0,0,0
19/06/2017,0.00272803568102,0.1,12.3548069542502,6,292.286876239276,0,1.45407591850084,5.81630367400337,0.3177071512396,0,400,25,3.87753578266891,13.0866832665076,0.133771432100884,0.384592867290042,0.01375,0.011,0.01375,0.01375,0,0,0,0
20/06/2017,0.00233155277194355,0.1,12.2581182011404,6,293.61587408497,0,1.49898953920256,5.99595815681023,0.332388592845321,0,400,25,3.99730543787349,13.490905852823,0.139953091724346,0.402365138707494,0.01375,0.011,0.01375,0.01375,0,0,0,0
21/06/2017,0.00200688195615959,0.1,12.1631291668888,6,294.941211369524,0,1.54560616491321,6.18242465965285,0.347626715658267,0,400,25,4.12161643976857,13.9104554842189,0.14636914343506,0.420811287375796,0.01375,0.011,0.01375,0.01375,0,0,0,0
22/06/2017,0.00175584759205767,0.1,12.0698679702651,6,296.262495764978,0,1.59271955724377,6.3708782289751,0.363027222398579,0,400,25,4.24725215265007,14.334476015194,0.152853567325718,0.439454006061438,0.01375,0.011,0.01375,0.01375,0,0,0,0
23/06/2017,0.00155419345647198,0.1,11.9783622185626,6,297.579336143113,0,1.63921777063592,6.5568710825437,0.378226638389132,0,400,25,4.37124738836247,14.7529599357233,0.159253321427003,0.457853299102633,0.01375,0.011,0.01375,0.01375,0,0,0,0
24/06/2017,0.0013634284713076,0.1,11.8886389994256,6,298.891342691233,0,1.68773583525296,6.75094334101182,0.394086306823086,0,400,25,4.50062889400788,15.1896225172766,0.165931076557089,0.477051845101631,0.01375,0.011,0.01375,0.01375,0,0,0,0
25/06/2017,0.00123373766349516,0.1,11.8007248728309,6,300.198127027558,0,1.73104610294082,6.9241844117633,0.408243641637185,0,400,25,4.61612294117553,15.5794149264674,0.17189205963671,0.49418967145554,0.01375,0.011,0.01375,0.01375,0,0,0,0
26/06/2017,0.00109276779639959,0.1,11.7146458632257,6,301.499302316194,0,1.77966022785529,7.11864091142114,0.424134710426428,0,400,25,4.7457606076141,16.0169420506976,0.178583035969022,0.51342622841094,0.01375,0.011,0.01375,0.01375,0,0,0,0
27/06/2017,0.00107491336433258,0.1,11.6304274518233,6,302.794483381644,0,1.81819631178789,7.27278524715156,0.433072714108451,0,400,25,4.84852349810104,16.363766806091,0.182346405940401,0.524245917078652,0.01375,0.011,0.01375,0.01375,0,0,0,0
28/06/2017,0.000985348353080021,0.1,11.5480945690608,6,304.083286822828,0,1.83470197344757,7.33880789379028,0.442126850921111,0,400,25,4.89253859586019,16.5123177610281,0.186158674072047,0.535206187957134,0.01375,0.011,0.01375,0.01375,0,0,0,0
29/06/2017,0.00145886441907264,0.1,11.4676715872185,18.56326675194,305.365331126578,0,4.05921486120374,16.236859444815,1.14578091279607,0,400,25,10.82457296321,36.5329337508337,0.482434068545713,1.38699794706892,0.01375,0.011,0.01375,0.01375,0,0,0,0
30/06/2017,0.00123960006969562,0.1,11.3891823132057,17.2791733128834,306.640236780576,0,3.72085679813965,14.8834271925586,1.03290596706687,0,400,25,9.92228479503907,33.4877111832569,0.434907775607103,1.25035985487042,0.01375,0.011,0.01375,0.01375,0,0,0,0
01/07/2017,0.000826372491815873,0.1,11.3126499815131,6,307.907626385693,0,1.91017459123073,7.64069836492294,0.466797470067435,0,400,25,5.09379890994863,17.1915713210766,0.196546303186288,0.56507062166058,0.01375,0.011,0.01375,0.01375,0,0,0,0
02/07/2017,0.000768145754768626,0.1,11.238097247335,6,309.167124767712,0,1.93983093282223,7.75932373128892,0.476491586028526,0,400,25,5.17288248752595,17.4584783954001,0.200628036222537,0.576805604139795,0.01375,0.011,0.01375,0.01375,0,0,0,0
03/07/2017,0.000773624003323677,0.1,11.1655461798626,6,310.418359088383,0,1.93423990727551,7.73695962910203,0.474663981978845,0,400,25,5.15797308606802,17.4081591654796,0.199858518727935,0.574593241342812,0.01375,0.011,0.01375,0.01375,0,0,0,0
04/07/2017,0.0021981779764574,0.1,11.0950182557516,29.1088867109174,311.660958955797,0,5.96008845182908,23.8403538073163,1.74809667435715,0,400,25,15.8935692048775,53.6407960664617,0.736040704992485,2.11611702685339,0.01375,0.011,0.01375,0.01375,0,0,0,0
05/07/2017,0.00188741760626352,0.1,11.026534352764,27.1428845260524,312.894556534024,0,5.30237879933871,21.2095151973549,1.52725126181388,0,400,25,14.1396767982366,47.7214091940484,0.643053162869003,1.84877784324839,0.01375,0.011,0.01375,0.01375,0,0,0,0
06/07/2017,0.000670204364597058,0.1,10.9601147435886,6,314.118786652004,0,1.98471749027003,7.93886996108011,0.491164181151247,0,400,25,5.29257997405341,17.8624574124303,0.206805971011051,0.594567166656773,0.01375,0.011,0.01375,0.01375,0,0,0,0
07/07/2017,0.000660856720940225,0.1,10.8957790898389,6,315.333286911643,0,1.98494303454939,7.93977213819755,0.491237907453317,0,400,25,5.29318142546503,17.8644873109445,0.206837013664555,0.594656414285595,0.01375,0.011,0.01375,0.01375,0,0,0,0
08/07/2017,0.000665940729967673,0.1,10.8335464362339,6,316.53769779509,0,1.97448377351819,7.89793509407275,0.487818966213011,0,400,25,5.26529006271517,17.7703539616637,0.20539745945811,0.590517695942066,0.01375,0.011,0.01375,0.01375,0,0,0,0
09/07/2017,0.000614789192131981,0.1,10.7734352049594,6,317.731662771168,0,2.00581371330147,8.02325485320586,0.498060150830341,0,400,25,5.34883656880391,18.0523234197132,0.209709537191723,0.602914919426202,0.01375,0.011,0.01375,0.01375,0,0,0,0
10/07/2017,0.000618720919745381,0.1,10.7154631902157,6,318.914828400906,0,1.99498343575262,7.97993374301047,0.494519931072438,0,400,25,5.31995582867365,17.9548509217736,0.20821891834629,0.598629390245583,0.01375,0.011,0.01375,0.01375,0,0,0,0
11/07/2017,0.00060720117066335,0.1,10.6596475529492,6,320.086844442171,0,1.99639774457779,7.98559097831115,0.494982242774429,0,400,25,5.3237273188741,17.9675797012001,0.208413575905023,0.59918903072694,0.01375,0.011,0.01375,0.01375,0,0,0,0
12/07/2017,0.000633774404878999,0.1,10.6060048157731,6,321.247363953343,0,1.9683522503324,7.87340900132959,0.485814683365183,0,400,25,5.24893933421973,17.7151702529916,0.204553550890603,0.588091458810485,0.01375,0.011,0.01375,0.01375,0,0,0,0
13/07/2017,0.000615589148882209,0.1,10.5545508580758,6,322.396043396021,0,1.97429893428016,7.89719573712064,0.487758545644882,0,400,25,5.26479715808043,17.7686904085215,0.205372019218898,0.590444555254331,0.01375,0.011,0.01375,0.01375,0,0,0,0
14/07/2017,0.00059385653978856,0.1,10.5053009113207,6,323.532542736714,0,1.98351049060508,7.9340419624203,0.490769635024209,0,400,25,5.2893613082802,17.8515944154457,0.206639846325983,0.5940895581872,0.01375,0.011,0.01375,0.01375,0,0,0,0
15/07/2017,0.000630484838681165,0.1,10.4582695545372,6,324.656525547499,0,1.9484526613231,7.7938106452924,0.479309871473972,0,400,25,5.19587376352827,17.5360739519079,0.201814682725883,0.580217212836914,0.01375,0.011,0.01375,0.01375,0,0,0,0
16/07/2017,0.000584818069654356,0.1,10.4134707100049,6,325.767659105614,0,1.97511787585968,7.90047150343871,0.488026242677326,0,400,25,5.26698100229247,17.7760608827371,0.205484733758874,0.590768609556763,0.01375,0.011,0.01375,0.01375,0,0,0,0
17/07/2017,0.000601488986142666,0.1,10.3709176391324,6,326.865614491947,0,1.95462733342259,7.81850933369036,0.481328258912945,0,400,25,5.21233955579357,17.5916460008033,0.202664530068608,0.582660523947249,0.01375,0.011,0.01375,0.01375,0,0,0,0
18/07/2017,0.00049439326791897,0.1,10.3306229385318,6,327.950066688404,0,2.04265439769657,8.17061759078629,0.510102697127236,0,400,25,5.44707839385753,18.3838895792692,0.214780083000941,0.617492738627707,0.01375,0.011,0.01375,0.01375,0,0,0,0
19/07/2017,0.000557025499264977,0.1,10.2925985362894,6,329.020694674121,0,1.97451728317066,7.89806913268266,0.487829919905864,0,400,25,5.26537942178844,17.770655548536,0.205402071539311,0.590530955675519,0.01375,0.011,0.01375,0.01375,0,0,0,0
20/07/2017,0.000574360239219735,0.1,10.2568556884352,6,330.077181520497,0,1.95287326731224,7.81149306924895,0.480754886765044,0,400,25,5.20766204616596,17.5758594058101,0.202423110216861,0.581966441873475,0.01375,0.011,0.01375,0.01375,0,0,0,0
21/07/2017,0.000579441939215854,0.1,10.2234049756106,6,331.119214485005,0,1.94160960237741,7.76643840950965,0.477073000592801,0,400,25,5.17762560633977,17.4744864213967,0.200872842354864,0.577509421770233,0.01375,0.011,0.01375,0.01375,0,0,0,0
22/07/2017,0.000568111363248557,0.1,10.1922562999366,6,332.146485103776,0,1.94289319187316,7.77157276749265,0.477492582535498,0,400,25,5.18104851166177,17.4860387268585,0.201049508435999,0.578017336753497,0.01375,0.011,0.01375,0.01375,0,0,0,0
23/07/2017,0.000552751443180719,0.1,10.1634188820821,6,333.158689282906,0,1.94752457718456,7.79009830873825,0.479006497734062,0,400,25,5.19339887249216,17.5277211946611,0.201686946414342,0.579849970941233,0.01375,0.011,0.01375,0.01375,0,0,0,0
24/07/2017,0.000525076976809167,0.1,10.1369012585347,6,334.155527388481,0,1.96298167119033,7.85192668476133,0.484059139215518,0,400,25,5.23461778984089,17.666835040713,0.203814374406534,0.585966326418785,0.01375,0.011,0.01375,0.01375,0,0,0,0
25/07/2017,0.00052228399922458,0.1,10.1127112790737,6,335.136704335266,0,1.95770722708177,7.83082890832708,0.482335019850999,0,400,25,5.22055260555139,17.6193650437359,0.203088429410947,0.583879234556473,0.01375,0.011,0.01375,0.01375,0,0,0,0
26/07/2017,0.000507152179824896,0.1,10.0908561044464,6,336.101929674065,0,1.96332199252748,7.8532879701099,0.484170384039703,0,400,25,5.2355253134066,17.6698979327473,0.203861214332507,0.586100991205957,0.01375,0.011,0.01375,0.01375,0,0,0,0
27/07/2017,0.000521016423544162,0.1,10.0713422042482,6,337.050917677694,0,1.94363422941915,7.7745369176766,0.477734814163433,0,400,25,5.1830246117844,17.4927080647724,0.201151500700393,0.57831056451363,0.01375,0.011,0.01375,0.01375,0,0,0,0
28/07/2017,0.000530794424382937,0.1,10.0541753550077,6,337.983387425568,0,1.92827777661016,7.71311110644065,0.472715070449528,0,400,25,5.14207407096043,17.3544999894915,0.199037924399801,0.572234032649428,0.01375,0.011,0.01375,0.01375,0,0,0,0
29/07/2017,0.000499270822591273,0.1,10.0393606384765,6,338.899062886852,0,1.94721984322716,7.78887937290865,0.478906885773794,0,400,25,5.19258624860577,17.5249785890445,0.201645004536334,0.579729388041962,0.01375,0.011,0.01375,0.01375,0,0,0,0
30/07/2017,0.000513262742978514,0.1,10.0269024401251,6,339.797673002179,0,1.92783127959683,7.71132511838734,0.472569118737644,0,400,25,5.14088341225823,17.3504815163715,0.198976471047429,0.572057354261359,0.01375,0.011,0.01375,0.01375,0,0,0,0
31/07/2017,0.000552094300968189,0.1,10.0168044478446,6,340.678951763886,0,1.89142862182194,7.56571448728777,0.460669755335959,0,400,25,5.04380965819185,17.0228575963975,0.193966212773035,0.557652861722477,0.01375,0.011,0.01375,0.01375,0,0,0,0
01/08/2017,0.0116770080245639,0.1,10.0090696508551,38.2665451458079,341.542638294759,0,7.48745428427649,29.9498171371059,2.22974900761737,0,400,25,19.9665447580706,67.3870885584884,0.938841687417838,2.69916985132629,0.01375,0.011,0.01375,0.01375,0,0,0,0
02/08/2017,0.00932495763202959,0.1,10.0037003388204,37.7962845649711,342.388476925256,0,6.93030070111801,27.721202804472,2.03398023088985,0,400,25,18.480801869648,62.3727063100621,0.856412728795724,2.46218659528771,0.01375,0.011,0.01375,0.01375,0,0,0,0
03/08/2017,0.000548427878287133,0.1,10.000698101171,6,343.216217269194,0,1.87447999705062,7.49791998820248,0.455129559711785,0,400,25,4.99861332546832,16.8703199734556,0.191633498826015,0.550946309124792,0.01375,0.011,0.01375,0.01375,0,0,0,0
04/08/2017,0.0124162650188826,0.1,10.0000638266329,38.4033655613991,344.025614297865,0,7.51351161865619,30.0540464746248,2.23808941437184,0,400,25,20.0360309830832,67.6216045679057,0.942353437630247,2.70926613318696,0.01375,0.011,0.01375,0.01375,0,0,0,0
05/08/2017,0.00989753540630652,0.1,10.0017977029648,37.9651977746824,344.816428412574,0,6.96113976627367,27.8445590650947,2.04379929159332,0,400,25,18.5630393767298,62.650257896463,0.860547070144555,2.47407282666559,0.01375,0.011,0.01375,0.01375,0,0,0,0
06/08/2017,0.000489282954418548,0.1,10.0058992169025,6,345.588425515561,0,1.90034353518585,7.60137414074339,0.463583877553838,0,400,25,5.0675827604956,17.1030918166726,0.195193211601616,0.561180483354646,0.01375,0.011,0.01375,0.01375,0,0,0,0
07/08/2017,0.00041923549613516,0.1,10.0123671543109,6,346.341377079302,0,1.96023250010447,7.84093000041788,0.483160485441215,0,400,25,5.22728666694525,17.6420925009402,0.203435993869985,0.584878482376208,0.01375,0.011,0.01375,0.01375,0,0,0,0
08/08/2017,0.000486048232179669,0.1,10.0211996005432,6,347.075060214155,0,1.89234368173172,7.56937472692687,0.460968871693563,0,400,25,5.04624981795125,17.0310931355855,0.194092156502553,0.55801494994484,0.01375,0.011,0.01375,0.01375,0,0,0,0
09/08/2017,0.000482433018111222,0.1,10.032393941008,6,347.789257734344,0,1.88993468382355,7.55973873529419,0.460181414312828,0,400,25,5.03982582352946,17.0094121544119,0.193760595500138,0.557061712062896,0.01375,0.011,0.01375,0.01375,0,0,0,0
10/08/2017,0.000436683768871299,0.1,10.0459468619428,6,348.483758222246,0,1.92550860720166,7.70203442880665,0.471809879589115,0,400,25,5.13468961920444,17.329577464815,0.198656791405943,0.571138275292087,0.01375,0.011,0.01375,0.01375,0,0,0,0
11/08/2017,0.000482561871181495,0.1,10.0618543513956,6,349.15835609098,0,1.88073905679212,7.52295622716846,0.45717553192836,0,400,25,5.01530415144564,16.926651511129,0.192494960811941,0.55342301233433,0.01375,0.011,0.01375,0.01375,0,0,0,0
12/08/2017,0.00048718532830024,0.1,10.0801117004118,6,349.812851645262,0,1.87225356646431,7.48901426585722,0.454401780251312,0,400,25,4.99267617723815,16.8502820981787,0.191327065368973,0.550065312935799,0.01375,0.011,0.01375,0.01375,0,0,0,0
13/08/2017,0.000458222297174781,0.1,10.1007135044287,6,350.447051140518,0,1.89092912379409,7.56371649517634,0.460506478561262,0,400,25,5.04247766345089,17.0183621141468,0.193897464657373,0.557455210889948,0.01375,0.011,0.01375,0.01375,0,0,0,0
14/08/2017,0.00046665159822419,0.1,10.1236536648752,6,351.06076684024,0,1.87947353130252,7.51789412521008,0.456761854779073,0,400,25,5.01192941680672,16.9152617817227,0.19232078095961,0.552922245258878,0.01375,0.011,0.01375,0.01375,0,0,0,0
15/08/2017,0.000752572613331356,0.1,10.1489253909769,19.6295413134577,351.653817071558,0,4.33359829772956,17.3343931909182,1.23429105285952,0,400,25,11.5562621272788,39.0023846795661,0.519701495940852,1.49414180082995,0.01375,0.011,0.01375,0.01375,0,0,0,0
16/08/2017,0.000972354506019548,0.1,10.1765212017667,24.7640169820543,352.226026279017,0,5.15092655747937,20.6037062299175,1.48950173467755,0,400,25,13.7358041532783,46.3583390173143,0.627158625127388,1.80308104724124,0.01375,0.011,0.01375,0.01375,0,0,0,0
17/08/2017,0.000601045693913512,0.1,10.206432928299,18.1780505816178,352.777225076551,0,4.01973356114594,16.0789342445838,1.13055440434717,0,400,25,10.7192894963892,36.1776020503135,0.476022907093543,1.36856585789394,0.01375,0.011,0.01375,0.01375,0,0,0,0
18/08/2017,0.000374447083678071,0.1,10.2386517160679,6,353.307250297619,0,1.96029407733462,7.84117630933847,0.483180613912145,0,400,25,5.22745087289231,17.6426466960116,0.20344446901564,0.584902848419965,0.01375,0.011,0.01375,0.01375,0,0,0,0
19/08/2017,0.000406911902756058,0.1,10.2731680276286,6,353.815945043506,0,1.92065000340318,7.68260001361271,0.470221690820578,0,400,25,5.12173334240847,17.2858500306286,0.197988080345506,0.569215730993331,0.01375,0.011,0.01375,0.01375,0,0,0,0
20/08/2017,0.00043173067046915,0.1,10.3099716454204,6,354.303158729775,0,1.89274985440962,7.57099941763846,0.461101642117306,0,400,25,5.04733294509231,17.0347486896865,0.194148059838866,0.558175672036739,0.01375,0.011,0.01375,0.01375,0,0,0,0
21/08/2017,0.000478284625378592,0.1,10.3490516747915,6,354.768747130835,0,1.85010540224035,7.4004216089614,0.447161950225417,0,400,25,4.93361440597427,16.6509486201632,0.188278715884386,0.54130130816761,0.01375,0.011,0.01375,0.01375,0,0,0,0
22/08/2017,0.000987948144883649,0.1,10.3903965472238,24.0255348133932,355.212572422639,0,5.05223288022322,20.2089315208929,1.46085226863156,0,400,25,13.4726210139286,45.470095922009,0.615095692055393,1.76840011465925,0.01375,0.011,0.01375,0.01375,0,0,0,0
23/08/2017,0.000851415550666419,0.1,10.4339940237578,21.9466055365093,355.634503223483,0,4.48509164579789,17.9403665831916,1.27291988536009,0,400,25,11.9602443887944,40.365824812181,0.535966267520036,1.5409030191201,0.01375,0.011,0.01375,0.01375,0,0,0,0
24/08/2017,0.00039162878821836,0.1,10.4798311986152,6,356.034414632895,0,1.91317479267161,7.65269917068644,0.467778181076065,0,400,25,5.10179944712429,17.2185731340445,0.196959234137291,0.566257798144711,0.01375,0.011,0.01375,0.01375,0,0,0,0
25/08/2017,0.00186705148812354,0.1,10.5278945030197,31.3485010778711,356.412188268613,0,6.30597275942935,25.2238910377174,1.85697871950116,0,400,25,16.8159273584783,56.7537548348641,0.781885776632069,2.2479216078172,0.01375,0.011,0.01375,0.01375,0,0,0,0
26/08/2017,0.00153702513819108,0.1,10.5781697092131,29.7116888565934,356.767712301624,0,5.70556662471638,22.8222664988655,1.65403255356046,0,400,25,15.214844332577,51.3500996224474,0.696434759393878,2.0022499332574,0.01375,0.011,0.01375,0.01375,0,0,0,0
27/08/2017,0.000367771446319375,0.1,10.6306419346675,6,357.10088148927,0,1.92530506334803,7.70122025339211,0.471743344824056,0,400,25,5.13414683559474,17.3277455701323,0.198628776768024,0.571057733208068,0.01375,0.011,0.01375,0.01375,0,0,0,0
28/08/2017,0.00127555604016962,0.1,10.6852956464909,28.4115715756037,357.4115972064,0,5.82845581361778,23.3138232544711,1.70678594517456,0,400,25,15.5425488363141,52.4561023225601,0.718646713757709,2.06610930205341,0.01375,0.011,0.01375,0.01375,0,0,0,0
29/08/2017,0.0010862888832856,0.1,10.7421146660246,26.2752664710746,357.69976747457,0,5.17587963058522,20.7035185223409,1.4890455426407,0,400,25,13.8023456815606,46.5829166752669,0.62696654426977,1.80252881477559,0.01375,0.011,0.01375,0.01375,0,0,0,0
30/08/2017,0.00036015422594016,0.1,10.8010821736331,6,357.965306989265,0,1.92104797869882,7.68419191479528,0.470351781669906,0,400,25,5.12279460986352,17.2894318082894,0.19804285543996,0.569373209389886,0.01375,0.011,0.01375,0.01375,0,0,0,0
31/08/2017,0.000381153587151121,0.1,10.862180713683,6,358.208137145153,0,1.89408580756842,7.57634323027368,0.46153834078427,0,400,25,5.05089548684912,17.0467722681158,0.194331932961798,0.558704307265169,0.01375,0.011,0.01375,0.01375,0,0,0,0
01/09/2017,0.000738931271117002,0.1,10.9253921997097,20.311323856433,358.428186059355,0,4.3977595662811,17.5910382651244,1.25369315606212,0,400,25,11.7273588434163,39.5798360965299,0.527870802552472,1.51762855733836,0.01375,0.011,0.01375,0.01375,0,0,0,0
02/09/2017,0.000628323219147591,0.1,10.9906979197721,18.5265677958625,358.625388592724,0,3.9572225937399,15.8288903749596,1.10829303199406,0,400,25,10.5525935833064,35.6150033436591,0.466649697681708,1.34161788083491,0.01375,0.011,0.01375,0.01375,0,0,0,0
03/09/2017,0.000265259277446502,0.1,11.0580785419912,6,358.799686369124,0,2.04901965666723,8.19607862666891,0.512183383930547,0,400,25,5.46405241777928,18.4411769100051,0.215656161654967,0.620011464758031,0.01375,0.011,0.01375,0.01375,0,0,0,0
04/09/2017,0.000289221550172243,0.1,11.1275141202729,6,358.951027792715,0,2.00174072966104,8.00696291864414,0.496728766930673,0,400,25,5.33797527909609,18.0156665669493,0.209148954497126,0.601303244179236,0.01375,0.011,0.01375,0.01375,0,0,0,0
05/09/2017,0.000284304180542549,0.1,11.1989841002127,6,359.079368063225,0,2.00789262820002,8.03157051280008,0.498739710109008,0,400,25,5.35438034186672,18.0710336538002,0.209995667414319,0.603737543816168,0.01375,0.011,0.01375,0.01375,0,0,0,0
06/09/2017,0.000287865436416293,0.1,11.2724673251798,6,359.184669189209,0,1.9989525583448,7.99581023337921,0.495817364693969,0,400,25,5.33054015558614,17.9905730251032,0.208765206186934,0.600199967787436,0.01375,0.011,0.01375,0.01375,0,0,0,0
07/09/2017,0.000291634790669182,0.1,11.3479420425803,6,359.2668999993,0,1.9895344434738,7.9581377738952,0.492738755101728,0,400,25,5.3054251825968,17.9058099912642,0.207468949516517,0.596473229859986,0.01375,0.011,0.01375,0.01375,0,0,0,0
08/09/2017,0.000358644296720507,0.1,11.4253859102962,6,359.326036151433,0,1.89470894224954,7.57883576899816,0.461742032120894,0,400,25,5.05255717933211,17.0523804802459,0.194417697735113,0.558950880988451,0.01375,0.011,0.01375,0.01375,0,0,0,0
09/09/2017,0.000309186498594804,0.1,11.5047760032994,6,359.362060140052,0,1.95300940582134,7.81203762328536,0.480799387955117,0,400,25,5.20802508219024,17.5770846523921,0.202441847560049,0.582020311735142,0.01375,0.011,0.01375,0.01375,0,0,0,0
10/09/2017,0.000317864188646021,0.1,11.5860888204375,6,359.374961301293,0,1.93674290305387,7.74697161221547,0.475482165545105,0,400,25,5.16464774147698,17.4306861274848,0.200203017071623,0.575583674080916,0.01375,0.011,0.01375,0.01375,0,0,0,0
11/09/2017,0.000288993141907767,0.1,11.6693002913912,6,359.364735816136,0,1.97608683883768,7.90434735535073,0.48834297896261,0,400,25,5.26956490356716,17.7847815495392,0.205618096405309,0.591152027165264,0.01375,0.011,0.01375,0.01375,0,0,0,0
12/09/2017,0.00024301287224215,0.1,11.7543857837993,6,359.331386711544,0,2.06225306060585,8.24901224242341,0.516509141777151,0,400,25,5.49934149494894,18.5602775454527,0.217477533379853,0.625247908467077,0.01375,0.011,0.01375,0.01375,0,0,0,0
13/09/2017,0.00014614866781389,0.1,11.8413201105505,6,359.274923859559,0,2.43192457392589,9.72769829570357,0.637348002045207,0,400,25,6.48513219713571,21.887321165333,0.268357053492719,0.771526528791566,0.01375,0.011,0.01375,0.01375,0,0,0,0
14/09/2017,0.000266240864527081,0.1,11.9300775372393,6,359.195363974383,0,2.01070308070646,8.04281232282583,0.499658395659499,0,400,25,5.36187488188389,18.0963277263581,0.210382482382947,0.604849636850972,0.01375,0.011,0.01375,0.01375,0,0,0,0
15/09/2017,0.000300105816591494,0.1,12.0206317897838,6,359.09273060743,0,1.94919803401098,7.7967921360439,0.479553520180546,0,400,25,5.19786142402927,17.5427823060988,0.201917271654967,0.58051215600803,0.01375,0.011,0.01375,0.01375,0,0,0,0
16/09/2017,0.000284233549678018,0.1,12.1129560622039,6,358.967054140356,0,1.96940904477924,7.87763617911697,0.486160130152109,0,400,25,5.25175745274465,17.7246814030132,0.204699002169309,0.588509631236763,0.01375,0.011,0.01375,0.01375,0,0,0,0
17/09/2017,0.000264055508609101,0.1,12.2070230245555,6,358.818371776061,0,2.00045956738662,8.00183826954649,0.496309978402263,0,400,25,5.33455884636432,18.0041361064796,0.208972622485163,0.600796289644844,0.01375,0.011,0.01375,0.01375,0,0,0,0
18/09/2017,0.000231151854679646,0.1,12.3028048310218,6,358.646727527679,0,2.06685820655737,8.26743282622948,0.518014479808614,0,400,25,5.51162188415298,18.6017238590163,0.218111359919417,0.627070159768323,0.01375,0.011,0.01375,0.01375,0,0,0,0
19/09/2017,0.000185389436492099,0.1,12.4002731281556,6,358.452172205552,0,2.20204002269879,8.80816009079514,0.562202944439788,0,400,25,5.87210672719676,19.8183602042891,0.236717029237805,0.68056145905869,0.01375,0.011,0.01375,0.01375,0,0,0,0
20/09/2017,0.000264802504341047,0.1,12.4993990632724,6,358.234763402183,0,1.98865121887757,7.9546048755103,0.492450045126187,0,400,25,5.30306991700686,17.8978609698982,0.207347387421552,0.596123738836963,0.01375,0.011,0.01375,0.01375,0,0,0,0
21/09/2017,0.000232284544413079,0.1,12.600153292992,6,357.994565475191,0,2.05155188718565,8.20620754874259,0.513011123798933,0,400,25,5.47080503249506,18.4639669846708,0.216004683704814,0.62101346565134,0.01375,0.011,0.01375,0.01375,0,0,0,0
22/09/2017,0.000182752614863574,0.1,12.7025059919243,6,357.73164952826,0,2.19526824850034,8.78107299400136,0.559989375239435,0,400,25,5.85404866266757,19.7574142365031,0.235785000100815,0.677881875289842,0.01375,0.011,0.01375,0.01375,0,0,0,0
23/09/2017,0.000116060244388648,0.1,12.8064268614986,6,357.446093390089,0,2.58844607544497,10.3537843017799,0.688512019746068,0,400,25,6.90252286785327,23.2960146790048,0.289899797787818,0.833461918639978,0.01375,0.011,0.01375,0.01375,0,0,0,0
24/09/2017,0.000115706410370772,0.1,12.9118851389321,6,357.137981591355,0,2.58843455819915,10.3537382327966,0.688508254968937,0,400,25,6.90249215519772,23.2959110237923,0.2898982126185,0.833457361278187,0.01375,0.011,0.01375,0.01375,0,0,0,0
25/09/2017,0.00014060304777716,0.1,13.0188496063369,6,356.807405339689,0,2.39230672781653,9.56922691126611,0.624397652349242,0,400,25,6.37948460751074,21.5307605503487,0.262904274673365,0.755849789685925,0.01375,0.011,0.01375,0.01375,0,0,0,0
26/09/2017,0.000170083420538948,0.1,13.1272885999607,6,356.454462492675,0,2.23346255616977,8.9338502246791,0.572474396241057,0,400,25,5.95590014978607,20.101163005528,0.241041851048866,0.69299532176549,0.01375,0.011,0.01375,0.01375,0,0,0,0
27/09/2017,0.000216680546020286,0.1,13.2371700195604,6,356.079257528887,0,2.07136905005025,8.28547620020102,0.51948899209016,0,400,25,5.52365080013401,18.6423214504523,0.218732207195857,0.628855095688088,0.01375,0.011,0.01375,0.01375,0,0,0,0
28/09/2017,0.000159446730767667,0.1,13.3484613379039,6,355.681901516956,0,2.26826349724215,9.07305398896859,0.583850187731381,0,400,25,6.04870265931239,20.4143714751793,0.24583165799216,0.706766016727461,0.01375,0.011,0.01375,0.01375,0,0,0,0
29/09/2017,0.000105959060047361,0.1,13.4611296103994,6,355.262512082693,0,2.64661250993176,10.586450039727,0.707525563922393,0,400,25,7.05763335981802,23.8195125893858,0.297905500598902,0.856478314221844,0.01375,0.011,0.01375,0.01375,0,0,0,0
30/09/2017,0.000202322568232893,0.1,13.5751414848473,6,354.82121337427,0,2.09737982586172,8.38951930344687,0.527991439237133,0,400,25,5.59301286896458,18.8764184327555,0.222312184941951,0.639147531708108,0.01375,0.011,0.01375,0.01375,0,0,0,0
01/10/2017,0.00015363089433197,0.1,13.6904632113135,6,354.35813602547,0,2.27794312950876,9.11177251803503,0.587014282579821,0,400,25,6.07451501202335,20.5014881655788,0.247163908454662,0.710596236807152,0.01375,0.011,0.01375,0.01375,0,0,0,0
02/10/2017,0.000158829613811965,0.1,13.8070606521197,6,353.873417117015,0,2.24584990124568,8.98339960498272,0.57652359291103,0,400,25,5.98893306998848,20.2126491112111,0.242746775962539,0.697896980892299,0.01375,0.011,0.01375,0.01375,0,0,0,0
03/10/2017,0.000230864577692522,0.1,13.9248992919492,6,353.367200135988,0,2.00868902041956,8.03475608167822,0.499000036167867,0,400,25,5.35650405445215,18.078201183776,0.21010527838647,0.604052675361102,0.01375,0.011,0.01375,0.01375,0,0,0,0
04/10/2017,0.000195170072952682,0.1,14.0439442480639,6,352.839634933357,0,2.09369054322551,8.37476217290203,0.526785480181855,0,400,25,5.58317478193468,18.8432148890296,0.22180441270815,0.63768768653593,0.01375,0.011,0.01375,0.01375,0,0,0,0
05/10/2017,0.000125920062096036,0.1,14.1641602806307,6,352.290877679617,0,2.40863947220167,9.63455788880668,0.629736527933203,0,400,25,6.42303859253779,21.677755249815,0.265152222287665,0.762312639077036,0.01375,0.011,0.01375,0.01375,0,0,0,0
06/10/2017,0.000164555858694158,0.1,14.2855118031529,6,351.721090818561,0,2.18946213034853,8.7578485213941,0.55809146134895,0,400,25,5.8385656809294,19.7051591731367,0.234985878462716,0.675584400580308,0.01375,0.011,0.01375,0.01375,0,0,0,0
07/10/2017,0.000199388158911273,0.1,14.4079628930047,6,351.13044301919,0,2.0631176179036,8.25247047161439,0.516791749754048,0,400,25,5.50164698107626,18.5680585611324,0.217596526212231,0.625590012860163,0.01375,0.011,0.01375,0.01375,0,0,0,0
08/10/2017,0.000276174677240267,0.1,14.5314773020651,6,350.519109125787,0,1.90196516827125,7.607860673085,0.464113959766701,0,400,25,5.07190711539,17.1176865144413,0.195416404112295,0.561822161822848,0.01375,0.011,0.01375,0.01375,0,0,0,0
09/10/2017,0.000145338513763758,0.1,14.6560184674478,6,349.887270106158,0,2.24974555969681,8.99898223878724,0.577797012447744,0,400,25,5.99932149252483,20.2477100372713,0.243282952609576,0.699438488752532,0.01375,0.011,0.01375,0.01375,0,0,0,0
10/10/2017,0.000192681720751299,0.1,14.7815495223251,6,349.235112998059,0,2.05988298887718,8.23953195550873,0.515734408652941,0,400,25,5.49302130367249,18.5389468998946,0.217151329959133,0.624310073632507,0.01375,0.011,0.01375,0.01375,0,0,0,0
11/10/2017,0.000837892156405827,0.1,14.908033306841,30.458979531317,348.562830853834,0,6.31848510863702,25.2739404345481,1.86516768849485,0,400,25,16.849293623032,56.8663659777332,0.785333763576777,2.25783457028324,0.01375,0.011,0.01375,0.01375,0,0,0,0
12/10/2017,0.00180718103407449,0.1,15.0354323791111,35.7176316052424,347.870622683264,0,7.14776470309832,28.5910588123933,2.12516089049372,0,400,25,19.0607058749288,64.3298823278848,0.894804585471041,2.57256318322924,0.01375,0.011,0.01375,0.01375,0,0,0,0
13/10/2017,0.00104522314015289,0.1,15.1637090263067,32.7026172206951,347.158693394657,0,6.4640493928121,25.8561975712484,1.90155134325809,0,400,25,17.2374650474989,58.176444535309,0.800653197161302,2.30187794183874,0.01375,0.011,0.01375,0.01375,0,0,0,0
14/10/2017,0.000212026550490784,0.1,15.292825275818,6,346.427253734189,0,1.98563793869719,7.94255175478874,0.491465058916684,0,400,25,5.2950345031925,17.8707414482747,0.206932656385972,0.59493138710967,0.01375,0.011,0.01375,0.01375,0,0,0,0
15/10/2017,0.000185207589149522,0.1,15.4227429064953,6,345.676520223521,0,2.04715294709901,8.18861178839603,0.511573190695344,0,400,25,5.45907452559735,18.4243765238911,0.215399238187513,0.6192728097891,0.01375,0.011,0.01375,0.01375,0,0,0,0
16/10/2017,0.000104216977827917,0.1,15.553423459963,6,344.906715095704,0,2.45610073052298,9.82440292209194,0.645250745707053,0,400,25,6.54960194806129,22.1049065747069,0.271684524508233,0.781093007961169,0.01375,0.011,0.01375,0.01375,0,0,0,0
17/10/2017,5.60906831774275e-05,0.1,15.6848282520041,6,344.11806622939,0,3.25300531537505,13.0120212615002,0.905744287422137,0,400,25,8.67468084100014,29.2770478383755,0.381366015756689,1.09642729530048,0.01375,0.011,0.01375,0.01375,0,0,0,0
18/10/2017,6.18145124330274e-05,0.1,15.8169183840117,6,343.310807081381,0,3.07453971010106,12.2981588404043,0.847407143332575,0,400,25,8.19877256026951,27.6708573909096,0.356803007718979,1.02580864719206,0.01375,0.011,0.01375,0.01375,0,0,0,0
19/10/2017,5.51713539544856e-05,0.1,15.9496547545038,6,342.485176617513,0,3.24452872306556,12.9781148922622,0.902973444344624,0,400,25,8.65207659484148,29.20075850759,0.38019934498721,1.09307311683823,0.01375,0.011,0.01375,0.01375,0,0,0,0
20/10/2017,0.00896666687272371,0.1,16.0829980706979,38.8318044037573,341.641419241926,0,7.5978836897173,30.3915347588692,2.26519352115271,0,400,25,20.2610231725795,68.3809532074557,0.953765693116929,2.74207636771117,0.01375,0.011,0.01375,0.01375,0,0,0,0
21/10/2017,0.0131843457651201,0.1,16.2169088601428,39.1901319102578,340.779784724706,0,7.39930550102558,29.5972220041023,2.19163273355701,0,400,25,19.7314813360682,66.5937495092302,0.922792729918743,2.65302909851639,0.01375,0.011,0.01375,0.01375,0,0,0,0
22/10/2017,0.0049960887360494,0.1,16.3513474824032,37.951428283704,339.900528127956,0,7.01012238688786,28.0404895475515,2.06139942755595,0,400,25,18.6936596983676,63.0911014819908,0.867957653707767,2.49537825440983,0.01375,0.011,0.01375,0.01375,0,0,0,0
23/10/2017,0.00286409242638613,0.1,16.486274140794,37.1097361512099,339.003909730285,0,7.39830370107759,29.5932148043104,2.20568938714737,0,400,25,19.7288098695402,66.5847333096983,0.928711320904154,2.67004504759944,0.01375,0.011,0.01375,0.01375,0,0,0,0
24/10/2017,0.0041628828514819,0.1,16.6216488941613,37.9135460686435,338.090194949768,0,7.32284454492186,29.2913781796875,2.17319916905082,0,400,25,19.527585453125,65.9056009042968,0.915031229074027,2.63071478358783,0.01375,0.011,0.01375,0.01375,0,0,0,0
25/10/2017,0.00162840939977799,0.1,16.7574316687051,35.1680945748878,337.159654265367,0,6.77076576890107,27.0830630756043,1.99488979708637,0,400,25,18.0553753837362,60.9368919201096,0.83995359877321,2.41486659647298,0.01375,0.011,0.01375,0.01375,0,0,0,0
26/10/2017,0.000400618150626255,0.1,16.893582269843,28.7854815051315,336.212563136873,0,6.30968592545849,25.2387437018339,1.86771888913901,0,400,25,16.825829134556,56.7871733291264,0.786407953321689,2.26092286579986,0.01375,0.011,0.01375,0.01375,0,0,0,0
27/10/2017,0.0267827980807844,0.1,17.0300603941077,39.6085702567383,335.249201923357,0,7.71176920367178,30.8470768146871,2.30032994162587,0,400,25,20.5647178764581,69.405922833046,0.96855997542142,2.78460992933658,0.01375,0.011,0.01375,0.01375,0,0,0,0
28/10/2017,0.0209175499058738,0.1,17.1668256410784,39.4945873177003,334.269855800181,0,7.20069952219931,28.8027980887972,2.1184440482557,0,400,25,19.2018653925315,64.8062956997938,0.891976441370823,2.56443226894112,0.01375,0.011,0.01375,0.01375,0,0,0,0
29/10/2017,0.000978302270677732,0.1,17.3038375253397,6,333.27481467458,0,0.957528005769659,3.83011202307864,0.155394715250051,0,400,25,2.55340801538576,8.61775205192693,0.0654293537894953,0.188109392144799,0.01375,0.011,0.01375,0.01375,0,0,0,0
30/10/2017,0.0007008868469463,0.1,17.4410554884664,6,332.264373099842,0,0.909501804468751,3.638007217875,0.139695827943088,0,400,25,2.42533814525,8.18551624021876,0.0588192959760369,0.169105475931106,0.01375,0.011,0.01375,0.01375,0,0,0,0
31/10/2017,0.000724601012876569,0.1,17.5784389110296,6,331.238830188116,0,1.06012642421233,4.24050569684932,0.188932262784,0,400,25,2.82700379789955,9.54113781791098,0.0795504264353685,0.228707476001684,0.01375,0.011,0.01375,0.01375,0,0,0,0
01/11/2017,0.000612269834860211,0.1,17.7159471246209,6,330.198489521866,0,1.10224103187042,4.40896412748168,0.202698758190515,0,400,25,2.93930941832112,9.92016928683378,0.0853468455539011,0.245372180967466,0.01375,0.011,0.01375,0.01375,0,0,0,0
02/11/2017,0.00044080069062381,0.1,17.853539423891,6,329.143659064006,0,1.08255139168155,4.3302055667262,0.196262574730927,0,400,25,2.8868037111508,9.74296252513394,0.0826368735709167,0.237581011516386,0.01375,0.011,0.01375,0.01375,0,0,0,0
03/11/2017,0.000424674917459968,0.1,17.9911750785997,6,328.074651066735,0,1.18044053353951,4.72176213415802,0.228260745832883,0,400,25,3.14784142277202,10.6239648018556,0.0961097877191086,0.276315639692437,0.01375,0.011,0.01375,0.01375,0,0,0,0
04/11/2017,0.00131049335830525,0.1,18.1288133456723,27.6722076706797,326.991781979106,0,5.50132030725345,22.0052812290138,1.60104439388003,0,400,25,14.6701874860092,49.5118827652811,0.674123955317907,1.93810637153898,0.01375,0.011,0.01375,0.01375,0,0,0,0
05/11/2017,0.00195677392886651,0.1,18.2664134812612,32.1910774674944,325.895372353347,0,6.20540844027567,24.8216337611027,1.81812557232824,0,400,25,16.5477558407351,55.848675962481,0.765526556769784,2.20088885071313,0.01375,0.011,0.01375,0.01375,0,0,0,0
06/11/2017,0.00945246900033377,0.1,18.4039347528061,38.6143552366914,324.785746749974,0,7.56641438336379,30.2656575334552,2.25590030454464,0,400,25,20.1771050223035,68.0977294502742,0.949852759808271,2.73082668444878,0.01375,0.011,0.01375,0.01375,0,0,0,0
07/11/2017,0.0115875855925835,0.1,18.5413364510926,38.7998249277734,323.663233641712,0,7.31349695646781,29.2539878258712,2.16413292731959,0,400,25,19.5026585505808,65.8214726082103,0.911213864134563,2.61973985938687,0.01375,0.011,0.01375,0.01375,0,0,0,0
08/11/2017,0.0037928752410459,0.1,18.678577902302,36.9969017108322,322.528165316262,0,6.8801609317429,27.5206437269716,2.02243461662329,0,400,25,18.3470958179811,61.9214483856861,0.851551417525595,2.44821032538609,0.01375,0.011,0.01375,0.01375,0,0,0,0
09/11/2017,8.07077907500614e-05,0.1,18.8156184800527,6,321.380877777935,0,2.18930643468345,8.75722573873379,0.558040567282085,0,400,25,5.83815049248919,19.703757912151,0.234964449381931,0.67552279197305,0.01375,0.011,0.01375,0.01375,0,0,0,0
10/11/2017,8.19325759498632e-05,0.1,18.9524176174254,6,320.221710648189,0,2.17518715399369,8.70074861597477,0.553425232518983,0,400,25,5.80049907731652,19.5766843859432,0.233021150534309,0.669935807786137,0.01375,0.011,0.01375,0.01375,0,0,0,0
11/11/2017,6.76976984773065e-05,0.1,19.0889348189725,6,319.05100706509,0,2.30094724667335,9.2037889866934,0.594533907975559,0,400,25,6.13585932446227,20.7085252200602,0.250330066516025,0.719698941233571,0.01375,0.011,0.01375,0.01375,0,0,0,0
12/11/2017,7.41359387469443e-05,0.1,19.2251296727055,6,317.869113581744,0,2.21869420871777,8.87477683487107,0.567646893418035,0,400,25,5.91651788991405,19.9682478784599,0.239009218281278,0.687151502558674,0.01375,0.011,0.01375,0.01375,0,0,0,0
13/11/2017,7.2294870291879e-05,0.1,19.3609618620575,6,316.676380063702,0,2.22355991314304,8.89423965257216,0.569237403251673,0,400,25,5.92949310171478,20.0120392182874,0.239678906632283,0.689076856567815,0.01375,0.011,0.01375,0.01375,0,0,0,0
14/11/2017,6.63051626012556e-05,0.1,19.496391177818,6,315.473159585395,0,2.27426876966481,9.09707507865925,0.585813201512553,0,400,25,6.06471671910617,20.4684189269833,0.246658190110549,0.709142296567828,0.01375,0.011,0.01375,0.01375,0,0,0,0
15/11/2017,4.7857881473279e-05,0.1,19.6313775300357,6,314.259808325618,0,2.55178866158197,10.2071546463279,0.67652938123601,0,400,25,6.80476976421858,22.9660979542377,0.284854476309899,0.81895661939096,0.01375,0.011,0.01375,0.01375,0,0,0,0
16/11/2017,0.000112382176941664,0.1,19.7658809598859,6,313.036685462092,0,1.94245620050288,7.76982480201152,0.477349738044567,0,400,25,5.17988320134102,17.4821058045259,0.200989363387186,0.57784441973816,0.01375,0.011,0.01375,0.01375,0,0,0,0
17/11/2017,0.000464943495941389,0.1,19.899861651499,32.3923226947042,311.80415306514,0,6.92016564652328,27.6806625860931,2.06208499188776,0,400,25,18.4537750573954,62.2814908187095,0.868246312373794,2.49620814807466,0.01375,0.011,0.01375,0.01375,0,0,0,0
18/11/2017,0.000482321238843753,0.1,20.0332799437473,26.4641060621842,310.562575990505,0,5.35170769635084,21.4068307854034,1.5496330912592,0,400,25,14.2712205236023,48.1653692671576,0.652477091056504,1.87587163678745,0.01375,0.011,0.01375,0.01375,0,0,0,0
19/11/2017,0.00430769174183222,0.1,20.166096341985,38.3046531301895,309.31232177135,0,7.60299073271666,30.4119629308667,2.27066932703412,0,400,25,20.2746419539111,68.42691659445,0.956071295593312,2.74870497483077,0.01375,0.011,0.01375,0.01375,0,0,0,0
20/11/2017,0.00346359285881808,0.1,20.2982715297398,37.5060103148208,308.053760509454,0,6.98184720345632,27.9273888138253,2.054682596405,0,400,25,18.6182592092169,62.8366248311069,0.865129514275788,2.48724735354289,0.01375,0.011,0.01375,0.01375,0,0,0,0
21/11/2017,0.000601083823668087,0.1,20.4297663803513,32.7167207145659,306.787264765657,0,6.84865425662163,27.3946170264865,2.03705188446378,0,400,25,18.2630780176577,61.6378883095947,0.857706056616328,2.46590491277194,0.01375,0.011,0.01375,0.01375,0,0,0,0
22/11/2017,0.000512569481759237,0.1,20.5605419685534,29.2702687939684,305.513209449576,0,5.93369392751121,23.7347757100448,1.73633581623877,0,400,25,15.8231838066965,53.4032453476009,0.731088764732112,2.10188019860482,0.01375,0.011,0.01375,0.01375,0,0,0,0
23/11/2017,0.000610505167096778,0.1,20.6905595819968,32.5025839376409,304.231971708621,0,6.783190898368,27.132763593472,2.01568347375296,0,400,25,18.0885090623147,61.048718085312,0.848708831053877,2.4400378892799,0.01375,0.011,0.01375,0.01375,0,0,0,0
24/11/2017,0.000480589875745505,0.1,20.8197807327088,30.0155329685593,302.94393081635,0,6.15004640436826,24.600185617473,1.80725270373076,0,400,25,16.400123744982,55.3504176393143,0.760948506834004,2.18772695714776,0.01375,0.011,0.01375,0.01375,0,0,0,0
25/11/2017,1.31321409618045e-05,0.1,20.9481671684868,6,301.649468060202,0,3.85714285714286,15.4285714285714,1.10322580645161,0,400,25,10.2857142857143,34.7142857142857,0.464516129032258,1.33548387096774,0.01375,0.011,0.01375,0.01375,0,0,0,0
26/11/2017,1.15939644024983e-05,0.1,21.0756808842214,6,300.348966628621,0,3.85714285714286,15.4285714285714,1.10322580645161,0,400,25,10.2857142857143,34.7142857142857,0.464516129032258,1.33548387096774,0.01375,0.011,0.01375,0.01375,0,0,0,0
27/11/2017,0.000350975456265241,0.1,21.2022841331467,24.015555037023,299.042811497628,0,5.16866411787991,20.6746564715196,1.50073777424949,0,400,25,13.7831043143464,46.5179770609192,0.63188958915768,1.81668256882833,0.01375,0.011,0.01375,0.01375,0,0,0,0
28/11/2017,0.00100210235720251,0.1,21.3279394380145,34.638794848706,297.73138931686,0,7.02101458633813,28.0840583453525,2.08758308039895,0,400,25,18.7227055635683,63.1891312770431,0.878982349641664,2.52707425521978,0.01375,0.011,0.01375,0.01375,0,0,0,0
29/11/2017,0.00111993111412498,0.1,21.4526096021881,34.4474586800569,296.41508829511,0,6.80585557403995,27.2234222961598,2.01289706506554,0,400,25,18.1489481974399,61.2527001663596,0.847535606343386,2.43666486823724,0.01375,0.011,0.01375,0.01375,0,0,0,0
30/11/2017,0.00284991437512774,0.1,21.5762577206533,37.9186079657251,295.094298085414,0,7.55489288018078,30.2195715207231,2.2559955524822,0,400,25,20.1463810138154,67.994035921627,0.949892864203033,2.73094198458372,0.01375,0.011,0.01375,0.01375,0,0,0,0
01/12/2017,0.0018462679436146,0.1,21.6988471909432,37.185252839622,293.769409669701,0,7.26495564170595,29.0598225668238,2.15717393355393,0,400,25,19.3732150445492,65.3846007753535,0.908283761496391,2.61131581430213,0.01375,0.011,0.01375,0.01375,0,0,0,0
02/12/2017,0.000129528106789876,0.1,21.8203417239731,6,292.440815243058,0,1.76458899134227,7.05835596536909,0.419208198706045,0,400,25,4.70557064357939,15.8813009220804,0.176508715244651,0.50746255632837,0.01375,0.011,0.01375,0.01375,0,0,0,0
03/12/2017,0.0089497333615719,0.1,21.9407053547832,39.1568663955984,291.108908097629,0,7.710317370499,30.841269481996,2.30308591450582,0,400,25,20.5608463213307,69.392856334491,0.969720385055084,2.78794610703337,0.01375,0.011,0.01375,0.01375,0,0,0,0
04/12/2017,0.018787010745646,0.1,22.0599024531845,38.0342899736458,289.774082506192,0,7.24562784042409,28.9825113616964,2.16843673783863,0,400,25,19.3216742411309,65.2106505638168,0.913025994879423,2.62494973527834,0.01375,0.011,0.01375,0.01375,0,0,0,0
05/12/2017,0.00998824645794091,0.1,22.1778977343065,39.1108523353085,288.436733605447,0,7.32263569409759,29.2905427763903,2.16493589283326,0,400,25,19.5270285175936,65.9037212468783,0.911551954877163,2.62071187027184,0.01375,0.011,0.01375,0.01375,0,0,0,0
06/12/2017,0.00274061446181534,0.1,22.294656269042,37.2245518161381,287.097257279049,0,6.96915023698943,27.8766009479577,2.05222486900615,0,400,25,18.5844006319718,62.7223521329049,0.864094681686802,2.48427220984956,0.01375,0.011,0.01375,0.01375,0,0,0,0
07/12/2017,0.0145425337500579,0.1,22.4101434943871,39.4732690026558,285.756050040415,0,7.75491382222577,31.0196552889031,2.31675554539168,0,400,25,20.679770192602,69.7942244000319,0.975476019112288,2.80449355494783,0.01375,0.011,0.01375,0.01375,0,0,0,0
08/12/2017,0.0115199936025544,0.1,22.5243252236724,39.2602004364237,284.413508915348,0,7.21057778233196,28.8423111293278,2.12376125579035,0,400,25,19.2282074195519,64.8952000409876,0.894215265595938,2.57086888858832,0.01375,0.011,0.01375,0.01375,0,0,0,0
09/12/2017,4.40506883995966e-05,0.1,22.637167656683,6,283.070031324511,0,2.08556507901045,8.34226031604181,0.524129414459945,0,400,25,5.56150687736121,18.7700857110941,0.220686069246293,0.634472449083091,0.01375,0.011,0.01375,0.01375,0,0,0,0
10/12/2017,4.58630626287265e-07,0.1,22.7486373896641,6,281.726014965779,0,3.85714285714286,15.4285714285714,1.10322580645161,0,400,25,10.2857142857143,34.7142857142857,0.464516129032258,1.33548387096774,0.01375,0.011,0.01375,0.01375,0,0,0,0
11/12/2017,0,0.1,22.8587014252095,0,280.381857696517,0,0,0,0,0,400,25,0,0,0,0,0.01375,0.011,0.01375,0.01375,0,0,0,0
12/12/2017,0,0.1,22.9673271820289,0,279.037957415799,0,0,0,0,0,400,25,0,0,0,0,0.01375,0.011,0.01375,0.01375,0,0,0,0
13/12/2017,0,0.1,23.0744825045931,0,277.694711946626,0,0,0,0,0,400,25,0,0,0,0,0.01375,0.011,0.01375,0.01375,0,0,0,0
14/12/2017,0,0.1,23.180135672653,0,276.352518918163,0,0,0,0,0,400,25,0,0,0,0,0.01375,0.011,0.01375,0.01375,0,0,0,0
15/12/2017,0.0001572921129512,0.1,23.2842554106286,6,275.011775648026,0,1.63236014615614,6.52944058462455,0.375985006301115,0,400,25,4.3529603897497,14.6912413154052,0.158309476337312,0.455139744469771,0.01375,0.011,0.01375,0.01375,0,0,0,0
16/12/2017,0.00211046902822374,0.1,23.3868108968681,38.174951564283,273.672879024676,0,7.73786834207078,30.9514733682831,2.31895935416409,0,400,25,20.6343155788554,69.6408150786371,0.976403938595404,2.80716132346179,0.01375,0.011,0.01375,0.01375,0,0,0,0
17/12/2017,0.00275323083366481,0.1,23.4877717727713,37.5054657880099,272.336225389925,0,7.1940967697665,28.776387079066,2.13058344710044,0,400,25,19.1842580527107,64.7468709278985,0.897087767200186,2.57912733070053,0.01375,0.011,0.01375,0.01375,0,0,0,0
18/12/2017,0.00100288389889795,0.1,23.5871081517765,35.09383824227,271.002210421614,0,6.93696079067279,27.7478431626912,2.05490324281456,0,400,25,18.4985621084608,62.4326471160551,0.865222418027182,2.48751445182815,0.01375,0.011,0.01375,0.01375,0,0,0,0
19/12/2017,0.00159898044096122,0.1,23.6847906282074,38.0728184687668,269.671229016481,0,7.76759843152681,31.0703937261073,2.32970139166349,0,400,25,20.7135958174048,69.9083858837413,0.980926901753048,2.82016484254001,0.01375,0.011,0.01375,0.01375,0,0,0,0
20/12/2017,0.0011505995435238,0.1,23.7807902859783,36.0107538657947,268.343675173266,0,7.07544992926036,28.3017997170415,2.09776652573237,0,400,25,18.8678664780276,63.6790493633433,0.88327011609784,2.53940158378129,0.01375,0.011,0.01375,0.01375,0,0,0,0
21/12/2017,0.000373837851002931,0.1,23.8750787071532,23.7667697846602,267.019941876079,0,4.97449092351642,19.8979636940657,1.43685289636062,0,400,25,13.2653091293771,44.7704183116478,0.604990693204473,1.73934824296286,0.01375,0.011,0.01375,0.01375,0,0,0,0
22/12/2017,0.000194267716962422,0.1,23.9676279803587,25.6552586246836,265.700420978066,0,5.61909057780295,22.4763623112118,1.64433121968241,0,400,25,14.9842415408079,50.5718152002266,0.6923499872347,1.99050621329976,0.01375,0.011,0.01375,0.01375,0,0,0,0
23/12/2017,0.000186316848656186,0.1,24.0584107090458,32.2636118778335,264.385503085413,0,7.16768216947481,28.6707286778992,2.14479978794444,0,400,25,19.1138191185995,64.5091395252733,0.903073594923975,2.59633658540643,0.01375,0.011,0.01375,0.01375,0,0,0,0
24/12/2017,0.00012130824196738,0.1,24.1474000196006,30.0291337157616,263.07557744172,0,6.88602525828928,27.5441010331571,2.05618386083381,0,400,25,18.3627340221047,61.9742273246035,0.865761625614236,2.48906467364093,0.01375,0.011,0.01375,0.01375,0,0,0,0
25/12/2017,0.00054317239921204,0.1,24.2345695692986,30.5853722029761,261.771031812774,0,6.28017140355759,25.1206856142304,1.85277834180685,0,400,25,16.7471237428202,56.5215426320183,0.780117196550254,2.24283694008198,0.01375,0.011,0.01375,0.01375,0,0,0,0
26/12/2017,0.000773316777048409,0.1,24.3198935541034,32.6650634478896,260.472252371766,0,6.47116269179534,25.8846507671814,1.90687250130351,0,400,25,17.2564338447876,58.2404642261581,0.802893684759372,2.30831934368319,0.01375,0.011,0.01375,0.01375,0,0,0,0
27/12/2017,0.00089850152132926,0.1,24.4033467163048,35.9823527437493,259.17962358497,0,7.32108834493912,29.2843533797565,2.18488524391742,0,400,25,19.522902253171,65.889795104452,0.919951681649439,2.64486108474214,0.01375,0.011,0.01375,0.01375,0,0,0,0
28/12/2017,0.000504298480370706,0.1,24.484904351996,33.057230566337,257.893528097937,0,6.71219120013925,26.848764800557,1.98723130872692,0,400,25,17.8991765337047,60.4097208012533,0.836728972095546,2.4055957947747,0.01375,0.011,0.01375,0.01375,0,0,0,0
29/12/2017,0,0.1,24.5645423183859,0,256.614346622224,0,0,0,0,0,400,25,0,0,0,0,0.01375,0.011,0.01375,0.01375,0,0,0,0
30/12/2017,0.000185545580790346,0.1,24.6422370409468,32.6142114782891,255.342457822691,0,7.211875396423,28.847501585692,2.15870402257352,0,400,25,19.2316677237947,64.906878567807,0.908928009504638,2.61316802732583,0.01375,0.011,0.01375,0.01375,0,0,0,0
31/12/2017,0.000178000298597977,0.1,24.7179655203918,26.815783273698,254.078238205414,0,5.88395683563506,23.5358273425402,1.72980498952298,0,400,25,15.6905515616935,52.9556115207155,0.728338942957043,2.0939744610015,0.01375,0.011,0.01375,0.01375,0,0,0,0
01/01/2018,0.000551490870239166,0.1,24.8051371179797,34.7491995792223,252.59041410873,0,7.22315708677232,28.8926283470893,2.15703707741795,0,400,25,19.2617522313928,65.0084137809508,0.908226137860189,2.61115014634804,0.01375,0.011,0.01375,0.01375,0,0,0,0
02/01/2018,0.000578855112297352,0.1,24.8764918925008,35.7938666314446,251.344251726306,0,7.39928263178968,29.5971305271587,2.21215372410703,0,400,25,19.7314203514391,66.5935436861071,0.931433146992434,2.67787029760325,0.01375,0.011,0.01375,0.01375,0,0,0,0
03/01/2018,0.00605272551269413,0.1,24.9458110794992,38.9640051097198,250.106942079986,0,7.68379054192429,30.7351621676972,2.29507088892,0,400,25,20.4901081117981,69.1541148773186,0.966345637440002,2.77824370764001,0.01375,0.011,0.01375,0.01375,0,0,0,0
04/01/2018,0.00463123218342131,0.1,25.0130741590243,38.4918575240418,248.878851439682,0,7.15431765400784,28.6172706160313,2.10936305229215,0,400,25,19.0781804106876,64.3888588860705,0.888152864123012,2.55343948435366,0.01375,0.011,0.01375,0.01375,0,0,0,0
05/01/2018,3.08154683004821e-05,0.1,25.0782612197774,6,247.660343346284,0,1.52880677010899,6.11522708043595,0.342135300582477,0,400,25,4.07681805362397,13.7592609309809,0.144056968666306,0.41416378491563,0.01375,0.011,0.01375,0.01375,0,0,0,0
06/01/2018,0,0.1,25.1413529650052,0,246.451778504046,0,0,0,0,0,400,25,0,0,0,0,0.01375,0.011,0.01375,0.01375,0,0,0,0
07/01/2018,0,0.1,25.2023307182122,0,245.253514673805,0,0,0,0,0,400,25,0,0,0,0,0.01375,0.011,0.01375,0.01375,0,0,0,0
08/01/2018,0.000161699776008604,0.1,25.2611764286895,33.0478984552154,244.065906567085,0,7.26654182208597,29.0661672883439,2.17590337327135,0,400,25,19.3774448588959,65.3988763987738,0.91616984137741,2.63398829396006,0.01375,0.011,0.01375,0.01375,0,0,0,0
09/01/2018,0.01317891404388,0.1,25.317872676858,39.4901294868061,242.889305741087,0,7.75164242665498,31.0065697066199,2.31552103145975,0,400,25,20.67104647108,69.7647818398949,0.974956223772525,2.80299914334601,0.01375,0.011,0.01375,0.01375,0,0,0,0
10/01/2018,0.0131076266424598,0.1,25.3724026794253,39.4083476100257,241.724060494622,0,7.31042746416445,29.2417098566578,2.15843851241065,0,400,25,19.4944732377719,65.79384717748,0.908816215751855,2.61284662028658,0.01375,0.011,0.01375,0.01375,0,0,0,0
11/01/2018,0.00219939467471182,0.1,25.4247502943533,37.0894265889582,240.570515765012,0,6.95872421431002,27.8348968572401,2.04978986581515,0,400,25,18.5565979048267,62.6285179287901,0.863069417185325,2.48132457440781,0.01375,0.011,0.01375,0.01375,0,0,0,0
12/01/2018,9.1698137639257e-05,0.1,25.4749000256372,6,239.429013025974,0,1.45020644428157,5.80082577712628,0.316442290849644,0,400,25,3.86721718475086,13.0518579985341,0.133238859305113,0.383061720502201,0.01375,0.011,0.01375,0.01375,0,0,0,0
13/01/2018,1.9995342976423e-06,0.1,25.5228370278924,6,238.299890186543,0,0.857142857142857,3.42857142857143,0.12258064516129,0,400,25,2.28571428571429,7.71428571428572,0.0516129032258065,0.148387096774194,0.01375,0.011,0.01375,0.01375,0,0,0,0
14/01/2018,0.000386866609848739,0.1,25.5685471107489,36.3000529065315,237.18348149104,0,7.67647725712582,30.7059090285033,2.30487875853227,0,400,25,20.4706060190022,69.0882953141324,0.970475266750431,2.79011639190749,0.01375,0.011,0.01375,0.01375,0,0,0,0
15/01/2018,0.000261023199583936,0.1,25.6120167430522,35.0098991137724,236.08011742013,0,7.51385282946711,30.0554113178684,2.25371326656137,0,400,25,20.0369408785789,67.624675465204,0.948931901710051,2.7281792174164,0.01375,0.011,0.01375,0.01375,0,0,0,0
16/01/2018,0,0.1,25.6532330568687,0,234.990124592991,0,0,0,0,0,400,25,0,0,0,0,0.01375,0.011,0.01375,0.01375,0,0,0,0
17/01/2018,0,0.1,25.6921838512949,0,233.91382567063,0,0,0,0,0,400,25,0,0,0,0,0.01375,0.011,0.01375,0.01375,0,0,0,0
18/01/2018,0,0.1,25.7288575960691,0,232.851539260369,0,0,0,0,0,400,25,0,0,0,0,0.01375,0.011,0.01375,0.01375,0,0,0,0
19/01/2018,0,0.1,25.7632434349846,0,231.803579821526,0,0,0,0,0,400,25,0,0,0,0,0.01375,0.011,0.01375,0.01375,0,0,0,0
20/01/2018,0,0.1,25.7953311891033,0,230.770257572335,0,0,0,0,0,400,25,0,0,0,0,0.01375,0.011,0.01375,0.01375,0,0,0,0
21/01/2018,0,0.1,25.8251113597692,0,229.751878398107,0,0,0,0,0,400,25,0,0,0,0,0.01375,0.011,0.01375,0.01375,0,0,0,0
22/01/2018,0,0.1,25.8525751314198,0,228.74874376069,0,0,0,0,0,400,25,0,0,0,0,0.01375,0.011,0.01375,0.01375,0,0,0,0
23/01/2018,0,0.1,25.8777143741959,0,227.761150609223,0,0,0,0,0,400,25,0,0,0,0,0.01375,0.011,0.01375,0.01375,0,0,0,0
24/01/2018,0.000231441367848621,0.1,25.9005216463481,30.4388860226571,226.789391292236,0,6.51704790128579,26.0681916051432,1.93329599560995,0,400,25,17.3787944034288,58.6534311115721,0.814019366572609,2.34030567889625,0.01375,0.011,0.01375,0.01375,0,0,0,0
25/01/2018,0.000143014657737265,0.1,25.9209901964399,30.1094811757657,225.833753471109,0,6.62756555036375,26.510262201455,1.96981496036922,0,400,25,17.6735081343033,59.6480899532738,0.829395772787039,2.38451284676274,0.01375,0.011,0.01375,0.01375,0,0,0,0
26/01/2018,7.76293688318915e-05,0.1,25.9391139653462,6,224.894520034914,0,1.30429750143008,5.2171900057203,0.268747324584209,0,400,25,3.4781266704802,11.7386775128707,0.113156768245983,0.325325708707201,0.01375,0.011,0.01375,0.01375,0,0,0,0
27/01/2018,1.71689798247474e-05,0.1,25.9548875880467,6,223.971969016682,0,0.857142857142857,3.42857142857143,0.12258064516129,0,400,25,2.28571428571429,7.71428571428572,0.0516129032258065,0.148387096774194,0.01375,0.011,0.01375,0.01375,0,0,0,0
28/01/2018,0,0.1,25.9683063952143,0,223.066373511089,0,0,0,0,0,400,25,0,0,0,0,0.01375,0.011,0.01375,0.01375,0,0,0,0
29/01/2018,0,0.1,25.9793664145975,0,222.178001593623,0,0,0,0,0,400,25,0,0,0,0,0.01375,0.011,0.01375,0.01375,0,0,0,0
30/01/2018,0,0.1,25.9880643721958,0,221.307116241223,0,0,0,0,0,400,25,0,0,0,0,0.01375,0.011,0.01375,0.01375,0,0,0,0
31/01/2018,0.000370344940287678,0.1,25.9943976932292,36.7512681693208,220.453975254433,0,7.73335313058665,30.9334125223466,2.32277325377382,0,400,25,20.6222750148977,69.6001781752799,0.978009791062662,2.81177814930515,0.01375,0.011,0.01375,0.01375,0,0,0,0
01/02/2018,0.000335302516989576,0.1,25.9983645029001,31.8713747340561,219.618831181091,0,6.503856088307,26.015424353228,1.92173400565537,0,400,25,17.3436162354853,58.534704794763,0.809151160275946,2.32630958579335,0.01375,0.011,0.01375,0.01375,0,0,0,0
02/02/2018,0.000241918701773565,0.1,25.9999636269489,29.8417369497012,218.801931241564,0,6.32534300884668,25.3013720353867,1.87107222365508,0,400,25,16.8675813569245,56.9280870796201,0.787819883644243,2.2649821654772,0.01375,0.011,0.01375,0.01375,0,0,0,0
03/02/2018,0.000207271787334142,0.1,25.9991945920008,25.63331097391,218.00351725557,0,5.31343745939521,21.2537498375808,1.54217867939983,0,400,25,14.1691665583872,47.8209371345569,0.649338391326242,1.86684787506295,0.01375,0.011,0.01375,0.01375,0,0,0,0
04/02/2018,0,0.1,25.9960576257065,0,217.22382557059,0,0,0,0,0,400,25,0,0,0,0,0.01375,0.011,0.01375,0.01375,0,0,0,0
05/02/2018,2.74342547859182e-05,0.1,25.9905536566747,6,216.463086991908,0,0.857142857142857,3.42857142857143,0.12258064516129,0,400,25,2.28571428571429,7.71428571428572,0.0516129032258065,0.148387096774194,0.01375,0.011,0.01375,0.01375,0,0,0,0
06/02/2018,0,0.1,25.9826843141968,0,215.721526714289,0,0,0,0,0,400,25,0,0,0,0,0.01375,0.011,0.01375,0.01375,0,0,0,0
07/02/2018,0,0.1,25.9724519277653,0,214.999364255309,0,0,0,0,0,400,25,0,0,0,0,0.01375,0.011,0.01375,0.01375,0,0,0,0
08/02/2018,0,0.1,25.9598595263838,0,214.296813390382,0,0,0,0,0,400,25,0,0,0,0,0.01375,0.011,0.01375,0.01375,0,0,0,0
09/02/2018,0,0.1,25.9449108376702,0,213.614082089472,0,0,0,0,0,400,25,0,0,0,0,0.01375,0.011,0.01375,0.01375,0,0,0,0
10/02/2018,0.000556388904301942,0.1,25.9276102867536,34.9918365300438,212.951372455532,0,7.17109169647046,28.6843667858818,2.13885112473668,0,400,25,19.1229111905879,64.5398252682342,0.90056889462597,2.58913557204967,0.01375,0.011,0.01375,0.01375,0,0,0,0
11/02/2018,0.00231612379247332,0.1,25.9079629949642,38.365228630508,212.308880664676,0,7.64618298283664,30.5847319313465,2.28579736513,0,400,25,20.3898212875644,68.8156468455297,0.962440995844209,2.7670178630521,0.01375,0.011,0.01375,0.01375,0,0,0,0
12/02/2018,0.00147986243307138,0.1,25.8859747783173,37.1084702013472,211.686796908109,0,7.1433938105383,28.5735752421532,2.11544554514126,0,400,25,19.0490501614355,64.2905442948447,0.890713913743689,2.56080250201311,0.01375,0.011,0.01375,0.01375,0,0,0,0
13/02/2018,0.000381967779025543,0.1,25.8616521457917,37.06244825183,211.085305335824,0,7.77257751073488,31.0903100429395,2.33511417165702,0,400,25,20.7268733619597,69.9531975966139,0.983205967013481,2.82671715516376,0.01375,0.011,0.01375,0.01375,0,0,0,0
14/02/2018,0.000293931382748215,0.1,25.8350022974027,33.8881700698521,210.50458400209,0,7.02718125218261,28.1087250087304,2.09255753422215,0,400,25,18.7391500058203,63.2446312696434,0.881076856514587,2.53309596247944,0.01375,0.011,0.01375,0.01375,0,0,0,0
15/02/2018,0,0.1,25.8060331220709,0,209.944804812745,0,0,0,0,0,400,25,0,0,0,0,0.01375,0.011,0.01375,0.01375,0,0,0,0
16/02/2018,0,0.1,25.774753195287,0,209.406133474307,0,0,0,0,0,400,25,0,0,0,0,0.01375,0.011,0.01375,0.01375,0,0,0,0
17/02/2018,0,0.1,25.7411717765731,0,208.888729444924,0,0,0,0,0,400,25,0,0,0,0,0.01375,0.011,0.01375,0.01375,0,0,0,0
18/02/2018,0,0.1,25.7052988067417,0,208.392745887169,0,0,0,0,0,400,25,0,0,0,0,0.01375,0.011,0.01375,0.01375,0,0,0,0
19/02/2018,0,0.1,25.6671449049533,0,207.918329622699,0,0,0,0,0,400,25,0,0,0,0,0.01375,0.011,0.01375,0.01375,0,0,0,0
20/02/2018,0.00715522176248889,0.1,25.6267213655722,39.2396018581449,207.465621088795,0,7.73263876286782,30.9305550514713,2.31065712063216,0,400,25,20.6203700343142,69.5937488658104,0.972908261318804,2.79711125129156,0.01375,0.011,0.01375,0.01375,0,0,0,0
21/02/2018,0.00569388297380349,0.1,25.5840401548241,38.8704507269914,207.034754296791,0,7.16073001387882,28.6429200555153,2.10906601752313,0,400,25,19.0952800370102,64.4465701249094,0.888027796851844,2.55307991594905,0.01375,0.011,0.01375,0.01375,0,0,0,0
22/02/2018,1.92170316618658e-05,0.1,25.5391139072529,6,206.625856792401,0,0.857142857142857,3.42857142857143,0.12258064516129,0,400,25,2.28571428571429,7.71428571428572,0.0516129032258065,0.148387096774194,0.01375,0.011,0.01375,0.01375,0,0,0,0
23/02/2018,1.5689254988025e-05,0.1,25.4919559219814,6,206.239049617962,0,0.857142857142857,3.42857142857143,0.12258064516129,0,400,25,2.28571428571429,7.71428571428572,0.0516129032258065,0.148387096774194,0.01375,0.011,0.01375,0.01375,0,0,0,0
24/02/2018,2.51187770847709e-05,0.1,25.4425801587739,6,205.874447276606,0,0.857142857142857,3.42857142857143,0.12258064516129,0,400,25,2.28571428571429,7.71428571428572,0.0516129032258065,0.148387096774194,0.01375,0.011,0.01375,0.01375,0,0,0,0
25/02/2018,0.00228775436866035,0.1,25.391001233904,38.1788697755939,205.532157698364,0,7.60914532063831,30.4365812825532,2.27420909277026,0,400,25,20.2910541883688,68.4823078857448,0.957561723271687,2.7529899544061,0.01375,0.011,0.01375,0.01375,0,0,0,0
26/02/2018,0.0266636910199993,0.1,25.3372344158281,39.7436269084271,205.212282208215,0,7.70716076240314,30.8286430496126,2.29780126526489,0,400,25,20.5524286997417,69.3644468616283,0.967495269585215,2.78154890005749,0.01375,0.011,0.01375,0.01375,0,0,0,0
27/02/2018,0.0255928637361135,0.1,25.2812956206654,39.7284386806622,204.91491549609,0,7.35347555836632,29.4139022334653,2.17146863635562,0,400,25,19.6092681556435,66.1812800252969,0.914302583728682,2.62861992821996,0.01375,0.011,0.01375,0.01375,0,0,0,0
28/02/2018,0.00501379707144168,0.1,25.2232014074861,37.1481126317064,204.640145588848,0,6.82100636458838,27.2840254583535,2.00153816391099,0,400,25,18.189350305569,61.3890572812954,0.842752911120416,2.4229146194712,0.01375,0.011,0.01375,0.01375,0,0,0,0
01/03/2018,0.000448278697748171,0.1,25.1629689734102,6,204.388053824211,0,0.857142857142857,3.42857142857143,0.12258064516129,0,400,25,2.28571428571429,7.71428571428572,0.0516129032258065,0.148387096774194,0.01375,0.011,0.01375,0.01375,0,0,0,0
02/03/2018,0.000339866966457247,0.1,25.1006161485163,6,204.158714826692,0,0.857142857142857,3.42857142857143,0.12258064516129,0,400,25,2.28571428571429,7.71428571428572,0.0516129032258065,0.148387096774194,0.01375,0.011,0.01375,0.01375,0,0,0,0
03/03/2018,0.000359708294022946,0.1,25.0361613905638,6,203.952196485501,0,0.857142857142857,3.42857142857143,0.12258064516129,0,400,25,2.28571428571429,7.71428571428572,0.0516129032258065,0.148387096774194,0.01375,0.011,0.01375,0.01375,0,0,0,0
04/03/2018,0.000206223773881608,0.1,24.9696237795288,6,203.768559934448,0,0.857142857142857,3.42857142857143,0.12258064516129,0,400,25,2.28571428571429,7.71428571428572,0.0516129032258064,0.148387096774194,0.01375,0.011,0.01375,0.01375,0,0,0,0
05/03/2018,0.000609234831456563,0.1,24.9010230119562,26.9564044332004,203.60785953385,0,5.34181906431354,21.3672762572542,1.55166531763166,0,400,25,14.2448508381694,48.0763715788219,0.653332765318594,1.87833170029096,0.01375,0.011,0.01375,0.01375,0,0,0,0
06/03/2018,0.00309482156972428,0.1,24.8303793951287,36.6134162604772,203.470142854435,0,7.11806567088313,28.4722626835325,2.11175221234059,0,400,25,18.9815084556883,64.0625910379481,0.889158826248668,2.55633162546492,0.01375,0.011,0.01375,0.01375,0,0,0,0
07/03/2018,0.0059241561655533,0.1,24.7577138410562,38.389798360663,203.355450663264,0,7.37727472054938,29.5090988821975,2.19046970265518,0,400,25,19.6727325881317,66.3954724849444,0.922303032696917,2.65162121900364,0.01375,0.011,0.01375,0.01375,0,0,0,0
08/03/2018,0.00310682386400437,0.1,24.6830478602847,37.248077326996,203.263816911658,0,6.91185908675025,27.647436347001,2.03290638018995,0,400,25,18.431624231334,62.2067317807522,0.855960581132612,2.46088667075626,0.01375,0.011,0.01375,0.01375,0,0,0,0
09/03/2018,0.000102239818724295,0.1,24.6064035555288,6,203.195268725153,0,0.857142857142857,3.42857142857143,0.12258064516129,0,400,25,2.28571428571429,7.71428571428572,0.0516129032258065,0.148387096774194,0.01375,0.011,0.01375,0.01375,0,0,0,0
10/03/2018,0.000111990260681383,0.1,24.5278036151292,6,203.149826395466,0,0.857142857142857,3.42857142857143,0.12258064516129,0,400,25,2.28571428571429,7.71428571428572,0.0516129032258065,0.148387096774194,0.01375,0.011,0.01375,0.01375,0,0,0,0
11/03/2018,5.36070847538339e-05,0.1,24.4472713063363,6,203.127503374491,0,0.857142857142857,3.42857142857143,0.12258064516129,0,400,25,2.28571428571429,7.71428571428572,0.0516129032258064,0.148387096774194,0.01375,0.011,0.01375,0.01375,0,0,0,0
12/03/2018,1.06929913620488e-05,0.1,24.3648304684224,6,203.128306270316,0,0.857142857142857,3.42857142857143,0.12258064516129,0,400,25,2.28571428571429,7.71428571428572,0.0516129032258065,0.148387096774194,0.01375,0.011,0.01375,0.01375,0,0,0,0
13/03/2018,5.07762088113699e-05,0.1,24.2805055056248,6,203.152234845267,0,0.857142857142857,3.42857142857143,0.12258064516129,0,400,25,2.28571428571429,7.71428571428572,0.0516129032258065,0.148387096774194,0.01375,0.011,0.01375,0.01375,0,0,0,0
14/03/2018,0.00198217955317734,0.1,24.1943213799221,36.8683003354508,203.199282015978,0,7.25591962872108,29.0236785148843,2.15854336501671,0,400,25,19.3491190099229,65.3032766584897,0.908860364217562,2.61297354712549,0.01375,0.011,0.01375,0.01375,0,0,0,0
15/03/2018,0.00151170063220572,0.1,24.1063036036443,36.2719127973886,203.269433855488,0,6.81698649435339,27.2679459774136,2.00607212602951,0,400,25,18.178630651609,61.3528784491805,0.844661947801901,2.42840309993046,0.01375,0.011,0.01375,0.01375,0,0,0,0
16/03/2018,1.37320870487059e-06,0.1,24.016478231921,6,203.362669597364,0,0.857142857142857,3.42857142857143,0.12258064516129,0,400,25,2.28571428571429,7.71428571428572,0.0516129032258065,0.148387096774194,0.01375,0.011,0.01375,0.01375,0,0,0,0
17/03/2018,5.27374458174548e-05,0.1,23.9248718549683,6,203.478961641847,0,0.857142857142857,3.42857142857143,0.12258064516129,0,400,25,2.28571428571429,7.71428571428572,0.0516129032258065,0.148387096774194,0.01375,0.011,0.01375,0.01375,0,0,0,0
18/03/2018,0,0.1,23.8315115902177,0,203.618275564026,0,0,0,0,0,400,25,0,0,0,0,0.01375,0.011,0.01375,0.01375,0,0,0,0
19/03/2018,0,0.1,23.7364250742888,0,203.780570124022,0,0,0,0,0,400,25,0,0,0,0,0.01375,0.011,0.01375,0.01375,0,0,0,0
20/03/2018,0,0.1,23.6396404548081,0,203.965797279202,0,0,0,0,0,400,25,0,0,0,0,0.01375,0.011,0.01375,0.01375,0,0,0,0
21/03/2018,0.00824862630927598,0.1,23.5411863820767,39.3329506389877,204.173902198397,0,7.73437730385542,30.9375092154217,2.31066938731529,0,400,25,20.6250061436145,69.6093957346988,0.972913426238018,2.7971261004343,0.01375,0.011,0.01375,0.01375,0,0,0,0
22/03/2018,0.0140648430798864,0.1,23.4410920005895,39.5165385414014,204.404823278136,0,7.46840609130295,29.8736243652118,2.21421788205493,0,400,25,19.9157495768079,67.2156548217265,0.932302266128391,2.68036901511912,0.01375,0.011,0.01375,0.01375,0,0,0,0
23/03/2018,0.00847703260201472,0.1,23.3393869404073,39.2077555738363,204.658492160877,0,7.30398458313115,29.2159383325246,2.15782016774548,0,400,25,19.4772922216831,65.7358612481803,0.90855586010336,2.61209809779716,0.01375,0.011,0.01375,0.01375,0,0,0,0
24/03/2018,0.00228966641547252,0.1,23.2361013083863,37.3888933035707,204.93483375525,0,6.956064546632,27.824258186528,2.04739444315723,0,400,25,18.5495054576853,62.604580919688,0.862060818171466,2.47842485224297,0.01375,0.011,0.01375,0.01375,0,0,0,0
25/03/2018,0.000241251411308522,0.1,23.1312656792653,24.6316562275814,205.233766258277,0,4.82423773457797,19.2969509383119,1.38120018275308,0,400,25,12.8646339588746,43.4181396112017,0.581557971685507,1.67197916859583,0.01375,0.011,0.01375,0.01375,0,0,0,0
26/03/2018,0.00180618131493545,0.1,23.0249110866152,38.3131762561653,205.555201179595,0,7.68740479464375,30.749619178575,2.30112743011545,0,400,25,20.49974611905,69.1866431517938,0.968895760048612,2.78557531013976,0.01375,0.011,0.01375,0.01375,0,0,0,0
27/03/2018,0.00186464855614082,0.1,22.9170690136522,37.6208728019305,205.899043367646,0,7.21383676224456,28.8553470489782,2.13748259175985,0,400,25,19.2368980326522,64.924530860201,0.899992670214673,2.58747892686719,0.01375,0.011,0.01375,0.01375,0,0,0,0
28/03/2018,0.000381805494498992,0.1,22.8077713839186,30.8553097735781,206.265191037846,0,6.01084052925219,24.0433621170088,1.75787580536182,0,400,25,16.0289080780058,54.0975647632697,0.740158233836556,2.1279549222801,0.01375,0.011,0.01375,0.01375,0,0,0,0
29/03/2018,3.63982966116633e-05,0.1,22.6970505518319,6,206.653535802714,0,0.857142857142857,3.42857142857143,0.12258064516129,0,400,25,2.28571428571429,7.71428571428572,0.0516129032258065,0.148387096774194,0.01375,0.011,0.01375,0.01375,0,0,0,0
30/03/2018,6.7655423531156e-06,0.1,22.5849392931081,6,207.063962703959,0,0.857142857142857,3.42857142857143,0.12258064516129,0,400,25,2.28571428571429,7.71428571428572,0.0516129032258065,0.148387096774194,0.01375,0.011,0.01375,0.01375,0,0,0,0
31/03/2018,0,0.1,22.4714707950588,0,207.496350246509,0,0,0,0,0,400,25,0,0,0,0,0.01375,0.011,0.01375,0.01375,0,0,0,0
01/04/2018,5.12646758979043e-05,0.1,22.3566786467673,6,207.950570434476,0,0.857142857142857,3.42857142857143,0.12258064516129,0,400,25,2.28571428571429,7.71428571428572,0.0516129032258065,0.148387096774194,0.01375,0.011,0.01375,0.01375,0,0,0,0
02/04/2018,1.20105205728541e-05,0.1,22.2405968291455,6,208.426488809045,0,0.857142857142857,3.42857142857143,0.12258064516129,0,400,25,2.28571428571429,7.71428571428572,0.0516129032258065,0.148387096774194,0.01375,0.011,0.01375,0.01375,0,0,0,0
03/04/2018,0.00350197868721907,0.1,22.1232597048746,38.6721881359732,208.923964488279,0,7.63914661176748,30.5565864470699,2.28163955818451,0,400,25,20.37105763138,68.7523195059073,0.960690340288214,2.76198472832862,0.01375,0.011,0.01375,0.01375,0,0,0,0
04/04/2018,0.0027880422339224,0.1,22.0047020082334,38.0105064339926,209.442850208819,0,7.04659945852021,28.1863978340808,2.07499712725618,0,400,25,18.7909318893872,63.4193951266819,0.873683000949971,2.51183862773117,0.01375,0.011,0.01375,0.01375,0,0,0,0
05/04/2018,5.95556884575037e-05,0.1,21.8849588348159,6,209.982992369482,0,0.857142857142857,3.42857142857143,0.12258064516129,0,400,25,2.28571428571429,7.71428571428572,0.0516129032258065,0.148387096774194,0.01375,0.011,0.01375,0.01375,0,0,0,0
06/04/2018,2.03628239677781e-05,0.1,21.7640656311426,6,210.544231076725,0,0.857142857142857,3.42857142857143,0.12258064516129,0,400,25,2.28571428571429,7.71428571428572,0.0516129032258065,0.148387096774194,0.01375,0.011,0.01375,0.01375,0,0,0,0
07/04/2018,7.18765629138485e-05,0.1,21.642058184167,6,211.126400191981,0,0.857142857142857,3.42857142857143,0.12258064516129,0,400,25,2.28571428571429,7.71428571428572,0.0516129032258065,0.148387096774194,0.01375,0.011,0.01375,0.01375,0,0,0,0
08/04/2018,3.54676148925376e-06,0.1,21.5189726106826,6,211.72932738084,0,0.857142857142857,3.42857142857143,0.12258064516129,0,400,25,2.28571428571429,7.71428571428572,0.0516129032258065,0.148387096774194,0.01375,0.011,0.01375,0.01375,0,0,0,0
09/04/2018,0.000236491440176139,0.1,21.3948453466311,30.7815602790608,212.352834164057,0,6.33121573490306,25.3248629396123,1.8709377619446,0,400,25,16.8832419597415,56.9809416141276,0.787763268187201,2.2648193960382,0.01375,0.011,0.01375,0.01375,0,0,0,0
10/04/2018,0.000119312793633989,0.1,21.2697131363166,33.813212513997,212.996735970394,0,7.18077175185846,28.7230870074338,2.14541101569199,0,400,25,19.1487246716226,64.6269457667262,0.903330953975575,2.59707649267978,0.01375,0.011,0.01375,0.01375,0,0,0,0
11/04/2018,3.82896452396916e-05,0.1,21.1436130215288,6,213.660842191253,0,0.857142857142857,3.42857142857143,0.12258064516129,0,400,25,2.28571428571429,7.71428571428572,0.0516129032258065,0.148387096774194,0.01375,0.011,0.01375,0.01375,0,0,0,0
12/04/2018,5.74361863358962e-05,0.1,21.0165823305776,6,214.3449562371,0,0.857142857142857,3.42857142857143,0.12258064516129,0,400,25,2.28571428571429,7.71428571428572,0.0516129032258065,0.148387096774194,0.01375,0.011,0.01375,0.01375,0,0,0,0
13/04/2018,0,0.1,20.8886586672431,0,215.04887559566,0,0,0,0,0,400,25,0,0,0,0,0.01375,0.011,0.01375,0.01375,0,0,0,0
14/04/2018,1.79958890780401e-05,0.1,20.7598798996444,6,215.772391891864,0,0.857142857142857,3.42857142857143,0.12258064516129,0,400,25,2.28571428571429,7.71428571428572,0.0516129032258065,0.148387096774194,0.01375,0.011,0.01375,0.01375,0,0,0,0
15/04/2018,0,0.1,20.6302841490292,0,216.515290949537,0,0,0,0,0,400,25,0,0,0,0,0.01375,0.011,0.01375,0.01375,0,0,0,0
16/04/2018,3.36297413374789e-05,0.1,20.49990977849,6,217.277352854791,0,0.857142857142857,3.42857142857143,0.12258064516129,0,400,25,2.28571428571429,7.71428571428572,0.0516129032258065,0.148387096774194,0.01375,0.011,0.01375,0.01375,0,0,0,0
17/04/2018,2.687240871884e-05,0.1,20.3687953816071,6,218.058352021133,0,0.857142857142857,3.42857142857143,0.12258064516129,0,400,25,2.28571428571429,7.71428571428572,0.0516129032258064,0.148387096774194,0.01375,0.011,0.01375,0.01375,0,0,0,0
18/04/2018,4.92691362534903e-05,0.1,20.2369797710241,6,218.858057256235,0,0.857142857142857,3.42857142857143,0.12258064516129,0,400,25,2.28571428571429,7.71428571428572,0.0516129032258065,0.148387096774194,0.01375,0.011,0.01375,0.01375,0,0,0,0
19/04/2018,5.54708686671961e-05,0.1,20.104501966959,6,219.676231830379,0,0.857142857142857,3.42857142857143,0.12258064516129,0,400,25,2.28571428571429,7.71428571428572,0.0516129032258065,0.148387096774194,0.01375,0.011,0.01375,0.01375,0,0,0,0
20/04/2018,0.00108724710263819,0.1,19.9714011856532,35.5527146836329,220.512633546526,0,7.00652457906194,28.0260983162478,2.07960934513667,0,400,25,18.6840655441652,63.0587212115575,0.875624987425967,2.51742183884965,0.01375,0.011,0.01375,0.01375,0,0,0,0
21/04/2018,0.000886279125652482,0.1,19.8377168277622,34.0535368760278,221.367014812022,0,6.3267077319858,25.3068309279432,1.84833851565971,0,400,25,16.8712206186288,56.9403695878722,0.778247796067248,2.23746241369334,0.01375,0.011,0.01375,0.01375,0,0,0,0
22/04/2018,7.40812518806533e-05,0.1,19.703488466693,6,222.239122711881,0,0.857142857142857,3.42857142857143,0.12258064516129,0,400,25,2.28571428571429,7.71428571428572,0.0516129032258065,0.148387096774194,0.01375,0.011,0.01375,0.01375,0,0,0,0
23/04/2018,7.38077668983541e-05,0.1,19.5687558368887,6,223.128699083657,0,0.857142857142857,3.42857142857143,0.12258064516129,0,400,25,2.28571428571429,7.71428571428572,0.0516129032258065,0.148387096774194,0.01375,0.011,0.01375,0.01375,0,0,0,0
24/04/2018,6.70565078629415e-05,0.1,19.4335588220669,6,224.035480593869,0,0.857142857142857,3.42857142857143,0.12258064516129,0,400,25,2.28571428571429,7.71428571428572,0.0516129032258065,0.148387096774194,0.01375,0.011,0.01375,0.01375,0,0,0,0
25/04/2018,7.00234732236983e-05,0.1,19.2979374434129,6,224.959198815945,0,0.857142857142857,3.42857142857143,0.12258064516129,0,400,25,2.28571428571429,7.71428571428572,0.0516129032258065,0.148387096774194,0.01375,0.011,0.01375,0.01375,0,0,0,0
26/04/2018,8.91870460910233e-05,0.1,19.1619318477328,6,225.899580309692,0,0.857142857142857,3.42857142857143,0.12258064516129,0,400,25,2.28571428571429,7.71428571428571,0.0516129032258065,0.148387096774194,0.01375,0.011,0.01375,0.01375,0,0,0,0
27/04/2018,1.765334640779e-05,0.1,19.025582295569,6,226.856346702231,0,0.857142857142857,3.42857142857143,0.12258064516129,0,400,25,2.28571428571429,7.71428571428572,0.0516129032258065,0.148387096774194,0.01375,0.011,0.01375,0.01375,0,0,0,0
28/04/2018,7.24492688041655e-05,0.1,18.8889291492823,6,227.829214770406,0,0.857142857142857,3.42857142857143,0.12258064516129,0,400,25,2.28571428571429,7.71428571428572,0.0516129032258065,0.148387096774194,0.01375,0.011,0.01375,0.01375,0,0,0,0
29/04/2018,0.000124336466641468,0.1,18.7520128611039,6,228.817896524626,0,1.02141631282426,4.08566525129705,0.176278634975427,0,400,25,2.72377683419803,9.19274681541836,0.0742225831475482,0.213389926549201,0.01375,0.011,0.01375,0.01375,0,0,0,0
30/04/2018,0.00508117069804514,0.1,18.6148739611606,38.9733105293994,229.82209929411,0,7.63685712622927,30.5474285049171,2.27867194351456,0,400,25,20.3649523366114,68.7317141360634,0.95944081832192,2.75839235267552,0.01375,0.011,0.01375,0.01375,0,0,0,0
01/05/2018,0.00404672673460945,0.1,18.4775530454767,38.5708321316531,230.84152581353,0,7.06774172543213,28.2709669017285,2.07837456289146,0,400,25,18.847311267819,63.6096755288892,0.875105079112193,2.51592710244756,0.01375,0.011,0.01375,0.01375,0,0,0,0
02/05/2018,6.48933422597857e-05,0.1,18.3400907639575,6,231.875874311002,0,0.857142857142857,3.42857142857143,0.12258064516129,0,400,25,2.28571428571429,7.71428571428572,0.0516129032258065,0.148387096774194,0.01375,0.011,0.01375,0.01375,0,0,0,0
03/05/2018,0.000110179716587187,0.1,18.2025278083553,6,232.924838597422,0,0.950940702074227,3.80376280829691,0.153241446085093,0,400,25,2.53584187219794,8.55846631866804,0.0645227141410918,0.185502803155639,0.01375,0.011,0.01375,0.01375,0,0,0,0
04/05/2018,4.49221549315155e-05,0.1,18.0649049002241,6,233.988108157101,0,0.857142857142857,3.42857142857143,0.12258064516129,0,400,25,2.28571428571429,7.71428571428572,0.0516129032258065,0.148387096774194,0.01375,0.011,0.01375,0.01375,0,0,0,0
05/05/2018,7.3807733996679e-05,0.1,17.927262778865,6,235.065368239687,0,0.857142857142857,3.42857142857143,0.12258064516129,0,400,25,2.28571428571429,7.71428571428572,0.0516129032258065,0.148387096774194,0.01375,0.011,0.01375,0.01375,0,0,0,0
06/05/2018,8.32585145470591e-05,0.1,17.789642189267,6,236.156299953336,0,0.857142857142857,3.42857142857143,0.12258064516129,0,400,25,2.28571428571429,7.71428571428572,0.0516129032258065,0.148387096774194,0.01375,0.011,0.01375,0.01375,0,0,0,0
07/05/2018,5.70784545745312e-05,0.1,17.6520838700448,6,237.260580359109,0,0.857142857142857,3.42857142857143,0.12258064516129,0,400,25,2.28571428571429,7.71428571428572,0.0516129032258065,0.148387096774194,0.01375,0.011,0.01375,0.01375,0,0,0,0
08/05/2018,7.30085358382628e-05,0.1,17.5146285413801,6,238.377882566574,0,0.857142857142857,3.42857142857143,0.12258064516129,0,400,25,2.28571428571429,7.71428571428572,0.0516129032258065,0.148387096774194,0.01375,0.011,0.01375,0.01375,0,0,0,0
09/05/2018,0.000107605317707334,0.1,17.3773168929669,6,239.507875830567,0,0.926011854951503,3.70404741980601,0.145092661649278,0,400,25,2.46936494653734,8.33410669456352,0.0610916470102221,0.175638485154389,0.01375,0.011,0.01375,0.01375,0,0,0,0
10/05/2018,8.21955583012864e-05,0.1,17.2401895719671,6,240.650225649104,0,0.857142857142857,3.42857142857143,0.12258064516129,0,400,25,2.28571428571429,7.71428571428572,0.0516129032258065,0.148387096774194,0.01375,0.011,0.01375,0.01375,0,0,0,0
11/05/2018,4.95388338957451e-05,0.1,17.1032871709775,6,241.804593862396,0,0.857142857142857,3.42857142857143,0.12258064516129,0,400,25,2.28571428571429,7.71428571428572,0.0516129032258065,0.148387096774194,0.01375,0.011,0.01375,0.01375,0,0,0,0
12/05/2018,7.84274887212055e-05,0.1,16.966650216014,6,242.970638752956,0,0.857142857142857,3.42857142857143,0.12258064516129,0,400,25,2.28571428571429,7.71428571428572,0.0516129032258065,0.148387096774194,0.01375,0.011,0.01375,0.01375,0,0,0,0
13/05/2018,8.1402913509833e-05,0.1,16.8303191545148,6,244.148015146753,0,0.857142857142857,3.42857142857143,0.12258064516129,0,400,25,2.28571428571429,7.71428571428572,0.0516129032258065,0.148387096774194,0.01375,0.011,0.01375,0.01375,0,0,0,0
14/05/2018,9.73355993229569e-05,0.1,16.6943343433671,6,245.33637451539,0,0.857142857142857,3.42857142857143,0.12258064516129,0,400,25,2.28571428571429,7.71428571428572,0.0516129032258065,0.148387096774194,0.01375,0.011,0.01375,0.01375,0,0,0,0
15/05/2018,7.43982218294152e-05,0.1,16.5587360369606,6,246.535365079275,0,0.857142857142857,3.42857142857143,0.12258064516129,0,400,25,2.28571428571429,7.71428571428572,0.0516129032258065,0.148387096774194,0.01375,0.011,0.01375,0.01375,0,0,0,0
16/05/2018,7.73749338835749e-05,0.1,16.4235643752715,6,247.744631911759,0,0.857142857142857,3.42857142857143,0.12258064516129,0,400,25,2.28571428571429,7.71428571428572,0.0516129032258065,0.148387096774194,0.01375,0.011,0.01375,0.01375,0,0,0,0
17/05/2018,0.000112541109889897,0.1,16.2888593719801,6,248.963817044198,0,0.938077754158473,3.75231101663389,0.149036783540588,0,400,25,2.50154067775593,8.44269978742626,0.0627523299118267,0.180412948496502,0.01375,0.011,0.01375,0.01375,0,0,0,0
18/05/2018,9.30472610414048e-05,0.1,16.1546609026259,6,250.192559571921,0,0.857142857142857,3.42857142857143,0.12258064516129,0,400,25,2.28571428571429,7.71428571428571,0.0516129032258065,0.148387096774194,0.01375,0.011,0.01375,0.01375,0,0,0,0
19/05/2018,0.000107590588163802,0.1,16.0210086928035,6,251.430495761065,0,0.908663549174239,3.63465419669696,0.139421817610258,0,400,25,2.42310279779797,8.17797194256815,0.0587039232043193,0.168773779212418,0.01375,0.011,0.01375,0.01375,0,0,0,0
20/05/2018,9.576445798484e-05,0.1,15.8879423064033,6,252.677259156249,0,0.857142857142857,3.42857142857143,0.12258064516129,0,400,25,2.28571428571429,7.71428571428572,0.0516129032258065,0.148387096774194,0.01375,0.011,0.01375,0.01375,0,0,0,0
21/05/2018,0.000106781098847782,0.1,15.7555011338993,6,253.932480689051,0,0.90095363150971,3.60381452603884,0.136901586459702,0,400,25,2.40254301735923,8.10858268358739,0.0576427732461905,0.165722973082798,0.01375,0.011,0.01375,0.01375,0,0,0,0
22/05/2018,6.93304795429856e-05,0.1,15.623724380689,6,255.19578878726,0,0.857142857142857,3.42857142857143,0.12258064516129,0,400,25,2.28571428571429,7.71428571428572,0.0516129032258065,0.148387096774194,0.01375,0.011,0.01375,0.01375,0,0,0,0
23/05/2018,8.52669928368472e-05,0.1,15.4926510554879,6,256.466809484872,0,0.857142857142857,3.42857142857143,0.12258064516129,0,400,25,2.28571428571429,7.71428571428572,0.0516129032258065,0.148387096774194,0.01375,0.011,0.01375,0.01375,0,0,0,0
24/05/2018,8.17686811036346e-05,0.1,15.3623199587815,6,257.745166532788,0,0.857142857142857,3.42857142857143,0.12258064516129,0,400,25,2.28571428571429,7.71428571428572,0.0516129032258065,0.148387096774194,0.01375,0.011,0.01375,0.01375,0,0,0,0
25/05/2018,0.000109316098136472,0.1,15.2327696713403,6,259.030481510195,0,0.909077726077467,3.63631090430987,0.139557204468948,0,400,25,2.42420726953991,8.1816995346972,0.0587609281974517,0.168937668567674,0.01375,0.011,0.01375,0.01375,0,0,0,0
26/05/2018,0.000104785891533904,0.1,15.1040385427983,6,260.322373936585,0,0.881756020736409,3.52702408294564,0.130626238421978,0,400,25,2.35134938863042,7.93580418662768,0.0550005214408329,0.158126499142395,0.01375,0.011,0.01375,0.01375,0,0,0,0
27/05/2018,0.000104391651147629,0.1,14.9761646803015,6,261.620461384384,0,0.877929251020882,3.51171700408353,0.129375337353677,0,400,25,2.34114466938902,7.90136325918794,0.0544738262541798,0.156612250480767,0.01375,0.011,0.01375,0.01375,0,0,0,0
28/05/2018,8.3975669627956e-05,0.1,14.8491859372266,6,262.924359592162,0,0.857142857142857,3.42857142857143,0.12258064516129,0,400,25,2.28571428571429,7.71428571428572,0.0516129032258065,0.148387096774194,0.01375,0.011,0.01375,0.01375,0,0,0,0
29/05/2018,0.000103607886020539,0.1,14.7231399019762,6,264.23368257838,0,0.870287975862023,3.48115190344809,0.126877544183469,0,400,25,2.32076793563206,7.83259178275821,0.0534221238667239,0.153588606116831,0.01375,0.011,0.01375,0.01375,0,0,0,0
30/05/2018,0.00202091185708621,0.1,14.5980638868514,37.9140948251226,265.54804275565,0,7.46824839839169,29.8729935935668,2.22664598505163,0,400,25,19.9153290623779,67.2142355855252,0.937535151600687,2.69541356085198,0.01375,0.011,0.01375,0.01375,0,0,0,0
31/05/2018,0.00238043756267963,0.1,14.4739949170069,37.9259611635724,266.867051045467,0,7.14545376033606,28.5818150413442,2.11125074181457,0,400,25,19.0545433608962,64.3090838430246,0.888947680764029,2.55572458219658,0.01375,0.011,0.01375,0.01375,0,0,0,0
01/06/2018,0.000651378716701466,0.1,14.3509697194906,34.0882188581883,268.190316993389,0,6.43091526787056,25.7236610714822,1.88546016379639,0,400,25,17.1491073809882,57.8782374108351,0.793877963703743,2.28239914564826,0.01375,0.011,0.01375,0.01375,0,0,0,0
02/06/2018,6.97379551498995e-05,0.1,14.2290247123716,6,269.517448884614,0,0.857142857142857,3.42857142857143,0.12258064516129,0,400,25,2.28571428571429,7.71428571428572,0.0516129032258065,0.148387096774194,0.01375,0.011,0.01375,0.01375,0,0,0,0
03/06/2018,0.000118213017352804,0.1,14.1081959939597,6,270.848053859939,0,0.942947774268263,3.77179109707305,0.150628704092606,0,400,25,2.5145273980487,8.48652996841437,0.0634226122495182,0.182340010217365,0.01375,0.011,0.01375,0.01375,0,0,0,0
04/06/2018,7.24677130910649e-05,0.1,13.9885193321197,6,272.181738032057,0,0.857142857142857,3.42857142857143,0.12258064516129,0,400,25,2.28571428571429,7.71428571428572,0.0516129032258065,0.148387096774194,0.01375,0.011,0.01375,0.01375,0,0,0,0
05/06/2018,0.000105047516562226,0.1,13.870030153683,6,273.51810660215,0,0.869760914719897,3.47904365887959,0.126705257530559,0,400,25,2.31936243925306,7.82784823247908,0.0533495821181303,0.153380048589625,0.01375,0.011,0.01375,0.01375,0,0,0,0
06/06/2018,0.0295995361999666,0.1,13.7527635339609,39.2252135353952,274.856763976763,0,7.61796104492127,30.4718441796851,2.29122312250136,0,400,25,20.3145627864567,68.5616494042914,0.964725525263732,2.77358588513323,0.01375,0.011,0.01375,0.01375,0,0,0,0
07/06/2018,0.0404604424707062,0.1,13.6367541863612,38.7821759498423,276.197313884907,0,7.22497214707499,28.8998885883,2.1751149136972,0,400,25,19.2665923922,65.0247493236749,0.915837858398819,2.63303384289661,0.01375,0.011,0.01375,0.01375,0,0,0,0
08/06/2018,0.0115576838780913,0.1,13.5220364521127,34.2030007259591,277.539359495362,0,6.1534506386857,24.6138025547428,1.78725738367458,0,400,25,16.4092017031619,55.3810557481713,0.752529424705085,2.16352209602712,0.01375,0.011,0.01375,0.01375,0,0,0,0
09/06/2018,0.00759073020324722,0.1,13.408644290099,32.7090975609766,278.882503534148,0,6.24863460425066,24.9945384170027,1.83334831737607,0,400,25,16.6630256113351,56.237711438256,0.771936133632028,2.21931638419208,0.01375,0.011,0.01375,0.01375,0,0,0,0
10/06/2018,0.00728025655722429,0.1,13.2966112668063,32.8107825092935,280.226348402127,0,5.94284092563795,23.7713637025518,1.72981651048058,0,400,25,15.8475758017012,53.4855683307415,0.72834379388656,2.09398840742386,0.01375,0.011,0.01375,0.01375,0,0,0,0
11/06/2018,0.0019578990758028,0.1,13.1859705463869,13.0921659015881,281.570496292702,0,2.21160940846862,8.84643763387446,0.548683776424375,0,400,25,5.89762508924964,19.9044846762175,0.231024747968158,0.664196150408455,0.01375,0.011,0.01375,0.01375,0,0,0,0
12/06/2018,0.00191615796012732,0.1,13.076754880842,17.3028850588962,282.914549309573,0,3.17815501225257,12.7126200490103,0.860067264193312,0,400,25,8.47508003267353,28.6033951102732,0.3621335849235,1.04113405665506,0.01375,0.011,0.01375,0.01375,0,0,0,0
13/06/2018,0.00181661473331716,0.1,12.9689966003261,19.5864094693743,284.258109584525,0,3.501672496713,14.006689986852,0.957168524335285,0,400,25,9.33779332456801,31.515052470417,0.403018326035909,1.15867768735324,0.01375,0.011,0.01375,0.01375,0,0,0,0
14/06/2018,0.00103615735936257,0.1,12.8627276035769,11.1384963013533,285.600779395208,0,1.85594844386236,7.42379377544945,0.436902014591679,0,400,25,4.94919585029963,16.7035359947613,0.18395874298597,0.528881386084664,0.01375,0.011,0.01375,0.01375,0,0,0,0
15/06/2018,0.000694892827507768,0.1,12.7579793484726,6,286.942161282863,0,0.857142857142857,3.42857142857143,0.12258064516129,0,400,25,2.28571428571429,7.71428571428571,0.0516129032258065,0.148387096774194,0.01375,0.011,0.01375,0.01375,0,0,0,0
16/06/2018,0.000517112776776032,0.1,12.6547828427194,6,288.281858169988,0,0.857142857142857,3.42857142857143,0.12258064516129,0,400,25,2.28571428571429,7.71428571428572,0.0516129032258065,0.148387096774194,0.01375,0.011,0.01375,0.01375,0,0,0,0
17/06/2018,0.00049175427065445,0.1,12.5531686346731,6,289.619473477875,0,0.857142857142857,3.42857142857143,0.12258064516129,0,400,25,2.28571428571429,7.71428571428572,0.0516129032258065,0.148387096774194,0.01375,0.011,0.01375,0.01375,0,0,0,0
18/06/2018,0.000419960014710746,0.1,12.4531668042954,6,290.954611244008,0,0.857142857142857,3.42857142857143,0.12258064516129,0,400,25,2.28571428571429,7.71428571428572,0.0516129032258065,0.148387096774194,0.01375,0.011,0.01375,0.01375,0,0,0,0
19/06/2018,0.00174909472425667,0.1,12.3548069542502,32.7957056072259,292.286876239276,0,6.36898423930007,25.4759369572003,1.87517074266765,0,400,25,16.9839579714669,57.3208581537007,0.789545575860061,2.26994353059768,0.01375,0.011,0.01375,0.01375,0,0,0,0
20/06/2018,0.00350448493096247,0.1,12.2581182011404,36.5123111313522,293.61587408497,0,6.95057785245302,27.8023114098121,2.05329435289422,0,400,25,18.5348742732081,62.5552006720772,0.864544990692305,2.48556684824038,0.01375,0.011,0.01375,0.01375,0,0,0,0
21/06/2018,0.00193432102699333,0.1,12.1631291668888,34.1771968581929,294.941211369524,0,6.22342448952479,24.8936979580991,1.81199173937546,0,400,25,16.5957986387328,56.0108204057231,0.762943890263351,2.19346368450713,0.01375,0.011,0.01375,0.01375,0,0,0,0
22/06/2018,0.000518672340814891,0.1,12.0698679702651,19.9360460175841,296.262495764978,0,3.7672482673822,15.0689930695288,1.04776524974187,0,400,25,10.0459953796859,33.9052344064398,0.441164315680786,1.26834740758226,0.01375,0.011,0.01375,0.01375,0,0,0,0
23/06/2018,0.000393190403699037,0.1,11.9783622185626,19.0426521892881,297.579336143113,0,3.42701192285354,13.7080476914141,0.932939348941047,0,400,25,9.13869846094276,30.8431073056818,0.392816567975177,1.12934763292864,0.01375,0.011,0.01375,0.01375,0,0,0,0
24/06/2018,0.000208260753696861,0.1,11.8886389994256,6,298.891342691233,0,0.857142857142857,3.42857142857143,0.12258064516129,0,400,25,2.28571428571429,7.71428571428572,0.0516129032258065,0.148387096774194,0.01375,0.011,0.01375,0.01375,0,0,0,0
25/06/2018,0.000201607665256082,0.1,11.8007248728309,6,300.198127027558,0,0.857142857142857,3.42857142857143,0.12258064516129,0,400,25,2.28571428571429,7.71428571428572,0.0516129032258065,0.148387096774194,0.01375,0.011,0.01375,0.01375,0,0,0,0
26/06/2018,0.000165730897510278,0.1,11.7146458632257,6,301.499302316194,0,0.857142857142857,3.42857142857143,0.12258064516129,0,400,25,2.28571428571429,7.71428571428572,0.0516129032258065,0.148387096774194,0.01375,0.011,0.01375,0.01375,0,0,0,0
27/06/2018,0.000193097976378971,0.1,11.6304274518233,6,302.794483381644,0,0.894339262809631,3.57735705123852,0.134739470239462,0,400,25,2.38490470082568,8.04905336528668,0.0567324085218786,0.163105674500401,0.01375,0.011,0.01375,0.01375,0,0,0,0
28/06/2018,0.00495200490338273,0.1,11.5480945690608,38.6014110744964,304.083286822828,0,7.53093413467268,30.1237365386907,2.24395488379509,0,400,25,20.0824910257938,67.7784072120541,0.944823108966354,2.71636643827827,0.01375,0.011,0.01375,0.01375,0,0,0,0
29/06/2018,0.0144817621669956,0.1,11.4676715872185,39.1608978084134,305.365331126578,0,7.48557760835988,29.9423104334395,2.23072547315514,0,400,25,19.9615402889597,67.370198475239,0.939252830802162,2.70035188855622,0.01375,0.011,0.01375,0.01375,0,0,0,0
30/06/2018,0.0079079010976968,0.1,11.3891823132057,39.0931115472554,306.640236780576,0,7.1145944885479,28.4583779541916,2.09119955018169,0,400,25,18.9722519694611,64.0313503969311,0.880505073760712,2.53145208706205,0.01375,0.011,0.01375,0.01375,0,0,0,0
01/07/2018,0.000100067278162098,0.1,11.3126499815131,6,307.907626385693,0,0.857142857142857,3.42857142857143,0.12258064516129,0,400,25,2.28571428571429,7.71428571428571,0.0516129032258065,0.148387096774194,0.01375,0.011,0.01375,0.01375,0,0,0,0
02/07/2018,0.000158848057395757,0.1,11.238097247335,6,309.167124767712,0,0.875811781610398,3.50324712644159,0.12868317530982,0,400,25,2.3354980842944,7.88230603449359,0.0541823896041347,0.155774370111887,0.01375,0.011,0.01375,0.01375,0,0,0,0
03/07/2018,0.000718689036051563,0.1,11.1655461798626,31.3129100412916,310.418359088383,0,6.07649393373029,24.3059757349212,1.78183448350149,0,400,25,16.2039838232808,54.6884454035726,0.750246098316417,2.1569575326597,0.01375,0.011,0.01375,0.01375,0,0,0,0
04/07/2018,0.000802131996624041,0.1,11.0950182557516,32.5400627270285,311.660958955797,0,6.09112185183756,24.3644874073502,1.77728015187474,0,400,25,16.2429916049002,54.820096666538,0.748328484999891,2.15144439437469,0.01375,0.011,0.01375,0.01375,0,0,0,0
05/07/2018,0.000314799774261464,0.1,11.026534352764,22.6832363391247,312.894556534024,0,4.14998806785811,16.5999522714324,1.16145984556514,0,400,25,11.0666348476216,37.349892610723,0.489035724448482,1.40597770778938,0.01375,0.011,0.01375,0.01375,0,0,0,0
06/07/2018,0.000122536784693643,0.1,10.9601147435886,6,314.118786652004,0,0.857142857142857,3.42857142857143,0.12258064516129,0,400,25,2.28571428571429,7.71428571428572,0.0516129032258065,0.148387096774194,0.01375,0.011,0.01375,0.01375,0,0,0,0
07/07/2018,9.84150761546709e-05,0.1,10.8957790898389,6,315.333286911643,0,0.857142857142857,3.42857142857143,0.12258064516129,0,400,25,2.28571428571429,7.71428571428572,0.0516129032258065,0.148387096774194,0.01375,0.011,0.01375,0.01375,0,0,0,0
08/07/2018,9.71955742017565e-05,0.1,10.8335464362339,6,316.53769779509,0,0.857142857142857,3.42857142857143,0.12258064516129,0,400,25,2.28571428571429,7.71428571428572,0.0516129032258065,0.148387096774194,0.01375,0.011,0.01375,0.01375,0,0,0,0
09/07/2018,0.000109115853451379,0.1,10.7734352049594,6,317.731662771168,0,0.857142857142857,3.42857142857143,0.12258064516129,0,400,25,2.28571428571429,7.71428571428572,0.0516129032258065,0.148387096774194,0.01375,0.011,0.01375,0.01375,0,0,0,0
10/07/2018,9.20302430220093e-05,0.1,10.7154631902157,6,318.914828400906,0,0.857142857142857,3.42857142857143,0.12258064516129,0,400,25,2.28571428571429,7.71428571428572,0.0516129032258065,0.148387096774194,0.01375,0.011,0.01375,0.01375,0,0,0,0
11/07/2018,9.77371858155791e-05,0.1,10.6596475529492,6,320.086844442171,0,0.857142857142857,3.42857142857143,0.12258064516129,0,400,25,2.28571428571429,7.71428571428572,0.0516129032258065,0.148387096774194,0.01375,0.011,0.01375,0.01375,0,0,0,0
12/07/2018,0.000146574395889804,0.1,10.6060048157731,6,321.247363953343,0,0.876088634203069,3.50435453681227,0.128773673361617,0,400,25,2.33623635787485,7.88479770782762,0.0542204940469968,0.155883920385116,0.01375,0.011,0.01375,0.01375,0,0,0,0
13/07/2018,0.000112656398185961,0.1,10.5545508580758,6,322.396043396021,0,0.857142857142857,3.42857142857143,0.12258064516129,0,400,25,2.28571428571429,7.71428571428572,0.0516129032258065,0.148387096774194,0.01375,0.011,0.01375,0.01375,0,0,0,0
14/07/2018,9.91606500499814e-05,0.1,10.5053009113207,6,323.532542736714,0,0.857142857142857,3.42857142857143,0.12258064516129,0,400,25,2.28571428571429,7.71428571428572,0.0516129032258065,0.148387096774194,0.01375,0.011,0.01375,0.01375,0,0,0,0
15/07/2018,0.000118106326192659,0.1,10.4582695545372,6,324.656525547499,0,0.857142857142857,3.42857142857143,0.12258064516129,0,400,25,2.28571428571429,7.71428571428572,0.0516129032258065,0.148387096774194,0.01375,0.011,0.01375,0.01375,0,0,0,0
16/07/2018,0.000107938845071954,0.1,10.4134707100049,6,325.767659105614,0,0.857142857142857,3.42857142857143,0.12258064516129,0,400,25,2.28571428571429,7.71428571428572,0.0516129032258065,0.148387096774194,0.01375,0.011,0.01375,0.01375,0,0,0,0
17/07/2018,0.000113999378346228,0.1,10.3709176391324,6,326.865614491947,0,0.857142857142857,3.42857142857143,0.12258064516129,0,400,25,2.28571428571429,7.71428571428572,0.0516129032258065,0.148387096774194,0.01375,0.011,0.01375,0.01375,0,0,0,0
18/07/2018,9.95261456202036e-06,0.1,10.3306229385318,6,327.950066688404,0,0.857142857142857,3.42857142857143,0.12258064516129,0,400,25,2.28571428571429,7.71428571428571,0.0516129032258065,0.148387096774194,0.01375,0.011,0.01375,0.01375,0,0,0,0
19/07/2018,0.00010027909019778,0.1,10.2925985362894,6,329.020694674121,0,0.857142857142857,3.42857142857143,0.12258064516129,0,400,25,2.28571428571429,7.71428571428572,0.0516129032258065,0.148387096774194,0.01375,0.011,0.01375,0.01375,0,0,0,0
20/07/2018,6.10540314494995e-05,0.1,10.2568556884352,6,330.077181520497,0,0.857142857142857,3.42857142857143,0.12258064516129,0,400,25,2.28571428571429,7.71428571428572,0.0516129032258065,0.148387096774194,0.01375,0.011,0.01375,0.01375,0,0,0,0
21/07/2018,5.42346082078401e-05,0.1,10.2234049756106,6,331.119214485005,0,0.857142857142857,3.42857142857143,0.12258064516129,0,400,25,2.28571428571429,7.71428571428572,0.0516129032258065,0.148387096774194,0.01375,0.011,0.01375,0.01375,0,0,0,0
22/07/2018,8.95358622065072e-05,0.1,10.1922562999366,6,332.146485103776,0,0.857142857142857,3.42857142857143,0.12258064516129,0,400,25,2.28571428571429,7.71428571428572,0.0516129032258065,0.148387096774194,0.01375,0.011,0.01375,0.01375,0,0,0,0
23/07/2018,0.00032238414729823,0.1,10.1634188820821,26.6885232495629,333.158689282906,0,5.20576601437543,20.8230640575017,1.50694440210752,0,400,25,13.8820427050012,46.8518941293789,0.634502906150534,1.82419585518278,0.01375,0.011,0.01375,0.01375,0,0,0,0
24/07/2018,0.000267323519543505,0.1,10.1369012585347,24.2562585159475,334.155527388481,0,4.49286339405209,17.9714535762084,1.27144201309534,0,400,25,11.9809690508056,40.4357705464688,0.535344005513828,1.53911401585226,0.01375,0.011,0.01375,0.01375,0,0,0,0
25/07/2018,7.88752452352315e-05,0.1,10.1127112790737,6,335.136704335266,0,0.857142857142857,3.42857142857143,0.12258064516129,0,400,25,2.28571428571429,7.71428571428572,0.0516129032258065,0.148387096774194,0.01375,0.011,0.01375,0.01375,0,0,0,0
26/07/2018,9.80073404560334e-05,0.1,10.0908561044464,6,336.101929674065,0,0.857142857142857,3.42857142857143,0.12258064516129,0,400,25,2.28571428571429,7.71428571428572,0.0516129032258065,0.148387096774194,0.01375,0.011,0.01375,0.01375,0,0,0,0
27/07/2018,9.12297433545706e-05,0.1,10.0713422042482,6,337.050917677694,0,0.857142857142857,3.42857142857143,0.12258064516129,0,400,25,2.28571428571429,7.71428571428572,0.0516129032258065,0.148387096774194,0.01375,0.011,0.01375,0.01375,0,0,0,0
28/07/2018,7.14985927574623e-05,0.1,10.0541753550077,6,337.983387425568,0,0.857142857142857,3.42857142857143,0.12258064516129,0,400,25,2.28571428571429,7.71428571428572,0.0516129032258065,0.148387096774194,0.01375,0.011,0.01375,0.01375,0,0,0,0
29/07/2018,5.17701637469505e-05,0.1,10.0393606384765,6,338.899062886852,0,0.857142857142857,3.42857142857143,0.12258064516129,0,400,25,2.28571428571429,7.71428571428572,0.0516129032258064,0.148387096774194,0.01375,0.011,0.01375,0.01375,0,0,0,0
30/07/2018,0,0.1,10.0269024401251,0,339.797673002179,0,0,0,0,0,400,25,0,0,0,0,0.01375,0.011,0.01375,0.01375,0,0,0,0
31/07/2018,9.6539173202004e-05,0.1,10.0168044478446,6,340.678951763886,0,0.857142857142857,3.42857142857143,0.12258064516129,0,400,25,2.28571428571429,7.71428571428572,0.0516129032258065,0.148387096774194,0.01375,0.011,0.01375,0.01375,0,0,0,0
01/08/2018,8.97733959007991e-05,0.1,10.0090696508551,6,341.542638294759,0,0.857142857142857,3.42857142857143,0.12258064516129,0,400,25,2.28571428571429,7.71428571428572,0.0516129032258065,0.148387096774194,0.01375,0.011,0.01375,0.01375,0,0,0,0
02/08/2018,4.41385237391755e-05,0.1,10.0037003388204,6,342.388476925256,0,0.857142857142857,3.42857142857143,0.12258064516129,0,400,25,2.28571428571429,7.71428571428572,0.0516129032258065,0.148387096774194,0.01375,0.011,0.01375,0.01375,0,0,0,0
03/08/2018,0.000105398717194472,0.1,10.000698101171,6,343.216217269194,0,0.857142857142857,3.42857142857143,0.12258064516129,0,400,25,2.28571428571429,7.71428571428572,0.0516129032258065,0.148387096774194,0.01375,0.011,0.01375,0.01375,0,0,0,0
04/08/2018,2.73740419159277e-05,0.1,10.0000638266329,6,344.025614297865,0,0.857142857142857,3.42857142857143,0.12258064516129,0,400,25,2.28571428571429,7.71428571428572,0.0516129032258065,0.148387096774194,0.01375,0.011,0.01375,0.01375,0,0,0,0
05/08/2018,0.000124267524419085,0.1,10.0017977029648,6,344.816428412574,0,0.857142857142857,3.42857142857143,0.12258064516129,0,400,25,2.28571428571429,7.71428571428572,0.0516129032258065,0.148387096774194,0.01375,0.011,0.01375,0.01375,0,0,0,0
06/08/2018,8.18759215474985e-05,0.1,10.0058992169025,6,345.588425515561,0,0.857142857142857,3.42857142857143,0.12258064516129,0,400,25,2.28571428571429,7.71428571428572,0.0516129032258065,0.148387096774194,0.01375,0.011,0.01375,0.01375,0,0,0,0
07/08/2018,3.62458789029764e-05,0.1,10.0123671543109,6,346.341377079302,0,0.857142857142857,3.42857142857143,0.12258064516129,0,400,25,2.28571428571429,7.71428571428572,0.0516129032258065,0.148387096774194,0.01375,0.011,0.01375,0.01375,0,0,0,0
08/08/2018,9.10319802842135e-05,0.1,10.0211996005432,6,347.075060214155,0,0.857142857142857,3.42857142857143,0.12258064516129,0,400,25,2.28571428571429,7.71428571428572,0.0516129032258065,0.148387096774194,0.01375,0.011,0.01375,0.01375,0,0,0,0
09/08/2018,7.13169597330666e-05,0.1,10.032393941008,6,347.789257734344,0,0.857142857142857,3.42857142857143,0.12258064516129,0,400,25,2.28571428571429,7.71428571428572,0.0516129032258065,0.148387096774194,0.01375,0.011,0.01375,0.01375,0,0,0,0
10/08/2018,9.69514614857779e-05,0.1,10.0459468619428,6,348.483758222246,0,0.857142857142857,3.42857142857143,0.12258064516129,0,400,25,2.28571428571429,7.71428571428572,0.0516129032258065,0.148387096774194,0.01375,0.011,0.01375,0.01375,0,0,0,0
11/08/2018,5.97506799783857e-06,0.1,10.0618543513956,6,349.15835609098,0,0.857142857142857,3.42857142857143,0.12258064516129,0,400,25,2.28571428571429,7.71428571428572,0.0516129032258065,0.148387096774194,0.01375,0.011,0.01375,0.01375,0,0,0,0
12/08/2018,0,0.1,10.0801117004118,0,349.812851645262,0,0,0,0,0,400,25,0,0,0,0,0.01375,0.011,0.01375,0.01375,0,0,0,0
13/08/2018,6.37252956078048e-05,0.1,10.1007135044287,6,350.447051140518,0,0.857142857142857,3.42857142857143,0.12258064516129,0,400,25,2.28571428571429,7.71428571428572,0.0516129032258065,0.148387096774194,0.01375,0.011,0.01375,0.01375,0,0,0,0
14/08/2018,7.96443625223109e-05,0.1,10.1236536648752,6,351.06076684024,0,0.857142857142857,3.42857142857143,0.12258064516129,0,400,25,2.28571428571429,7.71428571428572,0.0516129032258065,0.148387096774194,0.01375,0.011,0.01375,0.01375,0,0,0,0
15/08/2018,6.96502706903908e-05,0.1,10.1489253909769,6,351.653817071558,0,0.857142857142857,3.42857142857143,0.12258064516129,0,400,25,2.28571428571429,7.71428571428572,0.0516129032258065,0.148387096774194,0.01375,0.011,0.01375,0.01375,0,0,0,0
16/08/2018,0,0.1,10.1765212017667,0,352.226026279017,0,0,0,0,0,400,25,0,0,0,0,0.01375,0.011,0.01375,0.01375,0,0,0,0
17/08/2018,4.64243443516731e-05,0.1,10.206432928299,6,352.777225076551,0,0.857142857142857,3.42857142857143,0.12258064516129,0,400,25,2.28571428571429,7.71428571428572,0.0516129032258065,0.148387096774194,0.01375,0.011,0.01375,0.01375,0,0,0,0
18/08/2018,8.50198161071137e-05,0.1,10.2386517160679,6,353.307250297619,0,0.857142857142857,3.42857142857143,0.12258064516129,0,400,25,2.28571428571429,7.71428571428572,0.0516129032258065,0.148387096774194,0.01375,0.011,0.01375,0.01375,0,0,0,0
19/08/2018,1.02434867764136e-05,0.1,10.2731680276286,6,353.815945043506,0,0.857142857142857,3.42857142857143,0.12258064516129,0,400,25,2.28571428571429,7.71428571428572,0.0516129032258065,0.148387096774194,0.01375,0.011,0.01375,0.01375,0,0,0,0
20/08/2018,2.94046438069577e-05,0.1,10.3099716454204,6,354.303158729775,0,0.857142857142857,3.42857142857143,0.12258064516129,0,400,25,2.28571428571429,7.71428571428572,0.0516129032258065,0.148387096774194,0.01375,0.011,0.01375,0.01375,0,0,0,0
21/08/2018,6.47622981936075e-05,0.1,10.3490516747915,6,354.768747130835,0,0.857142857142857,3.42857142857143,0.12258064516129,0,400,25,2.28571428571429,7.71428571428572,0.0516129032258065,0.148387096774194,0.01375,0.011,0.01375,0.01375,0,0,0,0
22/08/2018,6.44891232089039e-05,0.1,10.3903965472238,6,355.212572422639,0,0.857142857142857,3.42857142857143,0.12258064516129,0,400,25,2.28571428571429,7.71428571428572,0.0516129032258065,0.148387096774194,0.01375,0.011,0.01375,0.01375,0,0,0,0
23/08/2018,9.33692697780179e-05,0.1,10.4339940237578,6,355.634503223483,0,0.857142857142857,3.42857142857143,0.12258064516129,0,400,25,2.28571428571429,7.71428571428572,0.0516129032258065,0.148387096774194,0.01375,0.011,0.01375,0.01375,0,0,0,0
24/08/2018,0.0017069948110741,0.1,10.4798311986152,37.4956131178484,356.034414632895,0,7.36549862518871,29.4619945007549,2.1936057141181,0,400,25,19.6413296671699,66.2894876266984,0.92362345857604,2.65541744340612,0.01375,0.011,0.01375,0.01375,0,0,0,0
25/08/2018,0.00158555719633536,0.1,10.5278945030197,36.9451521180485,356.412188268613,0,6.8801724844334,27.5206899377336,2.02452783227423,0,400,25,18.3471266251557,61.9215523599006,0.852432771483887,2.45074421801618,0.01375,0.011,0.01375,0.01375,0,0,0,0
26/08/2018,0.00134031507597984,0.1,10.5781697092131,36.7729583840941,356.767712301624,0,7.16708846285378,28.6683538514151,2.12843267683416,0,400,25,19.1122359009434,64.503796165684,0.896182179719645,2.57652376669398,0.01375,0.011,0.01375,0.01375,0,0,0,0
27/08/2018,0.00392811614011817,0.1,10.6306419346675,38.6173770274085,357.10088148927,0,7.41863538300119,29.6745415320048,2.20373016980189,0,400,25,19.7830276880032,66.7677184470107,0.927886387285006,2.66767336344439,0.01375,0.011,0.01375,0.01375,0,0,0,0
28/08/2018,0.00234125541660529,0.1,10.6852956464909,38.0056310056431,357.4115972064,0,7.0398067032213,28.1592268128852,2.07314250429403,0,400,25,18.7728178752568,63.3582603289917,0.87290210707117,2.50959355782961,0.01375,0.011,0.01375,0.01375,0,0,0,0
29/08/2018,7.55462715095747e-05,0.1,10.7421146660246,6,357.69976747457,0,0.857142857142857,3.42857142857143,0.12258064516129,0,400,25,2.28571428571429,7.71428571428572,0.0516129032258065,0.148387096774194,0.01375,0.011,0.01375,0.01375,0,0,0,0
30/08/2018,0.000107668736177667,0.1,10.8010821736331,6,357.965306989265,0,0.857142857142857,3.42857142857143,0.12258064516129,0,400,25,2.28571428571429,7.71428571428572,0.0516129032258065,0.148387096774194,0.01375,0.011,0.01375,0.01375,0,0,0,0
31/08/2018,7.50074857474625e-05,0.1,10.862180713683,6,358.208137145153,0,0.857142857142857,3.42857142857143,0.12258064516129,0,400,25,2.28571428571429,7.71428571428572,0.0516129032258065,0.148387096774194,0.01375,0.011,0.01375,0.01375,0,0,0,0
01/09/2018,0.00131263959948537,0.1,10.9253921997097,36.3598057462357,358.428186059355,0,7.10193844643552,28.4077537857421,2.10850282703262,0,400,25,18.938502523828,63.9174460179196,0.887790664013737,2.55239815903949,0.01375,0.011,0.01375,0.01375,0,0,0,0
02/09/2018,0.000990990812726714,0.1,10.9906979197721,35.8415035211736,358.625388592724,0,6.68763061129087,26.7505224451635,1.96444463376284,0,400,25,17.833681630109,60.1886755016178,0.827134582636985,2.37801192508133,0.01375,0.011,0.01375,0.01375,0,0,0,0
03/09/2018,5.80065499545392e-05,0.1,11.0580785419912,6,358.799686369124,0,0.857142857142857,3.42857142857143,0.12258064516129,0,400,25,2.28571428571429,7.71428571428572,0.0516129032258065,0.148387096774194,0.01375,0.011,0.01375,0.01375,0,0,0,0
04/09/2018,0.00579274603463433,0.1,11.1275141202729,39.0751474670591,358.951027792715,0,7.61221471194073,30.4488588477629,2.26928868303675,0,400,25,20.299239231842,68.5099324074666,0.955489971804946,2.74703366893922,0.01375,0.011,0.01375,0.01375,0,0,0,0
05/09/2018,0.00508715312192108,0.1,11.1989841002127,38.9518596027612,359.079368063225,0,7.17679123590281,28.7071649436113,2.11459966147055,0,400,25,19.1381099624075,64.5911211231253,0.890357752198128,2.55977853756962,0.01375,0.011,0.01375,0.01375,0,0,0,0
06/09/2018,0.00125884120345667,0.1,11.2724673251798,36.6628913065014,359.184669189209,0,7.06630518218647,28.2652207287459,2.09330947121448,0,400,25,18.8434804858306,63.5967466396782,0.881393461563992,2.53400620199648,0.01375,0.011,0.01375,0.01375,0,0,0,0
07/09/2018,0.00384760150728217,0.1,11.3479420425803,38.710800141398,359.2668999993,0,7.49242461266373,29.9696984506549,2.22936628345022,0,400,25,19.9797989671033,67.4318215139736,0.938680540400092,2.69870655365027,0.01375,0.011,0.01375,0.01375,0,0,0,0
08/09/2018,0.0219111623958766,0.1,11.4253859102962,39.7569099920978,359.326036151433,0,7.69470484804431,30.7788193921772,2.29333083234065,0,400,25,20.5192129281182,69.2523436323988,0.965612982038167,2.77613732335973,0.01375,0.011,0.01375,0.01375,0,0,0,0
09/09/2018,0.0188729721400386,0.1,11.5047760032994,39.2718543348424,359.362060140052,0,7.20432399835132,28.8172959934053,2.14922422580431,0,400,25,19.2115306622702,64.8389159851619,0.904936516128131,2.60169248386838,0.01375,0.011,0.01375,0.01375,0,0,0,0
10/09/2018,0.00105073885259973,0.1,11.5860888204375,33.6340512056274,359.374961301293,0,6.26144808719974,25.0457923487989,1.83006233097679,0,400,25,16.6971948991993,56.3530327847976,0.77055256041128,2.21533861118243,0.01375,0.011,0.01375,0.01375,0,0,0,0
11/09/2018,0.000149478992716904,0.1,11.6693002913912,6,359.364735816136,0,0.857142857142857,3.42857142857143,0.12258064516129,0,400,25,2.28571428571429,7.71428571428572,0.0516129032258065,0.148387096774194,0.01375,0.011,0.01375,0.01375,0,0,0,0
12/09/2018,9.48144617941552e-05,0.1,11.7543857837993,6,359.331386711544,0,0.857142857142857,3.42857142857143,0.12258064516129,0,400,25,2.28571428571429,7.71428571428572,0.0516129032258064,0.148387096774194,0.01375,0.011,0.01375,0.01375,0,0,0,0
13/09/2018,7.30025893550366e-05,0.1,11.8413201105505,6,359.274923859559,0,0.857142857142857,3.42857142857143,0.12258064516129,0,400,25,2.28571428571429,7.71428571428572,0.0516129032258065,0.148387096774194,0.01375,0.011,0.01375,0.01375,0,0,0,0
14/09/2018,0.000102749387617937,0.1,11.9300775372393,6,359.195363974383,0,0.857142857142857,3.42857142857143,0.12258064516129,0,400,25,2.28571428571429,7.71428571428572,0.0516129032258065,0.148387096774194,0.01375,0.011,0.01375,0.01375,0,0,0,0
15/09/2018,2.79874027937617e-05,0.1,12.0206317897838,6,359.09273060743,0,0.857142857142857,3.42857142857143,0.12258064516129,0,400,25,2.28571428571429,7.71428571428572,0.0516129032258065,0.148387096774194,0.01375,0.011,0.01375,0.01375,0,0,0,0
16/09/2018,0,0.1,12.1129560622039,0,358.967054140356,0,0,0,0,0,400,25,0,0,0,0,0.01375,0.011,0.01375,0.01375,0,0,0,0
17/09/2018,4.57914080229826e-05,0.1,12.2070230245555,6,358.818371776061,0,0.857142857142857,3.42857142857143,0.12258064516129,0,400,25,2.28571428571429,7.71428571428571,0.0516129032258065,0.148387096774194,0.01375,0.011,0.01375,0.01375,0,0,0,0
18/09/2018,7.28928226589455e-05,0.1,12.3028048310218,6,358.646727527679,0,0.857142857142857,3.42857142857143,0.12258064516129,0,400,25,2.28571428571429,7.71428571428572,0.0516129032258065,0.148387096774194,0.01375,0.011,0.01375,0.01375,0,0,0,0
19/09/2018,0,0.1,12.4002731281556,0,358.452172205552,0,0,0,0,0,400,25,0,0,0,0,0.01375,0.011,0.01375,0.01375,0,0,0,0
20/09/2018,0,0.1,12.4993990632724,0,358.234763402183,0,0,0,0,0,400,25,0,0,0,0,0.01375,0.011,0.01375,0.01375,0,0,0,0
21/09/2018,8.49002725224186e-05,0.1,12.600153292992,6,357.994565475191,0,0.857142857142857,3.42857142857143,0.12258064516129,0,400,25,2.28571428571429,7.71428571428572,0.0516129032258065,0.148387096774194,0.01375,0.011,0.01375,0.01375,0,0,0,0
22/09/2018,2.42435310479792e-05,0.1,12.7025059919243,6,357.73164952826,0,0.857142857142857,3.42857142857143,0.12258064516129,0,400,25,2.28571428571429,7.71428571428572,0.0516129032258065,0.148387096774194,0.01375,0.011,0.01375,0.01375,0,0,0,0
23/09/2018,5.79359650408979e-05,0.1,12.8064268614986,6,357.446093390089,0,0.857142857142857,3.42857142857143,0.12258064516129,0,400,25,2.28571428571429,7.71428571428572,0.0516129032258065,0.148387096774194,0.01375,0.011,0.01375,0.01375,0,0,0,0
24/09/2018,0,0.1,12.9118851389321,0,357.137981591355,0,0,0,0,0,400,25,0,0,0,0,0.01375,0.011,0.01375,0.01375,0,0,0,0
25/09/2018,6.79429018747003e-05,0.1,13.0188496063369,6,356.807405339689,0,0.857142857142857,3.42857142857143,0.12258064516129,0,400,25,2.28571428571429,7.71428571428572,0.0516129032258065,0.148387096774194,0.01375,0.011,0.01375,0.01375,0,0,0,0
26/09/2018,0.00329963422737995,0.1,13.1272885999607,38.7424667747996,356.454462492675,0,7.61460759028152,30.4584303611261,2.27279511865921,0,400,25,20.3056202407507,68.5314683125336,0.956966365751248,2.75127830153484,0.01375,0.011,0.01375,0.01375,0,0,0,0
27/09/2018,0.00466097030742962,0.1,13.2371700195604,38.8420993243852,356.079257528887,0,7.29103417316758,29.1641366926703,2.15634621830383,0,400,25,19.4427577951136,65.6193075585083,0.907935249812138,2.6103138432099,0.01375,0.011,0.01375,0.01375,0,0,0,0
28/09/2018,0.00151492547506238,0.1,13.3484613379039,37.5895673138102,355.681901516956,0,7.06949679916687,28.2779871966675,2.08708612733176,0,400,25,18.851991464445,63.6254711925018,0.878773106244953,2.52647268045424,0.01375,0.011,0.01375,0.01375,0,0,0,0
29/09/2018,0,0.1,13.4611296103994,0,355.262512082693,0,0,0,0,0,400,25,0,0,0,0,0.01375,0.011,0.01375,0.01375,0,0,0,0
30/09/2018,0,0.1,13.5751414848473,0,354.82121337427,0,0,0,0,0,400,25,0,0,0,0,0.01375,0.011,0.01375,0.01375,0,0,0,0
01/10/2018,1.13346046756396e-05,0.1,13.6904632113135,6,354.35813602547,0,0.857142857142857,3.42857142857143,0.12258064516129,0,400,25,2.28571428571429,7.71428571428572,0.0516129032258065,0.148387096774194,0.01375,0.011,0.01375,0.01375,0,0,0,0
02/10/2018,0,0.1,13.8070606521197,0,353.873417117015,0,0,0,0,0,400,25,0,0,0,0,0.01375,0.011,0.01375,0.01375,0,0,0,0
03/10/2018,0,0.1,13.9248992919492,0,353.367200135988,0,0,0,0,0,400,25,0,0,0,0,0.01375,0.011,0.01375,0.01375,0,0,0,0
04/10/2018,0.00465128385222085,0.1,14.0439442480639,38.9904941162519,352.839634933357,0,7.62157310937724,30.486292437509,2.2733253673418,0,400,25,20.3241949583393,68.5941579843952,0.957189628354442,2.75192018151902,0.01375,0.011,0.01375,0.01375,0,0,0,0
05/10/2018,0.0263354864077589,0.1,14.1641602806307,39.8002186591302,352.290877679617,0,7.68225095394445,30.7290038157778,2.28853622644973,0,400,25,20.4860025438519,69.1402585855,0.963594200610411,2.77033332675493,0.01375,0.011,0.01375,0.01375,0,0,0,0
06/10/2018,0.0192141751259841,0.1,14.2855118031529,39.5184862667421,351.721090818561,0,7.20254146050408,28.8101658420163,2.13474085582258,0,400,25,19.2067772280109,64.8228731445367,0.898838255083192,2.58415998336418,0.01375,0.011,0.01375,0.01375,0,0,0,0
07/10/2018,0.000639699772919318,0.1,14.4079628930047,36.8893904688741,351.13044301919,0,7.37973198315482,29.5189279326193,2.20332111834749,0,400,25,19.6792852884129,66.4175878483934,0.927714155093681,2.66717819589433,0.01375,0.011,0.01375,0.01375,0,0,0,0
08/10/2018,0.00158834953192012,0.1,14.5314773020651,37.0065059299621,350.519109125787,0,7.09942624371181,28.3977049748472,2.10255090100648,0,400,25,18.9318033165648,63.8948361934063,0.885284589897467,2.54519319595522,0.01375,0.011,0.01375,0.01375,0,0,0,0
09/10/2018,0.000860270614887427,0.1,14.6560184674478,34.6973769525849,349.887270106158,0,6.40952547352798,25.6381018941119,1.87439120524859,0,400,25,17.0920679294079,57.6857292617518,0.789217349578355,2.26899988003777,0.01375,0.011,0.01375,0.01375,0,0,0,0
10/10/2018,5.80778454363398e-05,0.1,14.7815495223251,6,349.235112998059,0,0.857142857142857,3.42857142857143,0.12258064516129,0,400,25,2.28571428571429,7.71428571428572,0.0516129032258065,0.148387096774194,0.01375,0.011,0.01375,0.01375,0,0,0,0
11/10/2018,0.00369396004100761,0.1,14.908033306841,38.9695501468122,348.562830853834,0,7.67924979068255,30.7169991627302,2.29409776629401,0,400,25,20.4779994418201,69.113248116143,0.96593590159748,2.77706571709275,0.01375,0.011,0.01375,0.01375,0,0,0,0
12/10/2018,0.00406279839330618,0.1,15.0354323791111,38.7832894857791,347.870622683264,0,7.24609798611279,28.9843919444512,2.1407568475523,0,400,25,19.3229279629674,65.2148818750151,0.901371304232549,2.59144249966858,0.01375,0.011,0.01375,0.01375,0,0,0,0
13/10/2018,0.00154971203193909,0.1,15.1637090263067,37.4018826720898,347.158693394657,0,7.1361460461794,28.5445841847176,2.11247931953505,0,400,25,19.0297227898117,64.2253144156146,0.889464976646338,2.55721180785822,0.01375,0.011,0.01375,0.01375,0,0,0,0
14/10/2018,0.012797736132991,0.1,15.292825275818,39.6000345262279,346.427253734189,0,7.69865590583797,30.7946236233519,2.29600885844866,0,400,25,20.5297490822346,69.2879031525417,0.966740571978385,2.77937914443786,0.01375,0.011,0.01375,0.01375,0,0,0,0
15/10/2018,0.0142600803540331,0.1,15.4227429064953,39.6296734209622,345.676520223521,0,7.38361095446839,29.5344438178736,2.18313521268362,0,400,25,19.6896292119157,66.4524985902155,0.919214826393103,2.64274262588017,0.01375,0.011,0.01375,0.01375,0,0,0,0
16/10/2018,0.00653928017993805,0.1,15.553423459963,39.2788466186223,344.906715095704,0,7.4327495846279,29.7309983385116,2.20351396106466,0,400,25,19.8206655590077,66.8947462616511,0.927795352027227,2.66741163707828,0.01375,0.011,0.01375,0.01375,0,0,0,0
17/10/2018,0.00243205174730538,0.1,15.6848282520041,38.5623255582928,344.11806622939,0,7.29192230483945,29.1676892193578,2.15886990287881,0,400,25,19.4451261462385,65.627300743555,0.908997853843709,2.61336882980066,0.01375,0.011,0.01375,0.01375,0,0,0,0
18/10/2018,0.0200979390018604,0.1,15.8169183840117,38.8923253337399,343.310807081381,0,7.55065019972455,30.2026007988982,2.24884705904053,0,400,25,20.1350671992655,67.9558517975209,0.946882972227593,2.72228854515433,0.01375,0.011,0.01375,0.01375,0,0,0,0
19/10/2018,0.0211115363172633,0.1,15.9496547545038,37.7097073247897,342.485176617513,0,6.93788604984392,27.7515441993757,2.0393619454699,0,400,25,18.5010294662505,62.4409744485953,0.858678713882062,2.46870130241093,0.01375,0.011,0.01375,0.01375,0,0,0,0
20/10/2018,0.00455144490411268,0.1,16.0829980706979,31.8545374905028,341.641419241926,0,5.74090779363778,22.9636311745511,1.65883574588582,0,400,25,15.3090874497007,51.66817014274,0.698457156162451,2.00806432396705,0.01375,0.011,0.01375,0.01375,0,0,0,0
21/10/2018,0.00830834619534726,0.1,16.2169088601428,35.5423717677255,340.779784724706,0,6.89348085484673,27.5739234193869,2.04103732011108,0,400,25,18.3826156129246,62.0413276936206,0.859384134783614,2.47072938750289,0.01375,0.011,0.01375,0.01375,0,0,0,0
22/10/2018,0.00659588337341448,0.1,16.3513474824032,35.1679147834351,339.900528127956,0,6.39343525138774,25.573741005551,1.86528275503015,0,400,25,17.0491606703673,57.5409172624897,0.785382212644272,2.25797386135228,0.01375,0.011,0.01375,0.01375,0,0,0,0
23/10/2018,0.00066949095243407,0.1,16.486274140794,6,339.003909730285,0,0.857142857142857,3.42857142857143,0.12258064516129,0,400,25,2.28571428571429,7.71428571428572,0.0516129032258065,0.148387096774194,0.01375,0.011,0.01375,0.01375,0,0,0,0
24/10/2018,0.000440921340499759,0.1,16.6216488941613,6,338.090194949768,0,0.857142857142857,3.42857142857143,0.12258064516129,0,400,25,2.28571428571429,7.71428571428572,0.0516129032258065,0.148387096774194,0.01375,0.011,0.01375,0.01375,0,0,0,0
25/10/2018,0.000435788408719441,0.1,16.7574316687051,6,337.159654265367,0,0.857142857142857,3.42857142857143,0.12258064516129,0,400,25,2.28571428571429,7.71428571428572,0.0516129032258065,0.148387096774194,0.01375,0.011,0.01375,0.01375,0,0,0,0
26/10/2018,0.00036070808198499,0.1,16.893582269843,6,336.212563136873,0,0.857142857142857,3.42857142857143,0.12258064516129,0,400,25,2.28571428571429,7.71428571428572,0.0516129032258065,0.148387096774194,0.01375,0.011,0.01375,0.01375,0,0,0,0
27/10/2018,0.000266656568610554,0.1,17.0300603941077,6,335.249201923357,0,0.857142857142857,3.42857142857143,0.12258064516129,0,400,25,2.28571428571429,7.71428571428572,0.0516129032258065,0.148387096774194,0.01375,0.011,0.01375,0.01375,0,0,0,0
28/10/2018,0.000140632224947258,0.1,17.1668256410784,6,334.269855800181,0,0.857142857142857,3.42857142857143,0.12258064516129,0,400,25,2.28571428571429,7.71428571428572,0.0516129032258065,0.148387096774194,0.01375,0.011,0.01375,0.01375,0,0,0,0
29/10/2018,0.000132241152423394,0.1,17.3038375253397,6,333.27481467458,0,0.857142857142857,3.42857142857143,0.12258064516129,0,400,25,2.28571428571429,7.71428571428572,0.0516129032258065,0.148387096774194,0.01375,0.011,0.01375,0.01375,0,0,0,0
30/10/2018,0.00017134307885325,0.1,17.4410554884664,6,332.264373099842,0,0.857142857142857,3.42857142857143,0.12258064516129,0,400,25,2.28571428571429,7.71428571428572,0.0516129032258065,0.148387096774194,0.01375,0.011,0.01375,0.01375,0,0,0,0
31/10/2018,4.56898878325892e-05,0.1,17.5784389110296,6,331.238830188116,0,0.857142857142857,3.42857142857143,0.12258064516129,0,400,25,2.28571428571429,7.71428571428571,0.0516129032258065,0.148387096774194,0.01375,0.011,0.01375,0.01375,0,0,0,0
01/11/2018,4.22064838338294e-05,0.1,17.7159471246209,6,330.198489521866,0,0.857142857142857,3.42857142857143,0.12258064516129,0,400,25,2.28571428571429,7.71428571428571,0.0516129032258065,0.148387096774194,0.01375,0.011,0.01375,0.01375,0,0,0,0
02/11/2018,0,0.1,17.853539423891,0,329.143659064006,0,0,0,0,0,400,25,0,0,0,0,0.01375,0.011,0.01375,0.01375,0,0,0,0
03/11/2018,0.00534564405639316,0.1,17.9911750785997,39.1503227051879,328.074651066735,0,7.74992225756692,30.9996890302677,2.31795158285257,0,400,25,20.6664593535118,69.7493003181023,0.975979613832659,2.8059413897689,0.01375,0.011,0.01375,0.01375,0,0,0,0
04/11/2018,0.00419028182870906,0.1,18.1288133456723,38.675205666431,326.991781979106,0,7.20699407533039,28.8279763013216,2.12767646839115,0,400,25,19.2186508675477,64.8629466779735,0.895863776164697,2.5756083564735,0.01375,0.011,0.01375,0.01375,0,0,0,0
05/11/2018,0,0.1,18.2664134812612,0,325.895372353347,0,0,0,0,0,400,25,0,0,0,0,0.01375,0.011,0.01375,0.01375,0,0,0,0
06/11/2018,0.000680701154952205,0.1,18.4039347528061,35.445490950427,324.785746749974,0,7.02799586353424,28.111983454137,2.08946359697965,0,400,25,18.741322302758,63.2519627718082,0.879774146096694,2.529350670028,0.01375,0.011,0.01375,0.01375,0,0,0,0
07/11/2018,0.000531006384727203,0.1,18.5413364510926,33.6213635188392,323.663233641712,0,6.37698280422905,25.5079312169162,1.87138972703579,0,400,25,17.0052874779441,57.3928452380615,0.787953569278227,2.2653665116749,0.01375,0.011,0.01375,0.01375,0,0,0,0
08/11/2018,0.0120151303784235,0.1,18.678577902302,39.528102420653,322.528165316262,0,7.72433448229601,30.897337929184,2.30577802435633,0,400,25,20.5982252861227,69.5190103406641,0.970853904992137,2.7912049768524,0.01375,0.011,0.01375,0.01375,0,0,0,0
09/11/2018,0.00940958580171062,0.1,18.8156184800527,39.3835014937106,321.380877777935,0,7.22134120127296,28.8853648050918,2.12710958971551,0,400,25,19.2569098700612,64.9920708114567,0.895625090406531,2.57492213491878,0.01375,0.011,0.01375,0.01375,0,0,0,0
10/11/2018,0,0.1,18.9524176174254,0,320.221710648189,0,0,0,0,0,400,25,0,0,0,0,0.01375,0.011,0.01375,0.01375,0,0,0,0
11/11/2018,2.82495726977675e-06,0.1,19.0889348189725,6,319.05100706509,0,0.857142857142857,3.42857142857143,0.12258064516129,0,400,25,2.28571428571429,7.71428571428572,0.0516129032258065,0.148387096774194,0.01375,0.011,0.01375,0.01375,0,0,0,0
12/11/2018,0,0.1,19.2251296727055,0,317.869113581744,0,0,0,0,0,400,25,0,0,0,0,0.01375,0.011,0.01375,0.01375,0,0,0,0
13/11/2018,0,0.1,19.3609618620575,0,316.676380063702,0,0,0,0,0,400,25,0,0,0,0,0.01375,0.011,0.01375,0.01375,0,0,0,0
14/11/2018,0.000135693408474539,0.1,19.496391177818,39.3882795201889,315.473159585395,0,8.06574951935154,32.2629980774062,2.42735302081964,0,400,25,21.5086653849374,72.5917456741639,1.02204337718722,2.93837470941324,0.01375,0.011,0.01375,0.01375,0,0,0,0
15/11/2018,0.000755661051841468,0.1,19.6313775300357,35.5624556015979,314.259808325618,0,6.9480788589667,27.7923154358668,2.06001759749532,0,400,25,18.5282102905779,62.5327097307003,0.867375830524347,2.4937055127575,0.01375,0.011,0.01375,0.01375,0,0,0,0
16/11/2018,0.00459472796499636,0.1,19.7658809598859,38.9967889152179,313.036685462092,0,7.60902872776549,30.436114911062,2.26882046628564,0,400,25,20.2907432740413,68.4812585498894,0.955292827909741,2.74646688024051,0.01375,0.011,0.01375,0.01375,0,0,0,0
17/11/2018,0.00328589435002722,0.1,19.899861651499,38.4917231179581,311.80415306514,0,7.09634650913274,28.3853860365309,2.08959231227589,0,400,25,18.9235906910206,63.8671185821946,0.879828342010903,2.52950648328135,0.01375,0.011,0.01375,0.01375,0,0,0,0
18/11/2018,0,0.1,20.0332799437473,0,310.562575990505,0,0,0,0,0,400,25,0,0,0,0,0.01375,0.011,0.01375,0.01375,0,0,0,0
19/11/2018,0,0.1,20.166096341985,0,309.31232177135,0,0,0,0,0,400,25,0,0,0,0,0.01375,0.011,0.01375,0.01375,0,0,0,0
20/11/2018,0,0.1,20.2982715297398,0,308.053760509454,0,0,0,0,0,400,25,0,0,0,0,0.01375,0.011,0.01375,0.01375,0,0,0,0
21/11/2018,0.00119060864932276,0.1,20.4297663803513,39.2757016994861,306.787264765657,0,7.94231398046575,31.769255921863,2.38553272344218,0,400,25,21.1795039479087,71.4808258241917,1.00443483092302,2.88775013890369,0.01375,0.011,0.01375,0.01375,0,0,0,0
22/11/2018,0.00430218456016577,0.1,20.5605419685534,38.9654406626918,305.513209449576,0,7.54805728619884,30.1922291447954,2.24727488066763,0,400,25,20.1281527631969,67.9325155757896,0.94622100238637,2.72038538186081,0.01375,0.011,0.01375,0.01375,0,0,0,0
23/11/2018,0.00277233068162772,0.1,20.6905595819968,38.685835210318,304.231971708621,0,7.33044571118395,29.3217828447358,2.17170348765622,0,400,25,19.5478552298239,65.9740114006556,0.914401468486828,2.62890422189963,0.01375,0.011,0.01375,0.01375,0,0,0,0
24/11/2018,0.000127006166277288,0.1,20.8197807327088,39.4666766438006,302.94393081635,0,8.07563150972276,32.302526038891,2.43046212875794,0,400,25,21.5350173592607,72.6806835875048,1.0233524752665,2.94213836639119,0.01375,0.011,0.01375,0.01375,0,0,0,0
25/11/2018,0,0.1,20.9481671684868,0,301.649468060202,0,0,0,0,0,400,25,0,0,0,0,0.01375,0.011,0.01375,0.01375,0,0,0,0
26/11/2018,0,0.1,21.0756808842214,0,300.348966628621,0,0,0,0,0,400,25,0,0,0,0,0.01375,0.011,0.01375,0.01375,0,0,0,0
27/11/2018,0,0.1,21.2022841331467,0,299.042811497628,0,0,0,0,0,400,25,0,0,0,0,0.01375,0.011,0.01375,0.01375,0,0,0,0
28/11/2018,0.0111605769890509,0.1,21.3279394380145,39.5471600241213,297.73138931686,0,7.72030397997002,30.8812159198801,2.30418514294462,0,400,25,20.5874772799201,69.4827358197302,0.970183218081944,2.78927675198559,0.01375,0.011,0.01375,0.01375,0,0,0,0
29/11/2018,0.102818992840262,0.1,21.4526096021881,38.5389160716689,296.41508829511,0,6.66826304032915,26.6730521613166,1.93602559502266,0,400,25,17.7820347742111,60.0143673629624,0.81516867158849,2.34360993081691,0.01375,0.011,0.01375,0.01375,0,0,0,0
30/11/2018,0.109689570999043,0.1,21.5762577206533,36.9901620898245,295.094298085414,0,5.52290552872132,22.0916221148853,1.56970631419975,0,400,25,14.7277480765902,49.7061497584919,0.660928974399895,1.9001708013997,0.01375,0.011,0.01375,0.01375,0,0,0,0
01/12/2018,0.00739670179466892,0.1,21.6988471909432,6,293.769409669701,0,1.06863804396543,4.27455217586173,0.191714555692541,0,400,25,2.84970145057449,9.6177423956889,0.0807219181863331,0.232075514785708,0.01375,0.011,0.01375,0.01375,0,0,0,0
02/12/2018,0.00594194574555715,0.1,21.8203417239731,6,292.440815243058,0,1.07452802887298,4.29811211549191,0.193639884092427,0,400,25,2.86540807699461,9.67075225985681,0.0815325827757586,0.234406175480306,0.01375,0.011,0.01375,0.01375,0,0,0,0
03/12/2018,0.00461186159056692,0.1,21.9407053547832,6,291.108908097629,0,1.06524085120093,4.26096340480372,0.190604075477047,0,400,25,2.84064226986914,9.58716766080836,0.080254347569283,0.230731249261689,0.01375,0.011,0.01375,0.01375,0,0,0,0
04/12/2018,0.00379461286527089,0.1,22.0599024531845,6,289.774082506192,0,1.0809993591242,4.32399743649682,0.195755243658419,0,400,25,2.88266495766454,9.72899423211783,0.0824232604877552,0.236966873902296,0.01375,0.011,0.01375,0.01375,0,0,0,0
05/12/2018,0.00369538849402971,0.1,22.1778977343065,10.6519505255057,288.436733605447,0,2.03975482302742,8.15901929210968,0.500392550481196,0,400,25,5.43934619473979,18.3577934072468,0.210691600202609,0.6057383505825,0.01375,0.011,0.01375,0.01375,0,0,0,0
06/12/2018,0.00373420944555318,0.1,22.294656269042,15.5444243863734,287.097257279049,0,2.95651132365533,11.8260452946213,0.789229904188824,0,400,25,7.88403019641421,26.608601912898,0.332307328079505,0.955383568228577,0.01375,0.011,0.01375,0.01375,0,0,0,0
07/12/2018,0.00252789355416932,0.1,22.4101434943871,12.1691504088068,285.756050040415,0,2.27118801581574,9.08475206326295,0.570418331312616,0,400,25,6.05650137550863,20.4406921423416,0.240176139500049,0.69050640106264,0.01375,0.011,0.01375,0.01375,0,0,0,0
08/12/2018,0.00155115659425954,0.1,22.5243252236724,6,284.413508915348,0,1.08608909158628,4.34435636634513,0.197418984162152,0,400,25,2.89623757756342,9.77480182427654,0.0831237828051166,0.23898087556471,0.01375,0.011,0.01375,0.01375,0,0,0,0
09/12/2018,0.00131537273963998,0.1,22.637167656683,6,283.070031324511,0,1.10765585357337,4.43062341429346,0.204468764424597,0,400,25,2.95374894286231,9.9689026821603,0.0860921113366722,0.247514820092933,0.01375,0.011,0.01375,0.01375,0,0,0,0
10/12/2018,0.00104118911300476,0.1,22.7486373896641,6,281.726014965779,0,1.09861825394249,4.39447301576995,0.201514538308696,0,400,25,2.92964867717997,9.88756428548239,0.0848482266562932,0.243938651636843,0.01375,0.011,0.01375,0.01375,0,0,0,0
11/12/2018,0.000956563986561031,0.1,22.8587014252095,6,280.381857696517,0,1.14432222944978,4.57728891779914,0.216454332453017,0,400,25,3.05152594519942,10.2989000650481,0.0911386662960071,0.26202366560102,0.01375,0.011,0.01375,0.01375,0,0,0,0
12/12/2018,0.00231983043848728,0.1,22.9673271820289,26.3177881076624,279.037957415799,0,5.16454036580756,20.6581614632302,1.49286089444018,0,400,25,13.7721076421535,46.480863292268,0.628573008185337,1.80714739853284,0.01375,0.011,0.01375,0.01375,0,0,0,0
13/12/2018,0.00472252784063608,0.1,23.0744825045931,34.0780312756977,277.694711946626,0,6.54845072785188,26.1938029114075,1.92741890540754,0,400,25,17.4625352742717,58.9360565506669,0.811544802276858,2.33319130654597,0.01375,0.011,0.01375,0.01375,0,0,0,0
14/12/2018,0.0559672857902819,0.1,23.180135672653,38.5269232432316,276.352518918163,0,6.93357084333917,27.7342833733567,2.03104218377234,0,400,25,18.4895222489045,62.4021375900526,0.855175656325194,2.45863001193493,0.01375,0.011,0.01375,0.01375,0,0,0,0
15/12/2018,0.102801759822119,0.1,23.2842554106286,37.6371184474997,275.011775648026,0,5.82357425303375,23.294297012135,1.66240941630121,0,400,25,15.5295313414233,52.4121682773037,0.699961859495244,2.01239034604883,0.01375,0.011,0.01375,0.01375,0,0,0,0
16/12/2018,0.0994439031306962,0.1,23.3868108968681,36.6204427524946,273.672879024676,0,4.74754495303922,18.9901798121569,1.26401008260973,0,400,25,12.6601198747713,42.727904577353,0.53221477162515,1.53011746842231,0.01375,0.011,0.01375,0.01375,0,0,0,0
17/12/2018,0.0666039732993857,0.1,23.4877717727713,34.7614737960429,272.336225389925,0,4.25741470762781,17.0296588305112,1.10275939222451,0,400,25,11.3531058870075,38.3167323686503,0.464319744094532,1.33491926427178,0.01375,0.011,0.01375,0.01375,0,0,0,0
18/12/2018,0.0129293988669826,0.1,23.5871081517765,17.1457248532617,271.002210421614,0,3.27358384403807,13.0943353761523,0.886502346479897,0,400,25,8.72955691743485,29.4622545963426,0.373264145886272,1.07313441942303,0.01375,0.011,0.01375,0.01375,0,0,0,0
19/12/2018,0.00891586637881883,0.1,23.6847906282074,12.943090935895,269.671229016481,0,2.65749976805442,10.6299990722177,0.698045136519544,0,400,25,7.08666604814513,23.9174979124898,0.29391374169244,0.845002007365764,0.01375,0.011,0.01375,0.01375,0,0,0,0
20/12/2018,0.00841586014055098,0.1,23.7807902859783,16.5525546010146,268.343675173266,0,3.27452639051128,13.0981055620451,0.890387471865981,0,400,25,8.73207037469674,29.4707375146015,0.374899988154097,1.07783746594303,0.01375,0.011,0.01375,0.01375,0,0,0,0
21/12/2018,0.0131213744022363,0.1,23.8750787071532,27.7223991756345,267.019941876079,0,5.44730728468973,21.7892291387589,1.58139365925679,0,400,25,14.5261527591726,49.0257655622075,0.665849961792332,1.91431864015295,0.01375,0.011,0.01375,0.01375,0,0,0,0
22/12/2018,0.0104992254249822,0.1,23.9676279803587,27.0877477400917,265.700420978066,0,5.08979154651675,20.359166186067,1.45819956036855,0,400,25,13.572777457378,45.8081239186508,0.613978762260442,1.76518894149877,0.01375,0.011,0.01375,0.01375,0,0,0,0
23/12/2018,0.00407147356334265,0.1,24.0584107090458,12.7932560953213,264.385503085413,0,2.65102817380797,10.6041126952319,0.694374797147594,0,400,25,7.06940846348793,23.8592535642718,0.292368335641092,0.840558964968141,0.01375,0.011,0.01375,0.01375,0,0,0,0
24/12/2018,0.00286177019968521,0.1,24.1474000196006,8.82102327744645,263.07557744172,0,1.95070965214743,7.80283860858971,0.473481655161382,0,400,25,5.20189240572647,17.5563868693268,0.199360696910056,0.57316200361641,0.01375,0.011,0.01375,0.01375,0,0,0,0
25/12/2018,0.00210206078685852,0.1,24.2345695692986,6,261.771031812774,0,1.48166549331989,5.92666197327954,0.326725678922383,0,400,25,3.95110798218636,13.334989439879,0.137568706914688,0.395510032379727,0.01375,0.011,0.01375,0.01375,0,0,0,0
26/12/2018,0.00171484209945888,0.1,24.3198935541034,6,260.472252371766,0,1.51085884424495,6.0434353769798,0.336268451697888,0,400,25,4.02895691798653,13.5977295982046,0.141586716504374,0.407061809950076,0.01375,0.011,0.01375,0.01375,0,0,0,0
27/12/2018,0.00327517626997585,0.1,24.4033467163048,24.3515081859742,259.17962358497,0,4.97310900459805,19.8924360183922,1.43439434217471,0,400,25,13.2616240122615,44.7579810413824,0.603955512494615,1.73637209842202,0.01375,0.011,0.01375,0.01375,0,0,0,0
28/12/2018,0.00541843823138935,0.1,24.484904351996,31.8820388458195,257.893528097937,0,6.25441354485777,25.0176541794311,1.83630453379262,0,400,25,16.6784361196207,56.2897219037199,0.773180856333733,2.22289496195948,0.01375,0.011,0.01375,0.01375,0,0,0,0
29/12/2018,0.00315045843785036,0.1,24.5645423183859,28.2626726544851,256.614346622224,0,5.45160370465169,21.8064148186068,1.57553943005877,0,400,25,14.5376098790712,49.0644333418653,0.663385023182641,1.90723194165009,0.01375,0.011,0.01375,0.01375,0,0,0,0
30/12/2018,0.000804973441601194,0.1,24.6422370409468,6,255.342457822691,0,1.64296482092426,6.57185928369705,0.379451480633922,0,400,25,4.3812395224647,14.7866833883184,0.159769044477441,0.459336002872642,0.01375,0.011,0.01375,0.01375,0,0,0,0
31/12/2018,0.000495711391586411,0.1,24.7179655203918,6,254.078238205414,0,2.07176025744334,8.28704102977336,0.519616870635857,0,400,25,5.52469401984891,18.6458423169901,0.218786050794045,0.629009896032879,0.01375,0.011,0.01375,0.01375,0,0,0,0
