Date,Q_m3s,Sal_gperL,Temp_degC,TSS_mgperL,DO_mmolperm3,SiO2_mmolperm3,Ammonium_mmolperm3,NOx_mmolperm3,FRP_mmolperm3,FRP_ADS_mmolperm3,DOC_mmolperm3,POC_mmolperm3,DON_mmolperm3,PON_mmolperm3,DOP_mmolperm3,POP_mmolperm3,PHY_GRN_mmolperm3,PHY_BGA_mmolperm3,PHY_FDIA_mmolperm3,PHY_MDIA_mmolperm3,Crypto_cfuper100mL,Ecoli_cfuper100mL,FC_cfuper100mL,Enterococci_cfuper100mL
01/01/2005,0,0,26.3051371179797,0,236.96541410873,0,0,0,0,0,508.333333333333,133.333333333333,0,0,0,0,0.01375,0.011,0.01375,0.01375,0,0,0,0
02/01/2005,0,0,26.3764918925008,0,235.719251726306,0,0,0,0,0,508.333333333333,133.333333333333,0,0,0,0,0.01375,0.011,0.01375,0.01375,0,0,0,0
03/01/2005,0,0,26.4458110794992,0,234.481942079986,0,0,0,0,0,508.333333333333,133.333333333333,0,0,0,0,0.01375,0.011,0.01375,0.01375,0,0,0,0
04/01/2005,0,0,26.5130741590243,0,233.253851439682,0,0,0,0,0,508.333333333333,133.333333333333,0,0,0,0,0.01375,0.011,0.01375,0.01375,0,0,0,0
05/01/2005,0.00388090453165705,0.100777059388391,26.5782612197774,39.9471599615894,232.035343346284,0,8.13619663381379,32.5447865352552,2.44951734952034,0,508.333333333333,133.333333333333,21.6965243568368,73.2257697043241,1.03137572611383,2.96520521257725,0.01375,0.011,0.01375,0.01375,0,0,0,0
06/01/2005,0.00920685583755974,0.100395159638904,26.6413529650052,39.9731291445545,230.826778504046,0,8.13947006023796,32.5578802409519,2.45054724690928,0,508.333333333333,133.333333333333,21.7052534939679,73.2552305421417,1.0318093671197,2.96645193046913,0.01375,0.011,0.01375,0.01375,0,0,0,0
07/01/2005,0,0,26.7023307182122,0,229.628514673805,0,0,0,0,0,508.333333333333,133.333333333333,0,0,0,0,0.01375,0.011,0.01375,0.01375,0,0,0,0
08/01/2005,0,0,26.7611764286895,0,228.440906567085,0,0,0,0,0,508.333333333333,133.333333333333,0,0,0,0,0.01375,0.011,0.01375,0.01375,0,0,0,0
09/01/2005,0,0,26.817872676858,0,227.264305741087,0,0,0,0,0,508.333333333333,133.333333333333,0,0,0,0,0.01375,0.011,0.01375,0.01375,0,0,0,0
10/01/2005,0,0,26.8724026794253,0,226.099060494622,0,0,0,0,0,508.333333333333,133.333333333333,0,0,0,0,0.01375,0.011,0.01375,0.01375,0,0,0,0
11/01/2005,0,0,26.9247502943533,0,224.945515765012,0,0,0,0,0,508.333333333333,133.333333333333,0,0,0,0,0.01375,0.011,0.01375,0.01375,0,0,0,0
12/01/2005,0,0,26.9749000256372,0,223.804013025974,0,0,0,0,0,508.333333333333,133.333333333333,0,0,0,0,0.01375,0.011,0.01375,0.01375,0,0,0,0
13/01/2005,0,0,27.0228370278924,0,222.674890186543,0,0,0,0,0,508.333333333333,133.333333333333,0,0,0,0,0.01375,0.011,0.01375,0.01375,0,0,0,0
14/01/2005,0,0,27.0685471107489,0,221.55848149104,0,0,0,0,0,508.333333333333,133.333333333333,0,0,0,0,0.01375,0.011,0.01375,0.01375,0,0,0,0
15/01/2005,0,0,27.1120167430522,0,220.45511742013,0,0,0,0,0,508.333333333333,133.333333333333,0,0,0,0,0.01375,0.011,0.01375,0.01375,0,0,0,0
16/01/2005,0,0,27.1532330568687,0,219.365124592991,0,0,0,0,0,508.333333333333,133.333333333333,0,0,0,0,0.01375,0.011,0.01375,0.01375,0,0,0,0
17/01/2005,0.00817004695548642,0.165941257495721,27.1921838512949,35.515994490291,218.28882567063,0,6.03054650350787,24.1221860140315,1.74090508704873,0,508.333333333333,133.333333333333,16.0814573426877,54.2749185315709,0.733012668231045,2.10741142116425,0.01375,0.011,0.01375,0.01375,0,0,0,0
18/01/2005,0.0131722138224391,0.153015378061185,27.2288575960691,36.3949542918394,217.226539260369,0,5.64913131800659,22.5965252720264,1.58923218745926,0,508.333333333333,133.333333333333,15.0643501813509,50.8421818620593,0.66915039471969,1.92380738481911,0.01375,0.011,0.01375,0.01375,0,0,0,0
19/01/2005,0.00114703373714433,0.101722031123788,27.2632434349846,39.8829018835824,216.178579821526,0,8.12809687608182,32.5123875043273,2.44696897413069,0,508.333333333333,133.333333333333,21.6749250028848,73.1528718847364,1.03030272594976,2.96212033710557,0.01375,0.011,0.01375,0.01375,0,0,0,0
20/01/2005,0,0,27.2953311891033,0,215.145257572335,0,0,0,0,0,508.333333333333,133.333333333333,0,0,0,0,0.01375,0.011,0.01375,0.01375,0,0,0,0
21/01/2005,0.000528277196127289,0.102154505089987,27.3251113597692,39.8534936538809,214.126878398107,0,8.12438995637154,32.4975598254861,2.44580268949926,0,508.333333333333,133.333333333333,21.6650398836574,73.1195096073438,1.02981165873653,2.96070851886752,0.01375,0.011,0.01375,0.01375,0,0,0,0
22/01/2005,0.00385888076498952,0.100827319596586,27.3525751314198,39.9437422674322,213.12374376069,0,8.13576583202927,32.5430633281171,2.44938180908792,0,508.333333333333,133.333333333333,21.695375552078,73.2218924882634,1.03131865645807,2.96504113731695,0.01375,0.011,0.01375,0.01375,0,0,0,0
23/01/2005,0.000540574432490102,0.103368764599206,27.3777143741959,39.770924007254,212.136150609223,0,8.11398201772109,32.4559280708843,2.44252810579053,0,508.333333333333,133.333333333333,21.6372853805896,73.0258381594898,1.02843288664864,2.95674454911485,0.01375,0.011,0.01375,0.01375,0,0,0,0
24/01/2005,0.00469522742640881,0.102020534440316,27.4005216463481,39.8626036580585,211.164391292236,0,8.13188130133327,32.5275252053331,2.44979246126971,0,508.333333333333,133.333333333333,21.6850168035554,73.1869317119994,1.03149156263988,2.96553824258965,0.01375,0.011,0.01375,0.01375,0,0,0,0
25/01/2005,0.0473289360946499,0.12846714959929,27.4209901964399,38.0642338272483,210.208753471109,0,5.82626295844836,23.3050518337935,1.66527231350304,0,508.333333333333,133.333333333333,15.536701222529,52.4363666260353,0.701167289896017,2.01585595845105,0.01375,0.011,0.01375,0.01375,0,0,0,0
26/01/2005,0.0611987195628999,0.118254487508737,27.4391139653462,38.7586948494059,209.269520034914,0,5.46867664868463,21.8747065947385,1.50614078367533,0,508.333333333333,133.333333333333,14.5831377298257,49.2180898381617,0.634164540494874,1.82322305392276,0.01375,0.011,0.01375,0.01375,0,0,0,0
27/01/2005,0.00702062581437806,0.120720638326136,27.4548875880467,38.5909965938228,208.346969016682,0,7.21458084338637,28.8583233735455,2.13107323457029,0,508.333333333333,133.333333333333,19.2388822490303,64.9312275904773,0.897293993503282,2.57972023132194,0.01375,0.011,0.01375,0.01375,0,0,0,0
28/01/2005,0.00137603929162857,0.101594195112075,27.4683063952143,39.8915947323789,207.441373511089,0,8.12919261332507,32.5167704533003,2.44731371898808,0,508.333333333333,133.333333333333,21.6778469688668,73.1627335199256,1.03044788167919,2.96253765982768,0.01375,0.011,0.01375,0.01375,0,0,0,0
29/01/2005,0,0,27.4793664145975,0,206.553001593623,0,0,0,0,0,508.333333333333,133.333333333333,0,0,0,0,0.01375,0.011,0.01375,0.01375,0,0,0,0
30/01/2005,0,0,27.4880643721958,0,205.682116241223,0,0,0,0,0,508.333333333333,133.333333333333,0,0,0,0,0.01375,0.011,0.01375,0.01375,0,0,0,0
31/01/2005,0,0,27.4943976932292,0,204.828975254433,0,0,0,0,0,508.333333333333,133.333333333333,0,0,0,0,0.01375,0.011,0.01375,0.01375,0,0,0,0
01/02/2005,0,0,27.4983645029001,0,203.993831181091,0,0,0,0,0,508.333333333333,133.333333333333,0,0,0,0,0.01375,0.011,0.01375,0.01375,0,0,0,0
02/02/2005,0.113791503988752,0.118219059467115,27.4999636269489,38.7611039562362,203.176931241564,0,7.0943424247832,28.3773696991328,2.26049918365725,0,508.333333333333,133.333333333333,18.9182464660885,63.8490818230488,0.951789129960948,2.73639374863773,0.01375,0.011,0.01375,0.01375,0,0,0,0
03/02/2005,0.122513380221239,0.138054183925031,27.4991945920008,37.4123154930979,202.37851725557,0,5.65279246686633,22.6111698674653,1.63441932666705,0,508.333333333333,133.333333333333,15.0741132449769,50.8751322017969,0.688176558596654,1.97850760596538,0.01375,0.011,0.01375,0.01375,0,0,0,0
04/02/2005,0.016474044451478,0.204357908025602,27.4960576257065,32.9036622542591,201.59882557059,0,5.07571588353587,20.3028635341435,1.41255720895889,0,508.333333333333,133.333333333333,13.5352423560956,45.6814429518228,0.594760930087952,1.70993767400286,0.01375,0.011,0.01375,0.01375,0,0,0,0
05/02/2005,0,0,27.4905536566747,0,200.838086991908,0,0,0,0,0,508.333333333333,133.333333333333,0,0,0,0,0.01375,0.011,0.01375,0.01375,0,0,0,0
06/02/2005,0,0,27.4826843141968,0,200.096526714289,0,0,0,0,0,508.333333333333,133.333333333333,0,0,0,0,0.01375,0.011,0.01375,0.01375,0,0,0,0
07/02/2005,0,0,27.4724519277653,0,199.374364255309,0,0,0,0,0,508.333333333333,133.333333333333,0,0,0,0,0.01375,0.011,0.01375,0.01375,0,0,0,0
08/02/2005,0,0,27.4598595263838,0,198.671813390382,0,0,0,0,0,508.333333333333,133.333333333333,0,0,0,0,0.01375,0.011,0.01375,0.01375,0,0,0,0
09/02/2005,0,0,27.4449108376702,0,197.989082089472,0,0,0,0,0,508.333333333333,133.333333333333,0,0,0,0,0.01375,0.011,0.01375,0.01375,0,0,0,0
10/02/2005,0.00368010699722391,0.389989297690782,27.4276102867536,20.2807277570269,197.326372455532,0,3.08007193606326,12.320287744253,0.803282874060747,0,508.333333333333,133.333333333333,8.21352516283536,27.7206474245693,0.338224368025578,0.972395058073536,0.01375,0.011,0.01375,0.01375,0,0,0,0
11/02/2005,0.00254375737968973,0.104826864403958,27.4079629949642,39.6717732205308,196.683880664676,0,8.05167424332909,32.2066969733164,2.42148925772209,0,508.333333333333,133.333333333333,21.4711313155443,72.4650681899619,1.01957442430404,2.9312764698741,0.01375,0.011,0.01375,0.01375,0,0,0,0
12/02/2005,0,0,27.3859747783173,0,196.061796908109,0,0,0,0,0,508.333333333333,133.333333333333,0,0,0,0,0.01375,0.011,0.01375,0.01375,0,0,0,0
13/02/2005,0,0,27.3616521457917,0,195.460305335824,0,0,0,0,0,508.333333333333,133.333333333333,0,0,0,0,0.01375,0.011,0.01375,0.01375,0,0,0,0
14/02/2005,0,0,27.3350022974027,0,194.87958400209,0,0,0,0,0,508.333333333333,133.333333333333,0,0,0,0,0.01375,0.011,0.01375,0.01375,0,0,0,0
15/02/2005,0,0,27.3060331220709,0,194.319804812745,0,0,0,0,0,508.333333333333,133.333333333333,0,0,0,0,0.01375,0.011,0.01375,0.01375,0,0,0,0
16/02/2005,0,0,27.274753195287,0,193.781133474307,0,0,0,0,0,508.333333333333,133.333333333333,0,0,0,0,0.01375,0.011,0.01375,0.01375,0,0,0,0
17/02/2005,0,0,27.2411717765731,0,193.263729444924,0,0,0,0,0,508.333333333333,133.333333333333,0,0,0,0,0.01375,0.011,0.01375,0.01375,0,0,0,0
18/02/2005,0,0,27.2052988067417,0,192.767745887169,0,0,0,0,0,508.333333333333,133.333333333333,0,0,0,0,0.01375,0.011,0.01375,0.01375,0,0,0,0
19/02/2005,0,0,27.1671449049533,0,192.293329622699,0,0,0,0,0,508.333333333333,133.333333333333,0,0,0,0,0.01375,0.011,0.01375,0.01375,0,0,0,0
20/02/2005,0.000454589699593539,0.102448814239189,27.1267213655722,39.8334806317351,191.840621088795,0,8.12186730652124,32.4874692260849,2.44500900418077,0,508.333333333333,133.333333333333,21.65831281739,73.0968057586911,1.02947747544453,2.95974774190303,0.01375,0.011,0.01375,0.01375,0,0,0,0
21/02/2005,0.0478565245769651,0.134746765511681,27.0840401548241,37.6372199452057,191.409754296791,0,5.8622028902214,23.4488115608856,1.68919169759083,0,508.333333333333,133.333333333333,15.6325410405904,52.7598260119926,0.711238609511927,2.04481100234679,0.01375,0.011,0.01375,0.01375,0,0,0,0
22/02/2005,0.0662239043252019,0.120271825110844,27.0391139072529,38.6215158924626,191.000856792401,0,5.3948067229287,21.5792268917148,1.48028426445968,0,508.333333333333,133.333333333333,14.3861512611432,48.5532605063583,0.623277585035654,1.7919230569775,0.01375,0.011,0.01375,0.01375,0,0,0,0
23/02/2005,0,0,26.9919559219814,0,190.614049617962,0,0,0,0,0,508.333333333333,133.333333333333,0,0,0,0,0.01375,0.011,0.01375,0.01375,0,0,0,0
24/02/2005,0,0,26.9425801587739,0,190.249447276606,0,0,0,0,0,508.333333333333,133.333333333333,0,0,0,0,0.01375,0.011,0.01375,0.01375,0,0,0,0
25/02/2005,0,0,26.891001233904,0,189.907157698364,0,0,0,0,0,508.333333333333,133.333333333333,0,0,0,0,0.01375,0.011,0.01375,0.01375,0,0,0,0
26/02/2005,0,0,26.8372344158281,0,189.587282208215,0,0,0,0,0,508.333333333333,133.333333333333,0,0,0,0,0.01375,0.011,0.01375,0.01375,0,0,0,0
27/02/2005,0,0,26.7812956206654,0,189.28991549609,0,0,0,0,0,508.333333333333,133.333333333333,0,0,0,0,0.01375,0.011,0.01375,0.01375,0,0,0,0
28/02/2005,0.000171659835458961,0.103497974949403,26.7232014074861,39.7621377034406,189.015145588848,0,8.11287450043369,32.4514980017348,2.44217965465258,0,508.333333333333,133.333333333333,21.6343320011565,73.0158705039032,1.02828617038003,2.9563227398426,0.01375,0.011,0.01375,0.01375,0,0,0,0
01/03/2005,0,0,26.6629689734102,0,188.763053824211,0,0,0,0,0,508.333333333333,133.333333333333,0,0,0,0,0.01375,0.011,0.01375,0.01375,0,0,0,0
02/03/2005,0,0,26.6006161485163,0,188.533714826692,0,0,0,0,0,508.333333333333,133.333333333333,0,0,0,0,0.01375,0.011,0.01375,0.01375,0,0,0,0
03/03/2005,0.000129014367411221,0.104114243642431,26.5361613905638,39.7202314323147,188.327196485501,0,8.10759219735059,32.4303687894024,2.44051771714493,0,508.333333333333,133.333333333333,21.6202458596016,72.9683297761553,1.02758640721892,2.95431092075439,0.01375,0.011,0.01375,0.01375,0,0,0,0
04/03/2005,0.00206521568764154,0.101070180199177,26.4696237795288,39.927227746456,188.143559934448,0,8.13368416972134,32.5347366788854,2.44872686888222,0,508.333333333333,133.333333333333,21.6898244525903,73.2031575274921,1.03104289216094,2.96424831496269,0.01375,0.011,0.01375,0.01375,0,0,0,0
05/03/2005,0.00316226151853418,0.100746053905352,26.4010230119562,39.9492683344361,187.98285953385,0,8.13646239509698,32.5458495803879,2.44960096430686,0,508.333333333333,133.333333333333,21.697233053592,73.2281615558728,1.03141093233973,2.96530643047672,0.01375,0.011,0.01375,0.01375,0,0,0,0
06/03/2005,0.00367804347680779,0.100685697930172,26.3303793951287,39.9533725407483,187.845142854435,0,8.1369797320271,32.5479189281084,2.44976373074315,0,508.333333333333,133.333333333333,21.6986126187389,73.2328175882439,1.03147946557606,2.96550346353118,0.01375,0.011,0.01375,0.01375,0,0,0,0
07/03/2005,0,0,26.2577138410562,0,187.730450663264,0,0,0,0,0,508.333333333333,133.333333333333,0,0,0,0,0.01375,0.011,0.01375,0.01375,0,0,0,0
08/03/2005,0,0,26.1830478602847,0,187.638816911658,0,0,0,0,0,508.333333333333,133.333333333333,0,0,0,0,0.01375,0.011,0.01375,0.01375,0,0,0,0
09/03/2005,0,0,26.1064035555288,0,187.570268725153,0,0,0,0,0,508.333333333333,133.333333333333,0,0,0,0,0.01375,0.011,0.01375,0.01375,0,0,0,0
10/03/2005,0.00341993284584013,0.119485513167734,26.0278036151292,38.6749851045941,187.524826395466,0,8.07974259505004,32.3189703802001,2.45850250923313,0,508.333333333333,133.333333333333,21.5459802534668,72.7176833554503,1.03515895125606,2.97608198486116,0.01375,0.011,0.01375,0.01375,0,0,0,0
11/03/2005,0.0120455913590005,0.133377239650189,25.9472713063363,37.7303477037871,187.502503374491,0,6.1979815811886,24.7919263247544,1.77463681345795,0,508.333333333333,133.333333333333,16.5279508831696,55.7818342306974,0.747215500403349,2.14824456365963,0.01375,0.011,0.01375,0.01375,0,0,0,0
12/03/2005,0,0,25.8648304684224,0,187.503306270316,0,0,0,0,0,508.333333333333,133.333333333333,0,0,0,0,0.01375,0.011,0.01375,0.01375,0,0,0,0
13/03/2005,0,0,25.7805055056248,0,187.527234845267,0,0,0,0,0,508.333333333333,133.333333333333,0,0,0,0,0.01375,0.011,0.01375,0.01375,0,0,0,0
14/03/2005,0,0,25.6943213799221,0,187.574282015978,0,0,0,0,0,508.333333333333,133.333333333333,0,0,0,0,0.01375,0.011,0.01375,0.01375,0,0,0,0
15/03/2005,0,0,25.6063036036443,0,187.644433855488,0,0,0,0,0,508.333333333333,133.333333333333,0,0,0,0,0.01375,0.011,0.01375,0.01375,0,0,0,0
16/03/2005,0,0,25.516478231921,0,187.737669597364,0,0,0,0,0,508.333333333333,133.333333333333,0,0,0,0,0.01375,0.011,0.01375,0.01375,0,0,0,0
17/03/2005,0.00133603803437495,0.117453751936789,25.4248718549683,38.8131448682983,187.853961641847,0,8.04298521102754,32.1719408441102,2.43299272176446,0,508.333333333333,133.333333333333,21.4479605627401,72.3868668992479,1.02441798811135,2.94520171582013,0.01375,0.011,0.01375,0.01375,0,0,0,0
18/03/2005,0.0466383841921294,0.132767440056231,25.3315115902177,37.7718140761763,187.993275564026,0,5.73834281808136,22.9533712723254,1.64654457363596,0,508.333333333333,133.333333333333,15.3022475148836,51.6450853627322,0.693281925741456,1.99318553650669,0.01375,0.011,0.01375,0.01375,0,0,0,0
19/03/2005,0.0490067982999925,0.117170224396641,25.2364250742888,38.8324247410284,188.155570124022,0,5.462333445016,21.849333780064,1.50271434410524,0,508.333333333333,133.333333333333,14.5662225200427,49.161001005144,0.632721829096944,1.81907525865371,0.01375,0.011,0.01375,0.01375,0,0,0,0
20/03/2005,0,0,25.1396404548081,0,188.340797279202,0,0,0,0,0,508.333333333333,133.333333333333,0,0,0,0,0.01375,0.011,0.01375,0.01375,0,0,0,0
21/03/2005,0,0,25.0411863820767,0,188.548902198397,0,0,0,0,0,508.333333333333,133.333333333333,0,0,0,0,0.01375,0.011,0.01375,0.01375,0,0,0,0
22/03/2005,0,0,24.9410920005895,0,188.779823278136,0,0,0,0,0,508.333333333333,133.333333333333,0,0,0,0,0.01375,0.011,0.01375,0.01375,0,0,0,0
23/03/2005,0.0685163326083541,0.119888908352181,24.8393869404073,38.6475542320517,189.033492160877,0,6.98367742960663,27.9347097184265,2.2093390985676,0,508.333333333333,133.333333333333,18.6231398122843,62.8530968664597,0.930248041502146,2.67446311931867,0.01375,0.011,0.01375,0.01375,0,0,0,0
24/03/2005,0.0506150037694134,0.121244734665032,24.7361013083863,38.5553580427779,189.30983375525,0,5.48336096499424,21.933443859977,1.51887372443837,0,508.333333333333,133.333333333333,14.6222959066513,49.3502486849482,0.639525778710893,1.83863661379382,0.01375,0.011,0.01375,0.01375,0,0,0,0
25/03/2005,0.000133571859831766,0.102561788944862,24.6312656792653,39.8257983517494,189.608766258277,0,8.12089895190119,32.4835958076047,2.44470433690999,0,508.333333333333,133.333333333333,21.6557305384032,73.0880905671107,1.02934919448842,2.95937893415419,0.01375,0.011,0.01375,0.01375,0,0,0,0
26/03/2005,0,0,24.5249110866152,0,189.930201179595,0,0,0,0,0,508.333333333333,133.333333333333,0,0,0,0,0.01375,0.011,0.01375,0.01375,0,0,0,0
27/03/2005,0,0,24.4170690136522,0,190.274043367646,0,0,0,0,0,508.333333333333,133.333333333333,0,0,0,0,0.01375,0.011,0.01375,0.01375,0,0,0,0
28/03/2005,0,0,24.3077713839186,0,190.640191037846,0,0,0,0,0,508.333333333333,133.333333333333,0,0,0,0,0.01375,0.011,0.01375,0.01375,0,0,0,0
29/03/2005,0,0,24.1970505518319,0,191.028535802714,0,0,0,0,0,508.333333333333,133.333333333333,0,0,0,0,0.01375,0.011,0.01375,0.01375,0,0,0,0
30/03/2005,0.000602850692040542,0.102482164735457,24.0849392931081,39.8312127979889,191.438962703959,0,8.12158144512465,32.4863257804986,2.44491906542309,0,508.333333333333,133.333333333333,21.6575505203324,73.0942330061219,1.02943960649393,2.95963886867006,0.01375,0.011,0.01375,0.01375,0,0,0,0
31/03/2005,0.00138707365261375,0.10142250885548,23.9714707950588,39.9032693978274,191.871350246509,0,8.13066420981017,32.5226568392407,2.44777671805426,0,508.333333333333,133.333333333333,21.6817712261605,73.1759778882916,1.03064282865442,2.96309813238147,0.01375,0.011,0.01375,0.01375,0,0,0,0
01/04/2005,0.000600456651745229,0.102065034721926,23.8566786467673,39.859577638909,192.325570434476,0,8.12515684524063,32.5006273809625,2.44604397087893,0,508.333333333333,133.333333333333,21.6670849206417,73.1264116071657,1.02991325089639,2.96100059632713,0.01375,0.011,0.01375,0.01375,0,0,0,0
02/04/2005,0,0,23.7405968291455,0,192.801488809045,0,0,0,0,0,508.333333333333,133.333333333333,0,0,0,0,0.01375,0.011,0.01375,0.01375,0,0,0,0
03/04/2005,0,0,23.6232597048746,0,193.298964488279,0,0,0,0,0,508.333333333333,133.333333333333,0,0,0,0,0.01375,0.011,0.01375,0.01375,0,0,0,0
04/04/2005,0.00102456513792451,0.148543932678382,23.5047020082334,36.69901257787,193.817850208819,0,7.81526404585462,31.2610561834185,2.37132540026957,0,508.333333333333,133.333333333333,20.840704122279,70.3373764126916,0.998452800113501,2.87055180032632,0.01375,0.011,0.01375,0.01375,0,0,0,0
05/04/2005,0.0116216475801815,0.149135707258061,23.3849588348159,36.6587719064519,194.357992369482,0,5.8898646761579,23.5594587046316,1.68204502778953,0,508.333333333333,133.333333333333,15.7063058030877,53.0087820854212,0.708229485385065,2.03615977048206,0.01375,0.011,0.01375,0.01375,0,0,0,0
06/04/2005,0.011236832111177,0.133653400971974,23.2640656311426,37.7115687339058,194.919231076725,0,6.05545348201676,24.221813928067,1.72383378995422,0,508.333333333333,133.333333333333,16.1478759520447,54.4990813381508,0.725824753664934,2.08674616678669,0.01375,0.011,0.01375,0.01375,0,0,0,0
07/04/2005,0,0,23.142058184167,0,195.501400191981,0,0,0,0,0,508.333333333333,133.333333333333,0,0,0,0,0.01375,0.011,0.01375,0.01375,0,0,0,0
08/04/2005,0.00275981313440529,0.127357516623218,23.0189726106826,38.1396888696212,196.10432738084,0,8.02112760691382,32.0845104276553,2.44234140966559,0,508.333333333333,133.333333333333,21.3896736184369,72.1901484622244,1.02835427775393,2.95651854854256,0.01375,0.011,0.01375,0.01375,0,0,0,0
09/04/2005,0.00695921561692514,0.116064083586781,22.8948453466311,38.9076423160989,196.727834164057,0,7.21926594947154,28.8770637978862,2.13020444111616,0,508.333333333333,133.333333333333,19.2513758652574,64.9733935452439,0.89692818573312,2.57866853398272,0.01375,0.011,0.01375,0.01375,0,0,0,0
10/04/2005,0,0,22.7697131363166,0,197.371735970394,0,0,0,0,0,508.333333333333,133.333333333333,0,0,0,0,0.01375,0.011,0.01375,0.01375,0,0,0,0
11/04/2005,0,0,22.6436130215288,0,198.035842191253,0,0,0,0,0,508.333333333333,133.333333333333,0,0,0,0,0.01375,0.011,0.01375,0.01375,0,0,0,0
12/04/2005,0,0,22.5165823305776,0,198.7199562371,0,0,0,0,0,508.333333333333,133.333333333333,0,0,0,0,0.01375,0.011,0.01375,0.01375,0,0,0,0
13/04/2005,0,0,22.3886586672431,0,199.42387559566,0,0,0,0,0,508.333333333333,133.333333333333,0,0,0,0,0.01375,0.011,0.01375,0.01375,0,0,0,0
14/04/2005,0,0,22.2598798996444,0,200.147391891864,0,0,0,0,0,508.333333333333,133.333333333333,0,0,0,0,0.01375,0.011,0.01375,0.01375,0,0,0,0
15/04/2005,0,0,22.1302841490292,0,200.890290949537,0,0,0,0,0,508.333333333333,133.333333333333,0,0,0,0,0.01375,0.011,0.01375,0.01375,0,0,0,0
16/04/2005,0,0,21.99990977849,0,201.652352854791,0,0,0,0,0,508.333333333333,133.333333333333,0,0,0,0,0.01375,0.011,0.01375,0.01375,0,0,0,0
17/04/2005,0,0,21.8687953816071,0,202.433352021133,0,0,0,0,0,508.333333333333,133.333333333333,0,0,0,0,0.01375,0.011,0.01375,0.01375,0,0,0,0
18/04/2005,0,0,21.7369797710241,0,203.233057256235,0,0,0,0,0,508.333333333333,133.333333333333,0,0,0,0,0.01375,0.011,0.01375,0.01375,0,0,0,0
19/04/2005,0,0,21.604501966959,0,204.051231830379,0,0,0,0,0,508.333333333333,133.333333333333,0,0,0,0,0.01375,0.011,0.01375,0.01375,0,0,0,0
20/04/2005,0,0,21.4714011856532,0,204.887633546526,0,0,0,0,0,508.333333333333,133.333333333333,0,0,0,0,0.01375,0.011,0.01375,0.01375,0,0,0,0
21/04/2005,0.00861450593045207,0.167410079625375,21.3377168277622,35.4161145854745,205.742014812022,0,5.98133523042093,23.9253409216837,1.73200030785946,0,508.333333333333,133.333333333333,15.9502272811225,53.8320170737884,0.729263287519773,2.09663195161935,0.01375,0.011,0.01375,0.01375,0,0,0,0
22/04/2005,0.0107693501843858,0.128686316411076,21.203488466693,38.0493304840468,206.614122711881,0,6.04604139104494,24.1841655641798,1.71773012555149,0,508.333333333333,133.333333333333,16.1227770427865,54.4143725194045,0.72325478970589,2.07935752040443,0.01375,0.011,0.01375,0.01375,0,0,0,0
23/04/2005,0,0,21.0687558368887,0,207.503699083657,0,0,0,0,0,508.333333333333,133.333333333333,0,0,0,0,0.01375,0.011,0.01375,0.01375,0,0,0,0
24/04/2005,0,0,20.9335588220669,0,208.410480593869,0,0,0,0,0,508.333333333333,133.333333333333,0,0,0,0,0.01375,0.011,0.01375,0.01375,0,0,0,0
25/04/2005,0,0,20.7979374434129,0,209.334198815945,0,0,0,0,0,508.333333333333,133.333333333333,0,0,0,0,0.01375,0.011,0.01375,0.01375,0,0,0,0
26/04/2005,0,0,20.6619318477328,0,210.274580309692,0,0,0,0,0,508.333333333333,133.333333333333,0,0,0,0,0.01375,0.011,0.01375,0.01375,0,0,0,0
27/04/2005,0,0,20.525582295569,0,211.231346702231,0,0,0,0,0,508.333333333333,133.333333333333,0,0,0,0,0.01375,0.011,0.01375,0.01375,0,0,0,0
28/04/2005,0,0,20.3889291492823,0,212.204214770406,0,0,0,0,0,508.333333333333,133.333333333333,0,0,0,0,0.01375,0.011,0.01375,0.01375,0,0,0,0
29/04/2005,0,0,20.2520128611039,0,213.192896524626,0,0,0,0,0,508.333333333333,133.333333333333,0,0,0,0,0.01375,0.011,0.01375,0.01375,0,0,0,0
30/04/2005,0,0,20.1148739611606,0,214.19709929411,0,0,0,0,0,508.333333333333,133.333333333333,0,0,0,0,0.01375,0.011,0.01375,0.01375,0,0,0,0
01/05/2005,0,0,19.9775530454767,0,215.21652581353,0,0,0,0,0,508.333333333333,133.333333333333,0,0,0,0,0.01375,0.011,0.01375,0.01375,0,0,0,0
02/05/2005,0,0,19.8400907639575,0,216.250874311002,0,0,0,0,0,508.333333333333,133.333333333333,0,0,0,0,0.01375,0.011,0.01375,0.01375,0,0,0,0
03/05/2005,0,0,19.7025278083553,0,217.299838597422,0,0,0,0,0,508.333333333333,133.333333333333,0,0,0,0,0.01375,0.011,0.01375,0.01375,0,0,0,0
04/05/2005,0,0,19.5649049002241,0,218.363108157101,0,0,0,0,0,508.333333333333,133.333333333333,0,0,0,0,0.01375,0.011,0.01375,0.01375,0,0,0,0
05/05/2005,0,0,19.427262778865,0,219.440368239687,0,0,0,0,0,508.333333333333,133.333333333333,0,0,0,0,0.01375,0.011,0.01375,0.01375,0,0,0,0
06/05/2005,0,0,19.289642189267,0,220.531299953336,0,0,0,0,0,508.333333333333,133.333333333333,0,0,0,0,0.01375,0.011,0.01375,0.01375,0,0,0,0
07/05/2005,0.00330427299184995,0.168161404673853,19.1520838700448,35.365024482178,221.635580359109,0,6.96857816235104,27.8743126494041,2.08674437608861,0,508.333333333333,133.333333333333,18.5828750996028,62.7172034611593,0.878629210984679,2.52605898158095,0.01375,0.011,0.01375,0.01375,0,0,0,0
08/05/2005,0.0065741859704684,0.129883459498991,19.0146285413801,37.9679247540686,222.752882566574,0,6.28542329859476,25.141693194379,1.80395717598711,0,508.333333333333,133.333333333333,16.7611287962527,56.5688096873529,0.759560916205098,2.18373763408966,0.01375,0.011,0.01375,0.01375,0,0,0,0
09/05/2005,0,0,18.8773168929669,0,223.882875830567,0,0,0,0,0,508.333333333333,133.333333333333,0,0,0,0,0.01375,0.011,0.01375,0.01375,0,0,0,0
10/05/2005,0,0,18.7401895719671,0,225.025225649104,0,0,0,0,0,508.333333333333,133.333333333333,0,0,0,0,0.01375,0.011,0.01375,0.01375,0,0,0,0
11/05/2005,0,0,18.6032871709775,0,226.179593862396,0,0,0,0,0,508.333333333333,133.333333333333,0,0,0,0,0.01375,0.011,0.01375,0.01375,0,0,0,0
12/05/2005,0,0,18.466650216014,0,227.345638752956,0,0,0,0,0,508.333333333333,133.333333333333,0,0,0,0,0.01375,0.011,0.01375,0.01375,0,0,0,0
13/05/2005,0.0107346695180714,0.134946660926769,18.3303191545148,37.6236270569797,228.523015146753,0,6.61008041440826,26.440321657633,1.95070123060625,0,508.333333333333,133.333333333333,17.6268811050887,59.4907237296743,0.821347886571052,2.36137517389178,0.01375,0.011,0.01375,0.01375,0,0,0,0
14/05/2005,0.0244710623137843,0.117266257564398,18.1943343433671,38.8258944856209,229.71137451539,0,5.51479013894761,22.0591605557905,1.52151673653311,0,508.333333333333,133.333333333333,14.7061070371936,49.6331112505285,0.640638625908679,1.84183604948745,0.01375,0.011,0.01375,0.01375,0,0,0,0
15/05/2005,0,0,18.0587360369606,0,230.910365079275,0,0,0,0,0,508.333333333333,133.333333333333,0,0,0,0,0.01375,0.011,0.01375,0.01375,0,0,0,0
16/05/2005,0,0,17.9235643752715,0,232.119631911759,0,0,0,0,0,508.333333333333,133.333333333333,0,0,0,0,0.01375,0.011,0.01375,0.01375,0,0,0,0
17/05/2005,0.0133860660340019,0.14657159789854,17.7888593719801,36.8331313428993,233.338817044198,0,6.1847201053566,24.7388804214264,1.81094157958594,0,508.333333333333,133.333333333333,16.4925869476176,55.6624809482094,0.762501717720394,2.19219243844613,0.01375,0.011,0.01375,0.01375,0,0,0,0
18/05/2005,0.0474572060888032,0.118684889180592,17.6546609026259,38.7294275357198,234.567559571921,0,5.68054398119978,22.7221759247991,1.60262990747459,0,508.333333333333,133.333333333333,15.1481172831994,51.1248958307981,0.674791539989299,1.94002567746923,0.01375,0.011,0.01375,0.01375,0,0,0,0
19/05/2005,0.0335827567086218,0.118540756539537,17.5210086928035,38.7392285553115,235.805495761065,0,5.57334652632668,22.2933861053067,1.5493149726825,0,508.333333333333,133.333333333333,14.8622574035378,50.1601187369401,0.652343146392632,1.87548654587882,0.01375,0.011,0.01375,0.01375,0,0,0,0
20/05/2005,0,0,17.3879423064033,0,237.052259156249,0,0,0,0,0,508.333333333333,133.333333333333,0,0,0,0,0.01375,0.011,0.01375,0.01375,0,0,0,0
21/05/2005,0,0,17.2555011338993,0,238.307480689051,0,0,0,0,0,508.333333333333,133.333333333333,0,0,0,0,0.01375,0.011,0.01375,0.01375,0,0,0,0
22/05/2005,0,0,17.123724380689,0,239.57078878726,0,0,0,0,0,508.333333333333,133.333333333333,0,0,0,0,0.01375,0.011,0.01375,0.01375,0,0,0,0
23/05/2005,0,0,16.9926510554879,0,240.841809484872,0,0,0,0,0,508.333333333333,133.333333333333,0,0,0,0,0.01375,0.011,0.01375,0.01375,0,0,0,0
24/05/2005,0,0,16.8623199587815,0,242.120166532788,0,0,0,0,0,508.333333333333,133.333333333333,0,0,0,0,0.01375,0.011,0.01375,0.01375,0,0,0,0
25/05/2005,0,0,16.7327696713403,0,243.405481510195,0,0,0,0,0,508.333333333333,133.333333333333,0,0,0,0,0.01375,0.011,0.01375,0.01375,0,0,0,0
26/05/2005,0,0,16.6040385427983,0,244.697373936585,0,0,0,0,0,508.333333333333,133.333333333333,0,0,0,0,0.01375,0.011,0.01375,0.01375,0,0,0,0
27/05/2005,0,0,16.4761646803015,0,245.995461384384,0,0,0,0,0,508.333333333333,133.333333333333,0,0,0,0,0.01375,0.011,0.01375,0.01375,0,0,0,0
28/05/2005,0,0,16.3491859372266,0,247.299359592162,0,0,0,0,0,508.333333333333,133.333333333333,0,0,0,0,0.01375,0.011,0.01375,0.01375,0,0,0,0
29/05/2005,0,0,16.2231399019762,0,248.60868257838,0,0,0,0,0,508.333333333333,133.333333333333,0,0,0,0,0.01375,0.011,0.01375,0.01375,0,0,0,0
30/05/2005,0,0,16.0980638868514,0,249.92304275565,0,0,0,0,0,508.333333333333,133.333333333333,0,0,0,0,0.01375,0.011,0.01375,0.01375,0,0,0,0
31/05/2005,0,0,15.9739949170069,0,251.242051045467,0,0,0,0,0,508.333333333333,133.333333333333,0,0,0,0,0.01375,0.011,0.01375,0.01375,0,0,0,0
01/06/2005,0,0,15.8509697194906,0,252.565316993389,0,0,0,0,0,508.333333333333,133.333333333333,0,0,0,0,0.01375,0.011,0.01375,0.01375,0,0,0,0
02/06/2005,0,0,15.7290247123716,0,253.892448884614,0,0,0,0,0,508.333333333333,133.333333333333,0,0,0,0,0.01375,0.011,0.01375,0.01375,0,0,0,0
03/06/2005,0,0,15.6081959939597,0,255.223053859939,0,0,0,0,0,508.333333333333,133.333333333333,0,0,0,0,0.01375,0.011,0.01375,0.01375,0,0,0,0
04/06/2005,0,0,15.4885193321197,0,256.556738032057,0,0,0,0,0,508.333333333333,133.333333333333,0,0,0,0,0.01375,0.011,0.01375,0.01375,0,0,0,0
05/06/2005,0,0,15.370030153683,0,257.89310660215,0,0,0,0,0,508.333333333333,133.333333333333,0,0,0,0,0.01375,0.011,0.01375,0.01375,0,0,0,0
06/06/2005,0,0,15.2527635339609,0,259.231763976763,0,0,0,0,0,508.333333333333,133.333333333333,0,0,0,0,0.01375,0.011,0.01375,0.01375,0,0,0,0
07/06/2005,0,0,15.1367541863612,0,260.572313884907,0,0,0,0,0,508.333333333333,133.333333333333,0,0,0,0,0.01375,0.011,0.01375,0.01375,0,0,0,0
08/06/2005,0,0,15.0220364521127,0,261.914359495362,0,0,0,0,0,508.333333333333,133.333333333333,0,0,0,0,0.01375,0.011,0.01375,0.01375,0,0,0,0
09/06/2005,0,0,14.908644290099,0,263.257503534148,0,0,0,0,0,508.333333333333,133.333333333333,0,0,0,0,0.01375,0.011,0.01375,0.01375,0,0,0,0
10/06/2005,0,0,14.7966112668063,0,264.601348402127,0,0,0,0,0,508.333333333333,133.333333333333,0,0,0,0,0.01375,0.011,0.01375,0.01375,0,0,0,0
11/06/2005,0,0,14.6859705463869,0,265.945496292702,0,0,0,0,0,508.333333333333,133.333333333333,0,0,0,0,0.01375,0.011,0.01375,0.01375,0,0,0,0
12/06/2005,0.000810897486670992,0.150208332909134,14.576754880842,36.5858333621789,267.289549309573,0,7.80070410419333,31.2028164167733,2.36666890597892,0,508.333333333333,133.333333333333,20.8018776111822,70.20633693774,0.996492170938493,2.86491499144817,0.01375,0.011,0.01375,0.01375,0,0,0,0
13/06/2005,0.00215579799402383,0.103319690169532,14.4689966003261,39.7742610684718,268.633109584525,0,8.00081747982682,32.0032699193073,2.40252265291806,0,508.333333333333,133.333333333333,21.3355132795382,72.0073573184414,1.01158848543918,2.90831689563765,0.01375,0.011,0.01375,0.01375,0,0,0,0
14/06/2005,0,0,14.3627276035769,0,269.975779395208,0,0,0,0,0,508.333333333333,133.333333333333,0,0,0,0,0.01375,0.011,0.01375,0.01375,0,0,0,0
15/06/2005,0.000493186687860969,0.101710137274301,14.2579793484726,39.8837106653475,271.317161282863,0,8.12819882336313,32.5127952934525,2.44700104915705,0,508.333333333333,133.333333333333,21.6751968623017,73.1537894102682,1.03031623122402,2.96215916476906,0.01375,0.011,0.01375,0.01375,0,0,0,0
16/06/2005,0.00222541065182192,0.100656373033229,14.1547828427194,39.9553666337404,272.656858169988,0,8.13723108828661,32.5489243531464,2.44984281336845,0,508.333333333333,133.333333333333,21.6992829020976,73.2350797945795,1.03151276352356,2.96559919513023,0.01375,0.011,0.01375,0.01375,0,0,0,0
17/06/2005,0,0,14.0531686346731,0,273.994473477875,0,0,0,0,0,508.333333333333,133.333333333333,0,0,0,0,0.01375,0.011,0.01375,0.01375,0,0,0,0
18/06/2005,0,0,13.9531668042954,0,275.329611244008,0,0,0,0,0,508.333333333333,133.333333333333,0,0,0,0,0.01375,0.011,0.01375,0.01375,0,0,0,0
19/06/2005,0,0,13.8548069542502,0,276.661876239276,0,0,0,0,0,508.333333333333,133.333333333333,0,0,0,0,0.01375,0.011,0.01375,0.01375,0,0,0,0
20/06/2005,0,0,13.7581182011404,0,277.99087408497,0,0,0,0,0,508.333333333333,133.333333333333,0,0,0,0,0.01375,0.011,0.01375,0.01375,0,0,0,0
21/06/2005,0,0,13.6631291668888,0,279.316211369524,0,0,0,0,0,508.333333333333,133.333333333333,0,0,0,0,0.01375,0.011,0.01375,0.01375,0,0,0,0
22/06/2005,0,0,13.5698679702651,0,280.637495764978,0,0,0,0,0,508.333333333333,133.333333333333,0,0,0,0,0.01375,0.011,0.01375,0.01375,0,0,0,0
23/06/2005,0,0,13.4783622185626,0,281.954336143113,0,0,0,0,0,508.333333333333,133.333333333333,0,0,0,0,0.01375,0.011,0.01375,0.01375,0,0,0,0
24/06/2005,0.000831654238415373,0.150765413824955,13.3886389994256,36.5479518599031,283.266342691233,0,7.79973086500758,31.1989234600303,2.36734134339015,0,508.333333333333,133.333333333333,20.7992823066869,70.1975777850682,0.996775302480062,2.86572899463018,0.01375,0.011,0.01375,0.01375,0,0,0,0
25/06/2005,0.00988612919313819,0.138462273185074,13.3007248728309,37.384565423415,284.573127027558,0,6.00795122902168,24.0318049160867,1.71988743670031,0,508.333333333333,133.333333333333,16.0212032773911,54.0715610611951,0.724163131242235,2.08196900232142,0.01375,0.011,0.01375,0.01375,0,0,0,0
26/06/2005,0.0138756951378299,0.123356709378909,13.2146458632257,38.4117437622342,285.874302316194,0,5.63860399763437,22.5544159905375,1.57164916804152,0,508.333333333333,133.333333333333,15.036277327025,50.7474359787093,0.661747018122747,1.9025226771029,0.01375,0.011,0.01375,0.01375,0,0,0,0
27/06/2005,0.00669485489713788,0.132483156372658,13.1304274518233,37.7911453666593,287.169483381644,0,5.9858190827871,23.9432763311484,1.7004132996993,0,508.333333333333,133.333333333333,15.9621842207656,53.8723717450839,0.71596349461023,2.05839504700441,0.01375,0.011,0.01375,0.01375,0,0,0,0
28/06/2005,0.00628483411824965,0.159382809870182,13.0480945690608,35.9619689288277,288.458286822828,0,5.79865480900877,23.1946192360351,1.64256345335509,0,508.333333333333,133.333333333333,15.4630794906901,52.1878932810789,0.691605664570562,1.98836628564037,0.01375,0.011,0.01375,0.01375,0,0,0,0
29/06/2005,0.00654571709277175,0.120785171459715,12.9676715872185,38.5866083407394,289.740331126578,0,6.99104725101708,27.9641890040683,2.06107938413307,0,508.333333333333,133.333333333333,18.6427926693789,62.9194252591537,0.867822898582344,2.49499083342424,0.01375,0.011,0.01375,0.01375,0,0,0,0
30/06/2005,0.180484534710625,0.125296223931158,12.8891823132057,38.2798567726813,291.015236780576,0,6.76680653404336,27.0672261361734,2.14491936864154,0,508.333333333333,133.333333333333,18.0448174241156,60.9012588063902,0.903123944691174,2.59648134098713,0.01375,0.011,0.01375,0.01375,0,0,0,0
01/07/2005,0.21746400607496,0.145228956546818,12.8126499815131,36.9244309548164,292.282626385693,0,6.13569634254172,24.5427853701669,1.88692860598326,0,508.333333333333,133.333333333333,16.3618569134446,55.2212670828754,0.794496255150846,2.28417673355868,0.01375,0.011,0.01375,0.01375,0,0,0,0
02/07/2005,0.0749004804816463,0.239868410565192,12.738097247335,30.488948081567,293.542124767712,0,4.85409782495428,19.4163912998171,1.42991167757376,0,508.333333333333,133.333333333333,12.9442608665448,43.6868804245885,0.602068074767898,1.73094571495771,0.01375,0.011,0.01375,0.01375,0,0,0,0
03/07/2005,0.0187630598122797,0.511756717602256,12.6655461798626,12.0005432030466,294.793359088383,0,1.95769652638063,7.8307861055225,0.475307519024203,0,508.333333333333,133.333333333333,5.22052407034833,17.6192687374256,0.200129481694401,0.575372259871403,0.01375,0.011,0.01375,0.01375,0,0,0,0
04/07/2005,0.0176275074321646,0.487386432444842,12.5950182557516,13.6577225937507,296.035958955797,0,1.87079847240549,7.48319388962196,0.422684021561263,0,508.333333333333,133.333333333333,4.98879592641464,16.8371862516494,0.177972219604742,0.511670131363634,0.01375,0.011,0.01375,0.01375,0,0,0,0
05/07/2005,0.00896572188178418,0.6,12.526534352764,6,297.269556534024,0,0.857142857142857,3.42857142857143,0.12258064516129,0,508.333333333333,133.333333333333,2.28571428571429,7.71428571428572,0.0516129032258065,0.148387096774194,0.01375,0.011,0.01375,0.01375,0,0,0,0
06/07/2005,0.00800270446827543,0.6,12.4601147435886,6,298.493786652004,0,0.857142857142857,3.42857142857143,0.12258064516129,0,508.333333333333,133.333333333333,2.28571428571429,7.71428571428572,0.0516129032258065,0.148387096774194,0.01375,0.011,0.01375,0.01375,0,0,0,0
07/07/2005,0.0071419739979637,0.6,12.3957790898389,6,299.708286911643,0,0.857142857142857,3.42857142857143,0.12258064516129,0,508.333333333333,133.333333333333,2.28571428571429,7.71428571428572,0.0516129032258065,0.148387096774194,0.01375,0.011,0.01375,0.01375,0,0,0,0
08/07/2005,0.00664462941828387,0.6,12.3335464362339,6,300.91269779509,0,0.857142857142857,3.42857142857143,0.12258064516129,0,508.333333333333,133.333333333333,2.28571428571429,7.71428571428572,0.0516129032258065,0.148387096774194,0.01375,0.011,0.01375,0.01375,0,0,0,0
09/07/2005,0.00188613024874808,0.567819557285221,12.2734352049594,8.18827010460499,302.106662771168,0,0.995059040206197,3.98023616082479,0.154138240597719,0,508.333333333333,133.333333333333,2.65349077388319,8.95553136185577,0.0649003118306185,0.186588396513028,0.01375,0.011,0.01375,0.01375,0,0,0,0
10/07/2005,0.00355756756648283,0.483140253789801,12.2154631902157,13.9464627422935,303.289828400906,0,1.9816532668128,7.92661306725121,0.459995880278089,0,508.333333333333,133.333333333333,5.28440871150081,17.8348794013152,0.193682475906564,0.556837118231371,0.01375,0.011,0.01375,0.01375,0,0,0,0
11/07/2005,0.00217478629938467,0.6,12.1596475529492,6,304.461844442171,0,0.857142857142857,3.42857142857143,0.12258064516129,0,508.333333333333,133.333333333333,2.28571428571429,7.71428571428572,0.0516129032258065,0.148387096774194,0.01375,0.011,0.01375,0.01375,0,0,0,0
12/07/2005,0.00416118155214565,0.6,12.1060048157731,6,305.622363953343,0,1.05249096387536,4.20996385550144,0.166449967370286,0,508.333333333333,133.333333333333,2.80664257033429,9.47241867487823,0.0700841967874889,0.20149206576403,0.01375,0.011,0.01375,0.01375,0,0,0,0
13/07/2005,0.00406277163452394,0.381184278618667,12.0545508580758,20.8794690539306,306.771043396021,0,3.27345655702598,13.0938262281039,0.868911707641233,0,508.333333333333,133.333333333333,8.72921748540262,29.4611090132338,0.365857561112098,1.05184048819728,0.01375,0.011,0.01375,0.01375,0,0,0,0
14/07/2005,0.00683959770232076,0.280543118782044,12.0053009113207,27.723067922821,307.907542736714,0,4.17965500641237,16.7186200256495,1.13412694994631,0,508.333333333333,133.333333333333,11.1457466837663,37.6168950577114,0.4775271368195,1.37289051835606,0.01375,0.011,0.01375,0.01375,0,0,0,0
15/07/2005,0.000806699698465105,0.6,11.9582695545372,6,309.031525547499,0,0.857142857142857,3.42857142857143,0.12258064516129,0,508.333333333333,133.333333333333,2.28571428571429,7.71428571428572,0.0516129032258065,0.148387096774194,0.01375,0.011,0.01375,0.01375,0,0,0,0
16/07/2005,0,0,11.9134707100049,0,310.142659105614,0,0,0,0,0,508.333333333333,133.333333333333,0,0,0,0,0.01375,0.011,0.01375,0.01375,0,0,0,0
17/07/2005,0,0,11.8709176391324,0,311.240614491947,0,0,0,0,0,508.333333333333,133.333333333333,0,0,0,0,0.01375,0.011,0.01375,0.01375,0,0,0,0
18/07/2005,0,0,11.8306229385318,0,312.325066688404,0,0,0,0,0,508.333333333333,133.333333333333,0,0,0,0,0.01375,0.011,0.01375,0.01375,0,0,0,0
19/07/2005,0,0,11.7925985362894,0,313.395694674121,0,0,0,0,0,508.333333333333,133.333333333333,0,0,0,0,0.01375,0.011,0.01375,0.01375,0,0,0,0
20/07/2005,0,0,11.7568556884352,0,314.452181520497,0,0,0,0,0,508.333333333333,133.333333333333,0,0,0,0,0.01375,0.011,0.01375,0.01375,0,0,0,0
21/07/2005,0,0,11.7234049756106,0,315.494214485005,0,0,0,0,0,508.333333333333,133.333333333333,0,0,0,0,0.01375,0.011,0.01375,0.01375,0,0,0,0
22/07/2005,0,0,11.6922562999366,0,316.521485103776,0,0,0,0,0,508.333333333333,133.333333333333,0,0,0,0,0.01375,0.011,0.01375,0.01375,0,0,0,0
23/07/2005,0,0,11.6634188820821,0,317.533689282906,0,0,0,0,0,508.333333333333,133.333333333333,0,0,0,0,0.01375,0.011,0.01375,0.01375,0,0,0,0
24/07/2005,0,0,11.6369012585347,0,318.530527388481,0,0,0,0,0,508.333333333333,133.333333333333,0,0,0,0,0.01375,0.011,0.01375,0.01375,0,0,0,0
25/07/2005,0,0,11.6127112790737,0,319.511704335266,0,0,0,0,0,508.333333333333,133.333333333333,0,0,0,0,0.01375,0.011,0.01375,0.01375,0,0,0,0
26/07/2005,0,0,11.5908561044464,0,320.476929674065,0,0,0,0,0,508.333333333333,133.333333333333,0,0,0,0,0.01375,0.011,0.01375,0.01375,0,0,0,0
27/07/2005,0,0,11.5713422042482,0,321.425917677694,0,0,0,0,0,508.333333333333,133.333333333333,0,0,0,0,0.01375,0.011,0.01375,0.01375,0,0,0,0
28/07/2005,0,0,11.5541753550077,0,322.358387425568,0,0,0,0,0,508.333333333333,133.333333333333,0,0,0,0,0.01375,0.011,0.01375,0.01375,0,0,0,0
29/07/2005,0,0,11.5393606384765,0,323.274062886852,0,0,0,0,0,508.333333333333,133.333333333333,0,0,0,0,0.01375,0.011,0.01375,0.01375,0,0,0,0
30/07/2005,0,0,11.5269024401251,0,324.172673002179,0,0,0,0,0,508.333333333333,133.333333333333,0,0,0,0,0.01375,0.011,0.01375,0.01375,0,0,0,0
31/07/2005,0,0,11.5168044478446,0,325.053951763886,0,0,0,0,0,508.333333333333,133.333333333333,0,0,0,0,0.01375,0.011,0.01375,0.01375,0,0,0,0
01/08/2005,0,0,11.5090696508551,0,325.917638294759,0,0,0,0,0,508.333333333333,133.333333333333,0,0,0,0,0.01375,0.011,0.01375,0.01375,0,0,0,0
02/08/2005,0,0,11.5037003388204,0,326.763476925256,0,0,0,0,0,508.333333333333,133.333333333333,0,0,0,0,0.01375,0.011,0.01375,0.01375,0,0,0,0
03/08/2005,0,0,11.500698101171,0,327.591217269194,0,0,0,0,0,508.333333333333,133.333333333333,0,0,0,0,0.01375,0.011,0.01375,0.01375,0,0,0,0
04/08/2005,0,0,11.5000638266329,0,328.400614297865,0,0,0,0,0,508.333333333333,133.333333333333,0,0,0,0,0.01375,0.011,0.01375,0.01375,0,0,0,0
05/08/2005,0,0,11.5017977029648,0,329.191428412574,0,0,0,0,0,508.333333333333,133.333333333333,0,0,0,0,0.01375,0.011,0.01375,0.01375,0,0,0,0
06/08/2005,0.000713240179829383,0.102195272225845,11.5058992169025,39.8507214886425,329.963425515561,0,8.12404052377847,32.4961620951139,2.44569274973933,0,508.333333333333,133.333333333333,21.6641080634093,73.1163647140062,1.0297653683113,2.96057543389498,0.01375,0.011,0.01375,0.01375,0,0,0,0
07/08/2005,0,0,11.5123671543109,0,330.716377079302,0,0,0,0,0,508.333333333333,133.333333333333,0,0,0,0,0.01375,0.011,0.01375,0.01375,0,0,0,0
08/08/2005,0,0,11.5211996005432,0,331.450060214155,0,0,0,0,0,508.333333333333,133.333333333333,0,0,0,0,0.01375,0.011,0.01375,0.01375,0,0,0,0
09/08/2005,0,0,11.532393941008,0,332.164257734344,0,0,0,0,0,508.333333333333,133.333333333333,0,0,0,0,0.01375,0.011,0.01375,0.01375,0,0,0,0
10/08/2005,0,0,11.5459468619428,0,332.858758222246,0,0,0,0,0,508.333333333333,133.333333333333,0,0,0,0,0.01375,0.011,0.01375,0.01375,0,0,0,0
11/08/2005,0,0,11.5618543513956,0,333.53335609098,0,0,0,0,0,508.333333333333,133.333333333333,0,0,0,0,0.01375,0.011,0.01375,0.01375,0,0,0,0
12/08/2005,0,0,11.5801117004118,0,334.187851645262,0,0,0,0,0,508.333333333333,133.333333333333,0,0,0,0,0.01375,0.011,0.01375,0.01375,0,0,0,0
13/08/2005,0,0,11.6007135044287,0,334.822051140518,0,0,0,0,0,508.333333333333,133.333333333333,0,0,0,0,0.01375,0.011,0.01375,0.01375,0,0,0,0
14/08/2005,0,0,11.6236536648752,0,335.43576684024,0,0,0,0,0,508.333333333333,133.333333333333,0,0,0,0,0.01375,0.011,0.01375,0.01375,0,0,0,0
15/08/2005,0,0,11.6489253909769,0,336.028817071558,0,0,0,0,0,508.333333333333,133.333333333333,0,0,0,0,0.01375,0.011,0.01375,0.01375,0,0,0,0
16/08/2005,0,0,11.6765212017667,0,336.601026279017,0,0,0,0,0,508.333333333333,133.333333333333,0,0,0,0,0.01375,0.011,0.01375,0.01375,0,0,0,0
17/08/2005,0,0,11.706432928299,0,337.152225076551,0,0,0,0,0,508.333333333333,133.333333333333,0,0,0,0,0.01375,0.011,0.01375,0.01375,0,0,0,0
18/08/2005,0,0,11.7386517160679,0,337.682250297619,0,0,0,0,0,508.333333333333,133.333333333333,0,0,0,0,0.01375,0.011,0.01375,0.01375,0,0,0,0
19/08/2005,0,0,11.7731680276286,0,338.190945043506,0,0,0,0,0,508.333333333333,133.333333333333,0,0,0,0,0.01375,0.011,0.01375,0.01375,0,0,0,0
20/08/2005,0,0,11.8099716454204,0,338.678158729775,0,0,0,0,0,508.333333333333,133.333333333333,0,0,0,0,0.01375,0.011,0.01375,0.01375,0,0,0,0
21/08/2005,0,0,11.8490516747915,0,339.143747130835,0,0,0,0,0,508.333333333333,133.333333333333,0,0,0,0,0.01375,0.011,0.01375,0.01375,0,0,0,0
22/08/2005,0,0,11.8903965472238,0,339.587572422639,0,0,0,0,0,508.333333333333,133.333333333333,0,0,0,0,0.01375,0.011,0.01375,0.01375,0,0,0,0
23/08/2005,0,0,11.9339940237578,0,340.009503223483,0,0,0,0,0,508.333333333333,133.333333333333,0,0,0,0,0.01375,0.011,0.01375,0.01375,0,0,0,0
24/08/2005,0,0,11.9798311986152,0,340.409414632895,0,0,0,0,0,508.333333333333,133.333333333333,0,0,0,0,0.01375,0.011,0.01375,0.01375,0,0,0,0
25/08/2005,0,0,12.0278945030197,0,340.787188268613,0,0,0,0,0,508.333333333333,133.333333333333,0,0,0,0,0.01375,0.011,0.01375,0.01375,0,0,0,0
26/08/2005,0,0,12.0781697092131,0,341.142712301624,0,0,0,0,0,508.333333333333,133.333333333333,0,0,0,0,0.01375,0.011,0.01375,0.01375,0,0,0,0
27/08/2005,0,0,12.1306419346675,0,341.47588148927,0,0,0,0,0,508.333333333333,133.333333333333,0,0,0,0,0.01375,0.011,0.01375,0.01375,0,0,0,0
28/08/2005,0,0,12.1852956464909,0,341.7865972064,0,0,0,0,0,508.333333333333,133.333333333333,0,0,0,0,0.01375,0.011,0.01375,0.01375,0,0,0,0
29/08/2005,0,0,12.2421146660246,0,342.07476747457,0,0,0,0,0,508.333333333333,133.333333333333,0,0,0,0,0.01375,0.011,0.01375,0.01375,0,0,0,0
30/08/2005,0,0,12.3010821736331,0,342.340306989265,0,0,0,0,0,508.333333333333,133.333333333333,0,0,0,0,0.01375,0.011,0.01375,0.01375,0,0,0,0
31/08/2005,0,0,12.362180713683,0,342.583137145153,0,0,0,0,0,508.333333333333,133.333333333333,0,0,0,0,0.01375,0.011,0.01375,0.01375,0,0,0,0
01/09/2005,0,0,12.4253921997097,0,342.803186059355,0,0,0,0,0,508.333333333333,133.333333333333,0,0,0,0,0.01375,0.011,0.01375,0.01375,0,0,0,0
02/09/2005,0,0,12.4906979197721,0,343.000388592724,0,0,0,0,0,508.333333333333,133.333333333333,0,0,0,0,0.01375,0.011,0.01375,0.01375,0,0,0,0
03/09/2005,0,0,12.5580785419912,0,343.174686369124,0,0,0,0,0,508.333333333333,133.333333333333,0,0,0,0,0.01375,0.011,0.01375,0.01375,0,0,0,0
04/09/2005,0.0069562875350254,0.181113790203272,12.6275141202729,34.4842622661775,343.326027792715,0,6.03483398547354,24.1393359418942,1.76323095287198,0,508.333333333333,133.333333333333,16.0928906279295,54.3135058692619,0.742413032788201,2.13443746926608,0.01375,0.011,0.01375,0.01375,0,0,0,0
05/09/2005,0.018102766262129,0.132039640100412,12.6989841002127,37.821304473172,343.454368063225,0,5.57820290261674,22.312811610467,1.5566211041574,0,508.333333333333,133.333333333333,14.8752077403113,50.2038261235506,0.6554194122768,1.8843308102958,0.01375,0.011,0.01375,0.01375,0,0,0,0
06/09/2005,0.00732638351530173,0.126181777314243,12.7724673251798,38.2196391426315,343.559669189209,0,6.47150848308999,25.88603393236,1.86845728393775,0,508.333333333333,133.333333333333,17.2573559549066,58.2435763478099,0.786718856394842,2.26181671213517,0.01375,0.011,0.01375,0.01375,0,0,0,0
07/09/2005,0,0,12.8479420425803,0,343.6418999993,0,0,0,0,0,508.333333333333,133.333333333333,0,0,0,0,0.01375,0.011,0.01375,0.01375,0,0,0,0
08/09/2005,0,0,12.9253859102962,0,343.701036151433,0,0,0,0,0,508.333333333333,133.333333333333,0,0,0,0,0.01375,0.011,0.01375,0.01375,0,0,0,0
09/09/2005,0,0,13.0047760032994,0,343.737060140052,0,0,0,0,0,508.333333333333,133.333333333333,0,0,0,0,0.01375,0.011,0.01375,0.01375,0,0,0,0
10/09/2005,0,0,13.0860888204375,0,343.749961301293,0,0,0,0,0,508.333333333333,133.333333333333,0,0,0,0,0.01375,0.011,0.01375,0.01375,0,0,0,0
11/09/2005,0.000255491107907066,0.101616918065202,13.1693002913912,39.8900495715663,343.739735816136,0,8.12899784515541,32.5159913806216,2.44725244031449,0,508.333333333333,133.333333333333,21.6773275870811,73.1609806063987,1.03042208013242,2.9624634803807,0.01375,0.011,0.01375,0.01375,0,0,0,0
12/09/2005,0.00219597739056575,0.100620364064399,13.2543857837993,39.9578152436209,343.706386711544,0,8.13753973659087,32.5501589463635,2.44993992142633,0,508.333333333333,133.333333333333,21.7001059642423,73.2378576293178,1.03155365112688,2.96571674698977,0.01375,0.011,0.01375,0.01375,0,0,0,0
13/09/2005,0,0,13.3413201105505,0,343.649923859559,0,0,0,0,0,508.333333333333,133.333333333333,0,0,0,0,0.01375,0.011,0.01375,0.01375,0,0,0,0
14/09/2005,0,0,13.4300775372393,0,343.570363974383,0,0,0,0,0,508.333333333333,133.333333333333,0,0,0,0,0.01375,0.011,0.01375,0.01375,0,0,0,0
15/09/2005,0,0,13.5206317897838,0,343.46773060743,0,0,0,0,0,508.333333333333,133.333333333333,0,0,0,0,0.01375,0.011,0.01375,0.01375,0,0,0,0
16/09/2005,0,0,13.6129560622039,0,343.342054140356,0,0,0,0,0,508.333333333333,133.333333333333,0,0,0,0,0.01375,0.011,0.01375,0.01375,0,0,0,0
17/09/2005,0.00132266945170736,0.100830043770201,13.7070230245555,39.9435570236263,343.193371776061,0,8.13574248196971,32.5429699278788,2.44937446260681,0,508.333333333333,133.333333333333,21.6953132852525,73.2216823377274,1.03131556320287,2.96503224420825,0.01375,0.011,0.01375,0.01375,0,0,0,0
18/09/2005,0.00666840072295943,0.107765232509255,13.8028048310218,39.4719641893707,343.021727527679,0,7.50177343279049,30.007093731162,2.22664563933799,0,508.333333333333,133.333333333333,20.004729154108,67.5159608951144,0.93753500603705,2.69541314235652,0.01375,0.011,0.01375,0.01375,0,0,0,0
19/09/2005,0.00126056380738547,0.100948289044426,13.9002731281556,39.935516344979,342.827172205552,0,8.13472895104777,32.5389158041911,2.44905558180277,0,508.333333333333,133.333333333333,21.6926105361274,73.21256055943,1.03118129760117,2.96464623060336,0.01375,0.011,0.01375,0.01375,0,0,0,0
20/09/2005,0.00055149024620492,0.101519494577701,13.9993990632724,39.8966743687163,342.609763402183,0,8.12983290361971,32.5193316144788,2.44751516946143,0,508.333333333333,133.333333333333,21.6795544096526,73.1684961325774,1.03053270293113,2.96278152092699,0.01375,0.011,0.01375,0.01375,0,0,0,0
21/09/2005,0.00183766416668885,0.100742752551791,14.100153292992,39.9494928264782,342.369565475191,0,8.13649069241322,32.5459627696529,2.44960986731195,0,508.333333333333,133.333333333333,21.6973085131019,73.228416231719,1.03141468097345,2.96531720779867,0.01375,0.011,0.01375,0.01375,0,0,0,0
22/09/2005,0,0,14.2025059919243,0,342.10664952826,0,0,0,0,0,508.333333333333,133.333333333333,0,0,0,0,0.01375,0.011,0.01375,0.01375,0,0,0,0
23/09/2005,0,0,14.3064268614986,0,341.821093390089,0,0,0,0,0,508.333333333333,133.333333333333,0,0,0,0,0.01375,0.011,0.01375,0.01375,0,0,0,0
24/09/2005,0,0,14.4118851389321,0,341.512981591355,0,0,0,0,0,508.333333333333,133.333333333333,0,0,0,0,0.01375,0.011,0.01375,0.01375,0,0,0,0
25/09/2005,0,0,14.5188496063369,0,341.182405339689,0,0,0,0,0,508.333333333333,133.333333333333,0,0,0,0,0.01375,0.011,0.01375,0.01375,0,0,0,0
26/09/2005,0.00660732479109181,0.159215013101911,14.6272885999607,35.9733791090701,340.829462492675,0,6.37063922104222,25.4825568841689,1.87271058716524,0,508.333333333333,133.333333333333,16.9883712561126,57.33575298938,0.78850972091168,2.26696544762108,0.01375,0.011,0.01375,0.01375,0,0,0,0
27/09/2005,0.0167710557085266,0.122596422439985,14.7371700195604,38.463443274081,340.454257528887,0,5.81648929956299,23.265957198252,1.63597749991466,0,508.333333333333,133.333333333333,15.510638132168,52.3484036960669,0.688832631543014,1.98039381568616,0.01375,0.011,0.01375,0.01375,0,0,0,0
28/09/2005,0.00711583846223662,0.118725095939394,14.8484613379039,38.7266934761212,340.056901516956,0,6.65280976717472,26.6112390686989,1.92916792186698,0,508.333333333333,133.333333333333,17.7408260457993,59.8752879045725,0.81228123025978,2.33530853699687,0.01375,0.011,0.01375,0.01375,0,0,0,0
29/09/2005,0.000209597255018651,0.101424624440303,14.9611296103994,39.9031255380594,339.637512082693,0,8.13064607622598,32.5225843049039,2.4477710127997,0,508.333333333333,133.333333333333,21.6817228699359,73.1758146860338,1.03064042644198,2.96309122602069,0.01375,0.011,0.01375,0.01375,0,0,0,0
30/09/2005,0.00241559117144741,0.100546573613843,15.0751414848473,39.9628329942587,339.19621337427,0,8.13817222616706,32.5526889046682,2.45013891760912,0,508.333333333333,133.333333333333,21.7017926031122,73.2435500355035,1.03163743899331,2.96595763710578,0.01375,0.011,0.01375,0.01375,0,0,0,0
01/10/2005,0,0,15.1904632113135,0,338.73313602547,0,0,0,0,0,508.333333333333,133.333333333333,0,0,0,0,0.01375,0.011,0.01375,0.01375,0,0,0,0
02/10/2005,0,0,15.3070606521197,0,338.248417117015,0,0,0,0,0,508.333333333333,133.333333333333,0,0,0,0,0.01375,0.011,0.01375,0.01375,0,0,0,0
03/10/2005,0,0,15.4248992919492,0,337.742200135988,0,0,0,0,0,508.333333333333,133.333333333333,0,0,0,0,0.01375,0.011,0.01375,0.01375,0,0,0,0
04/10/2005,0,0,15.5439442480639,0,337.214634933357,0,0,0,0,0,508.333333333333,133.333333333333,0,0,0,0,0.01375,0.011,0.01375,0.01375,0,0,0,0
05/10/2005,0,0,15.6641602806307,0,336.665877679617,0,0,0,0,0,508.333333333333,133.333333333333,0,0,0,0,0.01375,0.011,0.01375,0.01375,0,0,0,0
06/10/2005,0,0,15.7855118031529,0,336.096090818561,0,0,0,0,0,508.333333333333,133.333333333333,0,0,0,0,0.01375,0.011,0.01375,0.01375,0,0,0,0
07/10/2005,0,0,15.9079628930047,0,335.50544301919,0,0,0,0,0,508.333333333333,133.333333333333,0,0,0,0,0.01375,0.011,0.01375,0.01375,0,0,0,0
08/10/2005,0.000481205956993673,0.101150694171704,16.0314773020651,39.9217527963242,334.894109125787,0,8.13299404995683,32.5319761998273,2.44850974087889,0,508.333333333333,133.333333333333,21.6879841332182,73.1969464496115,1.03095146984374,2.96398547580076,0.01375,0.011,0.01375,0.01375,0,0,0,0
09/10/2005,0.00289087430727909,0.10044133866462,16.1560184674478,39.9699889708058,334.262270106158,0,8.13907424001754,32.5562969600702,2.45042271250444,0,508.333333333333,133.333333333333,21.7041979733801,73.2516681601579,1.03175693158082,2.96630117829485,0.01375,0.011,0.01375,0.01375,0,0,0,0
10/10/2005,0,0,16.2815495223251,0,333.610112998059,0,0,0,0,0,508.333333333333,133.333333333333,0,0,0,0,0.01375,0.011,0.01375,0.01375,0,0,0,0
11/10/2005,0,0,16.408033306841,0,332.937830853834,0,0,0,0,0,508.333333333333,133.333333333333,0,0,0,0,0.01375,0.011,0.01375,0.01375,0,0,0,0
12/10/2005,0.00447909675628183,0.123666799298129,16.5354323791111,38.3906576477273,332.245622683264,0,7.90436174026011,31.6174469610404,2.40579983100459,0,508.333333333333,133.333333333333,21.078297974027,71.139255662341,1.01296834989667,2.91228400595293,0.01375,0.011,0.01375,0.01375,0,0,0,0
13/10/2005,0.0121788290444518,0.114279017474088,16.6637090263067,39.029026811762,331.533693394657,0,6.25057332080708,25.0022932832283,1.78292382490239,0,508.333333333333,133.333333333333,16.6681955221522,56.2551598872637,0.750704768379953,2.15827620909236,0.01375,0.011,0.01375,0.01375,0,0,0,0
14/10/2005,5.49167155768951e-06,0.101953888994594,16.792825275818,39.8671355483676,330.802253734189,0,8.12610952290348,32.5044380916139,2.44634370580813,0,508.333333333333,133.333333333333,21.6696253944093,73.1349857061313,1.03003945507711,2.96136343334668,0.01375,0.011,0.01375,0.01375,0,0,0,0
15/10/2005,0.000380025390279159,0.101752233509613,16.9227429064953,39.8808481213463,330.051520223521,0,8.12783799848903,32.5113519939561,2.44688752511601,0,508.333333333333,133.333333333333,21.6742346626374,73.1505419864013,1.03026843162779,2.96202174092991,0.01375,0.011,0.01375,0.01375,0,0,0,0
16/10/2005,0,0,17.053423459963,0,329.281715095704,0,0,0,0,0,508.333333333333,133.333333333333,0,0,0,0,0.01375,0.011,0.01375,0.01375,0,0,0,0
17/10/2005,0.0183974428887723,0.125843820921869,17.1848282520041,38.2426201773129,328.49306622939,0,6.37308735713901,25.492349428556,1.8712719945073,0,508.333333333333,133.333333333333,16.9948996190374,57.3577862142511,0.787903997687286,2.26522399335095,0.01375,0.011,0.01375,0.01375,0,0,0,0
18/10/2005,0.0338198882985139,0.108144784502463,17.3169183840117,39.4461546538325,327.685807081381,0,5.71074554750521,22.8429821900209,1.58655196241121,0,508.333333333333,133.333333333333,15.2286547933472,51.3967099275469,0.668021878909982,1.9205629018662,0.01375,0.011,0.01375,0.01375,0,0,0,0
19/10/2005,0.00349267082503402,0.10039841201281,17.4496547545038,39.972907983129,326.860176617513,0,8.13944218274735,32.5577687309894,2.45053847599126,0,508.333333333333,133.333333333333,21.7051791539929,73.2549796447261,1.03180567410158,2.96644131304205,0.01375,0.011,0.01375,0.01375,0,0,0,0
20/10/2005,0.00451834329715491,0.121047307194534,17.5829980706979,38.5687831107717,326.016419241926,0,6.77880174745464,27.1152069898185,1.97622382916274,0,508.333333333333,133.333333333333,18.076804659879,61.0092157270917,0.832094243857996,2.39227095109174,0.01375,0.011,0.01375,0.01375,0,0,0,0
21/10/2005,0.0033817162089552,0.107933494037785,17.7169088601428,39.4605224054307,325.154784724706,0,8.09907692344706,32.3963076937883,2.44407360541868,0,508.333333333333,133.333333333333,21.5975384625255,72.8916923110236,1.02908362333418,2.95861541708577,0.01375,0.011,0.01375,0.01375,0,0,0,0
22/10/2005,0.00790254933356356,0.115523682308022,17.8513474824032,38.9443896030545,324.275528127956,0,6.95111769288673,27.8044707715469,2.03995477584838,0,508.333333333333,133.333333333333,18.536313847698,62.5600592359806,0.858928326673002,2.46941893918488,0.01375,0.011,0.01375,0.01375,0,0,0,0
23/10/2005,0.00560479239918682,0.100241720747756,17.986274140794,39.9835629891526,323.378909730285,0,8.14078525073352,32.5631410029341,2.45096103695121,0,508.333333333333,133.333333333333,21.7087606686227,73.2670672566017,1.03198359450577,2.9669528342041,0.01375,0.011,0.01375,0.01375,0,0,0,0
24/10/2005,0,0,18.1216488941613,0,322.465194949768,0,0,0,0,0,508.333333333333,133.333333333333,0,0,0,0,0.01375,0.011,0.01375,0.01375,0,0,0,0
25/10/2005,0,0,18.2574316687051,0,321.534654265367,0,0,0,0,0,508.333333333333,133.333333333333,0,0,0,0,0.01375,0.011,0.01375,0.01375,0,0,0,0
26/10/2005,0,0,18.393582269843,0,320.587563136873,0,0,0,0,0,508.333333333333,133.333333333333,0,0,0,0,0.01375,0.011,0.01375,0.01375,0,0,0,0
27/10/2005,0,0,18.5300603941077,0,319.624201923357,0,0,0,0,0,508.333333333333,133.333333333333,0,0,0,0,0.01375,0.011,0.01375,0.01375,0,0,0,0
28/10/2005,0,0,18.6668256410784,0,318.644855800181,0,0,0,0,0,508.333333333333,133.333333333333,0,0,0,0,0.01375,0.011,0.01375,0.01375,0,0,0,0
29/10/2005,0,0,18.8038375253397,0,317.64981467458,0,0,0,0,0,508.333333333333,133.333333333333,0,0,0,0,0.01375,0.011,0.01375,0.01375,0,0,0,0
30/10/2005,0.00284278630354398,0.128663748970211,18.9410554884664,38.0508650700256,316.639373099842,0,8.03546657775738,32.1418663110295,2.45342605618688,0,508.333333333333,133.333333333333,21.4279108740197,72.3191991998164,1.03302149734184,2.9699368048578,0.01375,0.011,0.01375,0.01375,0,0,0,0
31/10/2005,0.0307180301301096,0.114915758415805,19.0784389110296,38.9857284277252,315.613830188116,0,5.98979864056338,23.9591945622535,1.71166410962182,0,508.333333333333,133.333333333333,15.9727963748357,53.9081877650704,0.720700677735503,2.07201444848957,0.01375,0.011,0.01375,0.01375,0,0,0,0
01/11/2005,0.0355280630344262,0.107144746684384,19.2159471246209,39.5141572254619,314.573489521866,0,5.62486888476008,22.4994755390403,1.55529801600061,0,508.333333333333,133.333333333333,14.9996503593602,50.6238199628407,0.654862322526572,1.88272917726389,0.01375,0.011,0.01375,0.01375,0,0,0,0
02/11/2005,0.00049050650711329,0.100994403427224,19.353539423891,39.9323805669488,313.518659064006,0,8.13433368490951,32.537334739638,2.44893122172529,0,508.333333333333,133.333333333333,21.691556493092,73.2090031641856,1.03112893546328,2.96449568945693,0.01375,0.011,0.01375,0.01375,0,0,0,0
03/11/2005,0,0,19.4911750785997,0,312.449651066735,0,0,0,0,0,508.333333333333,133.333333333333,0,0,0,0,0.01375,0.011,0.01375,0.01375,0,0,0,0
04/11/2005,0,0,19.6288133456723,0,311.366781979106,0,0,0,0,0,508.333333333333,133.333333333333,0,0,0,0,0.01375,0.011,0.01375,0.01375,0,0,0,0
05/11/2005,0.0377220194136338,0.117721978078351,19.7664134812612,38.7949054906721,310.270372353347,0,6.77103330455172,27.0841332182069,2.08291631384965,0,508.333333333333,133.333333333333,18.0560888121379,60.9392997409655,0.877017395305116,2.52142501150221,0.01375,0.011,0.01375,0.01375,0,0,0,0
06/11/2005,0.0391807501511623,0.105646589427871,19.9039347528061,39.6160319189048,309.160746749974,0,5.74131340875027,22.9652536350011,1.59610457098869,0,508.333333333333,133.333333333333,15.3101690900007,51.6718206787524,0.672044029889976,1.93212658593368,0.01375,0.011,0.01375,0.01375,0,0,0,0
07/11/2005,0,0,20.0413364510926,0,308.038233641712,0,0,0,0,0,508.333333333333,133.333333333333,0,0,0,0,0.01375,0.011,0.01375,0.01375,0,0,0,0
08/11/2005,0.00801752591399803,0.119284763393934,20.178577902302,38.6886360892125,306.903165316262,0,7.29832936240984,29.1933174496394,2.183281588166,0,508.333333333333,133.333333333333,19.4622116330929,65.6849642616885,0.919276458175156,2.64291981725357,0.01375,0.011,0.01375,0.01375,0,0,0,0
09/11/2005,0.0104830700716649,0.101013044126964,20.3156184800527,39.9311129993665,305.755877777935,0,7.92788644462819,31.7115457785128,2.37529137311392,0,508.333333333333,133.333333333333,21.1410305190085,71.3509780016537,1.00012268341639,2.87535271482211,0.01375,0.011,0.01375,0.01375,0,0,0,0
10/11/2005,0,0,20.4524176174254,0,304.596710648189,0,0,0,0,0,508.333333333333,133.333333333333,0,0,0,0,0.01375,0.011,0.01375,0.01375,0,0,0,0
11/11/2005,0,0,20.5889348189725,0,303.42600706509,0,0,0,0,0,508.333333333333,133.333333333333,0,0,0,0,0.01375,0.011,0.01375,0.01375,0,0,0,0
12/11/2005,0,0,20.7251296727055,0,302.244113581744,0,0,0,0,0,508.333333333333,133.333333333333,0,0,0,0,0.01375,0.011,0.01375,0.01375,0,0,0,0
13/11/2005,0,0,20.8609618620575,0,301.051380063702,0,0,0,0,0,508.333333333333,133.333333333333,0,0,0,0,0.01375,0.011,0.01375,0.01375,0,0,0,0
14/11/2005,0,0,20.996391177818,0,299.848159585395,0,0,0,0,0,508.333333333333,133.333333333333,0,0,0,0,0.01375,0.011,0.01375,0.01375,0,0,0,0
15/11/2005,0,0,21.1313775300357,0,298.634808325618,0,0,0,0,0,508.333333333333,133.333333333333,0,0,0,0,0.01375,0.011,0.01375,0.01375,0,0,0,0
16/11/2005,0,0,21.2658809598859,0,297.411685462092,0,0,0,0,0,508.333333333333,133.333333333333,0,0,0,0,0.01375,0.011,0.01375,0.01375,0,0,0,0
17/11/2005,0.000130611427788141,0.101460264375891,21.399861651499,39.9007020224394,296.17915306514,0,8.13034059106379,32.5213623642552,2.44767489994115,0,508.333333333333,133.333333333333,21.6809082428368,73.1730653195741,1.03059995786996,2.96297487887613,0.01375,0.011,0.01375,0.01375,0,0,0,0
18/11/2005,0,0,21.5332799437473,0,294.937575990505,0,0,0,0,0,508.333333333333,133.333333333333,0,0,0,0,0.01375,0.011,0.01375,0.01375,0,0,0,0
19/11/2005,0,0,21.666096341985,0,293.68732177135,0,0,0,0,0,508.333333333333,133.333333333333,0,0,0,0,0.01375,0.011,0.01375,0.01375,0,0,0,0
20/11/2005,0,0,21.7982715297398,0,292.428760509454,0,0,0,0,0,508.333333333333,133.333333333333,0,0,0,0,0.01375,0.011,0.01375,0.01375,0,0,0,0
21/11/2005,0,0,21.9297663803513,0,291.162264765657,0,0,0,0,0,508.333333333333,133.333333333333,0,0,0,0,0.01375,0.011,0.01375,0.01375,0,0,0,0
22/11/2005,0.000190515386321395,0.101078001775348,22.0605419685534,39.9266958792763,289.888209449576,0,8.13361712763987,32.5344685105595,2.44870577585745,0,508.333333333333,133.333333333333,21.6896456737063,73.2025541487588,1.03103401088735,2.96422278130112,0.01375,0.011,0.01375,0.01375,0,0,0,0
23/11/2005,0.00433602799476322,0.132063624734518,22.1905595819968,37.8196735180528,288.606971708621,0,7.51724083506782,30.0689633402713,2.27022331585932,0,508.333333333333,133.333333333333,20.0459755601808,67.6551675156103,0.955883501414451,2.74816506656655,0.01375,0.011,0.01375,0.01375,0,0,0,0
24/11/2005,0.0109238080173062,0.113790389602903,22.3197807327088,39.0622535070026,287.31893081635,0,6.19599992915972,24.7839997166389,1.76314514599307,0,508.333333333333,133.333333333333,16.5226664777593,55.7639993624375,0.742376903576028,2.13433359778108,0.01375,0.011,0.01375,0.01375,0,0,0,0
25/11/2005,0.000868177937033074,0.101029720658229,22.4481671684868,39.9299789952404,286.024468060202,0,8.13403096578661,32.5361238631464,2.44883597912813,0,508.333333333333,133.333333333333,21.6907492420976,73.2062786920795,1.03108883331711,2.96438039578669,0.01375,0.011,0.01375,0.01375,0,0,0,0
26/11/2005,0.00976406684551403,0.115939208340935,22.5756808842214,38.9161338328164,284.723966628621,0,7.25167153872591,29.0066861549036,2.16296613167508,0,508.333333333333,133.333333333333,19.3377907699358,65.2650438485332,0.91072258175793,2.61832742255405,0.01375,0.011,0.01375,0.01375,0,0,0,0
27/11/2005,0.0430483418201706,0.109709662968742,22.7022841331467,39.3397429181255,283.417811497628,0,5.73909079307362,22.9563631722945,1.60695933268504,0,508.333333333333,133.333333333333,15.304242114863,51.6518171376626,0.676614455867386,1.94526656061873,0.01375,0.011,0.01375,0.01375,0,0,0,0
28/11/2005,0.16516239972711,0.123167620628782,22.8279394380145,38.4246017972428,282.10638931686,0,6.69211540377834,26.7684616151134,2.10173755494734,0,508.333333333333,133.333333333333,17.8456410767422,60.2290386340051,0.88494212839888,2.54420861914678,0.01375,0.011,0.01375,0.01375,0,0,0,0
29/11/2005,0.0884571551689965,0.166939706764781,22.9526096021881,35.4480999399949,280.79008829511,0,5.55813870241348,22.2325548096539,1.63797862100297,0,508.333333333333,133.333333333333,14.8217032064359,50.0232483217213,0.689675208843355,1.98281622542464,0.01375,0.011,0.01375,0.01375,0,0,0,0
30/11/2005,0.0199374453955643,0.315698422857548,23.0762577206533,25.3325072456867,279.469298085414,0,4.05157488440721,16.2062995376288,1.13646651211268,0,508.333333333333,133.333333333333,10.8041996917525,36.4641739596649,0.47851221562639,1.37572261992587,0.01375,0.011,0.01375,0.01375,0,0,0,0
01/12/2005,0.0116937773525415,0.2569676680893,23.1988471909432,29.3261985699276,278.144409669701,0,4.48519937295902,17.9407974918361,1.23043797504219,0,508.333333333333,133.333333333333,11.9605316612241,40.3667943566312,0.518079147386185,1.48947754873528,0.01375,0.011,0.01375,0.01375,0,0,0,0
02/12/2005,0.00104833571113824,0.1022301548362,23.3203417239731,39.8483494711384,276.815815243058,0,8.12374152997543,32.4949661199017,2.44559867921593,0,508.333333333333,133.333333333333,21.6633107466012,73.1136737697789,1.02972575966986,2.96046155905086,0.01375,0.011,0.01375,0.01375,0,0,0,0
03/12/2005,0.0454369246206429,0.173039579583314,23.4407053547832,35.0333085883347,275.483908097629,0,6.24349750240763,24.9739900096305,1.93225505854162,0,508.333333333333,133.333333333333,16.649326673087,56.1914775216686,0.813581077280683,2.33904559718196,0.01375,0.011,0.01375,0.01375,0,0,0,0
04/12/2005,0.0364480947312018,0.201173862786173,23.5599024531845,33.1201773305403,274.149082506192,0,4.85339143717301,19.413565748692,1.33131100031131,0,508.333333333333,133.333333333333,12.9423771657947,43.6805229345571,0.560552000131079,1.61158700037685,0.01375,0.011,0.01375,0.01375,0,0,0,0
05/12/2005,0,0,23.6778977343065,0,272.811733605447,0,0,0,0,0,508.333333333333,133.333333333333,0,0,0,0,0.01375,0.011,0.01375,0.01375,0,0,0,0
06/12/2005,0,0,23.794656269042,0,271.472257279049,0,0,0,0,0,508.333333333333,133.333333333333,0,0,0,0,0.01375,0.011,0.01375,0.01375,0,0,0,0
07/12/2005,0,0,23.9101434943871,0,270.131050040415,0,0,0,0,0,508.333333333333,133.333333333333,0,0,0,0,0.01375,0.011,0.01375,0.01375,0,0,0,0
08/12/2005,0.00137260398635356,0.102102731814338,24.0243252236724,39.857014236625,268.788508915348,0,8.12483372730567,32.4993349092227,2.44594231033295,0,508.333333333333,133.333333333333,21.6662232728151,73.123503545751,1.02987044645598,2.96087753356093,0.01375,0.011,0.01375,0.01375,0,0,0,0
09/12/2005,0,0,24.137167656683,0,267.445031324511,0,0,0,0,0,508.333333333333,133.333333333333,0,0,0,0,0.01375,0.011,0.01375,0.01375,0,0,0,0
10/12/2005,0,0,24.2486373896641,0,266.101014965779,0,0,0,0,0,508.333333333333,133.333333333333,0,0,0,0,0.01375,0.011,0.01375,0.01375,0,0,0,0
11/12/2005,0,0,24.3587014252095,0,264.756857696517,0,0,0,0,0,508.333333333333,133.333333333333,0,0,0,0,0.01375,0.011,0.01375,0.01375,0,0,0,0
12/12/2005,0,0,24.4673271820289,0,263.412957415799,0,0,0,0,0,508.333333333333,133.333333333333,0,0,0,0,0.01375,0.011,0.01375,0.01375,0,0,0,0
13/12/2005,0,0,24.5744825045931,0,262.069711946626,0,0,0,0,0,508.333333333333,133.333333333333,0,0,0,0,0.01375,0.011,0.01375,0.01375,0,0,0,0
14/12/2005,0,0,24.680135672653,0,260.727518918163,0,0,0,0,0,508.333333333333,133.333333333333,0,0,0,0,0.01375,0.011,0.01375,0.01375,0,0,0,0
15/12/2005,0,0,24.7842554106286,0,259.386775648026,0,0,0,0,0,508.333333333333,133.333333333333,0,0,0,0,0.01375,0.011,0.01375,0.01375,0,0,0,0
16/12/2005,0,0,24.8868108968681,0,258.047879024676,0,0,0,0,0,508.333333333333,133.333333333333,0,0,0,0,0.01375,0.011,0.01375,0.01375,0,0,0,0
17/12/2005,0.00851233495338603,0.111920966180249,24.9877717727713,39.1893742997431,256.711225389925,0,8.17013145392909,32.6805258157164,2.49351801730338,0,508.333333333333,133.333333333333,21.7870172104776,73.5311830853618,1.04990232307511,3.01846917884094,0.01375,0.011,0.01375,0.01375,0,0,0,0
18/12/2005,0.0253337756632281,0.120959644113832,25.0871081517765,38.5747442002594,255.377210421614,0,6.33527998873314,25.3411199549326,1.81689472828705,0,508.333333333333,133.333333333333,16.894079969955,57.0175198985983,0.765008306647177,2.19939888161063,0.01375,0.011,0.01375,0.01375,0,0,0,0
19/12/2005,0,0,25.1847906282074,0,254.046229016481,0,0,0,0,0,508.333333333333,133.333333333333,0,0,0,0,0.01375,0.011,0.01375,0.01375,0,0,0,0
20/12/2005,0,0,25.2807902859783,0,252.718675173266,0,0,0,0,0,508.333333333333,133.333333333333,0,0,0,0,0.01375,0.011,0.01375,0.01375,0,0,0,0
21/12/2005,0,0,25.3750787071532,0,251.394941876079,0,0,0,0,0,508.333333333333,133.333333333333,0,0,0,0,0.01375,0.011,0.01375,0.01375,0,0,0,0
22/12/2005,0,0,25.4676279803587,0,250.075420978066,0,0,0,0,0,508.333333333333,133.333333333333,0,0,0,0,0.01375,0.011,0.01375,0.01375,0,0,0,0
23/12/2005,0,0,25.5584107090458,0,248.760503085413,0,0,0,0,0,508.333333333333,133.333333333333,0,0,0,0,0.01375,0.011,0.01375,0.01375,0,0,0,0
24/12/2005,0,0,25.6474000196006,0,247.45057744172,0,0,0,0,0,508.333333333333,133.333333333333,0,0,0,0,0.01375,0.011,0.01375,0.01375,0,0,0,0
25/12/2005,0,0,25.7345695692986,0,246.146031812774,0,0,0,0,0,508.333333333333,133.333333333333,0,0,0,0,0.01375,0.011,0.01375,0.01375,0,0,0,0
26/12/2005,0,0,25.8198935541034,0,244.847252371766,0,0,0,0,0,508.333333333333,133.333333333333,0,0,0,0,0.01375,0.011,0.01375,0.01375,0,0,0,0
27/12/2005,0,0,25.9033467163048,0,243.55462358497,0,0,0,0,0,508.333333333333,133.333333333333,0,0,0,0,0.01375,0.011,0.01375,0.01375,0,0,0,0
28/12/2005,0,0,25.984904351996,0,242.268528097937,0,0,0,0,0,508.333333333333,133.333333333333,0,0,0,0,0.01375,0.011,0.01375,0.01375,0,0,0,0
29/12/2005,0,0,26.0645423183859,0,240.989346622224,0,0,0,0,0,508.333333333333,133.333333333333,0,0,0,0,0.01375,0.011,0.01375,0.01375,0,0,0,0
30/12/2005,0,0,26.1422370409468,0,239.717457822691,0,0,0,0,0,508.333333333333,133.333333333333,0,0,0,0,0.01375,0.011,0.01375,0.01375,0,0,0,0
31/12/2005,0,0,26.2179655203918,0,238.453238205414,0,0,0,0,0,508.333333333333,133.333333333333,0,0,0,0,0.01375,0.011,0.01375,0.01375,0,0,0,0
01/01/2006,0,0,26.3051371179797,0,236.96541410873,0,0,0,0,0,508.333333333333,133.333333333333,0,0,0,0,0.01375,0.011,0.01375,0.01375,0,0,0,0
02/01/2006,0,0,26.3764918925008,0,235.719251726306,0,0,0,0,0,508.333333333333,133.333333333333,0,0,0,0,0.01375,0.011,0.01375,0.01375,0,0,0,0
03/01/2006,0.000386675949183323,0.101090096037003,26.4458110794992,39.9258734694838,234.481942079986,0,8.13351346253997,32.5340538501599,2.44867316036473,0,508.333333333333,133.333333333333,21.6893692334399,73.2016211628598,1.03102027804831,2.96418329938888,0.01375,0.011,0.01375,0.01375,0,0,0,0
04/01/2006,0,0,26.5130741590243,0,233.253851439682,0,0,0,0,0,508.333333333333,133.333333333333,0,0,0,0,0.01375,0.011,0.01375,0.01375,0,0,0,0
05/01/2006,0.000287044453867893,0.102795165438415,26.5782612197774,39.8099287501878,232.035343346284,0,8.11889858195645,32.4755943278258,2.44407497320479,0,508.333333333333,133.333333333333,21.6503962185505,73.070087237608,1.02908419924412,2.95861707282685,0.01375,0.011,0.01375,0.01375,0,0,0,0
06/01/2006,0.00649139939931247,0.112557526478852,26.6413529650052,39.146088199438,230.826778504046,0,8.02300261778062,32.0920104711225,2.43098811477432,0,508.333333333333,133.333333333333,21.394673647415,72.2070235600256,1.02357394306287,2.94277508630576,0.01375,0.011,0.01375,0.01375,0,0,0,0
07/01/2006,0.0382140421955725,0.118828592600533,26.7023307182122,38.7196557031637,229.628514673805,0,5.77798719597559,23.1119487839024,1.62534433359385,0,508.333333333333,133.333333333333,15.4079658559349,52.0018847637803,0.684355508881622,1.96752208803466,0.01375,0.011,0.01375,0.01375,0,0,0,0
08/01/2006,0.0359569267824708,0.115833760672843,26.7611764286895,38.9233042742467,228.440906567085,0,5.64393882487081,22.5757552994833,1.56690721812182,0,508.333333333333,133.333333333333,15.0505035329888,50.7954494238373,0.659750407630242,1.89678242193694,0.01375,0.011,0.01375,0.01375,0,0,0,0
09/01/2006,0.00999016879661698,0.141675087459965,26.817872676858,37.1660940527224,227.264305741087,0,5.91198603358271,23.6479441343308,1.67995404954222,0,508.333333333333,133.333333333333,15.7652960895539,53.2078743022444,0.707349073491459,2.03362858628795,0.01375,0.011,0.01375,0.01375,0,0,0,0
10/01/2006,0.00444451363112075,0.100333732636963,26.8724026794253,39.9773061806865,226.099060494622,0,8.13999657739746,32.5599863095898,2.4507129016629,0,508.333333333333,133.333333333333,21.7066575397266,73.2599691965771,1.03187911648964,2.96665245990772,0.01375,0.011,0.01375,0.01375,0,0,0,0
11/01/2006,0.00174475811613589,0.100589974208618,26.9247502943533,39.959881753814,224.945515765012,0,8.13780022106898,32.5512008842759,2.45002187600515,0,508.333333333333,133.333333333333,21.7008005895173,73.2402019896209,1.03158815831796,2.96581595516412,0.01375,0.011,0.01375,0.01375,0,0,0,0
12/01/2006,0.00347879034958707,0.123864469653304,26.9749000256372,38.3772160635754,223.804013025974,0,8.06643386588474,32.2657354635389,2.46055129933254,0,508.333333333333,133.333333333333,21.510490309026,72.5979047929626,1.03602159971896,2.97856209919202,0.01375,0.011,0.01375,0.01375,0,0,0,0
13/01/2006,0.0138730332898156,0.137349700013514,27.0228370278924,37.4602203990811,222.674890186543,0,5.48815050673257,21.9526020269303,1.52306381088482,0,508.333333333333,133.333333333333,14.6350680179535,49.3933545605931,0.641290025635713,1.84370882370268,0.01375,0.011,0.01375,0.01375,0,0,0,0
14/01/2006,0.00146809970553388,0.100671787468134,27.0685471107489,39.9543184521669,221.55848149104,0,8.13709896455885,32.5483958582354,2.44980124411819,0,508.333333333333,133.333333333333,21.6989305721569,73.2338906810297,1.03149526068134,2.96554887445887,0.01375,0.011,0.01375,0.01375,0,0,0,0
15/01/2006,0.0122122006041562,0.130327574958975,27.1120167430522,37.9377249027897,220.45511742013,0,5.85425366716805,23.4170146686722,1.65008004033534,0,508.333333333333,133.333333333333,15.6113431124481,52.6882830045124,0.694770543299092,1.99746531198489,0.01375,0.011,0.01375,0.01375,0,0,0,0
16/01/2006,0.00191143880456754,0.100673860791676,27.1532330568687,39.9541774661661,219.365124592991,0,8.13708119321421,32.5483247728568,2.44979565283277,0,508.333333333333,133.333333333333,21.6988831819046,73.2337307389279,1.0314929064559,2.96554210606072,0.01375,0.011,0.01375,0.01375,0,0,0,0
17/01/2006,0.0158325782592507,0.146099593654077,27.1921838512949,36.8652276315228,218.28882567063,0,5.9362692478832,23.7450769915328,1.71220881667535,0,508.333333333333,133.333333333333,15.8300513276885,53.4264232309488,0.72093002807383,2.07267383071226,0.01375,0.011,0.01375,0.01375,0,0,0,0
18/01/2006,0.0487465364155595,0.123582197966715,27.2288575960691,38.3964105382634,217.226539260369,0,6.31965343027233,25.2786137210893,1.90333017435625,0,508.333333333333,133.333333333333,16.8524091473929,56.876880872451,0.801402178676317,2.30403126369441,0.01375,0.011,0.01375,0.01375,0,0,0,0
19/01/2006,0.060267974002577,0.120294596454015,27.2632434349846,38.619967441127,216.178579821526,0,6.8924742017681,27.5698968070724,2.17045605119761,0,508.333333333333,133.333333333333,18.3799312047149,62.0322678159129,0.913876232083204,2.62739416723921,0.01375,0.011,0.01375,0.01375,0,0,0,0
20/01/2006,0.0121502596462664,0.120569880563799,27.2953311891033,38.6012481216616,215.145257572335,0,6.38526211051649,25.541048442066,1.83554966472312,0,508.333333333333,133.333333333333,17.027365628044,57.4673589946485,0.772863016725525,2.22198117308588,0.01375,0.011,0.01375,0.01375,0,0,0,0
21/01/2006,0.000575901160582968,0.100938877702683,27.3251113597692,39.9361563162175,214.126878398107,0,8.13480961969129,32.5392384787651,2.44908096206631,0,508.333333333333,133.333333333333,21.6928256525101,73.2132865772216,1.03119198402792,2.96467695408027,0.01375,0.011,0.01375,0.01375,0,0,0,0
22/01/2006,0,0,27.3525751314198,0,213.12374376069,0,0,0,0,0,508.333333333333,133.333333333333,0,0,0,0,0.01375,0.011,0.01375,0.01375,0,0,0,0
23/01/2006,0,0,27.3777143741959,0,212.136150609223,0,0,0,0,0,508.333333333333,133.333333333333,0,0,0,0,0.01375,0.011,0.01375,0.01375,0,0,0,0
24/01/2006,0,0,27.4005216463481,0,211.164391292236,0,0,0,0,0,508.333333333333,133.333333333333,0,0,0,0,0.01375,0.011,0.01375,0.01375,0,0,0,0
25/01/2006,0.00126961551700357,0.389655960362144,27.4209901964399,20.3033946953742,210.208753471109,0,3.3622879983956,13.4491519935824,0.902863999105202,0,508.333333333333,133.333333333333,8.96610132905494,30.2605919855604,0.380153262781138,1.09294063049577,0.01375,0.011,0.01375,0.01375,0,0,0,0
26/01/2006,0.000950669132451954,0.100972831558516,27.4391139653462,39.9338474540209,209.269520034914,0,8.13451858664129,32.5380743465652,2.44898939618413,0,508.333333333333,133.333333333333,21.6920495643768,73.2106672797716,1.03115342997227,2.96456611117026,0.01375,0.011,0.01375,0.01375,0,0,0,0
27/01/2006,0,0,27.4548875880467,0,208.346969016682,0,0,0,0,0,508.333333333333,133.333333333333,0,0,0,0,0.01375,0.011,0.01375,0.01375,0,0,0,0
28/01/2006,0,0,27.4683063952143,0,207.441373511089,0,0,0,0,0,508.333333333333,133.333333333333,0,0,0,0,0.01375,0.011,0.01375,0.01375,0,0,0,0
29/01/2006,0,0,27.4793664145975,0,206.553001593623,0,0,0,0,0,508.333333333333,133.333333333333,0,0,0,0,0.01375,0.011,0.01375,0.01375,0,0,0,0
30/01/2006,0,0,27.4880643721958,0,205.682116241223,0,0,0,0,0,508.333333333333,133.333333333333,0,0,0,0,0.01375,0.011,0.01375,0.01375,0,0,0,0
31/01/2006,0,0,27.4943976932292,0,204.828975254433,0,0,0,0,0,508.333333333333,133.333333333333,0,0,0,0,0.01375,0.011,0.01375,0.01375,0,0,0,0
01/02/2006,0,0,27.4983645029001,0,203.993831181091,0,0,0,0,0,508.333333333333,133.333333333333,0,0,0,0,0.01375,0.011,0.01375,0.01375,0,0,0,0
02/02/2006,0,0,27.4999636269489,0,203.176931241564,0,0,0,0,0,508.333333333333,133.333333333333,0,0,0,0,0.01375,0.011,0.01375,0.01375,0,0,0,0
03/02/2006,1.15526968164557e-05,0.102315326464452,27.4991945920008,39.8425578004172,202.37851725557,0,8.12301148744755,32.4920459497902,2.44536899056683,0,508.333333333333,133.333333333333,21.6613639665268,73.107103387028,1.02962904865972,2.96018351489669,0.01375,0.011,0.01375,0.01375,0,0,0,0
04/02/2006,8.96564214994957e-05,0.102470354446497,27.4960576257065,39.8320158976382,201.59882557059,0,8.12168267617288,32.4867307046915,2.44495091510558,0,508.333333333333,133.333333333333,21.6578204697944,73.095144085556,1.02945301688656,2.95967742354885,0.01375,0.011,0.01375,0.01375,0,0,0,0
05/02/2006,0,0,27.4905536566747,0,200.838086991908,0,0,0,0,0,508.333333333333,133.333333333333,0,0,0,0,0.01375,0.011,0.01375,0.01375,0,0,0,0
06/02/2006,0,0,27.4826843141968,0,200.096526714289,0,0,0,0,0,508.333333333333,133.333333333333,0,0,0,0,0.01375,0.011,0.01375,0.01375,0,0,0,0
07/02/2006,0,0,27.4724519277653,0,199.374364255309,0,0,0,0,0,508.333333333333,133.333333333333,0,0,0,0,0.01375,0.011,0.01375,0.01375,0,0,0,0
08/02/2006,0,0,27.4598595263838,0,198.671813390382,0,0,0,0,0,508.333333333333,133.333333333333,0,0,0,0,0.01375,0.011,0.01375,0.01375,0,0,0,0
09/02/2006,0,0,27.4449108376702,0,197.989082089472,0,0,0,0,0,508.333333333333,133.333333333333,0,0,0,0,0.01375,0.011,0.01375,0.01375,0,0,0,0
10/02/2006,0,0,27.4276102867536,0,197.326372455532,0,0,0,0,0,508.333333333333,133.333333333333,0,0,0,0,0.01375,0.011,0.01375,0.01375,0,0,0,0
11/02/2006,0,0,27.4079629949642,0,196.683880664676,0,0,0,0,0,508.333333333333,133.333333333333,0,0,0,0,0.01375,0.011,0.01375,0.01375,0,0,0,0
12/02/2006,0,0,27.3859747783173,0,196.061796908109,0,0,0,0,0,508.333333333333,133.333333333333,0,0,0,0,0.01375,0.011,0.01375,0.01375,0,0,0,0
13/02/2006,0,0,27.3616521457917,0,195.460305335824,0,0,0,0,0,508.333333333333,133.333333333333,0,0,0,0,0.01375,0.011,0.01375,0.01375,0,0,0,0
14/02/2006,0,0,27.3350022974027,0,194.87958400209,0,0,0,0,0,508.333333333333,133.333333333333,0,0,0,0,0.01375,0.011,0.01375,0.01375,0,0,0,0
15/02/2006,0,0,27.3060331220709,0,194.319804812745,0,0,0,0,0,508.333333333333,133.333333333333,0,0,0,0,0.01375,0.011,0.01375,0.01375,0,0,0,0
16/02/2006,0,0,27.274753195287,0,193.781133474307,0,0,0,0,0,508.333333333333,133.333333333333,0,0,0,0,0.01375,0.011,0.01375,0.01375,0,0,0,0
17/02/2006,0.0188700558289008,0.115262961426611,27.2411717765731,38.9621186229904,193.263729444924,0,7.00083208081934,28.0033283232774,2.07667657585224,0,508.333333333333,133.333333333333,18.6688855488516,63.0074887273741,0.874390137200941,2.51387164445271,0.01375,0.011,0.01375,0.01375,0,0,0,0
18/02/2006,0.0478398632085703,0.109705582283002,27.2052988067417,39.3400204047559,192.767745887169,0,5.6966674677422,22.7866698709688,1.58238280413172,0,508.333333333333,133.333333333333,15.1911132473125,51.2700072096798,0.666266443844933,1.91551602605418,0.01375,0.011,0.01375,0.01375,0,0,0,0
19/02/2006,0,0,27.1671449049533,0,192.293329622699,0,0,0,0,0,508.333333333333,133.333333333333,0,0,0,0,0.01375,0.011,0.01375,0.01375,0,0,0,0
20/02/2006,0,0,27.1267213655722,0,191.840621088795,0,0,0,0,0,508.333333333333,133.333333333333,0,0,0,0,0.01375,0.011,0.01375,0.01375,0,0,0,0
21/02/2006,3.60068620866717e-05,0.101670705054405,27.0840401548241,39.8863920563005,191.409754296791,0,8.12853681381939,32.5141472552776,2.44710738895006,0,508.333333333333,133.333333333333,21.676098170185,73.1568313243745,1.03036100587371,2.96228789188691,0.01375,0.011,0.01375,0.01375,0,0,0,0
22/02/2006,0.00143098202533438,0.100641143771335,27.0391139072529,39.9564022235492,191.000856792401,0,8.13736162481712,32.5494464992685,2.44988388324891,0,508.333333333333,133.333333333333,21.6996309995123,73.2362546233541,1.03153005610481,2.96564891130132,0.01375,0.011,0.01375,0.01375,0,0,0,0
23/02/2006,0,0,26.9919559219814,0,190.614049617962,0,0,0,0,0,508.333333333333,133.333333333333,0,0,0,0,0.01375,0.011,0.01375,0.01375,0,0,0,0
24/02/2006,0,0,26.9425801587739,0,190.249447276606,0,0,0,0,0,508.333333333333,133.333333333333,0,0,0,0,0.01375,0.011,0.01375,0.01375,0,0,0,0
25/02/2006,0,0,26.891001233904,0,189.907157698364,0,0,0,0,0,508.333333333333,133.333333333333,0,0,0,0,0.01375,0.011,0.01375,0.01375,0,0,0,0
26/02/2006,0,0,26.8372344158281,0,189.587282208215,0,0,0,0,0,508.333333333333,133.333333333333,0,0,0,0,0.01375,0.011,0.01375,0.01375,0,0,0,0
27/02/2006,0.0181034259477936,0.13339630000518,26.7812956206654,37.7290515996478,189.28991549609,0,6.27340408130184,25.0936163252074,1.83823408032149,0,508.333333333333,133.333333333333,16.7290775501382,56.4606367317165,0.773993296977468,2.22523072881022,0.01375,0.011,0.01375,0.01375,0,0,0,0
28/02/2006,0.0310851880132395,0.112820428924479,26.7232014074861,39.1282108331355,189.015145588848,0,5.67313491937292,22.6925396774917,1.57568506502163,0,508.333333333333,133.333333333333,15.1283597849945,51.0582142743563,0.663446343167003,1.90740823660513,0.01375,0.011,0.01375,0.01375,0,0,0,0
01/03/2006,0.000922546021681422,0.100825162682486,26.6629689734102,39.943888937591,188.763053824211,0,8.13578431986441,32.5431372794576,2.4493876257982,0,508.333333333333,133.333333333333,21.6954248529718,73.2220588787797,1.03132110559924,2.96504817859782,0.01375,0.011,0.01375,0.01375,0,0,0,0
02/03/2006,0.154883117981991,0.119020644959755,26.6006161485163,38.7065961427366,188.533714826692,0,6.93139293308381,27.7255717323352,2.20264221749258,0,508.333333333333,133.333333333333,18.4837144882235,62.3825363977543,0.927428302102141,2.66635636854366,0.01375,0.011,0.01375,0.01375,0,0,0,0
03/03/2006,0.129417669677118,0.140409917332496,26.5361613905638,37.2521256213902,188.327196485501,0,5.68823733637932,22.7529493455173,1.66008068135968,0,508.333333333333,133.333333333333,15.1686328970115,51.1941360274139,0.698981339519864,2.00957135111961,0.01375,0.011,0.01375,0.01375,0,0,0,0
04/03/2006,0.0182424830474979,0.25522462204079,26.4696237795288,29.4447257012263,188.143559934448,0,4.57316464002374,18.2926585600949,1.27929328050308,0,508.333333333333,133.333333333333,12.19510570673,41.1584817602136,0.538649802317084,1.54861818166162,0.01375,0.011,0.01375,0.01375,0,0,0,0
05/03/2006,0.00498615932171039,0.411998369854461,26.4010230119562,18.7841108498967,187.98285953385,0,2.85117125227116,11.4046850090846,0.731766087229562,0,508.333333333333,133.333333333333,7.60312333938976,25.6605412704404,0.308112036728237,0.88582210559368,0.01375,0.011,0.01375,0.01375,0,0,0,0
06/03/2006,0,0,26.3303793951287,0,187.845142854435,0,0,0,0,0,508.333333333333,133.333333333333,0,0,0,0,0.01375,0.011,0.01375,0.01375,0,0,0,0
07/03/2006,0,0,26.2577138410562,0,187.730450663264,0,0,0,0,0,508.333333333333,133.333333333333,0,0,0,0,0.01375,0.011,0.01375,0.01375,0,0,0,0
08/03/2006,0,0,26.1830478602847,0,187.638816911658,0,0,0,0,0,508.333333333333,133.333333333333,0,0,0,0,0.01375,0.011,0.01375,0.01375,0,0,0,0
09/03/2006,0,0,26.1064035555288,0,187.570268725153,0,0,0,0,0,508.333333333333,133.333333333333,0,0,0,0,0.01375,0.011,0.01375,0.01375,0,0,0,0
10/03/2006,0,0,26.0278036151292,0,187.524826395466,0,0,0,0,0,508.333333333333,133.333333333333,0,0,0,0,0.01375,0.011,0.01375,0.01375,0,0,0,0
11/03/2006,0,0,25.9472713063363,0,187.502503374491,0,0,0,0,0,508.333333333333,133.333333333333,0,0,0,0,0.01375,0.011,0.01375,0.01375,0,0,0,0
12/03/2006,0,0,25.8648304684224,0,187.503306270316,0,0,0,0,0,508.333333333333,133.333333333333,0,0,0,0,0.01375,0.011,0.01375,0.01375,0,0,0,0
13/03/2006,0,0,25.7805055056248,0,187.527234845267,0,0,0,0,0,508.333333333333,133.333333333333,0,0,0,0,0.01375,0.011,0.01375,0.01375,0,0,0,0
14/03/2006,0,0,25.6943213799221,0,187.574282015978,0,0,0,0,0,508.333333333333,133.333333333333,0,0,0,0,0.01375,0.011,0.01375,0.01375,0,0,0,0
15/03/2006,0,0,25.6063036036443,0,187.644433855488,0,0,0,0,0,508.333333333333,133.333333333333,0,0,0,0,0.01375,0.011,0.01375,0.01375,0,0,0,0
16/03/2006,0.000395331228328554,0.101038334140824,25.516478231921,39.9293932784239,187.737669597364,0,8.13395713593579,32.5358285437432,2.44881275051055,0,508.333333333333,133.333333333333,21.6905523624954,73.2056142234221,1.03107905284655,2.96435227693382,0.01375,0.011,0.01375,0.01375,0,0,0,0
17/03/2006,0,0,25.4248718549683,0,187.853961641847,0,0,0,0,0,508.333333333333,133.333333333333,0,0,0,0,0.01375,0.011,0.01375,0.01375,0,0,0,0
18/03/2006,0,0,25.3315115902177,0,187.993275564026,0,0,0,0,0,508.333333333333,133.333333333333,0,0,0,0,0.01375,0.011,0.01375,0.01375,0,0,0,0
19/03/2006,0,0,25.2364250742888,0,188.155570124022,0,0,0,0,0,508.333333333333,133.333333333333,0,0,0,0,0.01375,0.011,0.01375,0.01375,0,0,0,0
20/03/2006,0.00474571501460984,0.177377023632101,25.1396404548081,34.7383623930171,188.340797279202,0,6.37519590642577,25.5007836257031,1.87963380238818,0,508.333333333333,133.333333333333,17.0005224171354,57.3767631578319,0.791424758900286,2.27534618183832,0.01375,0.011,0.01375,0.01375,0,0,0,0
21/03/2006,0.0109032880905583,0.146801828538866,25.0411863820767,36.8174756593571,188.548902198397,0,5.77685000586656,23.1074000234662,1.63149947484554,0,508.333333333333,133.333333333333,15.4049333489775,51.991650052799,0.686947147303384,1.97497304849723,0.01375,0.011,0.01375,0.01375,0,0,0,0
22/03/2006,0.000545493508836005,0.101126182831993,24.9410920005895,39.9234195674245,188.779823278136,0,8.13320414715434,32.5328165886174,2.44857584242727,0,508.333333333333,133.333333333333,21.6885443924116,73.1988373243891,1.03097930207464,2.96406549346459,0.01375,0.011,0.01375,0.01375,0,0,0,0
23/03/2006,0.000221760763643749,0.101314487376068,24.8393869404073,39.9106148584274,189.033492160877,0,8.13159010820513,32.5263604328205,2.44806802759228,0,508.333333333333,133.333333333333,21.684240288547,73.1843109738462,1.03076548530201,2.96345077024329,0.01375,0.011,0.01375,0.01375,0,0,0,0
24/03/2006,0,0,24.7361013083863,0,189.30983375525,0,0,0,0,0,508.333333333333,133.333333333333,0,0,0,0,0.01375,0.011,0.01375,0.01375,0,0,0,0
25/03/2006,0.00293766193341978,0.108218467761149,24.6312656792653,39.4411441922419,189.608766258277,0,8.09950907766683,32.3980363106673,2.44494959695122,0,508.333333333333,133.333333333333,21.5986908737782,72.8955816990015,1.0294524618742,2.95967582788832,0.01375,0.011,0.01375,0.01375,0,0,0,0
26/03/2006,0.0043449946289135,0.100229044374287,24.5249110866152,39.9844249825485,189.930201179595,0,8.14089390536325,32.563575621453,2.45099522226805,0,508.333333333333,133.333333333333,21.709050414302,73.2680451482693,1.03199798832339,2.96699421642975,0.01375,0.011,0.01375,0.01375,0,0,0,0
27/03/2006,0,0,24.4170690136522,0,190.274043367646,0,0,0,0,0,508.333333333333,133.333333333333,0,0,0,0,0.01375,0.011,0.01375,0.01375,0,0,0,0
28/03/2006,0,0,24.3077713839186,0,190.640191037846,0,0,0,0,0,508.333333333333,133.333333333333,0,0,0,0,0.01375,0.011,0.01375,0.01375,0,0,0,0
29/03/2006,0,0,24.1970505518319,0,191.028535802714,0,0,0,0,0,508.333333333333,133.333333333333,0,0,0,0,0.01375,0.011,0.01375,0.01375,0,0,0,0
30/03/2006,0,0,24.0849392931081,0,191.438962703959,0,0,0,0,0,508.333333333333,133.333333333333,0,0,0,0,0.01375,0.011,0.01375,0.01375,0,0,0,0
31/03/2006,0,0,23.9714707950588,0,191.871350246509,0,0,0,0,0,508.333333333333,133.333333333333,0,0,0,0,0.01375,0.011,0.01375,0.01375,0,0,0,0
01/04/2006,2.46115350072525e-05,0.101269606608839,23.8566786467673,39.913666750599,192.325570434476,0,8.13197480049567,32.5278992019827,2.44818906088713,0,508.333333333333,133.333333333333,21.6852661346551,73.187773204461,1.03081644668932,2.96359728423179,0.01375,0.011,0.01375,0.01375,0,0,0,0
02/04/2006,0,0,23.7405968291455,0,192.801488809045,0,0,0,0,0,508.333333333333,133.333333333333,0,0,0,0,0.01375,0.011,0.01375,0.01375,0,0,0,0
03/04/2006,0,0,23.6232597048746,0,193.298964488279,0,0,0,0,0,508.333333333333,133.333333333333,0,0,0,0,0.01375,0.011,0.01375,0.01375,0,0,0,0
04/04/2006,0,0,23.5047020082334,0,193.817850208819,0,0,0,0,0,508.333333333333,133.333333333333,0,0,0,0,0.01375,0.011,0.01375,0.01375,0,0,0,0
05/04/2006,0,0,23.3849588348159,0,194.357992369482,0,0,0,0,0,508.333333333333,133.333333333333,0,0,0,0,0.01375,0.011,0.01375,0.01375,0,0,0,0
06/04/2006,0,0,23.2640656311426,0,194.919231076725,0,0,0,0,0,508.333333333333,133.333333333333,0,0,0,0,0.01375,0.011,0.01375,0.01375,0,0,0,0
07/04/2006,0,0,23.142058184167,0,195.501400191981,0,0,0,0,0,508.333333333333,133.333333333333,0,0,0,0,0.01375,0.011,0.01375,0.01375,0,0,0,0
08/04/2006,0,0,23.0189726106826,0,196.10432738084,0,0,0,0,0,508.333333333333,133.333333333333,0,0,0,0,0.01375,0.011,0.01375,0.01375,0,0,0,0
09/04/2006,0,0,22.8948453466311,0,196.727834164057,0,0,0,0,0,508.333333333333,133.333333333333,0,0,0,0,0.01375,0.011,0.01375,0.01375,0,0,0,0
10/04/2006,0,0,22.7697131363166,0,197.371735970394,0,0,0,0,0,508.333333333333,133.333333333333,0,0,0,0,0.01375,0.011,0.01375,0.01375,0,0,0,0
11/04/2006,0,0,22.6436130215288,0,198.035842191253,0,0,0,0,0,508.333333333333,133.333333333333,0,0,0,0,0.01375,0.011,0.01375,0.01375,0,0,0,0
12/04/2006,0,0,22.5165823305776,0,198.7199562371,0,0,0,0,0,508.333333333333,133.333333333333,0,0,0,0,0.01375,0.011,0.01375,0.01375,0,0,0,0
13/04/2006,0,0,22.3886586672431,0,199.42387559566,0,0,0,0,0,508.333333333333,133.333333333333,0,0,0,0,0.01375,0.011,0.01375,0.01375,0,0,0,0
14/04/2006,0.0037700128774239,0.117862887123843,22.2598798996444,38.7853236755787,200.147391891864,0,8.10478097258603,32.4191238903441,2.4692452922515,0,508.333333333333,133.333333333333,21.6127492602294,72.9430287532743,1.03968222831642,2.98908640640971,0.01375,0.011,0.01375,0.01375,0,0,0,0
15/04/2006,0.00906533666023252,0.107545775080212,22.1302841490292,39.4868872945456,200.890290949537,0,7.4566000732135,29.826400292854,2.21040065618718,0,508.333333333333,133.333333333333,19.8842668619027,67.1094006589215,0.930695013131444,2.6757481627529,0.01375,0.011,0.01375,0.01375,0,0,0,0
16/04/2006,0,0,21.99990977849,0,201.652352854791,0,0,0,0,0,508.333333333333,133.333333333333,0,0,0,0,0.01375,0.011,0.01375,0.01375,0,0,0,0
17/04/2006,0,0,21.8687953816071,0,202.433352021133,0,0,0,0,0,508.333333333333,133.333333333333,0,0,0,0,0.01375,0.011,0.01375,0.01375,0,0,0,0
18/04/2006,0,0,21.7369797710241,0,203.233057256235,0,0,0,0,0,508.333333333333,133.333333333333,0,0,0,0,0.01375,0.011,0.01375,0.01375,0,0,0,0
19/04/2006,0,0,21.604501966959,0,204.051231830379,0,0,0,0,0,508.333333333333,133.333333333333,0,0,0,0,0.01375,0.011,0.01375,0.01375,0,0,0,0
20/04/2006,0.000358713528215938,0.100714308034598,21.4714011856532,39.9514270536473,204.887633546526,0,8.13673450256059,32.5469380102424,2.44968657575186,0,508.333333333333,133.333333333333,21.6979586734949,73.2306105230453,1.03144697926394,2.96541006538383,0.01375,0.011,0.01375,0.01375,0,0,0,0
21/04/2006,0.00239708969228254,0.10031547210731,21.3377168277622,39.9785478967029,205.742014812022,0,8.14015309622306,32.5606123848922,2.45076214618803,0,508.333333333333,133.333333333333,21.7070749232615,73.2613778660076,1.03189985102654,2.9667120717013,0.01375,0.011,0.01375,0.01375,0,0,0,0
22/04/2006,0,0,21.203488466693,0,206.614122711881,0,0,0,0,0,508.333333333333,133.333333333333,0,0,0,0,0.01375,0.011,0.01375,0.01375,0,0,0,0
23/04/2006,0,0,21.0687558368887,0,207.503699083657,0,0,0,0,0,508.333333333333,133.333333333333,0,0,0,0,0.01375,0.011,0.01375,0.01375,0,0,0,0
24/04/2006,0,0,20.9335588220669,0,208.410480593869,0,0,0,0,0,508.333333333333,133.333333333333,0,0,0,0,0.01375,0.011,0.01375,0.01375,0,0,0,0
25/04/2006,0,0,20.7979374434129,0,209.334198815945,0,0,0,0,0,508.333333333333,133.333333333333,0,0,0,0,0.01375,0.011,0.01375,0.01375,0,0,0,0
26/04/2006,0,0,20.6619318477328,0,210.274580309692,0,0,0,0,0,508.333333333333,133.333333333333,0,0,0,0,0.01375,0.011,0.01375,0.01375,0,0,0,0
27/04/2006,0,0,20.525582295569,0,211.231346702231,0,0,0,0,0,508.333333333333,133.333333333333,0,0,0,0,0.01375,0.011,0.01375,0.01375,0,0,0,0
28/04/2006,0,0,20.3889291492823,0,212.204214770406,0,0,0,0,0,508.333333333333,133.333333333333,0,0,0,0,0.01375,0.011,0.01375,0.01375,0,0,0,0
29/04/2006,0,0,20.2520128611039,0,213.192896524626,0,0,0,0,0,508.333333333333,133.333333333333,0,0,0,0,0.01375,0.011,0.01375,0.01375,0,0,0,0
30/04/2006,0.000483633114746866,0.100988707623195,20.1148739611606,39.9327678816227,214.19709929411,0,8.1343825060869,32.5375300243476,2.44894658202261,0,508.333333333333,133.333333333333,21.6916866828984,73.2094425547821,1.03113540295689,2.96451428350105,0.01375,0.011,0.01375,0.01375,0,0,0,0
01/05/2006,0,0,19.9775530454767,0,215.21652581353,0,0,0,0,0,508.333333333333,133.333333333333,0,0,0,0,0.01375,0.011,0.01375,0.01375,0,0,0,0
02/05/2006,0,0,19.8400907639575,0,216.250874311002,0,0,0,0,0,508.333333333333,133.333333333333,0,0,0,0,0.01375,0.011,0.01375,0.01375,0,0,0,0
03/05/2006,0,0,19.7025278083553,0,217.299838597422,0,0,0,0,0,508.333333333333,133.333333333333,0,0,0,0,0.01375,0.011,0.01375,0.01375,0,0,0,0
04/05/2006,0,0,19.5649049002241,0,218.363108157101,0,0,0,0,0,508.333333333333,133.333333333333,0,0,0,0,0.01375,0.011,0.01375,0.01375,0,0,0,0
05/05/2006,0,0,19.427262778865,0,219.440368239687,0,0,0,0,0,508.333333333333,133.333333333333,0,0,0,0,0.01375,0.011,0.01375,0.01375,0,0,0,0
06/05/2006,0,0,19.289642189267,0,220.531299953336,0,0,0,0,0,508.333333333333,133.333333333333,0,0,0,0,0.01375,0.011,0.01375,0.01375,0,0,0,0
07/05/2006,0,0,19.1520838700448,0,221.635580359109,0,0,0,0,0,508.333333333333,133.333333333333,0,0,0,0,0.01375,0.011,0.01375,0.01375,0,0,0,0
08/05/2006,0,0,19.0146285413801,0,222.752882566574,0,0,0,0,0,508.333333333333,133.333333333333,0,0,0,0,0.01375,0.011,0.01375,0.01375,0,0,0,0
09/05/2006,0,0,18.8773168929669,0,223.882875830567,0,0,0,0,0,508.333333333333,133.333333333333,0,0,0,0,0.01375,0.011,0.01375,0.01375,0,0,0,0
10/05/2006,0,0,18.7401895719671,0,225.025225649104,0,0,0,0,0,508.333333333333,133.333333333333,0,0,0,0,0.01375,0.011,0.01375,0.01375,0,0,0,0
11/05/2006,0,0,18.6032871709775,0,226.179593862396,0,0,0,0,0,508.333333333333,133.333333333333,0,0,0,0,0.01375,0.011,0.01375,0.01375,0,0,0,0
12/05/2006,0,0,18.466650216014,0,227.345638752956,0,0,0,0,0,508.333333333333,133.333333333333,0,0,0,0,0.01375,0.011,0.01375,0.01375,0,0,0,0
13/05/2006,0.000987175195733929,0.125096535617908,18.3303191545148,38.2934355779822,228.523015146753,0,7.99312519622188,31.9725007848875,2.42133408115913,0,508.333333333333,133.333333333333,21.3150005232584,71.9381267659969,1.01950908680384,2.93108862456105,0.01375,0.011,0.01375,0.01375,0,0,0,0
14/05/2006,0.00390661355191173,0.125048020827916,18.1943343433671,38.2967345837017,229.71137451539,0,6.75177978459687,27.0071191383875,1.96804355494876,0,508.333333333333,133.333333333333,18.0047460922583,60.7660180613718,0.828649917873164,2.38236851388535,0.01375,0.011,0.01375,0.01375,0,0,0,0
15/05/2006,0.000986625641676651,0.140846638960169,18.0587360369606,37.2224285507085,230.910365079275,0,7.88504452998519,31.5401781199407,2.39425913236386,0,508.333333333333,133.333333333333,21.0267854132938,70.9654007698667,1.00810910836373,2.89831368654572,0.01375,0.011,0.01375,0.01375,0,0,0,0
16/05/2006,0.00582218719710294,0.133129131036892,17.9235643752715,37.7472190894914,232.119631911759,0,6.33827728311021,25.3531091324408,1.82771979840406,0,508.333333333333,133.333333333333,16.9020727549606,57.0444955479919,0.769566230906972,2.21250291385754,0.01375,0.011,0.01375,0.01375,0,0,0,0
17/05/2006,0.00245132675194868,0.100302005170991,17.7888593719801,39.9794636483726,233.338817044198,0,8.14026852710579,32.5610741084231,2.45079846347436,0,508.333333333333,133.333333333333,21.7073827389488,73.2624167439521,1.03191514251552,2.96675603473212,0.01375,0.011,0.01375,0.01375,0,0,0,0
18/05/2006,0,0,17.6546609026259,0,234.567559571921,0,0,0,0,0,508.333333333333,133.333333333333,0,0,0,0,0.01375,0.011,0.01375,0.01375,0,0,0,0
19/05/2006,0,0,17.5210086928035,0,235.805495761065,0,0,0,0,0,508.333333333333,133.333333333333,0,0,0,0,0.01375,0.011,0.01375,0.01375,0,0,0,0
20/05/2006,0,0,17.3879423064033,0,237.052259156249,0,0,0,0,0,508.333333333333,133.333333333333,0,0,0,0,0.01375,0.011,0.01375,0.01375,0,0,0,0
21/05/2006,0.000357625090776225,0.101155895674792,17.2555011338993,39.9213990941141,238.307480689051,0,8.13294946564464,32.5317978625786,2.44849571359959,0,508.333333333333,133.333333333333,21.687865241719,73.1965451908018,1.03094556362088,2.96396849541003,0.01375,0.011,0.01375,0.01375,0,0,0,0
22/05/2006,0.00092989849027712,0.100624397504684,17.123724380689,39.9575409696815,239.57078878726,0,8.13750516424556,32.5500206569822,2.44992904414866,0,508.333333333333,133.333333333333,21.7000137713215,73.2375464782101,1.03154907122049,2.9657035797589,0.01375,0.011,0.01375,0.01375,0,0,0,0
23/05/2006,0,0,16.9926510554879,0,240.841809484872,0,0,0,0,0,508.333333333333,133.333333333333,0,0,0,0,0.01375,0.011,0.01375,0.01375,0,0,0,0
24/05/2006,0.000293549478668524,0.100982175613614,16.8623199587815,39.9332120582743,242.120166532788,0,8.13443849474046,32.5377539789618,2.44896419737748,0,508.333333333333,133.333333333333,21.6918359859746,73.2099464526641,1.03114281994841,2.96453560735169,0.01375,0.011,0.01375,0.01375,0,0,0,0
25/05/2006,0.001792237041709,0.100376632786852,16.7327696713403,39.9743889704941,243.405481510195,0,8.13962886182698,32.5585154473079,2.45059720964578,0,508.333333333333,133.333333333333,21.705676964872,73.2566597564429,1.03183040406138,2.96651241167647,0.01375,0.011,0.01375,0.01375,0,0,0,0
26/05/2006,0,0,16.6040385427983,0,244.697373936585,0,0,0,0,0,508.333333333333,133.333333333333,0,0,0,0,0.01375,0.011,0.01375,0.01375,0,0,0,0
27/05/2006,0,0,16.4761646803015,0,245.995461384384,0,0,0,0,0,508.333333333333,133.333333333333,0,0,0,0,0.01375,0.011,0.01375,0.01375,0,0,0,0
28/05/2006,0,0,16.3491859372266,0,247.299359592162,0,0,0,0,0,508.333333333333,133.333333333333,0,0,0,0,0.01375,0.011,0.01375,0.01375,0,0,0,0
29/05/2006,0,0,16.2231399019762,0,248.60868257838,0,0,0,0,0,508.333333333333,133.333333333333,0,0,0,0,0.01375,0.011,0.01375,0.01375,0,0,0,0
30/05/2006,0,0,16.0980638868514,0,249.92304275565,0,0,0,0,0,508.333333333333,133.333333333333,0,0,0,0,0.01375,0.011,0.01375,0.01375,0,0,0,0
31/05/2006,0,0,15.9739949170069,0,251.242051045467,0,0,0,0,0,508.333333333333,133.333333333333,0,0,0,0,0.01375,0.011,0.01375,0.01375,0,0,0,0
01/06/2006,0.000806092109412365,0.100642099096297,15.8509697194906,39.9563372614518,252.565316993389,0,8.13735343631745,32.5494137452698,2.44988130695321,0,508.333333333333,133.333333333333,21.6996091635132,73.2361809268571,1.03152897134872,2.96564579262757,0.01375,0.011,0.01375,0.01375,0,0,0,0
02/06/2006,0,0,15.7290247123716,0,253.892448884614,0,0,0,0,0,508.333333333333,133.333333333333,0,0,0,0,0.01375,0.011,0.01375,0.01375,0,0,0,0
03/06/2006,0.00351947698478825,0.122230362586319,15.6081959939597,38.4883353441303,255.223053859939,0,8.08871447167409,32.3548578866964,2.46969118597607,0,508.333333333333,133.333333333333,21.5699052577976,72.7984302450669,1.03986997304256,2.98962617249735,0.01375,0.011,0.01375,0.01375,0,0,0,0
04/06/2006,0.0109730974112839,0.11542306013702,15.4885193321197,38.9512319106826,256.556738032057,0,6.09849195122192,24.3939678048877,1.72919203672209,0,508.333333333333,133.333333333333,16.2626452032584,54.8864275609973,0.728080857567197,2.09323246550569,0.01375,0.011,0.01375,0.01375,0,0,0,0
05/06/2006,0.00366282709954379,0.163503700513073,15.370030153683,35.681748365111,257.89310660215,0,6.96059472948203,27.8423789179281,2.08419748305176,0,508.333333333333,133.333333333333,18.5615859452854,62.6453525653383,0.877556834969162,2.52297590053634,0.01375,0.011,0.01375,0.01375,0,0,0,0
06/06/2006,0.00928549757634332,0.123205062961567,15.2527635339609,38.4220557186135,259.231763976763,0,5.86084700202975,23.443388008119,1.64914485491445,0,508.333333333333,133.333333333333,15.628925338746,52.7476230182678,0.694376781016609,1.99633324542275,0.01375,0.011,0.01375,0.01375,0,0,0,0
07/06/2006,0.00186310411145175,0.100371852553662,15.1367541863612,39.974714026351,260.572313884907,0,8.13966983525432,32.5586793410173,2.45061010085529,0,508.333333333333,133.333333333333,21.7057862273449,73.2570285172889,1.03183583193907,2.96652801682482,0.01375,0.011,0.01375,0.01375,0,0,0,0
08/06/2006,0.000353379617262357,0.101115396014861,15.0220364521127,39.9241530709895,261.914359495362,0,8.1332966055869,32.5331864223476,2.44860493203734,0,508.333333333333,133.333333333333,21.6887909482317,73.1996694502822,1.03099155033151,2.9641007072031,0.01375,0.011,0.01375,0.01375,0,0,0,0
09/06/2006,0,0,14.908644290099,0,263.257503534148,0,0,0,0,0,508.333333333333,133.333333333333,0,0,0,0,0.01375,0.011,0.01375,0.01375,0,0,0,0
10/06/2006,0.000434406863577974,0.123444279744811,14.7966112668063,38.4057889773529,264.601348402127,0,7.9793482214014,31.9173928856056,2.40980743636763,0,508.333333333333,133.333333333333,21.2782619237371,71.8141339926126,1.01465576268111,2.91713531770819,0.01375,0.011,0.01375,0.01375,0,0,0,0
11/06/2006,0.00679759430542069,0.128121194757762,14.6859705463869,38.0877587564722,265.945496292702,0,6.52460534517307,26.0984213806923,1.89946030530942,0,508.333333333333,133.333333333333,17.3989475871282,58.7214481065576,0.79977276013028,2.29934668537456,0.01375,0.011,0.01375,0.01375,0,0,0,0
12/06/2006,0.00746201027712892,0.114472523588292,14.576754880842,39.0158683959961,267.289549309573,0,6.475557988262,25.902231953048,1.86347394965344,0,508.333333333333,133.333333333333,17.2681546353653,58.280021894358,0.784620610380397,2.25578425484364,0.01375,0.011,0.01375,0.01375,0,0,0,0
13/06/2006,0,0,14.4689966003261,0,268.633109584525,0,0,0,0,0,508.333333333333,133.333333333333,0,0,0,0,0.01375,0.011,0.01375,0.01375,0,0,0,0
14/06/2006,0,0,14.3627276035769,0,269.975779395208,0,0,0,0,0,508.333333333333,133.333333333333,0,0,0,0,0.01375,0.011,0.01375,0.01375,0,0,0,0
15/06/2006,0,0,14.2579793484726,0,271.317161282863,0,0,0,0,0,508.333333333333,133.333333333333,0,0,0,0,0.01375,0.011,0.01375,0.01375,0,0,0,0
16/06/2006,0,0,14.1547828427194,0,272.656858169988,0,0,0,0,0,508.333333333333,133.333333333333,0,0,0,0,0.01375,0.011,0.01375,0.01375,0,0,0,0
17/06/2006,0,0,14.0531686346731,0,273.994473477875,0,0,0,0,0,508.333333333333,133.333333333333,0,0,0,0,0.01375,0.011,0.01375,0.01375,0,0,0,0
18/06/2006,0,0,13.9531668042954,0,275.329611244008,0,0,0,0,0,508.333333333333,133.333333333333,0,0,0,0,0.01375,0.011,0.01375,0.01375,0,0,0,0
19/06/2006,0,0,13.8548069542502,0,276.661876239276,0,0,0,0,0,508.333333333333,133.333333333333,0,0,0,0,0.01375,0.011,0.01375,0.01375,0,0,0,0
20/06/2006,0,0,13.7581182011404,0,277.99087408497,0,0,0,0,0,508.333333333333,133.333333333333,0,0,0,0,0.01375,0.011,0.01375,0.01375,0,0,0,0
21/06/2006,0,0,13.6631291668888,0,279.316211369524,0,0,0,0,0,508.333333333333,133.333333333333,0,0,0,0,0.01375,0.011,0.01375,0.01375,0,0,0,0
22/06/2006,0.00619786503953017,0.151864488061251,13.5698679702651,36.4732148118349,280.637495764978,0,6.45551937867072,25.8220775146829,1.89856768891659,0,508.333333333333,133.333333333333,17.2147183431219,58.0996744080365,0.799396921649089,2.29826614974113,0.01375,0.011,0.01375,0.01375,0,0,0,0
23/06/2006,0.010890443583642,0.117120039927395,13.4783622185626,38.8358372849371,281.954336143113,0,5.69071031752315,22.7628412700926,1.58433607400487,0,508.333333333333,133.333333333333,15.1752275133951,51.2163928577083,0.66708887326521,1.91788051063748,0.01375,0.011,0.01375,0.01375,0,0,0,0
24/06/2006,0.00187981131103682,0.122026348747931,13.3886389994256,38.5022082851407,283.266342691233,0,8.02512753137238,32.1005101254895,2.43286657453856,0,508.333333333333,133.333333333333,21.4003400836597,72.2261477823514,1.02436487348992,2.94504901128352,0.01375,0.011,0.01375,0.01375,0,0,0,0
25/06/2006,0.00446605534379182,0.115540144379391,13.3007248728309,38.9432701822014,284.573127027558,0,6.72516477150298,26.9006590860119,1.95329424373622,0,508.333333333333,133.333333333333,17.9337727240079,60.5264829435268,0.822439681573146,2.36451408452279,0.01375,0.011,0.01375,0.01375,0,0,0,0
26/06/2006,0,0,13.2146458632257,0,285.874302316194,0,0,0,0,0,508.333333333333,133.333333333333,0,0,0,0,0.01375,0.011,0.01375,0.01375,0,0,0,0
27/06/2006,0,0,13.1304274518233,0,287.169483381644,0,0,0,0,0,508.333333333333,133.333333333333,0,0,0,0,0.01375,0.011,0.01375,0.01375,0,0,0,0
28/06/2006,0,0,13.0480945690608,0,288.458286822828,0,0,0,0,0,508.333333333333,133.333333333333,0,0,0,0,0.01375,0.011,0.01375,0.01375,0,0,0,0
29/06/2006,0,0,12.9676715872185,0,289.740331126578,0,0,0,0,0,508.333333333333,133.333333333333,0,0,0,0,0.01375,0.011,0.01375,0.01375,0,0,0,0
30/06/2006,0,0,12.8891823132057,0,291.015236780576,0,0,0,0,0,508.333333333333,133.333333333333,0,0,0,0,0.01375,0.011,0.01375,0.01375,0,0,0,0
01/07/2006,0,0,12.8126499815131,0,292.282626385693,0,0,0,0,0,508.333333333333,133.333333333333,0,0,0,0,0.01375,0.011,0.01375,0.01375,0,0,0,0
02/07/2006,0.000412143210256308,0.100893941646987,12.738097247335,39.9392119680049,293.542124767712,0,8.13519478588297,32.5407791435319,2.44920214446167,0,508.333333333333,133.333333333333,21.6938527623546,73.2167530729467,1.03124300819439,2.96482364855887,0.01375,0.011,0.01375,0.01375,0,0,0,0
03/07/2006,0,0,12.6655461798626,0,294.793359088383,0,0,0,0,0,508.333333333333,133.333333333333,0,0,0,0,0.01375,0.011,0.01375,0.01375,0,0,0,0
04/07/2006,0.000943975348258601,0.155295219289334,12.5950182557516,36.2399250883253,296.035958955797,0,7.78302295696757,31.1320918278703,2.36777849794458,0,508.333333333333,133.333333333333,20.7547278852469,70.0472066127081,0.996959367555614,2.86625818172239,0.01375,0.011,0.01375,0.01375,0,0,0,0
05/07/2006,0.0027222599554478,0.101168515455259,12.526534352764,39.9205409490424,297.269556534024,0,8.13480956948719,32.5392382779488,2.44958761793697,0,508.333333333333,133.333333333333,21.6928255186325,73.2132861253847,1.03140531281556,2.96529027434475,0.01375,0.011,0.01375,0.01375,0,0,0,0
06/07/2006,0.00168358962627772,0.100324069575656,12.4601147435886,39.9779632688554,298.493786652004,0,8.14007940363724,32.5603176145489,2.45073896075726,0,508.333333333333,133.333333333333,21.7068784096993,73.2607146327351,1.0318900887399,2.96668400512721,0.01375,0.011,0.01375,0.01375,0,0,0,0
07/07/2006,0,0,12.3957790898389,0,299.708286911643,0,0,0,0,0,508.333333333333,133.333333333333,0,0,0,0,0.01375,0.011,0.01375,0.01375,0,0,0,0
08/07/2006,0,0,12.3335464362339,0,300.91269779509,0,0,0,0,0,508.333333333333,133.333333333333,0,0,0,0,0.01375,0.011,0.01375,0.01375,0,0,0,0
09/07/2006,0,0,12.2734352049594,0,302.106662771168,0,0,0,0,0,508.333333333333,133.333333333333,0,0,0,0,0.01375,0.011,0.01375,0.01375,0,0,0,0
10/07/2006,0,0,12.2154631902157,0,303.289828400906,0,0,0,0,0,508.333333333333,133.333333333333,0,0,0,0,0.01375,0.011,0.01375,0.01375,0,0,0,0
11/07/2006,0,0,12.1596475529492,0,304.461844442171,0,0,0,0,0,508.333333333333,133.333333333333,0,0,0,0,0.01375,0.011,0.01375,0.01375,0,0,0,0
12/07/2006,0,0,12.1060048157731,0,305.622363953343,0,0,0,0,0,508.333333333333,133.333333333333,0,0,0,0,0.01375,0.011,0.01375,0.01375,0,0,0,0
13/07/2006,0,0,12.0545508580758,0,306.771043396021,0,0,0,0,0,508.333333333333,133.333333333333,0,0,0,0,0.01375,0.011,0.01375,0.01375,0,0,0,0
14/07/2006,0,0,12.0053009113207,0,307.907542736714,0,0,0,0,0,508.333333333333,133.333333333333,0,0,0,0,0.01375,0.011,0.01375,0.01375,0,0,0,0
15/07/2006,0.000111985278765007,0.101593319291845,11.9582695545372,39.8916542881545,309.031525547499,0,8.12920012035561,32.5168004814224,2.44731608087748,0,508.333333333333,133.333333333333,21.677866987615,73.1628010832005,1.03044887615894,2.96254051895694,0.01375,0.011,0.01375,0.01375,0,0,0,0
16/07/2006,0.0081876185827056,0.123916249177546,11.9134707100049,38.3736950559269,310.142659105614,0,6.63303571177451,26.532142847098,1.94470640302674,0,508.333333333333,133.333333333333,17.6880952313987,59.6973214059706,0.818823748642836,2.35411827734815,0.01375,0.011,0.01375,0.01375,0,0,0,0
17/07/2006,0.0128217049943885,0.108548960506894,11.8709176391324,39.4186706855312,311.240614491947,0,6.05869094687328,24.2347637874931,1.71117424203594,0,508.333333333333,133.333333333333,16.1565091916621,54.5282185218595,0.720494417699343,2.07142145088561,0.01375,0.011,0.01375,0.01375,0,0,0,0
18/07/2006,0.00316293217234453,0.122548381314461,11.8306229385318,38.4667100706166,312.325066688404,0,8.08600395485165,32.3440158194066,2.46884234670791,0,508.333333333333,133.333333333333,21.5626772129377,72.7740355936649,1.03951256703491,2.98859863022536,0.01375,0.011,0.01375,0.01375,0,0,0,0
19/07/2006,0.0143709958442986,0.113309356565243,11.7925985362894,39.0949637535635,313.395694674121,0,5.78078762854035,23.1231505141614,1.61653423299241,0,508.333333333333,133.333333333333,15.4154336761076,52.0270886568632,0.680645992838908,1.95685722941186,0.01375,0.011,0.01375,0.01375,0,0,0,0
20/07/2006,0.00311558493277404,0.100715909528953,11.7568556884352,39.9513181520312,314.452181520497,0,8.0777309906914,32.3109239627656,2.4286895904576,0,508.333333333333,133.333333333333,21.5406159751771,72.6995789162226,1.02260614335057,2.93999266213288,0.01375,0.011,0.01375,0.01375,0,0,0,0
21/07/2006,0.0010459867708473,0.10428140755139,11.7234049756106,39.7088642865055,315.494214485005,0,8.11223979282675,32.448959171307,2.44354518073041,0,508.333333333333,133.333333333333,21.632639447538,73.0101581354408,1.0288611287286,2.95797574509471,0.01375,0.011,0.01375,0.01375,0,0,0,0
22/07/2006,0.00256850263514521,0.111073930170646,11.6922562999366,39.246972748396,316.521485103776,0,8.07761662475753,32.3104664990301,2.43872661191524,0,508.333333333333,133.333333333333,21.5403109993534,72.6985496228178,1.02683225764852,2.9521427407395,0.01375,0.011,0.01375,0.01375,0,0,0,0
23/07/2006,0.00246675653866493,0.100228311329481,11.6634188820821,39.9844748295953,317.533689282906,0,8.14090018860445,32.5636007544178,2.45099719912437,0,508.333333333333,133.333333333333,21.7090671696119,73.2681016974401,1.03199882068394,2.96699660946634,0.01375,0.011,0.01375,0.01375,0,0,0,0
24/07/2006,0,0,11.6369012585347,0,318.530527388481,0,0,0,0,0,508.333333333333,133.333333333333,0,0,0,0,0.01375,0.011,0.01375,0.01375,0,0,0,0
25/07/2006,0.00796471679023275,0.141305663649189,11.6127112790737,37.1912148718551,319.511704335266,0,6.51647887366735,26.0659154946694,1.9258894360823,0,508.333333333333,133.333333333333,17.3772769964463,58.6483098630061,0.810900815192547,2.33133984367857,0.01375,0.011,0.01375,0.01375,0,0,0,0
26/07/2006,0.014359678602354,0.109339801148424,11.5908561044464,39.3648935219072,320.476929674065,0,5.68778611434365,22.7511444573746,1.57900318598994,0,508.333333333333,133.333333333333,15.1674296382497,51.1900750290928,0.664843446732607,1.91142490935625,0.01375,0.011,0.01375,0.01375,0,0,0,0
27/07/2006,0,0,11.5713422042482,0,321.425917677694,0,0,0,0,0,508.333333333333,133.333333333333,0,0,0,0,0.01375,0.011,0.01375,0.01375,0,0,0,0
28/07/2006,0,0,11.5541753550077,0,322.358387425568,0,0,0,0,0,508.333333333333,133.333333333333,0,0,0,0,0.01375,0.011,0.01375,0.01375,0,0,0,0
29/07/2006,0,0,11.5393606384765,0,323.274062886852,0,0,0,0,0,508.333333333333,133.333333333333,0,0,0,0,0.01375,0.011,0.01375,0.01375,0,0,0,0
30/07/2006,0,0,11.5269024401251,0,324.172673002179,0,0,0,0,0,508.333333333333,133.333333333333,0,0,0,0,0.01375,0.011,0.01375,0.01375,0,0,0,0
31/07/2006,0,0,11.5168044478446,0,325.053951763886,0,0,0,0,0,508.333333333333,133.333333333333,0,0,0,0,0.01375,0.011,0.01375,0.01375,0,0,0,0
01/08/2006,0,0,11.5090696508551,0,325.917638294759,0,0,0,0,0,508.333333333333,133.333333333333,0,0,0,0,0.01375,0.011,0.01375,0.01375,0,0,0,0
02/08/2006,0,0,11.5037003388204,0,326.763476925256,0,0,0,0,0,508.333333333333,133.333333333333,0,0,0,0,0.01375,0.011,0.01375,0.01375,0,0,0,0
03/08/2006,0,0,11.500698101171,0,327.591217269194,0,0,0,0,0,508.333333333333,133.333333333333,0,0,0,0,0.01375,0.011,0.01375,0.01375,0,0,0,0
04/08/2006,0,0,11.5000638266329,0,328.400614297865,0,0,0,0,0,508.333333333333,133.333333333333,0,0,0,0,0.01375,0.011,0.01375,0.01375,0,0,0,0
05/08/2006,0.00924866198910084,0.132678763728656,11.5017977029648,37.7778440664514,329.191428412574,0,6.56327047284097,26.2530818913639,1.94024008175107,0,508.333333333333,133.333333333333,17.5020545942426,59.0694342555687,0.816943192316241,2.34871167790919,0.01375,0.011,0.01375,0.01375,0,0,0,0
06/08/2006,0.017404477250398,0.105875617358789,11.5058992169025,39.6004580196024,329.963425515561,0,5.84356400897679,23.3742560359071,1.63278886003488,0,508.333333333333,133.333333333333,15.5828373572714,52.5920760807911,0.687490046330477,1.97653388320012,0.01375,0.011,0.01375,0.01375,0,0,0,0
07/08/2006,0.00153732636021831,0.100288931113297,11.5123671543109,39.9803526842958,330.716377079302,0,8.14038059045746,32.5615223618298,2.45083372125575,0,508.333333333333,133.333333333333,21.7076815745532,73.2634253141171,1.03192998789716,2.96679871520434,0.01375,0.011,0.01375,0.01375,0,0,0,0
08/08/2006,0,0,11.5211996005432,0,331.450060214155,0,0,0,0,0,508.333333333333,133.333333333333,0,0,0,0,0.01375,0.011,0.01375,0.01375,0,0,0,0
09/08/2006,0,0,11.532393941008,0,332.164257734344,0,0,0,0,0,508.333333333333,133.333333333333,0,0,0,0,0.01375,0.011,0.01375,0.01375,0,0,0,0
10/08/2006,0,0,11.5459468619428,0,332.858758222246,0,0,0,0,0,508.333333333333,133.333333333333,0,0,0,0,0.01375,0.011,0.01375,0.01375,0,0,0,0
11/08/2006,0,0,11.5618543513956,0,333.53335609098,0,0,0,0,0,508.333333333333,133.333333333333,0,0,0,0,0.01375,0.011,0.01375,0.01375,0,0,0,0
12/08/2006,0,0,11.5801117004118,0,334.187851645262,0,0,0,0,0,508.333333333333,133.333333333333,0,0,0,0,0.01375,0.011,0.01375,0.01375,0,0,0,0
13/08/2006,0,0,11.6007135044287,0,334.822051140518,0,0,0,0,0,508.333333333333,133.333333333333,0,0,0,0,0.01375,0.011,0.01375,0.01375,0,0,0,0
14/08/2006,0,0,11.6236536648752,0,335.43576684024,0,0,0,0,0,508.333333333333,133.333333333333,0,0,0,0,0.01375,0.011,0.01375,0.01375,0,0,0,0
15/08/2006,0,0,11.6489253909769,0,336.028817071558,0,0,0,0,0,508.333333333333,133.333333333333,0,0,0,0,0.01375,0.011,0.01375,0.01375,0,0,0,0
16/08/2006,0,0,11.6765212017667,0,336.601026279017,0,0,0,0,0,508.333333333333,133.333333333333,0,0,0,0,0.01375,0.011,0.01375,0.01375,0,0,0,0
17/08/2006,0,0,11.706432928299,0,337.152225076551,0,0,0,0,0,508.333333333333,133.333333333333,0,0,0,0,0.01375,0.011,0.01375,0.01375,0,0,0,0
18/08/2006,0,0,11.7386517160679,0,337.682250297619,0,0,0,0,0,508.333333333333,133.333333333333,0,0,0,0,0.01375,0.011,0.01375,0.01375,0,0,0,0
19/08/2006,0,0,11.7731680276286,0,338.190945043506,0,0,0,0,0,508.333333333333,133.333333333333,0,0,0,0,0.01375,0.011,0.01375,0.01375,0,0,0,0
20/08/2006,0,0,11.8099716454204,0,338.678158729775,0,0,0,0,0,508.333333333333,133.333333333333,0,0,0,0,0.01375,0.011,0.01375,0.01375,0,0,0,0
21/08/2006,0,0,11.8490516747915,0,339.143747130835,0,0,0,0,0,508.333333333333,133.333333333333,0,0,0,0,0.01375,0.011,0.01375,0.01375,0,0,0,0
22/08/2006,0,0,11.8903965472238,0,339.587572422639,0,0,0,0,0,508.333333333333,133.333333333333,0,0,0,0,0.01375,0.011,0.01375,0.01375,0,0,0,0
23/08/2006,0,0,11.9339940237578,0,340.009503223483,0,0,0,0,0,508.333333333333,133.333333333333,0,0,0,0,0.01375,0.011,0.01375,0.01375,0,0,0,0
24/08/2006,0.000907700352168424,0.138594055143386,11.9798311986152,37.3756042502497,340.409414632895,0,7.9085313688069,31.6341254752276,2.40272439716075,0,508.333333333333,133.333333333333,21.0894169834851,71.1767823192621,1.01167343038347,2.90856111235249,0.01375,0.011,0.01375,0.01375,0,0,0,0
25/08/2006,0.00277332569868513,0.100160888633195,12.0278945030197,39.9890595729427,340.787188268613,0,8.14147809742976,32.565912389719,2.45117902291177,0,508.333333333333,133.333333333333,21.7106082598127,73.2733028768678,1.03207537806811,2.96721671194583,0.01375,0.011,0.01375,0.01375,0,0,0,0
26/08/2006,0.0039807677967603,0.111957055084217,12.0781697092131,39.1869202542732,341.142712301624,0,7.68678150794957,30.7471260317983,2.30176229955038,0,508.333333333333,133.333333333333,20.4980840211989,69.1810335715462,0.969163073494899,2.78634383629783,0.01375,0.011,0.01375,0.01375,0,0,0,0
27/08/2006,0.00332302452720813,0.100138965031299,12.1306419346675,39.9905503778717,341.47588148927,0,8.14166601401744,32.5666640560698,2.45123814591559,0,508.333333333333,133.333333333333,21.7111093707132,73.274994126157,1.03210027196446,2.96728828189782,0.01375,0.011,0.01375,0.01375,0,0,0,0
28/08/2006,0,0,12.1852956464909,0,341.7865972064,0,0,0,0,0,508.333333333333,133.333333333333,0,0,0,0,0.01375,0.011,0.01375,0.01375,0,0,0,0
29/08/2006,0.000261373341852342,0.100860239526009,12.2421146660246,39.9415037122314,342.07476747457,0,8.13548366120564,32.5419346448226,2.4492930314718,0,508.333333333333,133.333333333333,21.6946230965484,73.2193529508508,1.03128127640918,2.96493366967639,0.01375,0.011,0.01375,0.01375,0,0,0,0
30/08/2006,0.00329569881658419,0.11097610887659,12.3010821736331,39.2536245963919,342.340306989265,0,8.09943863808868,32.3977545523547,2.45099390416983,0,508.333333333333,133.333333333333,21.5985030349032,72.8949477427982,1.03199743333466,2.96699262083716,0.01375,0.011,0.01375,0.01375,0,0,0,0
31/08/2006,0.00401151188135759,0.100115693686598,12.362180713683,39.9921328293114,342.583137145153,0,8.1418654826863,32.5674619307452,2.45130090347743,0,508.333333333333,133.333333333333,21.7116412871635,73.2767893441767,1.03212669620102,2.96736425157795,0.01375,0.011,0.01375,0.01375,0,0,0,0
01/09/2006,0,0,12.4253921997097,0,342.803186059355,0,0,0,0,0,508.333333333333,133.333333333333,0,0,0,0,0.01375,0.011,0.01375,0.01375,0,0,0,0
02/09/2006,0,0,12.4906979197721,0,343.000388592724,0,0,0,0,0,508.333333333333,133.333333333333,0,0,0,0,0.01375,0.011,0.01375,0.01375,0,0,0,0
03/09/2006,0,0,12.5580785419912,0,343.174686369124,0,0,0,0,0,508.333333333333,133.333333333333,0,0,0,0,0.01375,0.011,0.01375,0.01375,0,0,0,0
04/09/2006,0,0,12.6275141202729,0,343.326027792715,0,0,0,0,0,508.333333333333,133.333333333333,0,0,0,0,0.01375,0.011,0.01375,0.01375,0,0,0,0
05/09/2006,0.000937457360938994,0.100310474185706,12.6989841002127,39.978887755372,343.454368063225,0,8.14019593555109,32.5607837422044,2.45077562445403,0,508.333333333333,133.333333333333,21.7071891614696,73.2617634199598,1.03190552608591,2.96672838749699,0.01375,0.011,0.01375,0.01375,0,0,0,0
06/09/2006,0,0,12.7724673251798,0,343.559669189209,0,0,0,0,0,508.333333333333,133.333333333333,0,0,0,0,0.01375,0.011,0.01375,0.01375,0,0,0,0
07/09/2006,0.104354772916858,0.105650273598401,12.8479420425803,39.6157813953087,343.6418999993,0,6.92416483351271,27.6966593340508,2.17050571629015,0,508.333333333333,133.333333333333,18.4644395560339,62.3174835016144,0.913897143701116,2.62745428814071,0.01375,0.011,0.01375,0.01375,0,0,0,0
08/09/2006,0.0921364257700199,0.103671165331417,12.9253859102962,39.7503607574637,343.701036151433,0,5.45638848956531,21.8255539582612,1.49751967553411,0,508.333333333333,133.333333333333,14.5503693055075,49.1074964060878,0.63053460022489,1.81278697564656,0.01375,0.011,0.01375,0.01375,0,0,0,0
09/09/2006,0.04871068796521,0.145634825614898,13.0047760032994,36.8968318581869,343.737060140052,0,6.78224565774477,27.1289826309791,2.15789112979175,0,508.333333333333,133.333333333333,18.0859884206527,61.040210919703,0.908585738859682,2.61218399922159,0.01375,0.011,0.01375,0.01375,0,0,0,0
10/09/2006,0.273971276140642,0.146130303858392,13.0860888204375,36.8631393376293,343.749961301293,0,6.5810051209015,26.324020483606,2.09502450294859,0,508.333333333333,133.333333333333,17.5493469890707,59.2290460881135,0.882115580188881,2.53608229304303,0.01375,0.011,0.01375,0.01375,0,0,0,0
11/09/2006,0.350262432327851,0.163126970014973,13.1693002913912,35.7073660389818,343.739735816136,0,6.10370760901887,24.4148304360755,1.90494036849773,0,508.333333333333,133.333333333333,16.2765536240503,54.9333684811698,0.802080155156938,2.3059804460762,0.01375,0.011,0.01375,0.01375,0,0,0,0
12/09/2006,0.271845316688215,0.194385247554273,13.2543857837993,33.5818031663094,343.706386711544,0,5.73166434556935,22.9266573822774,1.78186722266553,0,508.333333333333,133.333333333333,15.2844382548516,51.5849791101242,0.750259883227592,2.15699716427933,0.01375,0.011,0.01375,0.01375,0,0,0,0
13/09/2006,0.117285143506922,0.304002919441086,13.3413201105505,26.1278014780061,343.649923859559,0,4.06206588660014,16.2482635464006,1.1703522070532,0,508.333333333333,133.333333333333,10.8321756976004,36.5585929794013,0.492779876653977,1.41674214538018,0.01375,0.011,0.01375,0.01375,0,0,0,0
14/09/2006,0.037952758241964,0.583863201342396,13.4300775372393,7.09730230871706,343.570363974383,0,1.12371805616012,4.49487222464048,0.211551107682196,0,508.333333333333,133.333333333333,2.99658148309365,10.1134625054411,0.0890741506030297,0.25608818298371,0.01375,0.011,0.01375,0.01375,0,0,0,0
15/09/2006,0.0300447955165053,0.6,13.5206317897838,6,343.46773060743,0,0.857142857142857,3.42857142857143,0.12258064516129,0,508.333333333333,133.333333333333,2.28571428571429,7.71428571428572,0.0516129032258065,0.148387096774194,0.01375,0.011,0.01375,0.01375,0,0,0,0
16/09/2006,0.0238262435918736,0.6,13.6129560622039,6,343.342054140356,0,0.857142857142857,3.42857142857143,0.12258064516129,0,508.333333333333,133.333333333333,2.28571428571429,7.71428571428571,0.0516129032258065,0.148387096774194,0.01375,0.011,0.01375,0.01375,0,0,0,0
17/09/2006,0.0203497030681249,0.6,13.7070230245555,6,343.193371776061,0,0.857142857142857,3.42857142857143,0.12258064516129,0,508.333333333333,133.333333333333,2.28571428571429,7.71428571428571,0.0516129032258065,0.148387096774194,0.01375,0.011,0.01375,0.01375,0,0,0,0
18/09/2006,0.0150757584349795,0.6,13.8028048310218,6,343.021727527679,0,0.857142857142857,3.42857142857143,0.12258064516129,0,508.333333333333,133.333333333333,2.28571428571429,7.71428571428572,0.0516129032258065,0.148387096774194,0.01375,0.011,0.01375,0.01375,0,0,0,0
19/09/2006,0.00997033186042228,0.6,13.9002731281556,6,342.827172205552,0,0.857142857142857,3.42857142857143,0.12258064516129,0,508.333333333333,133.333333333333,2.28571428571429,7.71428571428572,0.0516129032258065,0.148387096774194,0.01375,0.011,0.01375,0.01375,0,0,0,0
20/09/2006,0.00618904367085659,0.6,13.9993990632724,6,342.609763402183,0,0.857142857142857,3.42857142857143,0.12258064516129,0,508.333333333333,133.333333333333,2.28571428571429,7.71428571428572,0.0516129032258065,0.148387096774194,0.01375,0.011,0.01375,0.01375,0,0,0,0
21/09/2006,0.00747353853529831,0.6,14.100153292992,6,342.369565475191,0,0.857142857142857,3.42857142857143,0.12258064516129,0,508.333333333333,133.333333333333,2.28571428571429,7.71428571428572,0.0516129032258065,0.148387096774194,0.01375,0.011,0.01375,0.01375,0,0,0,0
22/09/2006,0,0,14.2025059919243,0,342.10664952826,0,0,0,0,0,508.333333333333,133.333333333333,0,0,0,0,0.01375,0.011,0.01375,0.01375,0,0,0,0
23/09/2006,0.000996405672963801,0.6,14.3064268614986,6,341.821093390089,0,0.857142857142857,3.42857142857143,0.12258064516129,0,508.333333333333,133.333333333333,2.28571428571429,7.71428571428572,0.0516129032258065,0.148387096774194,0.01375,0.011,0.01375,0.01375,0,0,0,0
24/09/2006,0,0,14.4118851389321,0,341.512981591355,0,0,0,0,0,508.333333333333,133.333333333333,0,0,0,0,0.01375,0.011,0.01375,0.01375,0,0,0,0
25/09/2006,0.00160172837229988,0.6,14.5188496063369,6,341.182405339689,0,0.857142857142857,3.42857142857143,0.12258064516129,0,508.333333333333,133.333333333333,2.28571428571429,7.71428571428572,0.0516129032258065,0.148387096774194,0.01375,0.011,0.01375,0.01375,0,0,0,0
26/09/2006,0.00345739077798783,0.6,14.6272885999607,6,340.829462492675,0,0.857142857142857,3.42857142857143,0.12258064516129,0,508.333333333333,133.333333333333,2.28571428571429,7.71428571428572,0.0516129032258065,0.148387096774194,0.01375,0.011,0.01375,0.01375,0,0,0,0
27/09/2006,0.000586252377675052,0.6,14.7371700195604,6,340.454257528887,0,0.857142857142857,3.42857142857143,0.12258064516129,0,508.333333333333,133.333333333333,2.28571428571429,7.71428571428572,0.0516129032258065,0.148387096774194,0.01375,0.011,0.01375,0.01375,0,0,0,0
28/09/2006,0.00034939713182942,0.6,14.8484613379039,6,340.056901516956,0,0.857142857142857,3.42857142857143,0.12258064516129,0,508.333333333333,133.333333333333,2.28571428571429,7.71428571428572,0.0516129032258065,0.148387096774194,0.01375,0.011,0.01375,0.01375,0,0,0,0
29/09/2006,0,0,14.9611296103994,0,339.637512082693,0,0,0,0,0,508.333333333333,133.333333333333,0,0,0,0,0.01375,0.011,0.01375,0.01375,0,0,0,0
30/09/2006,0,0,15.0751414848473,0,339.19621337427,0,0,0,0,0,508.333333333333,133.333333333333,0,0,0,0,0.01375,0.011,0.01375,0.01375,0,0,0,0
01/10/2006,0,0,15.1904632113135,0,338.73313602547,0,0,0,0,0,508.333333333333,133.333333333333,0,0,0,0,0.01375,0.011,0.01375,0.01375,0,0,0,0
02/10/2006,0,0,15.3070606521197,0,338.248417117015,0,0,0,0,0,508.333333333333,133.333333333333,0,0,0,0,0.01375,0.011,0.01375,0.01375,0,0,0,0
03/10/2006,0,0,15.4248992919492,0,337.742200135988,0,0,0,0,0,508.333333333333,133.333333333333,0,0,0,0,0.01375,0.011,0.01375,0.01375,0,0,0,0
04/10/2006,0,0,15.5439442480639,0,337.214634933357,0,0,0,0,0,508.333333333333,133.333333333333,0,0,0,0,0.01375,0.011,0.01375,0.01375,0,0,0,0
05/10/2006,0,0,15.6641602806307,0,336.665877679617,0,0,0,0,0,508.333333333333,133.333333333333,0,0,0,0,0.01375,0.011,0.01375,0.01375,0,0,0,0
06/10/2006,0,0,15.7855118031529,0,336.096090818561,0,0,0,0,0,508.333333333333,133.333333333333,0,0,0,0,0.01375,0.011,0.01375,0.01375,0,0,0,0
07/10/2006,0,0,15.9079628930047,0,335.50544301919,0,0,0,0,0,508.333333333333,133.333333333333,0,0,0,0,0.01375,0.011,0.01375,0.01375,0,0,0,0
08/10/2006,0,0,16.0314773020651,0,334.894109125787,0,0,0,0,0,508.333333333333,133.333333333333,0,0,0,0,0.01375,0.011,0.01375,0.01375,0,0,0,0
09/10/2006,0,0,16.1560184674478,0,334.262270106158,0,0,0,0,0,508.333333333333,133.333333333333,0,0,0,0,0.01375,0.011,0.01375,0.01375,0,0,0,0
10/10/2006,0,0,16.2815495223251,0,333.610112998059,0,0,0,0,0,508.333333333333,133.333333333333,0,0,0,0,0.01375,0.011,0.01375,0.01375,0,0,0,0
11/10/2006,0,0,16.408033306841,0,332.937830853834,0,0,0,0,0,508.333333333333,133.333333333333,0,0,0,0,0.01375,0.011,0.01375,0.01375,0,0,0,0
12/10/2006,0,0,16.5354323791111,0,332.245622683264,0,0,0,0,0,508.333333333333,133.333333333333,0,0,0,0,0.01375,0.011,0.01375,0.01375,0,0,0,0
13/10/2006,0,0,16.6637090263067,0,331.533693394657,0,0,0,0,0,508.333333333333,133.333333333333,0,0,0,0,0.01375,0.011,0.01375,0.01375,0,0,0,0
14/10/2006,0,0,16.792825275818,0,330.802253734189,0,0,0,0,0,508.333333333333,133.333333333333,0,0,0,0,0.01375,0.011,0.01375,0.01375,0,0,0,0
15/10/2006,0,0,16.9227429064953,0,330.051520223521,0,0,0,0,0,508.333333333333,133.333333333333,0,0,0,0,0.01375,0.011,0.01375,0.01375,0,0,0,0
16/10/2006,0.00394624589798912,0.39719576732218,17.053423459963,19.7906878220918,329.281715095704,0,3.10064570680771,12.4025828272308,0.815528068575985,0,508.333333333333,133.333333333333,8.26838855148723,27.9058113612694,0.343380239400415,0.987218188276192,0.01375,0.011,0.01375,0.01375,0,0,0,0
17/10/2006,0.00567897750773445,0.297134540021398,17.1848282520041,26.5948512785449,328.49306622939,0,4.02857251802431,16.1142900720973,1.08926505758258,0,508.333333333333,133.333333333333,10.7428600480648,36.2571526622188,0.458637918982139,1.31858401707365,0.01375,0.011,0.01375,0.01375,0,0,0,0
18/10/2006,0,0,17.3169183840117,0,327.685807081381,0,0,0,0,0,508.333333333333,133.333333333333,0,0,0,0,0.01375,0.011,0.01375,0.01375,0,0,0,0
19/10/2006,0,0,17.4496547545038,0,326.860176617513,0,0,0,0,0,508.333333333333,133.333333333333,0,0,0,0,0.01375,0.011,0.01375,0.01375,0,0,0,0
20/10/2006,0,0,17.5829980706979,0,326.016419241926,0,0,0,0,0,508.333333333333,133.333333333333,0,0,0,0,0.01375,0.011,0.01375,0.01375,0,0,0,0
21/10/2006,0.000660106431943424,0.104086650058193,17.7169088601428,39.7221077960429,325.154784724706,0,8.10181457304822,32.4072582921929,2.43855960236545,0,508.333333333333,133.333333333333,21.6048388614619,72.916331157434,1.02676193783808,2.95194057128449,0.01375,0.011,0.01375,0.01375,0,0,0,0
22/10/2006,1.10513043500198e-05,0.105661949973125,17.8513474824032,39.6149874018275,324.275528127956,0,8.0943261430875,32.37730457235,2.43634390265312,0,508.333333333333,133.333333333333,21.5848697149,72.8489352877875,1.02582901164342,2.94925840847483,0.01375,0.011,0.01375,0.01375,0,0,0,0
23/10/2006,0.000131543960129878,0.104221095012913,17.986274140794,39.7129655391219,323.378909730285,0,8.10667632846074,32.426705313843,2.44022956312647,0,508.333333333333,133.333333333333,21.617803542562,72.9600869561467,1.02746507921114,2.95396210273204,0.01375,0.011,0.01375,0.01375,0,0,0,0
24/10/2006,0,0,18.1216488941613,0,322.465194949768,0,0,0,0,0,508.333333333333,133.333333333333,0,0,0,0,0.01375,0.011,0.01375,0.01375,0,0,0,0
25/10/2006,0,0,18.2574316687051,0,321.534654265367,0,0,0,0,0,508.333333333333,133.333333333333,0,0,0,0,0.01375,0.011,0.01375,0.01375,0,0,0,0
26/10/2006,0,0,18.393582269843,0,320.587563136873,0,0,0,0,0,508.333333333333,133.333333333333,0,0,0,0,0.01375,0.011,0.01375,0.01375,0,0,0,0
27/10/2006,0,0,18.5300603941077,0,319.624201923357,0,0,0,0,0,508.333333333333,133.333333333333,0,0,0,0,0.01375,0.011,0.01375,0.01375,0,0,0,0
28/10/2006,0,0,18.6668256410784,0,318.644855800181,0,0,0,0,0,508.333333333333,133.333333333333,0,0,0,0,0.01375,0.011,0.01375,0.01375,0,0,0,0
29/10/2006,0,0,18.8038375253397,0,317.64981467458,0,0,0,0,0,508.333333333333,133.333333333333,0,0,0,0,0.01375,0.011,0.01375,0.01375,0,0,0,0
30/10/2006,0,0,18.9410554884664,0,316.639373099842,0,0,0,0,0,508.333333333333,133.333333333333,0,0,0,0,0.01375,0.011,0.01375,0.01375,0,0,0,0
31/10/2006,0,0,19.0784389110296,0,315.613830188116,0,0,0,0,0,508.333333333333,133.333333333333,0,0,0,0,0.01375,0.011,0.01375,0.01375,0,0,0,0
01/11/2006,0,0,19.2159471246209,0,314.573489521866,0,0,0,0,0,508.333333333333,133.333333333333,0,0,0,0,0.01375,0.011,0.01375,0.01375,0,0,0,0
02/11/2006,0,0,19.353539423891,0,313.518659064006,0,0,0,0,0,508.333333333333,133.333333333333,0,0,0,0,0.01375,0.011,0.01375,0.01375,0,0,0,0
03/11/2006,0,0,19.4911750785997,0,312.449651066735,0,0,0,0,0,508.333333333333,133.333333333333,0,0,0,0,0.01375,0.011,0.01375,0.01375,0,0,0,0
04/11/2006,0.00208460872277418,0.356592649438941,19.6288133456723,22.551699838152,311.366781979106,0,3.63511909442654,14.5404763777062,0.982442452347055,0,508.333333333333,133.333333333333,9.69365091847078,32.7160718498389,0.413659979935602,1.18927244231486,0.01375,0.011,0.01375,0.01375,0,0,0,0
05/11/2006,0.0187621879560714,0.173829621517626,19.7664134812612,34.9795857368014,310.270372353347,0,5.51120278763324,22.044811150533,1.57151072994526,0,508.333333333333,133.333333333333,14.696540767022,49.6008250886992,0.661688728398004,1.90235509414426,0.01375,0.011,0.01375,0.01375,0,0,0,0
06/11/2006,0.0364425220917319,0.1412378847577,19.9039347528061,37.1958238364764,309.160746749974,0,5.31753495748067,21.2701398299227,1.46800436949845,0,508.333333333333,133.333333333333,14.1800932199485,47.8578146173261,0.618107102946715,1.77705792097181,0.01375,0.011,0.01375,0.01375,0,0,0,0
07/11/2006,0.0149277590065367,0.1497813319103,20.0413364510926,36.6148694300996,308.038233641712,0,5.76124020259047,23.0449608103619,1.62754298287682,0,508.333333333333,133.333333333333,15.3633072069079,51.8511618233142,0.685281255948136,1.97018361085089,0.01375,0.011,0.01375,0.01375,0,0,0,0
08/11/2006,0.00117540372035299,0.101858651554982,20.178577902302,39.8736116942612,306.903165316262,0,8.12692584381444,32.5077033752577,2.44660053967753,0,508.333333333333,133.333333333333,21.6718022501718,73.1423325943299,1.0301475956537,2.96167433750438,0.01375,0.011,0.01375,0.01375,0,0,0,0
09/11/2006,0,0,20.3156184800527,0,305.755877777935,0,0,0,0,0,508.333333333333,133.333333333333,0,0,0,0,0.01375,0.011,0.01375,0.01375,0,0,0,0
10/11/2006,0,0,20.4524176174254,0,304.596710648189,0,0,0,0,0,508.333333333333,133.333333333333,0,0,0,0,0.01375,0.011,0.01375,0.01375,0,0,0,0
11/11/2006,0,0,20.5889348189725,0,303.42600706509,0,0,0,0,0,508.333333333333,133.333333333333,0,0,0,0,0.01375,0.011,0.01375,0.01375,0,0,0,0
12/11/2006,0,0,20.7251296727055,0,302.244113581744,0,0,0,0,0,508.333333333333,133.333333333333,0,0,0,0,0.01375,0.011,0.01375,0.01375,0,0,0,0
13/11/2006,0,0,20.8609618620575,0,301.051380063702,0,0,0,0,0,508.333333333333,133.333333333333,0,0,0,0,0.01375,0.011,0.01375,0.01375,0,0,0,0
14/11/2006,0,0,20.996391177818,0,299.848159585395,0,0,0,0,0,508.333333333333,133.333333333333,0,0,0,0,0.01375,0.011,0.01375,0.01375,0,0,0,0
15/11/2006,0,0,21.1313775300357,0,298.634808325618,0,0,0,0,0,508.333333333333,133.333333333333,0,0,0,0,0.01375,0.011,0.01375,0.01375,0,0,0,0
16/11/2006,0.000207576730882559,0.103017029000932,21.2658809598859,39.7948420279366,297.411685462092,0,8.11699689427772,32.4679875771109,2.44347665727491,0,508.333333333333,133.333333333333,21.6453250514073,73.0529720484995,1.02883227674733,2.95789279564857,0.01375,0.011,0.01375,0.01375,0,0,0,0
17/11/2006,0.00230537790724653,0.100978102770609,21.399861651499,39.9334890115986,296.17915306514,0,8.13447340482335,32.5378936192934,2.44897518091539,0,508.333333333333,133.333333333333,21.6919290795289,73.2102606434102,1.03114744459595,2.96454890321337,0.01375,0.011,0.01375,0.01375,0,0,0,0
18/11/2006,0.000284968036738037,0.102390337973723,21.5332799437473,39.8374570177868,294.937575990505,0,8.1223685316538,32.4894741266152,2.44516670146441,0,508.333333333333,133.333333333333,21.6596494177435,73.1013167848842,1.0295438743008,2.95993863861481,0.01375,0.011,0.01375,0.01375,0,0,0,0
19/11/2006,0,0,21.666096341985,0,293.68732177135,0,0,0,0,0,508.333333333333,133.333333333333,0,0,0,0,0.01375,0.011,0.01375,0.01375,0,0,0,0
20/11/2006,0,0,21.7982715297398,0,292.428760509454,0,0,0,0,0,508.333333333333,133.333333333333,0,0,0,0,0.01375,0.011,0.01375,0.01375,0,0,0,0
21/11/2006,0,0,21.9297663803513,0,291.162264765657,0,0,0,0,0,508.333333333333,133.333333333333,0,0,0,0,0.01375,0.011,0.01375,0.01375,0,0,0,0
22/11/2006,0,0,22.0605419685534,0,289.888209449576,0,0,0,0,0,508.333333333333,133.333333333333,0,0,0,0,0.01375,0.011,0.01375,0.01375,0,0,0,0
23/11/2006,0,0,22.1905595819968,0,288.606971708621,0,0,0,0,0,508.333333333333,133.333333333333,0,0,0,0,0.01375,0.011,0.01375,0.01375,0,0,0,0
24/11/2006,0,0,22.3197807327088,0,287.31893081635,0,0,0,0,0,508.333333333333,133.333333333333,0,0,0,0,0.01375,0.011,0.01375,0.01375,0,0,0,0
25/11/2006,0,0,22.4481671684868,0,286.024468060202,0,0,0,0,0,508.333333333333,133.333333333333,0,0,0,0,0.01375,0.011,0.01375,0.01375,0,0,0,0
26/11/2006,0,0,22.5756808842214,0,284.723966628621,0,0,0,0,0,508.333333333333,133.333333333333,0,0,0,0,0.01375,0.011,0.01375,0.01375,0,0,0,0
27/11/2006,0,0,22.7022841331467,0,283.417811497628,0,0,0,0,0,508.333333333333,133.333333333333,0,0,0,0,0.01375,0.011,0.01375,0.01375,0,0,0,0
28/11/2006,0,0,22.8279394380145,0,282.10638931686,0,0,0,0,0,508.333333333333,133.333333333333,0,0,0,0,0.01375,0.011,0.01375,0.01375,0,0,0,0
29/11/2006,0,0,22.9526096021881,0,280.79008829511,0,0,0,0,0,508.333333333333,133.333333333333,0,0,0,0,0.01375,0.011,0.01375,0.01375,0,0,0,0
30/11/2006,0,0,23.0762577206533,0,279.469298085414,0,0,0,0,0,508.333333333333,133.333333333333,0,0,0,0,0.01375,0.011,0.01375,0.01375,0,0,0,0
01/12/2006,0,0,23.1988471909432,0,278.144409669701,0,0,0,0,0,508.333333333333,133.333333333333,0,0,0,0,0.01375,0.011,0.01375,0.01375,0,0,0,0
02/12/2006,0,0,23.3203417239731,0,276.815815243058,0,0,0,0,0,508.333333333333,133.333333333333,0,0,0,0,0.01375,0.011,0.01375,0.01375,0,0,0,0
03/12/2006,0.0235089368708587,0.145325165917935,23.4407053547832,36.9178887175804,275.483908097629,0,5.91421550159103,23.6568620063641,1.71189919696871,0,508.333333333333,133.333333333333,15.7712413375761,53.2279395143193,0.720799661881563,2.07229902790949,0.01375,0.011,0.01375,0.01375,0,0,0,0
04/12/2006,0.0337339976411095,0.123904310544573,23.5599024531845,38.374506882969,274.149082506192,0,5.62370359178607,22.4948143671443,1.56411886995167,0,508.333333333333,133.333333333333,14.9965429114295,50.6133323260746,0.658576366295439,1.89340705309939,0.01375,0.011,0.01375,0.01375,0,0,0,0
05/12/2006,0,0,23.6778977343065,0,272.811733605447,0,0,0,0,0,508.333333333333,133.333333333333,0,0,0,0,0.01375,0.011,0.01375,0.01375,0,0,0,0
06/12/2006,0,0,23.794656269042,0,271.472257279049,0,0,0,0,0,508.333333333333,133.333333333333,0,0,0,0,0.01375,0.011,0.01375,0.01375,0,0,0,0
07/12/2006,0,0,23.9101434943871,0,270.131050040415,0,0,0,0,0,508.333333333333,133.333333333333,0,0,0,0,0.01375,0.011,0.01375,0.01375,0,0,0,0
08/12/2006,0,0,24.0243252236724,0,268.788508915348,0,0,0,0,0,508.333333333333,133.333333333333,0,0,0,0,0.01375,0.011,0.01375,0.01375,0,0,0,0
09/12/2006,0,0,24.137167656683,0,267.445031324511,0,0,0,0,0,508.333333333333,133.333333333333,0,0,0,0,0.01375,0.011,0.01375,0.01375,0,0,0,0
10/12/2006,0,0,24.2486373896641,0,266.101014965779,0,0,0,0,0,508.333333333333,133.333333333333,0,0,0,0,0.01375,0.011,0.01375,0.01375,0,0,0,0
11/12/2006,0,0,24.3587014252095,0,264.756857696517,0,0,0,0,0,508.333333333333,133.333333333333,0,0,0,0,0.01375,0.011,0.01375,0.01375,0,0,0,0
12/12/2006,0.00254814196325105,0.138566332388404,24.4673271820289,37.3774893975885,263.412957415799,0,7.70892080812025,30.835683232481,2.33767868571151,0,508.333333333333,133.333333333333,20.5571221549873,69.3802872730823,0.984285762404847,2.82982156691393,0.01375,0.011,0.01375,0.01375,0,0,0,0
13/12/2006,0.00466572275107387,0.10049525603523,24.5744825045931,39.9663225896044,262.069711946626,0,8.1386120911266,32.5544483645064,2.4502773095308,0,508.333333333333,133.333333333333,21.7029655763376,73.2475088201394,1.03169570927613,2.96612516416886,0.01375,0.011,0.01375,0.01375,0,0,0,0
14/12/2006,0,0,24.680135672653,0,260.727518918163,0,0,0,0,0,508.333333333333,133.333333333333,0,0,0,0,0.01375,0.011,0.01375,0.01375,0,0,0,0
15/12/2006,0.00317786388699846,0.139251876687959,24.7842554106286,37.3308723852188,259.386775648026,0,6.87409184092411,27.4963673636964,2.01951648124095,0,508.333333333333,133.333333333333,18.3309115757976,61.866826568317,0.850322728943557,2.44467784571273,0.01375,0.011,0.01375,0.01375,0,0,0,0
16/12/2006,0.0157487469091602,0.141908951613676,24.8868108968681,37.15019129027,258.047879024676,0,5.97535715900009,23.9014286360004,1.71578262546204,0,508.333333333333,133.333333333333,15.9342857573336,53.7782144310008,0.722434789668227,2.07700002029615,0.01375,0.011,0.01375,0.01375,0,0,0,0
17/12/2006,0.0175717358969605,0.120001486465844,24.9877717727713,38.6398989203226,256.711225389925,0,6.38217334645886,25.5286933858354,1.83312861652055,0,508.333333333333,133.333333333333,17.0191289238903,57.4395601181297,0.771843628008652,2.21905043052488,0.01375,0.011,0.01375,0.01375,0,0,0,0
18/12/2006,0,0,25.0871081517765,0,255.377210421614,0,0,0,0,0,508.333333333333,133.333333333333,0,0,0,0,0.01375,0.011,0.01375,0.01375,0,0,0,0
19/12/2006,0,0,25.1847906282074,0,254.046229016481,0,0,0,0,0,508.333333333333,133.333333333333,0,0,0,0,0.01375,0.011,0.01375,0.01375,0,0,0,0
20/12/2006,0,0,25.2807902859783,0,252.718675173266,0,0,0,0,0,508.333333333333,133.333333333333,0,0,0,0,0.01375,0.011,0.01375,0.01375,0,0,0,0
21/12/2006,0,0,25.3750787071532,0,251.394941876079,0,0,0,0,0,508.333333333333,133.333333333333,0,0,0,0,0.01375,0.011,0.01375,0.01375,0,0,0,0
22/12/2006,0,0,25.4676279803587,0,250.075420978066,0,0,0,0,0,508.333333333333,133.333333333333,0,0,0,0,0.01375,0.011,0.01375,0.01375,0,0,0,0
23/12/2006,0,0,25.5584107090458,0,248.760503085413,0,0,0,0,0,508.333333333333,133.333333333333,0,0,0,0,0.01375,0.011,0.01375,0.01375,0,0,0,0
24/12/2006,0.000195035903231622,0.102620495224974,25.6474000196006,39.8218063247018,247.45057744172,0,8.12039575521451,32.481583020858,2.44454601932878,0,508.333333333333,133.333333333333,21.654388680572,73.0835617969306,1.02928253445422,2.95918728655589,0.01375,0.011,0.01375,0.01375,0,0,0,0
25/12/2006,0.00819834474749285,0.109904964382115,25.7345695692986,39.3264624220162,246.146031812774,0,7.93941137587168,31.7576455034867,2.39857526262359,0,508.333333333333,133.333333333333,21.1717636689911,71.4547023828451,1.00992642636783,2.90353847580751,0.01375,0.011,0.01375,0.01375,0,0,0,0
26/12/2006,0.0174764199869131,0.117865169454196,25.8198935541034,38.7851684771147,244.847252371766,0,6.41384418610045,25.6553767444018,1.84327437784092,0,508.333333333333,133.333333333333,17.1035844962679,57.724597674904,0.776115527511968,2.23133214159691,0.01375,0.011,0.01375,0.01375,0,0,0,0
27/12/2006,0,0,25.9033467163048,0,243.55462358497,0,0,0,0,0,508.333333333333,133.333333333333,0,0,0,0,0.01375,0.011,0.01375,0.01375,0,0,0,0
28/12/2006,0,0,25.984904351996,0,242.268528097937,0,0,0,0,0,508.333333333333,133.333333333333,0,0,0,0,0.01375,0.011,0.01375,0.01375,0,0,0,0
29/12/2006,0,0,26.0645423183859,0,240.989346622224,0,0,0,0,0,508.333333333333,133.333333333333,0,0,0,0,0.01375,0.011,0.01375,0.01375,0,0,0,0
30/12/2006,0.00228599788973778,0.112511933440642,26.1422370409468,39.1491885260363,239.717457822691,0,8.10429764256795,32.4171905702718,2.4571621863079,0,508.333333333333,133.333333333333,21.6114603801812,72.9386787831116,1.03459460476122,2.97445948868851,0.01375,0.011,0.01375,0.01375,0,0,0,0
31/12/2006,0.0070480877225709,0.105444476775212,26.2179655203918,39.6297755792856,238.453238205414,0,7.79352501480514,31.1741000592206,2.3296639388575,0,508.333333333333,133.333333333333,20.7827333728137,70.1417251332463,0.980911132150527,2.82011950493277,0.01375,0.011,0.01375,0.01375,0,0,0,0
01/01/2007,0.000680648923986982,0.101624444675912,26.3051371179797,39.889537762038,236.96541410873,0,8.12893333134932,32.5157333253973,2.44723214274496,0,508.333333333333,133.333333333333,21.6771555502649,73.1603999821439,1.03041353378735,2.96243890963864,0.01375,0.011,0.01375,0.01375,0,0,0,0
02/01/2007,0.0040292631220893,0.112569371110925,26.3764918925008,39.1452827644571,235.719251726306,0,8.13885065348743,32.5554026139497,2.47705472814509,0,508.333333333333,133.333333333333,21.7036017426332,73.2496558813869,1.04297041185056,2.99853993407037,0.01375,0.011,0.01375,0.01375,0,0,0,0
03/01/2007,0.0163065841045505,0.122055442439114,26.4458110794992,38.5002299141402,234.481942079986,0,6.08792134383734,24.3516853753494,1.72905868214236,0,508.333333333333,133.333333333333,16.2344569168996,54.7912920945361,0.728024708270469,2.0930710362776,0.01375,0.011,0.01375,0.01375,0,0,0,0
04/01/2007,0.00123856566473003,0.101041853776297,26.5130741590243,39.9291539432118,233.253851439682,0,8.13392696763174,32.535707870527,2.44880325884844,0,508.333333333333,133.333333333333,21.6904719136847,73.2053427086857,1.03107505635724,2.96434078702706,0.01375,0.011,0.01375,0.01375,0,0,0,0
05/01/2007,0,0,26.5782612197774,0,232.035343346284,0,0,0,0,0,508.333333333333,133.333333333333,0,0,0,0,0.01375,0.011,0.01375,0.01375,0,0,0,0
06/01/2007,0,0,26.6413529650052,0,230.826778504046,0,0,0,0,0,508.333333333333,133.333333333333,0,0,0,0,0.01375,0.011,0.01375,0.01375,0,0,0,0
07/01/2007,0,0,26.7023307182122,0,229.628514673805,0,0,0,0,0,508.333333333333,133.333333333333,0,0,0,0,0.01375,0.011,0.01375,0.01375,0,0,0,0
08/01/2007,0,0,26.7611764286895,0,228.440906567085,0,0,0,0,0,508.333333333333,133.333333333333,0,0,0,0,0.01375,0.011,0.01375,0.01375,0,0,0,0
09/01/2007,0,0,26.817872676858,0,227.264305741087,0,0,0,0,0,508.333333333333,133.333333333333,0,0,0,0,0.01375,0.011,0.01375,0.01375,0,0,0,0
10/01/2007,0,0,26.8724026794253,0,226.099060494622,0,0,0,0,0,508.333333333333,133.333333333333,0,0,0,0,0.01375,0.011,0.01375,0.01375,0,0,0,0
11/01/2007,0,0,26.9247502943533,0,224.945515765012,0,0,0,0,0,508.333333333333,133.333333333333,0,0,0,0,0.01375,0.011,0.01375,0.01375,0,0,0,0
12/01/2007,0,0,26.9749000256372,0,223.804013025974,0,0,0,0,0,508.333333333333,133.333333333333,0,0,0,0,0.01375,0.011,0.01375,0.01375,0,0,0,0
13/01/2007,0,0,27.0228370278924,0,222.674890186543,0,0,0,0,0,508.333333333333,133.333333333333,0,0,0,0,0.01375,0.011,0.01375,0.01375,0,0,0,0
14/01/2007,0,0,27.0685471107489,0,221.55848149104,0,0,0,0,0,508.333333333333,133.333333333333,0,0,0,0,0.01375,0.011,0.01375,0.01375,0,0,0,0
15/01/2007,0,0,27.1120167430522,0,220.45511742013,0,0,0,0,0,508.333333333333,133.333333333333,0,0,0,0,0.01375,0.011,0.01375,0.01375,0,0,0,0
16/01/2007,0,0,27.1532330568687,0,219.365124592991,0,0,0,0,0,508.333333333333,133.333333333333,0,0,0,0,0.01375,0.011,0.01375,0.01375,0,0,0,0
17/01/2007,0,0,27.1921838512949,0,218.28882567063,0,0,0,0,0,508.333333333333,133.333333333333,0,0,0,0,0.01375,0.011,0.01375,0.01375,0,0,0,0
18/01/2007,0,0,27.2288575960691,0,217.226539260369,0,0,0,0,0,508.333333333333,133.333333333333,0,0,0,0,0.01375,0.011,0.01375,0.01375,0,0,0,0
19/01/2007,0,0,27.2632434349846,0,216.178579821526,0,0,0,0,0,508.333333333333,133.333333333333,0,0,0,0,0.01375,0.011,0.01375,0.01375,0,0,0,0
20/01/2007,0,0,27.2953311891033,0,215.145257572335,0,0,0,0,0,508.333333333333,133.333333333333,0,0,0,0,0.01375,0.011,0.01375,0.01375,0,0,0,0
21/01/2007,0,0,27.3251113597692,0,214.126878398107,0,0,0,0,0,508.333333333333,133.333333333333,0,0,0,0,0.01375,0.011,0.01375,0.01375,0,0,0,0
22/01/2007,0,0,27.3525751314198,0,213.12374376069,0,0,0,0,0,508.333333333333,133.333333333333,0,0,0,0,0.01375,0.011,0.01375,0.01375,0,0,0,0
23/01/2007,0,0,27.3777143741959,0,212.136150609223,0,0,0,0,0,508.333333333333,133.333333333333,0,0,0,0,0.01375,0.011,0.01375,0.01375,0,0,0,0
24/01/2007,0.0242555738253429,0.132766553013298,27.4005216463481,37.7718743950957,211.164391292236,0,6.07414119639236,24.2965647855695,1.77412314744849,0,508.333333333333,133.333333333333,16.1977098570463,54.6672707675313,0.746999219978313,2.14762275743765,0.01375,0.011,0.01375,0.01375,0,0,0,0
25/01/2007,0.0566340992949106,0.114498826473743,27.4209901964399,39.0140797997855,210.208753471109,0,5.50302755987184,22.0121102394873,1.52432143219852,0,508.333333333333,133.333333333333,14.6747401596582,49.5272480388465,0.641819550399375,1.8452312073982,0.01375,0.011,0.01375,0.01375,0,0,0,0
26/01/2007,0.0153408176948215,0.110730596476804,27.4391139653462,39.2703194395773,209.269520034914,0,6.74390500611274,26.975620024451,1.95734531475837,0,508.333333333333,133.333333333333,17.9837466829673,60.6951450550147,0.824145395687735,2.36941801260224,0.01375,0.011,0.01375,0.01375,0,0,0,0
27/01/2007,0,0,27.4548875880467,0,208.346969016682,0,0,0,0,0,508.333333333333,133.333333333333,0,0,0,0,0.01375,0.011,0.01375,0.01375,0,0,0,0
28/01/2007,0,0,27.4683063952143,0,207.441373511089,0,0,0,0,0,508.333333333333,133.333333333333,0,0,0,0,0.01375,0.011,0.01375,0.01375,0,0,0,0
29/01/2007,0,0,27.4793664145975,0,206.553001593623,0,0,0,0,0,508.333333333333,133.333333333333,0,0,0,0,0.01375,0.011,0.01375,0.01375,0,0,0,0
30/01/2007,0,0,27.4880643721958,0,205.682116241223,0,0,0,0,0,508.333333333333,133.333333333333,0,0,0,0,0.01375,0.011,0.01375,0.01375,0,0,0,0
31/01/2007,0,0,27.4943976932292,0,204.828975254433,0,0,0,0,0,508.333333333333,133.333333333333,0,0,0,0,0.01375,0.011,0.01375,0.01375,0,0,0,0
01/02/2007,0,0,27.4983645029001,0,203.993831181091,0,0,0,0,0,508.333333333333,133.333333333333,0,0,0,0,0.01375,0.011,0.01375,0.01375,0,0,0,0
02/02/2007,0,0,27.4999636269489,0,203.176931241564,0,0,0,0,0,508.333333333333,133.333333333333,0,0,0,0,0.01375,0.011,0.01375,0.01375,0,0,0,0
03/02/2007,0.00139541195611099,0.100840736101015,27.4991945920008,39.942829945131,202.37851725557,0,8.13565083341987,32.5426033336795,2.449345627805,0,508.333333333333,133.333333333333,21.6950688891196,73.2208575007788,1.03130342223369,2.96499733892185,0.01375,0.011,0.01375,0.01375,0,0,0,0
04/02/2007,0,0,27.4960576257065,0,201.59882557059,0,0,0,0,0,508.333333333333,133.333333333333,0,0,0,0,0.01375,0.011,0.01375,0.01375,0,0,0,0
05/02/2007,0,0,27.4905536566747,0,200.838086991908,0,0,0,0,0,508.333333333333,133.333333333333,0,0,0,0,0.01375,0.011,0.01375,0.01375,0,0,0,0
06/02/2007,0,0,27.4826843141968,0,200.096526714289,0,0,0,0,0,508.333333333333,133.333333333333,0,0,0,0,0.01375,0.011,0.01375,0.01375,0,0,0,0
07/02/2007,0,0,27.4724519277653,0,199.374364255309,0,0,0,0,0,508.333333333333,133.333333333333,0,0,0,0,0.01375,0.011,0.01375,0.01375,0,0,0,0
08/02/2007,0.00307020090447834,0.110249194748386,27.4598595263838,39.3030547571098,198.671813390382,0,8.1336577043113,32.5346308172452,2.46896478098634,0,508.333333333333,133.333333333333,21.6897538781635,73.2029193388017,1.03956411831004,2.98874684014136,0.01375,0.011,0.01375,0.01375,0,0,0,0
09/02/2007,0.0101831804337409,0.109969788868852,27.4449108376702,39.3220543569181,197.989082089472,0,7.01366214459834,28.0546485783934,2.05336186013022,0,508.333333333333,133.333333333333,18.7030990522622,63.1229593013851,0.86457341479167,2.48564856752605,0.01375,0.011,0.01375,0.01375,0,0,0,0
10/02/2007,0,0,27.4276102867536,0,197.326372455532,0,0,0,0,0,508.333333333333,133.333333333333,0,0,0,0,0.01375,0.011,0.01375,0.01375,0,0,0,0
11/02/2007,0,0,27.4079629949642,0,196.683880664676,0,0,0,0,0,508.333333333333,133.333333333333,0,0,0,0,0.01375,0.011,0.01375,0.01375,0,0,0,0
12/02/2007,0.016397332404658,0.125811626250633,27.3859747783173,38.244809414957,196.061796908109,0,6.38756739637151,25.550269585486,1.86943982013219,0,508.333333333333,133.333333333333,17.0335130569907,57.4881065673436,0.787132555845134,2.26300609805476,0.01375,0.011,0.01375,0.01375,0,0,0,0
13/02/2007,0.248815356665414,0.121940806764204,27.3616521457917,38.5080251400341,195.460305335824,0,6.65724511783578,26.6289804713431,2.08754605359997,0,508.333333333333,133.333333333333,17.7526536475621,59.9152060605221,0.878966759410514,2.52702943330523,0.01375,0.011,0.01375,0.01375,0,0,0,0
14/02/2007,0.169818402575423,0.148758539334987,27.3350022974027,36.6844193252209,194.87958400209,0,5.7022002081259,22.8088008325036,1.68247520199008,0,508.333333333333,133.333333333333,15.2058672216691,51.3198018731331,0.708410611364246,2.03668050767221,0.01375,0.011,0.01375,0.01375,0,0,0,0
15/02/2007,0.00331721296418445,0.589006868104361,27.3060331220709,6.74753296890344,194.319804812745,0,0.904256279552738,3.61702511821095,0.133361006762175,0,508.333333333333,133.333333333333,2.4113500788073,8.13830651597464,0.0561520028472315,0.161437008185791,0.01375,0.011,0.01375,0.01375,0,0,0,0
16/02/2007,0.00212974226003912,0.6,27.274753195287,6,193.781133474307,0,0.857142857142857,3.42857142857143,0.12258064516129,0,508.333333333333,133.333333333333,2.28571428571429,7.71428571428572,0.0516129032258065,0.148387096774194,0.01375,0.011,0.01375,0.01375,0,0,0,0
17/02/2007,0,0,27.2411717765731,0,193.263729444924,0,0,0,0,0,508.333333333333,133.333333333333,0,0,0,0,0.01375,0.011,0.01375,0.01375,0,0,0,0
18/02/2007,0,0,27.2052988067417,0,192.767745887169,0,0,0,0,0,508.333333333333,133.333333333333,0,0,0,0,0.01375,0.011,0.01375,0.01375,0,0,0,0
19/02/2007,0,0,27.1671449049533,0,192.293329622699,0,0,0,0,0,508.333333333333,133.333333333333,0,0,0,0,0.01375,0.011,0.01375,0.01375,0,0,0,0
20/02/2007,0,0,27.1267213655722,0,191.840621088795,0,0,0,0,0,508.333333333333,133.333333333333,0,0,0,0,0.01375,0.011,0.01375,0.01375,0,0,0,0
21/02/2007,0,0,27.0840401548241,0,191.409754296791,0,0,0,0,0,508.333333333333,133.333333333333,0,0,0,0,0.01375,0.011,0.01375,0.01375,0,0,0,0
22/02/2007,0,0,27.0391139072529,0,191.000856792401,0,0,0,0,0,508.333333333333,133.333333333333,0,0,0,0,0.01375,0.011,0.01375,0.01375,0,0,0,0
23/02/2007,0,0,26.9919559219814,0,190.614049617962,0,0,0,0,0,508.333333333333,133.333333333333,0,0,0,0,0.01375,0.011,0.01375,0.01375,0,0,0,0
24/02/2007,0.00099120923460312,0.101213118383345,26.9425801587739,39.9175079499325,190.249447276606,0,8.13245898528561,32.5298359411425,2.44834139687588,0,508.333333333333,133.333333333333,21.686557294095,73.1921308675705,1.03088058815827,2.96378169095502,0.01375,0.011,0.01375,0.01375,0,0,0,0
25/02/2007,0.0423740385653554,0.152649911551811,26.891001233904,36.4198060144768,189.907157698364,0,5.73031968621104,22.9212787448442,1.66157083685468,0,508.333333333333,133.333333333333,15.2808524965628,51.5728771758994,0.699608773412497,2.01137522356093,0.01375,0.011,0.01375,0.01375,0,0,0,0
26/02/2007,0.21801856367712,0.130132198945386,26.8372344158281,37.9510104717138,189.587282208215,0,6.36081192274142,25.4432476909657,1.96333634241996,0,508.333333333333,133.333333333333,16.9621651273105,57.2473073046728,0.826667933650508,2.37667030924521,0.01375,0.011,0.01375,0.01375,0,0,0,0
27/02/2007,0.264032308581184,0.151726943608692,26.7812956206654,36.482567834609,189.28991549609,0,6.30444114270803,25.2177645708321,1.97634467943716,0,508.333333333333,133.333333333333,16.8118430472214,56.7399702843723,0.832145128184065,2.39241724352919,0.01375,0.011,0.01375,0.01375,0,0,0,0
28/02/2007,0.11372175019858,0.23170188755508,26.7232014074861,31.0442716462546,189.015145588848,0,4.90850953286808,19.6340381314723,1.4481914201488,0,508.333333333333,133.333333333333,13.0893587543149,44.1765857958127,0.609764808483704,1.75307382439065,0.01375,0.011,0.01375,0.01375,0,0,0,0
01/03/2007,0.108767727988455,0.229250793693474,26.6629689734102,31.2109460288437,188.763053824211,0,5.63372018264627,22.5348807305851,1.77194907428829,0,508.333333333333,133.333333333333,15.0232538203901,50.7034816438165,0.746083820752963,2.14499098466477,0.01375,0.011,0.01375,0.01375,0,0,0,0
02/03/2007,0.0634689071413833,0.316184515646318,26.6006161485163,25.2994529360504,188.533714826692,0,3.52320579521718,14.0928231808687,0.932186648691828,0,508.333333333333,133.333333333333,9.39521545391247,31.7088521569546,0.392499641554454,1.12843646946906,0.01375,0.011,0.01375,0.01375,0,0,0,0
03/03/2007,0.0143941631729913,0.590974649046605,26.5361613905638,6.61372386483084,188.327196485501,0,0.895822932657406,3.58329173062962,0.131431311902684,0,508.333333333333,133.333333333333,2.38886115375308,8.06240639391665,0.0553394997484984,0.159101061776933,0.01375,0.011,0.01375,0.01375,0,0,0,0
04/03/2007,0.0105785533593508,0.6,26.4696237795288,6,188.143559934448,0,0.857142857142857,3.42857142857143,0.12258064516129,0,508.333333333333,133.333333333333,2.28571428571429,7.71428571428572,0.0516129032258065,0.148387096774194,0.01375,0.011,0.01375,0.01375,0,0,0,0
05/03/2007,0.134070319246361,0.191291197502404,26.4010230119562,33.7921985698365,187.98285953385,0,5.96847714212447,23.8739085684979,1.87070510358515,0,508.333333333333,133.333333333333,15.9159390456652,53.7162942791202,0.787665306772696,2.2645377569715,0.01375,0.011,0.01375,0.01375,0,0,0,0
06/03/2007,0.159309217748626,0.192480688644117,26.3303793951287,33.7113131722001,187.845142854435,0,5.31204662043517,21.2481864817407,1.57836724456341,0,508.333333333333,133.333333333333,14.1654576544938,47.8084195839165,0.664575681921437,1.91065508552413,0.01375,0.011,0.01375,0.01375,0,0,0,0
07/03/2007,0.052083366861867,0.347977151868054,26.2577138410562,23.1375536729724,187.730450663264,0,3.32116665672456,13.2846666268982,0.882343550679698,0,508.333333333333,133.333333333333,8.85644441793215,29.890499910521,0.371513073970399,1.0681000876649,0.01375,0.011,0.01375,0.01375,0,0,0,0
08/03/2007,0.0176786944655851,0.549688642667288,26.1830478602847,9.42117229862444,187.638816911658,0,1.25507449908719,5.02029799634875,0.23700416695368,0,508.333333333333,133.333333333333,3.34686533089917,11.2956704917847,0.0997912281910232,0.286899781049192,0.01375,0.011,0.01375,0.01375,0,0,0,0
09/03/2007,0.0311835987881215,0.37154190801831,26.1064035555288,21.5351502547549,187.570268725153,0,3.33617276962492,13.3446910784997,0.90325161522297,0,508.333333333333,133.333333333333,8.89646071899978,30.0255549266243,0.380316469567566,1.09340985000675,0.01375,0.011,0.01375,0.01375,0,0,0,0
10/03/2007,0.0378220799045851,0.299406431176749,26.0278036151292,26.4403626799811,187.524826395466,0,3.70617785991985,14.8247114396794,0.979855966404095,0,508.333333333333,133.333333333333,9.88314095978626,33.3556007392786,0.412570933222777,1.18614143301548,0.01375,0.011,0.01375,0.01375,0,0,0,0
11/03/2007,0.00987524911373074,0.6,25.9472713063363,6,187.502503374491,0,0.857142857142857,3.42857142857143,0.12258064516129,0,508.333333333333,133.333333333333,2.28571428571429,7.71428571428572,0.0516129032258065,0.148387096774194,0.01375,0.011,0.01375,0.01375,0,0,0,0
12/03/2007,0.0102157343158845,0.6,25.8648304684224,6,187.503306270316,0,0.857142857142857,3.42857142857143,0.12258064516129,0,508.333333333333,133.333333333333,2.28571428571429,7.71428571428572,0.0516129032258065,0.148387096774194,0.01375,0.011,0.01375,0.01375,0,0,0,0
13/03/2007,0.0100388837326006,0.586430566875911,25.7805055056248,6.92272145243808,187.527234845267,0,0.915297570531811,3.66119028212725,0.135887444095881,0,508.333333333333,133.333333333333,2.44079352141816,8.2376781347863,0.0572157659351079,0.164495327063435,0.01375,0.011,0.01375,0.01375,0,0,0,0
14/03/2007,0.00735108393959345,0.56425651055433,25.6943213799221,8.43055728230557,187.574282015978,0,1.05604601396464,4.22418405585856,0.173945929618378,0,508.333333333333,133.333333333333,2.8161227039057,9.50441412568175,0.0732403914182645,0.21056612532751,0.01375,0.011,0.01375,0.01375,0,0,0,0
15/03/2007,0.0029525335731503,0.591279490865027,25.6063036036443,6.59299462117815,187.644433855488,0,0.894516467721312,3.57806587088525,0.131132370248489,0,508.333333333333,133.333333333333,2.38537724725683,8.05064820949181,0.0552136295783114,0.158739185037645,0.01375,0.011,0.01375,0.01375,0,0,0,0
16/03/2007,0.00234242939668989,0.6,25.516478231921,6,187.737669597364,0,0.857142857142857,3.42857142857143,0.12258064516129,0,508.333333333333,133.333333333333,2.28571428571429,7.71428571428572,0.0516129032258065,0.148387096774194,0.01375,0.011,0.01375,0.01375,0,0,0,0
17/03/2007,0.00245324437159061,0.6,25.4248718549683,6,187.853961641847,0,0.857142857142857,3.42857142857143,0.12258064516129,0,508.333333333333,133.333333333333,2.28571428571429,7.71428571428572,0.0516129032258065,0.148387096774194,0.01375,0.011,0.01375,0.01375,0,0,0,0
18/03/2007,0.0232795428690243,0.315281655095929,25.3315115902177,25.3608474534768,187.993275564026,0,4.01044080023445,16.0417632009378,1.10346968440561,0,508.333333333333,133.333333333333,10.6945088006252,36.0939672021101,0.464618814486574,1.3357790916489,0.01375,0.011,0.01375,0.01375,0,0,0,0
19/03/2007,0.0280319489736302,0.235785477022488,25.2364250742888,30.7665875624708,188.155570124022,0,4.29198082860182,17.1679233144073,1.14965337418769,0,508.333333333333,133.333333333333,11.4452822096048,38.6278274574163,0.484064578605344,1.39168566349036,0.01375,0.011,0.01375,0.01375,0,0,0,0
20/03/2007,0.00182310229388543,0.550918686944478,25.1396404548081,9.33752928777552,188.340797279202,0,1.12015424409007,4.48061697636028,0.189514369650349,0,508.333333333333,133.333333333333,2.98707798424019,10.0813881968106,0.0797955240633048,0.229412131682001,0.01375,0.011,0.01375,0.01375,0,0,0,0
21/03/2007,0.105128544384541,0.154634382019854,25.0411863820767,36.2848620226499,188.548902198397,0,6.41947771220053,25.6779108488021,2.02063353601043,0,508.333333333333,133.333333333333,17.1186072325347,57.7752994098047,0.850793067793866,2.44603006990736,0.01375,0.011,0.01375,0.01375,0,0,0,0
22/03/2007,0.0723118388270506,0.191332621182368,24.9410920005895,33.789381759599,188.779823278136,0,4.6815606539516,18.7262426158064,1.27921586268215,0,508.333333333333,133.333333333333,12.4841617438709,42.1340458855644,0.538617205339852,1.54852446535207,0.01375,0.011,0.01375,0.01375,0,0,0,0
23/03/2007,0.00332566802874527,0.6,24.8393869404073,6,189.033492160877,0,0.857142857142857,3.42857142857143,0.12258064516129,0,508.333333333333,133.333333333333,2.28571428571429,7.71428571428572,0.0516129032258065,0.148387096774194,0.01375,0.011,0.01375,0.01375,0,0,0,0
24/03/2007,0,0,24.7361013083863,0,189.30983375525,0,0,0,0,0,508.333333333333,133.333333333333,0,0,0,0,0.01375,0.011,0.01375,0.01375,0,0,0,0
25/03/2007,0.0120596886417566,0.373647061549692,24.6312656792653,21.391999814621,189.608766258277,0,3.22354465577368,12.8941786230947,0.849011909536003,0,508.333333333333,133.333333333333,8.59611908206316,29.0119019019632,0.357478698752001,1.027751258912,0.01375,0.011,0.01375,0.01375,0,0,0,0
26/03/2007,0.0238495109386478,0.253730160136673,24.5249110866152,29.5463491107062,189.930201179595,0,4.2364906138463,16.9459624553852,1.14095855998618,0,508.333333333333,133.333333333333,11.2973083035901,38.1284155246167,0.480403604204707,1.38116036208853,0.01375,0.011,0.01375,0.01375,0,0,0,0
27/03/2007,0.0146106692593911,0.310842758937569,24.4170690136522,25.6626923922453,190.274043367646,0,3.69151514632658,14.7660605853063,0.976335410493727,0,508.333333333333,133.333333333333,9.84404039020422,33.2236363169392,0.411088593892096,1.18187970743977,0.01375,0.011,0.01375,0.01375,0,0,0,0
28/03/2007,0.000901868199614776,0.585723737769444,24.3077713839186,6.97078583167783,190.640191037846,0,0.918326838130956,3.67330735252382,0.136580592638997,0,508.333333333333,133.333333333333,2.44887156834922,8.2649415431786,0.057507617953262,0.165334401615628,0.01375,0.011,0.01375,0.01375,0,0,0,0
29/03/2007,0.00253081082996034,0.6,24.1970505518319,6,191.028535802714,0,0.857142857142857,3.42857142857143,0.12258064516129,0,508.333333333333,133.333333333333,2.28571428571429,7.71428571428572,0.0516129032258065,0.148387096774194,0.01375,0.011,0.01375,0.01375,0,0,0,0
30/03/2007,0,0,24.0849392931081,0,191.438962703959,0,0,0,0,0,508.333333333333,133.333333333333,0,0,0,0,0.01375,0.011,0.01375,0.01375,0,0,0,0
31/03/2007,0,0,23.9714707950588,0,191.871350246509,0,0,0,0,0,508.333333333333,133.333333333333,0,0,0,0,0.01375,0.011,0.01375,0.01375,0,0,0,0
01/04/2007,0.000718065456459215,0.6,23.8566786467673,6,192.325570434476,0,0.857142857142857,3.42857142857143,0.12258064516129,0,508.333333333333,133.333333333333,2.28571428571429,7.71428571428572,0.0516129032258065,0.148387096774194,0.01375,0.011,0.01375,0.01375,0,0,0,0
02/04/2007,0,0,23.7405968291455,0,192.801488809045,0,0,0,0,0,508.333333333333,133.333333333333,0,0,0,0,0.01375,0.011,0.01375,0.01375,0,0,0,0
03/04/2007,0.00142192187546701,0.6,23.6232597048746,6,193.298964488279,0,0.857142857142857,3.42857142857143,0.12258064516129,0,508.333333333333,133.333333333333,2.28571428571429,7.71428571428572,0.0516129032258065,0.148387096774194,0.01375,0.011,0.01375,0.01375,0,0,0,0
04/04/2007,0.000211604648357466,0.6,23.5047020082334,6,193.817850208819,0,0.857142857142857,3.42857142857143,0.12258064516129,0,508.333333333333,133.333333333333,2.28571428571429,7.71428571428572,0.0516129032258065,0.148387096774194,0.01375,0.011,0.01375,0.01375,0,0,0,0
05/04/2007,0,0,23.3849588348159,0,194.357992369482,0,0,0,0,0,508.333333333333,133.333333333333,0,0,0,0,0.01375,0.011,0.01375,0.01375,0,0,0,0
06/04/2007,0,0,23.2640656311426,0,194.919231076725,0,0,0,0,0,508.333333333333,133.333333333333,0,0,0,0,0.01375,0.011,0.01375,0.01375,0,0,0,0
07/04/2007,0.00793758062499187,0.299561701090187,23.142058184167,26.4298043258673,195.501400191981,0,4.22269355128365,16.8907742051346,1.16865389101169,0,508.333333333333,133.333333333333,11.2605161367564,38.0042419615528,0.492064796215449,1.41468628911942,0.01375,0.011,0.01375,0.01375,0,0,0,0
08/04/2007,0.0274692498112738,0.194333976757233,23.0189726106826,33.5852895805082,196.10432738084,0,4.9548707202538,19.8194828810152,1.37083418377146,0,508.333333333333,133.333333333333,13.2129885873435,44.5938364822842,0.577193340535352,1.65943085403914,0.01375,0.011,0.01375,0.01375,0,0,0,0
09/04/2007,0.0237919124112545,0.18837332251185,22.8948453466311,33.9906140691942,196.727834164057,0,4.84803859164794,19.3921543665918,1.32249541157362,0,508.333333333333,133.333333333333,12.9281029110612,43.6323473248315,0.556840173294156,1.6009154982207,0.01375,0.011,0.01375,0.01375,0,0,0,0
10/04/2007,0.00467755245034648,0.272647397683749,22.7697131363166,28.259976957505,197.371735970394,0,4.63050386476218,18.5220154590487,1.29090768307568,0,508.333333333333,133.333333333333,12.3480103060325,41.6745347828596,0.543540077084495,1.56267772161792,0.01375,0.011,0.01375,0.01375,0,0,0,0
11/04/2007,0,0,22.6436130215288,0,198.035842191253,0,0,0,0,0,508.333333333333,133.333333333333,0,0,0,0,0.01375,0.011,0.01375,0.01375,0,0,0,0
12/04/2007,0,0,22.5165823305776,0,198.7199562371,0,0,0,0,0,508.333333333333,133.333333333333,0,0,0,0,0.01375,0.011,0.01375,0.01375,0,0,0,0
13/04/2007,0,0,22.3886586672431,0,199.42387559566,0,0,0,0,0,508.333333333333,133.333333333333,0,0,0,0,0.01375,0.011,0.01375,0.01375,0,0,0,0
14/04/2007,0,0,22.2598798996444,0,200.147391891864,0,0,0,0,0,508.333333333333,133.333333333333,0,0,0,0,0.01375,0.011,0.01375,0.01375,0,0,0,0
15/04/2007,0,0,22.1302841490292,0,200.890290949537,0,0,0,0,0,508.333333333333,133.333333333333,0,0,0,0,0.01375,0.011,0.01375,0.01375,0,0,0,0
16/04/2007,0,0,21.99990977849,0,201.652352854791,0,0,0,0,0,508.333333333333,133.333333333333,0,0,0,0,0.01375,0.011,0.01375,0.01375,0,0,0,0
17/04/2007,0,0,21.8687953816071,0,202.433352021133,0,0,0,0,0,508.333333333333,133.333333333333,0,0,0,0,0.01375,0.011,0.01375,0.01375,0,0,0,0
18/04/2007,0,0,21.7369797710241,0,203.233057256235,0,0,0,0,0,508.333333333333,133.333333333333,0,0,0,0,0.01375,0.011,0.01375,0.01375,0,0,0,0
19/04/2007,0.000888443057396894,0.6,21.604501966959,6,204.051231830379,0,0.857142857142857,3.42857142857143,0.12258064516129,0,508.333333333333,133.333333333333,2.28571428571429,7.71428571428572,0.0516129032258065,0.148387096774194,0.01375,0.011,0.01375,0.01375,0,0,0,0
20/04/2007,0,0,21.4714011856532,0,204.887633546526,0,0,0,0,0,508.333333333333,133.333333333333,0,0,0,0,0.01375,0.011,0.01375,0.01375,0,0,0,0
21/04/2007,0,0,21.3377168277622,0,205.742014812022,0,0,0,0,0,508.333333333333,133.333333333333,0,0,0,0,0.01375,0.011,0.01375,0.01375,0,0,0,0
22/04/2007,0,0,21.203488466693,0,206.614122711881,0,0,0,0,0,508.333333333333,133.333333333333,0,0,0,0,0.01375,0.011,0.01375,0.01375,0,0,0,0
23/04/2007,0.000609404686557238,0.148119227418478,21.0687558368887,36.7278925355435,207.503699083657,0,7.29247125344309,29.1698850137723,2.17342760658196,0,508.333333333333,133.333333333333,19.4465900091816,65.6322412809878,0.915127413297666,2.63099131323079,0.01375,0.011,0.01375,0.01375,0,0,0,0
24/04/2007,0.0170566900804907,0.203079182066899,20.9335588220669,32.9906156194509,208.410480593869,0,5.04954873118316,20.1981949247326,1.41182874552383,0,508.333333333333,133.333333333333,13.4654632831551,45.4459385806484,0.594454208641612,1.70905584984463,0.01375,0.011,0.01375,0.01375,0,0,0,0
25/04/2007,0.0281765125422932,0.182318079210076,20.7979374434129,34.4023706137148,209.334198815945,0,4.92123624558991,19.6849449823596,1.34706116888777,0,508.333333333333,133.333333333333,13.1232966549064,44.2911262103092,0.567183650058007,1.63065299391677,0.01375,0.011,0.01375,0.01375,0,0,0,0
26/04/2007,0.0147144215852027,0.197773057917611,20.6619318477328,33.3514320616024,210.274580309692,0,4.93881537666265,19.7552615066506,1.36155380694348,0,508.333333333333,133.333333333333,13.1701743377671,44.4493383899638,0.573285813449888,1.64819671366843,0.01375,0.011,0.01375,0.01375,0,0,0,0
27/04/2007,0.0103977193470527,0.259205793556789,20.525582295569,29.1740060381384,211.231346702231,0,4.12872137302134,16.5148854920854,1.10419502061688,0,508.333333333333,133.333333333333,11.0099236613902,37.1584923571921,0.464924219207107,1.33665713022043,0.01375,0.011,0.01375,0.01375,0,0,0,0
28/04/2007,0.00860471900569516,0.25202984579289,20.3889291492823,29.6619704860835,212.204214770406,0,4.85940776051282,19.4376310420513,1.37336335382589,0,508.333333333333,133.333333333333,12.9584206947008,43.7346698446154,0.57825825424248,1.66249248094713,0.01375,0.011,0.01375,0.01375,0,0,0,0
29/04/2007,0.0110128818599917,0.174582037992595,20.2520128611039,34.9284214165036,213.192896524626,0,5.60018233853244,22.4007293541297,1.58361106021556,0,508.333333333333,133.333333333333,14.9338195694198,50.4016410467919,0.666783604301289,1.91700286236621,0.01375,0.011,0.01375,0.01375,0,0,0,0
30/04/2007,0,0,20.1148739611606,0,214.19709929411,0,0,0,0,0,508.333333333333,133.333333333333,0,0,0,0,0.01375,0.011,0.01375,0.01375,0,0,0,0
01/05/2007,0,0,19.9775530454767,0,215.21652581353,0,0,0,0,0,508.333333333333,133.333333333333,0,0,0,0,0.01375,0.011,0.01375,0.01375,0,0,0,0
02/05/2007,0,0,19.8400907639575,0,216.250874311002,0,0,0,0,0,508.333333333333,133.333333333333,0,0,0,0,0.01375,0.011,0.01375,0.01375,0,0,0,0
03/05/2007,0,0,19.7025278083553,0,217.299838597422,0,0,0,0,0,508.333333333333,133.333333333333,0,0,0,0,0.01375,0.011,0.01375,0.01375,0,0,0,0
04/05/2007,0,0,19.5649049002241,0,218.363108157101,0,0,0,0,0,508.333333333333,133.333333333333,0,0,0,0,0.01375,0.011,0.01375,0.01375,0,0,0,0
05/05/2007,0,0,19.427262778865,0,219.440368239687,0,0,0,0,0,508.333333333333,133.333333333333,0,0,0,0,0.01375,0.011,0.01375,0.01375,0,0,0,0
06/05/2007,0,0,19.289642189267,0,220.531299953336,0,0,0,0,0,508.333333333333,133.333333333333,0,0,0,0,0.01375,0.011,0.01375,0.01375,0,0,0,0
07/05/2007,0,0,19.1520838700448,0,221.635580359109,0,0,0,0,0,508.333333333333,133.333333333333,0,0,0,0,0.01375,0.011,0.01375,0.01375,0,0,0,0
08/05/2007,0,0,19.0146285413801,0,222.752882566574,0,0,0,0,0,508.333333333333,133.333333333333,0,0,0,0,0.01375,0.011,0.01375,0.01375,0,0,0,0
09/05/2007,0,0,18.8773168929669,0,223.882875830567,0,0,0,0,0,508.333333333333,133.333333333333,0,0,0,0,0.01375,0.011,0.01375,0.01375,0,0,0,0
10/05/2007,0.00620815118073355,0.31632730687904,18.7401895719671,25.2897431322253,225.025225649104,0,4.22694774005823,16.9077909602329,1.16884244761348,0,508.333333333333,133.333333333333,11.2718606401553,38.0425296605241,0.492144188468835,1.4149145418479,0.01375,0.011,0.01375,0.01375,0,0,0,0
11/05/2007,0.00678473101116413,0.21491891142261,18.6032871709775,32.1855140232625,226.179593862396,0,5.04847665523936,20.1939066209575,1.40857972409846,0,508.333333333333,133.333333333333,13.4626044139716,45.4362898971543,0.593086199620404,1.70512282390866,0.01375,0.011,0.01375,0.01375,0,0,0,0
12/05/2007,0,0,18.466650216014,0,227.345638752956,0,0,0,0,0,508.333333333333,133.333333333333,0,0,0,0,0.01375,0.011,0.01375,0.01375,0,0,0,0
13/05/2007,0,0,18.3303191545148,0,228.523015146753,0,0,0,0,0,508.333333333333,133.333333333333,0,0,0,0,0.01375,0.011,0.01375,0.01375,0,0,0,0
14/05/2007,0,0,18.1943343433671,0,229.71137451539,0,0,0,0,0,508.333333333333,133.333333333333,0,0,0,0,0.01375,0.011,0.01375,0.01375,0,0,0,0
15/05/2007,0,0,18.0587360369606,0,230.910365079275,0,0,0,0,0,508.333333333333,133.333333333333,0,0,0,0,0.01375,0.011,0.01375,0.01375,0,0,0,0
16/05/2007,0,0,17.9235643752715,0,232.119631911759,0,0,0,0,0,508.333333333333,133.333333333333,0,0,0,0,0.01375,0.011,0.01375,0.01375,0,0,0,0
17/05/2007,0,0,17.7888593719801,0,233.338817044198,0,0,0,0,0,508.333333333333,133.333333333333,0,0,0,0,0.01375,0.011,0.01375,0.01375,0,0,0,0
18/05/2007,0.00194193013607166,0.128638951841941,17.6546609026259,38.052551274748,234.567559571921,0,7.9903149755049,31.9612599020196,2.4275426840304,0,508.333333333333,133.333333333333,21.3075066013464,71.9128347795442,1.02212323538122,2.93860430172101,0.01375,0.011,0.01375,0.01375,0,0,0,0
19/05/2007,0.0143626558123582,0.162229046176952,17.5210086928035,35.7684248599673,235.805495761065,0,5.52891647834586,22.1156659133834,1.55476386175088,0,508.333333333333,133.333333333333,14.743777275589,49.7602483051127,0.654637415474055,1.88208256948791,0.01375,0.011,0.01375,0.01375,0,0,0,0
20/05/2007,0.0101970598336079,0.170477484020102,17.3879423064033,35.2075310866331,237.052259156249,0,5.52809490538426,22.112379621537,1.5555765266354,0,508.333333333333,133.333333333333,14.741586414358,49.7528541484584,0.654979590162275,1.88306632171654,0.01375,0.011,0.01375,0.01375,0,0,0,0
21/05/2007,0,0,17.2555011338993,0,238.307480689051,0,0,0,0,0,508.333333333333,133.333333333333,0,0,0,0,0.01375,0.011,0.01375,0.01375,0,0,0,0
22/05/2007,0,0,17.123724380689,0,239.57078878726,0,0,0,0,0,508.333333333333,133.333333333333,0,0,0,0,0.01375,0.011,0.01375,0.01375,0,0,0,0
23/05/2007,0,0,16.9926510554879,0,240.841809484872,0,0,0,0,0,508.333333333333,133.333333333333,0,0,0,0,0.01375,0.011,0.01375,0.01375,0,0,0,0
24/05/2007,0,0,16.8623199587815,0,242.120166532788,0,0,0,0,0,508.333333333333,133.333333333333,0,0,0,0,0.01375,0.011,0.01375,0.01375,0,0,0,0
25/05/2007,0,0,16.7327696713403,0,243.405481510195,0,0,0,0,0,508.333333333333,133.333333333333,0,0,0,0,0.01375,0.011,0.01375,0.01375,0,0,0,0
26/05/2007,0,0,16.6040385427983,0,244.697373936585,0,0,0,0,0,508.333333333333,133.333333333333,0,0,0,0,0.01375,0.011,0.01375,0.01375,0,0,0,0
27/05/2007,0,0,16.4761646803015,0,245.995461384384,0,0,0,0,0,508.333333333333,133.333333333333,0,0,0,0,0.01375,0.011,0.01375,0.01375,0,0,0,0
28/05/2007,0,0,16.3491859372266,0,247.299359592162,0,0,0,0,0,508.333333333333,133.333333333333,0,0,0,0,0.01375,0.011,0.01375,0.01375,0,0,0,0
29/05/2007,0,0,16.2231399019762,0,248.60868257838,0,0,0,0,0,508.333333333333,133.333333333333,0,0,0,0,0.01375,0.011,0.01375,0.01375,0,0,0,0
30/05/2007,0.000372969232149564,0.103992418934405,16.0980638868514,39.7285155124605,249.92304275565,0,8.10863640913367,32.4345456365347,2.44084625087367,0,508.333333333333,133.333333333333,21.6230304243565,72.9777276822031,1.02772473720997,2.95470861947865,0.01375,0.011,0.01375,0.01375,0,0,0,0
31/05/2007,0.002405883077248,0.148795652690342,15.9739949170069,36.6818956170568,251.242051045467,0,6.95340259897782,27.8136103959113,2.05303828513625,0,508.333333333333,133.333333333333,18.5424069306075,62.5806233908003,0.864437172688948,2.48525687148073,0.01375,0.011,0.01375,0.01375,0,0,0,0
01/06/2007,0,0,15.8509697194906,0,252.565316993389,0,0,0,0,0,508.333333333333,133.333333333333,0,0,0,0,0.01375,0.011,0.01375,0.01375,0,0,0,0
02/06/2007,0,0,15.7290247123716,0,253.892448884614,0,0,0,0,0,508.333333333333,133.333333333333,0,0,0,0,0.01375,0.011,0.01375,0.01375,0,0,0,0
03/06/2007,0,0,15.6081959939597,0,255.223053859939,0,0,0,0,0,508.333333333333,133.333333333333,0,0,0,0,0.01375,0.011,0.01375,0.01375,0,0,0,0
04/06/2007,0,0,15.4885193321197,0,256.556738032057,0,0,0,0,0,508.333333333333,133.333333333333,0,0,0,0,0.01375,0.011,0.01375,0.01375,0,0,0,0
05/06/2007,0,0,15.370030153683,0,257.89310660215,0,0,0,0,0,508.333333333333,133.333333333333,0,0,0,0,0.01375,0.011,0.01375,0.01375,0,0,0,0
06/06/2007,0,0,15.2527635339609,0,259.231763976763,0,0,0,0,0,508.333333333333,133.333333333333,0,0,0,0,0.01375,0.011,0.01375,0.01375,0,0,0,0
07/06/2007,0.0242965494530599,0.155394761706756,15.1367541863612,36.2331562039406,260.572313884907,0,5.81359950645982,23.2543980258393,1.68778198563733,0,508.333333333333,133.333333333333,15.5029320172262,52.3223955581383,0.710645046584139,2.0431045089294,0.01375,0.011,0.01375,0.01375,0,0,0,0
08/06/2007,0.457340033143717,0.124740318191768,15.0220364521127,38.3176583629598,261.914359495362,0,6.65551591647376,26.622063665895,2.10699768683263,0,508.333333333333,133.333333333333,17.74804244393,59.8996432482638,0.887156920771633,2.55057614721844,0.01375,0.011,0.01375,0.01375,0,0,0,0
09/06/2007,4.21005124556133,0.112902289053281,14.908644290099,39.1226443443769,263.257503534148,0,6.96694449660684,27.8677779864274,2.24710330295691,0,508.333333333333,133.333333333333,18.5785186576182,62.7025004694616,0.946148759139753,2.72017768252679,0.01375,0.011,0.01375,0.01375,0,0,0,0
10/06/2007,1.77359204960033,0.149867979625789,14.7966112668063,36.6089773854463,264.601348402127,0,4.80755392921336,19.2302157168534,1.36262944540051,0,508.333333333333,133.333333333333,12.8201438112356,43.2679853629202,0.573738713852844,1.64949880232693,0.01375,0.011,0.01375,0.01375,0,0,0,0
11/06/2007,0.325616108365327,0.337812145888446,14.6859705463869,23.8287740795857,265.945496292702,0,3.80417574871426,15.216702994857,1.1152642467457,0,508.333333333333,133.333333333333,10.144468663238,34.2375817384284,0.469584945998191,1.3500567197448,0.01375,0.011,0.01375,0.01375,0,0,0,0
12/06/2007,0.153218013794535,0.530277135374385,14.576754880842,10.7411547945418,267.289549309573,0,1.89303116411951,7.57212465647805,0.482883809606384,0,508.333333333333,133.333333333333,5.0480831043187,17.0372804770756,0.203319498781635,0.584543558997202,0.01375,0.011,0.01375,0.01375,0,0,0,0
13/06/2007,0.116783613627424,0.583277717832337,14.4689966003261,7.13711518740111,268.633109584525,0,1.16588084714555,4.66352338858219,0.224840504264265,0,508.333333333333,133.333333333333,3.10901559238813,10.4929276243099,0.0946696860060063,0.272175347267268,0.01375,0.011,0.01375,0.01375,0,0,0,0
14/06/2007,0.0985647881750232,0.596300051536091,14.3627276035769,6.25159649554579,269.975779395208,0,0.980756750149833,3.92302700059933,0.160135603447015,0,508.333333333333,133.333333333333,2.61535133373289,8.82681075134849,0.0674255172408485,0.193848362067439,0.01375,0.011,0.01375,0.01375,0,0,0,0
15/06/2007,0.0844739352117425,0.598275212353666,14.2579793484726,6.1172855599507,271.317161282863,0,0.933718010391878,3.73487204156751,0.144835324263478,0,508.333333333333,133.333333333333,2.48991469437834,8.4034620935269,0.0609832944267276,0.175326971476842,0.01375,0.011,0.01375,0.01375,0,0,0,0
16/06/2007,0.437536550313136,0.202264360400167,14.1547828427194,33.0460234927886,272.656858169988,0,5.52048049668765,22.0819219867506,1.71460089390197,0,508.333333333333,133.333333333333,14.7212813245004,49.6843244701888,0.72193721848504,2.07556950314449,0.01375,0.011,0.01375,0.01375,0,0,0,0
17/06/2007,0.802137714209059,0.165422240334935,14.0531686346731,35.5512876572244,273.994473477875,0,5.39039760457682,21.5615904183073,1.62597824844584,0,508.333333333333,133.333333333333,14.3743936122049,48.5135784411914,0.684622420398249,1.96828945864497,0.01375,0.011,0.01375,0.01375,0,0,0,0
18/06/2007,0.457272509765348,0.214720376233468,13.9531668042954,32.1990144161242,275.329611244008,0,4.30164422455248,17.2065768982099,1.21015332933264,0,508.333333333333,133.333333333333,11.4710512654733,38.7147980209723,0.509538243929533,1.46492245129741,0.01375,0.011,0.01375,0.01375,0,0,0,0
19/06/2007,0.266611752569264,0.284031213957113,13.8548069542502,27.4858774509163,276.661876239276,0,4.75451884770434,19.0180753908174,1.46408095443493,0,508.333333333333,133.333333333333,12.6787169272116,42.7906696293391,0.616455138709445,1.77230852378966,0.01375,0.011,0.01375,0.01375,0,0,0,0
20/06/2007,0.584355516798005,0.215462655143901,13.7581182011404,32.1485394502147,277.99087408497,0,5.10465027833739,20.4186011133496,1.55282022910856,0,508.333333333333,133.333333333333,13.612400742233,45.9418525050365,0.653819043835182,1.87972975102615,0.01375,0.011,0.01375,0.01375,0,0,0,0
21/06/2007,0.42424813820095,0.278134359404616,13.6631291668888,27.8868635604861,279.316211369524,0,3.64639452969346,14.5855781187739,0.992565026829023,0,508.333333333333,133.333333333333,9.72371874584924,32.8175507672412,0.417922116559588,1.20152608510882,0.01375,0.011,0.01375,0.01375,0,0,0,0
22/06/2007,0.152030701614019,0.526901926333012,13.5698679702651,10.9706690093552,280.637495764978,0,1.96186569956619,7.84746279826478,0.505521199847973,0,508.333333333333,133.333333333333,5.23164186550985,17.6567912960958,0.212851031514936,0.611946715605441,0.01375,0.011,0.01375,0.01375,0,0,0,0
23/06/2007,0.120975638829567,0.573699611808122,13.4783622185626,7.7884263970477,281.954336143113,0,1.33488533481699,5.33954133926797,0.281516262104126,0,508.333333333333,133.333333333333,3.55969422617865,12.0139680133529,0.118533162991211,0.340782843599731,0.01375,0.011,0.01375,0.01375,0,0,0,0
24/06/2007,0.102046732757564,0.591825905746619,13.3886389994256,6.55583840922989,283.266342691233,0,1.08451223569654,4.33804894278615,0.19302233223132,0,508.333333333333,133.333333333333,2.8920326285241,9.76061012126884,0.0812725609395031,0.233658612701071,0.01375,0.011,0.01375,0.01375,0,0,0,0
25/06/2007,0.0924572151322005,0.57770102981279,13.3007248728309,7.51632997273027,284.573127027558,0,1.19946215201139,4.79784860804556,0.225970390854773,0,508.333333333333,133.333333333333,3.19856573869704,10.7951593681025,0.0951454277283253,0.273543104718935,0.01375,0.011,0.01375,0.01375,0,0,0,0
26/06/2007,0.198619991917091,0.320592216068264,13.2146458632257,24.999729307358,285.874302316194,0,4.12028187844677,16.4811275137871,1.22357486627298,0,508.333333333333,133.333333333333,10.9874183425247,37.0825369060209,0.515189417378098,1.48116957496203,0.01375,0.011,0.01375,0.01375,0,0,0,0
27/06/2007,0.168274412202239,0.370215838887325,13.1304274518233,21.6253229556619,287.169483381644,0,2.74783375237562,10.9913350095025,0.687726348023075,0,508.333333333333,133.333333333333,7.32755667300166,24.7305037713806,0.289568988641295,0.832510842343722,0.01375,0.011,0.01375,0.01375,0,0,0,0
28/06/2007,0.0853823622447809,0.568433015932456,13.0480945690608,8.14655491659299,288.458286822828,0,1.37416982136188,5.49667928544754,0.289145764989105,0,508.333333333333,133.333333333333,3.66445285696502,12.367528392257,0.121745585258571,0.350018557618391,0.01375,0.011,0.01375,0.01375,0,0,0,0
29/06/2007,0.0692630411415239,0.58635043725965,12.9676715872185,6.92817026634382,289.740331126578,0,1.06178932067653,4.24715728270613,0.184737401827392,0,508.333333333333,133.333333333333,2.83143818847075,9.55610388608879,0.0777841691904808,0.223629486422632,0.01375,0.011,0.01375,0.01375,0,0,0,0
30/06/2007,0.0624404017706702,0.58324126474625,12.8891823132057,7.13959399725497,291.015236780576,0,1.04720291617502,4.18881166470009,0.179445429208992,0,508.333333333333,133.333333333333,2.79254110980006,9.4248262455752,0.0755559701932598,0.217223414305622,0.01375,0.011,0.01375,0.01375,0,0,0,0
01/07/2007,0.0529465829969267,0.6,12.8126499815131,6,292.282626385693,0,0.887079536043562,3.54831814417425,0.132366398264317,0,508.333333333333,133.333333333333,2.3655454294495,7.98371582439206,0.0557332203218175,0.160233008425225,0.01375,0.011,0.01375,0.01375,0,0,0,0
02/07/2007,0.0477737707521166,0.6,12.738097247335,6,293.542124767712,0,0.884792620922643,3.53917048369057,0.131618847515113,0,508.333333333333,133.333333333333,2.35944698912705,7.96313358830379,0.0554184621116265,0.159328078570926,0.01375,0.011,0.01375,0.01375,0,0,0,0
03/07/2007,0.0432905921279207,0.6,12.6655461798626,6,294.793359088383,0,0.881764878711591,3.52705951484636,0.130629133932145,0,508.333333333333,133.333333333333,2.35137300989758,7.93588390840432,0.0550017406030086,0.15813000423365,0.01375,0.011,0.01375,0.01375,0,0,0,0
04/07/2007,0.0388544271508156,0.595306757086019,12.5950182557516,6.3191405181507,296.035958955797,0,0.91178366205718,3.64713464822872,0.13877174154877,0,508.333333333333,133.333333333333,2.43142309881915,8.20605295851462,0.0584302069679033,0.167986845032722,0.01375,0.011,0.01375,0.01375,0,0,0,0
05/07/2007,0.0372677864998959,0.588531306205038,12.526534352764,6.77987117805738,297.269556534024,0,0.982562643609809,3.93025057443924,0.159987571875154,0,508.333333333333,133.333333333333,2.62016704962616,8.84306379248828,0.0673631881579595,0.193669165954134,0.01375,0.011,0.01375,0.01375,0,0,0,0
06/07/2007,0.034696171373579,0.6,12.4601147435886,6,298.493786652004,0,0.879237771123069,3.51695108449227,0.129803068655897,0,508.333333333333,133.333333333333,2.34463405632818,7.91313994010762,0.0546539236445883,0.157130030478191,0.01375,0.011,0.01375,0.01375,0,0,0,0
07/07/2007,0.0328673914717153,0.6,12.3957790898389,6,299.708286911643,0,0.879782363478241,3.51912945391296,0.129981085941889,0,508.333333333333,133.333333333333,2.34608630260864,7.91804127130416,0.0547288782913216,0.15734552508755,0.01375,0.011,0.01375,0.01375,0,0,0,0
08/07/2007,0.029809328369158,0.6,12.3335464362339,6,300.91269779509,0,0.869419520383876,3.4776780815355,0.126593661962656,0,508.333333333333,133.333333333333,2.318452054357,7.82477568345489,0.0533025945105918,0.153244959217952,0.01375,0.011,0.01375,0.01375,0,0,0,0
09/07/2007,0.0449020345267393,0.456572996539099,12.2734352049594,15.7530362353413,302.106662771168,0,2.41617433515102,9.66469734060408,0.601394982752315,0,508.333333333333,133.333333333333,6.44313156040272,21.7455690163592,0.253218940106238,0.728004452805434,0.01375,0.011,0.01375,0.01375,0,0,0,0
10/07/2007,0.0684639057403708,0.341318084616703,12.2154631902157,23.5903702460642,303.289828400906,0,3.40121885920964,13.6048754368386,0.889248091927486,0,508.333333333333,133.333333333333,9.06991695789238,30.6109697328868,0.374420249232626,1.0764582165438,0.01375,0.011,0.01375,0.01375,0,0,0,0
11/07/2007,0.0506785325435321,0.400624239356397,12.1596475529492,19.557551723765,304.461844442171,0,2.72709500854633,10.9083800341853,0.675655252236593,0,508.333333333333,133.333333333333,7.27225335612356,24.543855076917,0.284486421994355,0.81789846323377,0.01375,0.011,0.01375,0.01375,0,0,0,0
12/07/2007,0.025083077468666,0.6,12.1060048157731,6,305.622363953343,0,0.865648890759737,3.46259556303895,0.125361112064012,0,508.333333333333,133.333333333333,2.30839704202596,7.79084001683763,0.0527836261322157,0.15175292513012,0.01375,0.011,0.01375,0.01375,0,0,0,0
13/07/2007,0.0251988082987432,0.6,12.0545508580758,6,306.771043396021,0,0.873438249735032,3.49375299894013,0.127907311126904,0,508.333333333333,133.333333333333,2.32916866596008,7.86094424761529,0.0538557099481703,0.15483516610099,0.01375,0.011,0.01375,0.01375,0,0,0,0
14/07/2007,0.023628721036887,0.6,12.0053009113207,6,307.907542736714,0,0.864973093533778,3.45989237413511,0.125140206304129,0,508.333333333333,133.333333333333,2.30659491609007,7.784757841804,0.0526906131806858,0.151485512894472,0.01375,0.011,0.01375,0.01375,0,0,0,0
15/07/2007,0.0234735276696326,0.6,11.9582695545372,6,309.031525547499,0,0.869108573278941,3.47643429311576,0.126492019038032,0,508.333333333333,133.333333333333,2.31762286207718,7.82197715951047,0.0532597974896975,0.15312191778288,0.01375,0.011,0.01375,0.01375,0,0,0,0
16/07/2007,0.0228850284895989,0.6,11.9134707100049,6,310.142659105614,0,0.86848107847492,3.47392431389968,0.126286902456932,0,508.333333333333,133.333333333333,2.31594954259979,7.81632970627428,0.0531734326134452,0.152873618763655,0.01375,0.011,0.01375,0.01375,0,0,0,0
17/07/2007,0.0203009411247202,0.6,11.8709176391324,6,311.240614491947,0,0.857142857142857,3.42857142857143,0.12258064516129,0,508.333333333333,133.333333333333,2.28571428571429,7.71428571428572,0.0516129032258065,0.148387096774194,0.01375,0.011,0.01375,0.01375,0,0,0,0
18/07/2007,0.0203787084283433,0.6,11.8306229385318,6,312.325066688404,0,0.857142857142857,3.42857142857143,0.12258064516129,0,508.333333333333,133.333333333333,2.28571428571429,7.71428571428572,0.0516129032258065,0.148387096774194,0.01375,0.011,0.01375,0.01375,0,0,0,0
19/07/2007,0.0196519908687609,0.6,11.7925985362894,6,313.395694674121,0,0.857142857142857,3.42857142857143,0.12258064516129,0,508.333333333333,133.333333333333,2.28571428571429,7.71428571428572,0.0516129032258065,0.148387096774194,0.01375,0.011,0.01375,0.01375,0,0,0,0
20/07/2007,0.0206026228819638,0.6,11.7568556884352,6,314.452181520497,0,0.861778020345576,3.4471120813823,0.124095795283469,0,508.333333333333,133.333333333333,2.29807472092154,7.75600218311018,0.0522508611719871,0.150221225869463,0.01375,0.011,0.01375,0.01375,0,0,0,0
21/07/2007,0.0218522787543268,0.590882799579142,11.7234049756106,6.61996962861835,315.494214485005,0,0.998664142125897,3.99465656850359,0.16253427044178,0,508.333333333333,133.333333333333,2.66310437900239,8.98797727913307,0.0684354822912758,0.196752011587418,0.01375,0.011,0.01375,0.01375,0,0,0,0
22/07/2007,0.0217010857720382,0.580833500031739,11.6922562999366,7.30332199784173,316.521485103776,0,1.06134341556563,4.24537366226251,0.181925699905617,0,508.333333333333,133.333333333333,2.830249108175,9.55209074009064,0.0766002946971017,0.220225847254167,0.01375,0.011,0.01375,0.01375,0,0,0,0
23/07/2007,0.0204358804538979,0.596790578363451,11.6634188820821,6.21824067128532,317.533689282906,0,0.917143569664423,3.66857427865769,0.139114454097726,0,508.333333333333,133.333333333333,2.4457161857718,8.25429212697981,0.0585745069885164,0.168401707591985,0.01375,0.011,0.01375,0.01375,0,0,0,0
24/07/2007,0.0202558527685412,0.59306273756552,11.6369012585347,6.47173384554463,318.530527388481,0,0.944607555363732,3.77843022145493,0.147333955780516,0,508.333333333333,133.333333333333,2.51895348096995,8.50146799827359,0.0620353498023226,0.178351630681677,0.01375,0.011,0.01375,0.01375,0,0,0,0
25/07/2007,0.0179518313787434,0.6,11.6127112790737,6,319.511704335266,0,0.857142857142857,3.42857142857143,0.12258064516129,0,508.333333333333,133.333333333333,2.28571428571429,7.71428571428572,0.0516129032258065,0.148387096774194,0.01375,0.011,0.01375,0.01375,0,0,0,0
26/07/2007,0.0169310266184917,0.6,11.5908561044464,6,320.476929674065,0,0.857142857142857,3.42857142857143,0.12258064516129,0,508.333333333333,133.333333333333,2.28571428571429,7.71428571428572,0.0516129032258065,0.148387096774194,0.01375,0.011,0.01375,0.01375,0,0,0,0
27/07/2007,0.018390994896146,0.6,11.5713422042482,6,321.425917677694,0,0.859823878211955,3.43929551284782,0.123457021940867,0,508.333333333333,133.333333333333,2.29286367523188,7.7384149039076,0.0519819039751017,0.149447973928417,0.01375,0.011,0.01375,0.01375,0,0,0,0
28/07/2007,0.0150385022998396,0.6,11.5541753550077,6,322.358387425568,0,0.857142857142857,3.42857142857143,0.12258064516129,0,508.333333333333,133.333333333333,2.28571428571429,7.71428571428572,0.0516129032258065,0.148387096774194,0.01375,0.011,0.01375,0.01375,0,0,0,0
29/07/2007,0.0169463143680134,0.6,11.5393606384765,6,323.274062886852,0,0.857142857142857,3.42857142857143,0.12258064516129,0,508.333333333333,133.333333333333,2.28571428571429,7.71428571428572,0.0516129032258065,0.148387096774194,0.01375,0.011,0.01375,0.01375,0,0,0,0
30/07/2007,0.0166954641900841,0.6,11.5269024401251,6,324.172673002179,0,0.857142857142857,3.42857142857143,0.12258064516129,0,508.333333333333,133.333333333333,2.28571428571429,7.71428571428572,0.0516129032258065,0.148387096774194,0.01375,0.011,0.01375,0.01375,0,0,0,0
31/07/2007,0.0157947184278009,0.6,11.5168044478446,6,325.053951763886,0,0.857142857142857,3.42857142857143,0.12258064516129,0,508.333333333333,133.333333333333,2.28571428571429,7.71428571428572,0.0516129032258065,0.148387096774194,0.01375,0.011,0.01375,0.01375,0,0,0,0
01/08/2007,0.0118081489882153,0.6,11.5090696508551,6,325.917638294759,0,0.857142857142857,3.42857142857143,0.12258064516129,0,508.333333333333,133.333333333333,2.28571428571429,7.71428571428572,0.0516129032258065,0.148387096774194,0.01375,0.011,0.01375,0.01375,0,0,0,0
02/08/2007,0.011819819095865,0.6,11.5037003388204,6,326.763476925256,0,0.857142857142857,3.42857142857143,0.12258064516129,0,508.333333333333,133.333333333333,2.28571428571429,7.71428571428572,0.0516129032258065,0.148387096774194,0.01375,0.011,0.01375,0.01375,0,0,0,0
03/08/2007,0.0163913330911046,0.593220393443407,11.500698101171,6.46101324584831,327.591217269194,0,0.90871636345801,3.63486545383204,0.13688792190277,0,508.333333333333,133.333333333333,2.42324363588803,8.17844727112209,0.0576370197485348,0.165706431777037,0.01375,0.011,0.01375,0.01375,0,0,0,0
04/08/2007,0.0180550890034846,0.50017373228195,11.5000638266329,12.7881862048274,328.400614297865,0,1.80001494428987,7.20005977715947,0.40401397176034,0,508.333333333333,133.333333333333,4.80003985143965,16.2001344986088,0.170111146004354,0.489069544762517,0.01375,0.011,0.01375,0.01375,0,0,0,0
05/08/2007,0.0211054533038704,0.444157971023841,11.5017977029648,16.5972579703788,329.191428412574,0,2.34146304658732,9.36585218634926,0.566132932854946,0,508.333333333333,133.333333333333,6.24390145756618,21.0731674192858,0.238371761202083,0.685318813455987,0.01375,0.011,0.01375,0.01375,0,0,0,0
06/08/2007,0.0129306326667348,0.6,11.5058992169025,6,329.963425515561,0,0.857142857142857,3.42857142857143,0.12258064516129,0,508.333333333333,133.333333333333,2.28571428571429,7.71428571428572,0.0516129032258065,0.148387096774194,0.01375,0.011,0.01375,0.01375,0,0,0,0
07/08/2007,0.0131215103927938,0.6,11.5123671543109,6,330.716377079302,0,0.857142857142857,3.42857142857143,0.12258064516129,0,508.333333333333,133.333333333333,2.28571428571429,7.71428571428572,0.0516129032258064,0.148387096774194,0.01375,0.011,0.01375,0.01375,0,0,0,0
08/08/2007,0.0112703232494505,0.6,11.5211996005432,6,331.450060214155,0,0.857142857142857,3.42857142857143,0.12258064516129,0,508.333333333333,133.333333333333,2.28571428571429,7.71428571428572,0.0516129032258065,0.148387096774194,0.01375,0.011,0.01375,0.01375,0,0,0,0
09/08/2007,0.00899213862337264,0.6,11.532393941008,6,332.164257734344,0,0.857142857142857,3.42857142857143,0.12258064516129,0,508.333333333333,133.333333333333,2.28571428571429,7.71428571428572,0.0516129032258065,0.148387096774194,0.01375,0.011,0.01375,0.01375,0,0,0,0
10/08/2007,0.00727295335972261,0.6,11.5459468619428,6,332.858758222246,0,0.857142857142857,3.42857142857143,0.12258064516129,0,508.333333333333,133.333333333333,2.28571428571429,7.71428571428572,0.0516129032258065,0.148387096774194,0.01375,0.011,0.01375,0.01375,0,0,0,0
11/08/2007,0.0065529521762841,0.6,11.5618543513956,6,333.53335609098,0,0.857142857142857,3.42857142857143,0.12258064516129,0,508.333333333333,133.333333333333,2.28571428571429,7.71428571428572,0.0516129032258065,0.148387096774194,0.01375,0.011,0.01375,0.01375,0,0,0,0
12/08/2007,0.0108674989533032,0.6,11.5801117004118,6,334.187851645262,0,0.857142857142857,3.42857142857143,0.12258064516129,0,508.333333333333,133.333333333333,2.28571428571429,7.71428571428572,0.0516129032258065,0.148387096774194,0.01375,0.011,0.01375,0.01375,0,0,0,0
13/08/2007,0.011018554430027,0.6,11.6007135044287,6,334.822051140518,0,0.857142857142857,3.42857142857143,0.12258064516129,0,508.333333333333,133.333333333333,2.28571428571429,7.71428571428572,0.0516129032258065,0.148387096774194,0.01375,0.011,0.01375,0.01375,0,0,0,0
14/08/2007,0.0125717283510811,0.6,11.6236536648752,6,335.43576684024,0,0.857142857142857,3.42857142857143,0.12258064516129,0,508.333333333333,133.333333333333,2.28571428571429,7.71428571428572,0.0516129032258065,0.148387096774194,0.01375,0.011,0.01375,0.01375,0,0,0,0
15/08/2007,0.0125886161102137,0.6,11.6489253909769,6,336.028817071558,0,0.857142857142857,3.42857142857143,0.12258064516129,0,508.333333333333,133.333333333333,2.28571428571429,7.71428571428572,0.0516129032258065,0.148387096774194,0.01375,0.011,0.01375,0.01375,0,0,0,0
16/08/2007,0.0156926910011477,0.6,11.6765212017667,6,336.601026279017,0,1.0122182723912,4.0488730895648,0.159569040482164,0,508.333333333333,133.333333333333,2.69924872637653,9.1099644515208,0.0671869644135427,0.193162522688935,0.01375,0.011,0.01375,0.01375,0,0,0,0
17/08/2007,0.0125763800277377,0.559114307656023,11.706432928299,8.78022707939042,337.152225076551,0,1.18304732332664,4.73218929330657,0.215606533909764,0,508.333333333333,133.333333333333,3.15479286220438,10.6474259099398,0.0907816984883215,0.260997383153924,0.01375,0.011,0.01375,0.01375,0,0,0,0
18/08/2007,0.0156650279702765,0.507370145535917,11.7386517160679,12.2988301035577,337.682250297619,0,1.73250062627019,6.93000250508075,0.383142645413321,0,508.333333333333,133.333333333333,4.62000167005383,15.5925056364317,0.161323219121399,0.463804254974021,0.01375,0.011,0.01375,0.01375,0,0,0,0
19/08/2007,0.00989951079898015,0.6,11.7731680276286,6,338.190945043506,0,0.857142857142857,3.42857142857143,0.12258064516129,0,508.333333333333,133.333333333333,2.28571428571429,7.71428571428571,0.0516129032258065,0.148387096774194,0.01375,0.011,0.01375,0.01375,0,0,0,0
20/08/2007,1.32324722726913,0.121780178323931,11.8099716454204,38.5189478739727,338.678158729775,0,6.50337365534703,26.0134946213881,2.05827603124473,0,508.333333333333,133.333333333333,17.3423297475921,58.5303628981232,0.866642539471466,2.49159730098047,0.01375,0.011,0.01375,0.01375,0,0,0,0
21/08/2007,1.18089997812714,0.158233215961273,11.8490516747915,36.0401413146334,339.143747130835,0,4.81867719021602,19.2747087608641,1.37408438157486,0,508.333333333333,133.333333333333,12.8498058405761,43.3680947119442,0.578561844873624,1.66336530401167,0.01375,0.011,0.01375,0.01375,0,0,0,0
22/08/2007,0.321893936867623,0.299433384462257,11.8903965472238,26.4385298565666,339.587572422639,0,4.37120911124356,17.4848364449743,1.31906963197786,0,508.333333333333,133.333333333333,11.6565576299828,39.3408820011921,0.555397739780152,1.59676850186794,0.01375,0.011,0.01375,0.01375,0,0,0,0
23/08/2007,0.180762697676102,0.408783239449823,11.9339940237578,19.0027397174121,340.009503223483,0,3.12511970582747,12.5004788233099,0.889654114306288,0,508.333333333333,133.333333333333,8.33365254887325,28.1260773524472,0.3745912060237,1.07694971731814,0.01375,0.011,0.01375,0.01375,0,0,0,0
24/08/2007,0.120156893866785,0.535777406527168,11.9798311986152,10.3671363561526,340.409414632895,0,1.78435449450956,7.13741797803822,0.437872420497648,0,508.333333333333,133.333333333333,4.75827865202548,16.059190450586,0.184367334946378,0.530056087970837,0.01375,0.011,0.01375,0.01375,0,0,0,0
25/08/2007,0.0964489307781696,0.562675897374217,12.0278945030197,8.53803897855323,340.787188268613,0,1.34494108192183,5.37976432768733,0.277485526280816,0,508.333333333333,133.333333333333,3.58650955179156,12.1044697372965,0.116836011065607,0.33590353181362,0.01375,0.011,0.01375,0.01375,0,0,0,0
26/08/2007,0.0803216495998152,0.571317092284499,12.0781697092131,7.95043772465408,341.142712301624,0,1.13581096424173,4.54324385696693,0.20539084519355,0,508.333333333333,133.333333333333,3.02882923797796,10.2222986781756,0.0864803558709686,0.248631023129035,0.01375,0.011,0.01375,0.01375,0,0,0,0
27/08/2007,0.064677438229923,0.6,12.1306419346675,6,341.47588148927,0,0.870659616398843,3.48263846559537,0.126999026681526,0,508.333333333333,133.333333333333,2.32175897706358,7.83593654758959,0.0534732743922217,0.153735663877637,0.01375,0.011,0.01375,0.01375,0,0,0,0
28/08/2007,0.0565452603580212,0.6,12.1852956464909,6,341.7865972064,0,0.867011059466259,3.46804423786503,0.125806380114316,0,508.333333333333,133.333333333333,2.31202949191002,7.80309953519633,0.0529711074165542,0.152291933822593,0.01375,0.011,0.01375,0.01375,0,0,0,0
29/08/2007,0.0530996645069403,0.6,12.2421146660246,6,342.07476747457,0,0.877887074130512,3.51154829652205,0.12936155049919,0,508.333333333333,133.333333333333,2.34103219768137,7.90098366717461,0.054468021262817,0.156595561130599,0.01375,0.011,0.01375,0.01375,0,0,0,0
30/08/2007,0.0445083610337304,0.6,12.3010821736331,6,342.340306989265,0,0.861593952697672,3.44637581079069,0.124035626934047,0,508.333333333333,133.333333333333,2.29758387386046,7.75434557427905,0.0522255271301251,0.15014839049911,0.01375,0.011,0.01375,0.01375,0,0,0,0
31/08/2007,0.0362825095413783,0.6,12.362180713683,6,342.583137145153,0,0.857142857142857,3.42857142857143,0.12258064516129,0,508.333333333333,133.333333333333,2.28571428571429,7.71428571428572,0.0516129032258065,0.148387096774194,0.01375,0.011,0.01375,0.01375,0,0,0,0
01/09/2007,0.0386541696960447,0.6,12.4253921997097,6,342.803186059355,0,0.872218463466212,3.48887385386485,0.127508585292796,0,508.333333333333,133.333333333333,2.32591590257657,7.84996617119591,0.0536878253864403,0.154352497986016,0.01375,0.011,0.01375,0.01375,0,0,0,0
02/09/2007,0.0323061307123951,0.6,12.4906979197721,6,343.000388592724,0,0.857142857142857,3.42857142857143,0.12258064516129,0,508.333333333333,133.333333333333,2.28571428571429,7.71428571428572,0.0516129032258065,0.148387096774194,0.01375,0.011,0.01375,0.01375,0,0,0,0
03/09/2007,0.030710713313422,0.6,12.5580785419912,6,343.174686369124,0,0.857142857142857,3.42857142857143,0.12258064516129,0,508.333333333333,133.333333333333,2.28571428571429,7.71428571428572,0.0516129032258065,0.148387096774194,0.01375,0.011,0.01375,0.01375,0,0,0,0
04/09/2007,0.0306607840241588,0.590060510301331,12.6275141202729,6.67588529950951,343.326027792715,0,0.949637768094856,3.79855107237942,0.149372649565794,0,508.333333333333,133.333333333333,2.53236738158628,8.5467399128537,0.0628937471855974,0.180819523158593,0.01375,0.011,0.01375,0.01375,0,0,0,0
05/09/2007,0.0322320420314321,0.547840032652195,12.6989841002127,9.54687777965074,343.454368063225,0,1.34802781980451,5.39211127921806,0.267972639720955,0,508.333333333333,133.333333333333,3.59474085281204,12.1322503782406,0.112830585145665,0.324387932293787,0.01375,0.011,0.01375,0.01375,0,0,0,0
06/09/2007,0.0375760239794152,0.49127862167842,12.7724673251798,13.3930537258674,343.559669189209,0,1.95720630004445,7.82882520017778,0.452066626722901,0,508.333333333333,133.333333333333,5.21921680011852,17.6148567004,0.190343842830695,0.547238548138249,0.01375,0.011,0.01375,0.01375,0,0,0,0
07/09/2007,0.0362604354135196,0.4634366801548,12.8479420425803,15.2863057494736,343.6418999993,0,2.14578340417204,8.58313361668816,0.506867702544268,0,508.333333333333,133.333333333333,5.7220890777921,19.3120506375484,0.213417980018639,0.613576692553587,0.01375,0.011,0.01375,0.01375,0,0,0,0
08/09/2007,0.0460356034711081,0.395722297661322,12.9253859102962,19.8908837590301,343.701036151433,0,2.95982720612906,11.8393088245163,0.76381458725409,0,508.333333333333,133.333333333333,7.8928725496775,26.6384448551616,0.321606142001722,0.924617658254951,0.01375,0.011,0.01375,0.01375,0,0,0,0
09/09/2007,0.0495924934994917,0.352323322524932,13.0047760032994,22.8420140683046,343.737060140052,0,3.16507276832616,12.6602910733046,0.810531814252862,0,508.333333333333,133.333333333333,8.44019404886976,28.4856549149354,0.341276553369626,0.981170090937675,0.01375,0.011,0.01375,0.01375,0,0,0,0
10/09/2007,0.0280601606959794,0.486112279261435,13.0860888204375,13.7443650102224,343.749961301293,0,1.92720452320116,7.70881809280465,0.44098381154771,0,508.333333333333,133.333333333333,5.13921206186977,17.3448407088105,0.185677394335878,0.533822508715649,0.01375,0.011,0.01375,0.01375,0,0,0,0
11/09/2007,0.0171880679388467,0.588836993104709,13.1693002913912,6.75908446887979,343.739735816136,0,0.922995360781559,3.69198144312623,0.139752875465541,0,508.333333333333,133.333333333333,2.46132096208416,8.30695824703403,0.0588433159854911,0.169174533458287,0.01375,0.011,0.01375,0.01375,0,0,0,0
12/09/2007,0.0176140616010274,0.6,13.2543857837993,6,343.706386711544,0,0.857142857142857,3.42857142857143,0.12258064516129,0,508.333333333333,133.333333333333,2.28571428571429,7.71428571428572,0.0516129032258065,0.148387096774194,0.01375,0.011,0.01375,0.01375,0,0,0,0
13/09/2007,0.016154294487519,0.6,13.3413201105505,6,343.649923859559,0,0.857142857142857,3.42857142857143,0.12258064516129,0,508.333333333333,133.333333333333,2.28571428571429,7.71428571428572,0.0516129032258065,0.148387096774194,0.01375,0.011,0.01375,0.01375,0,0,0,0
14/09/2007,0.01273298371475,0.6,13.4300775372393,6,343.570363974383,0,0.857142857142857,3.42857142857143,0.12258064516129,0,508.333333333333,133.333333333333,2.28571428571429,7.71428571428571,0.0516129032258065,0.148387096774194,0.01375,0.011,0.01375,0.01375,0,0,0,0
15/09/2007,0.0143699838393476,0.6,13.5206317897838,6,343.46773060743,0,0.857142857142857,3.42857142857143,0.12258064516129,0,508.333333333333,133.333333333333,2.28571428571429,7.71428571428572,0.0516129032258065,0.148387096774194,0.01375,0.011,0.01375,0.01375,0,0,0,0
16/09/2007,0.0133455338664095,0.6,13.6129560622039,6,343.342054140356,0,0.857142857142857,3.42857142857143,0.12258064516129,0,508.333333333333,133.333333333333,2.28571428571429,7.71428571428572,0.0516129032258065,0.148387096774194,0.01375,0.011,0.01375,0.01375,0,0,0,0
17/09/2007,0.0111337389518021,0.6,13.7070230245555,6,343.193371776061,0,0.857142857142857,3.42857142857143,0.12258064516129,0,508.333333333333,133.333333333333,2.28571428571429,7.71428571428571,0.0516129032258065,0.148387096774194,0.01375,0.011,0.01375,0.01375,0,0,0,0
18/09/2007,0.0158674002162716,0.6,13.8028048310218,6,343.021727527679,0,0.857142857142857,3.42857142857143,0.12258064516129,0,508.333333333333,133.333333333333,2.28571428571429,7.71428571428572,0.0516129032258065,0.148387096774194,0.01375,0.011,0.01375,0.01375,0,0,0,0
19/09/2007,0.0121222314829266,0.6,13.9002731281556,6,342.827172205552,0,0.857142857142857,3.42857142857143,0.12258064516129,0,508.333333333333,133.333333333333,2.28571428571429,7.71428571428571,0.0516129032258065,0.148387096774194,0.01375,0.011,0.01375,0.01375,0,0,0,0
20/09/2007,0.0146256640701289,0.6,13.9993990632724,6,342.609763402183,0,0.857142857142857,3.42857142857143,0.12258064516129,0,508.333333333333,133.333333333333,2.28571428571429,7.71428571428571,0.0516129032258065,0.148387096774194,0.01375,0.011,0.01375,0.01375,0,0,0,0
21/09/2007,0.0160031275512404,0.539620893831262,14.100153292992,10.1057792194741,342.369565475191,0,1.36349049982759,5.45396199931038,0.269099824653912,0,508.333333333333,133.333333333333,3.63597466620692,12.2714144984484,0.113305189327963,0.325752419317894,0.01375,0.011,0.01375,0.01375,0,0,0,0
22/09/2007,0.0185099420175229,0.471308330911854,14.2025059919243,14.7510334979939,342.10664952826,0,2.09946330112918,8.39785320451673,0.494339473125733,0,508.333333333333,133.333333333333,5.59856880301115,18.8951697101626,0.20814293605294,0.598410941152204,0.01375,0.011,0.01375,0.01375,0,0,0,0
23/09/2007,0.0114456575601888,0.6,14.3064268614986,6,341.821093390089,0,0.857142857142857,3.42857142857143,0.12258064516129,0,508.333333333333,133.333333333333,2.28571428571429,7.71428571428571,0.0516129032258065,0.148387096774194,0.01375,0.011,0.01375,0.01375,0,0,0,0
24/09/2007,0.0105811950802369,0.6,14.4118851389321,6,341.512981591355,0,0.857142857142857,3.42857142857143,0.12258064516129,0,508.333333333333,133.333333333333,2.28571428571429,7.71428571428571,0.0516129032258065,0.148387096774194,0.01375,0.011,0.01375,0.01375,0,0,0,0
25/09/2007,0.0104701727692898,0.6,14.5188496063369,6,341.182405339689,0,0.857142857142857,3.42857142857143,0.12258064516129,0,508.333333333333,133.333333333333,2.28571428571429,7.71428571428572,0.0516129032258065,0.148387096774194,0.01375,0.011,0.01375,0.01375,0,0,0,0
26/09/2007,0.0114106568794599,0.6,14.6272885999607,6,340.829462492675,0,0.857142857142857,3.42857142857143,0.12258064516129,0,508.333333333333,133.333333333333,2.28571428571429,7.71428571428571,0.0516129032258065,0.148387096774194,0.01375,0.011,0.01375,0.01375,0,0,0,0
27/09/2007,0.00747988366153687,0.576061369004392,14.7371700195604,7.62782690770134,340.454257528887,0,0.959736989981177,3.83894795992471,0.146055947815048,0,508.333333333333,133.333333333333,2.55929863994981,8.63763290983059,0.0614972411852833,0.176804568407689,0.01375,0.011,0.01375,0.01375,0,0,0,0
28/09/2007,0.00586214178672083,0.524993268424591,14.8484613379039,11.1004577471278,340.056901516956,0,1.57520471965945,6.30081887863779,0.336499535590364,0,508.333333333333,133.333333333333,4.20054591909186,14.176842476935,0.141684014985416,0.407341543083072,0.01375,0.011,0.01375,0.01375,0,0,0,0
29/09/2007,0.00556456457887554,0.6,14.9611296103994,6,339.637512082693,0,0.857142857142857,3.42857142857143,0.12258064516129,0,508.333333333333,133.333333333333,2.28571428571429,7.71428571428572,0.0516129032258065,0.148387096774194,0.01375,0.011,0.01375,0.01375,0,0,0,0
30/09/2007,0.00342165772244675,0.6,15.0751414848473,6,339.19621337427,0,0.857142857142857,3.42857142857143,0.12258064516129,0,508.333333333333,133.333333333333,2.28571428571429,7.71428571428572,0.0516129032258065,0.148387096774194,0.01375,0.011,0.01375,0.01375,0,0,0,0
01/10/2007,0.00303557404505971,0.6,15.1904632113135,6,338.73313602547,0,0.857142857142857,3.42857142857143,0.12258064516129,0,508.333333333333,133.333333333333,2.28571428571429,7.71428571428572,0.0516129032258065,0.148387096774194,0.01375,0.011,0.01375,0.01375,0,0,0,0
02/10/2007,0.00575087822131564,0.6,15.3070606521197,6,338.248417117015,0,0.857142857142857,3.42857142857143,0.12258064516129,0,508.333333333333,133.333333333333,2.28571428571429,7.71428571428572,0.0516129032258065,0.148387096774194,0.01375,0.011,0.01375,0.01375,0,0,0,0
03/10/2007,0,0,15.4248992919492,0,337.742200135988,0,0,0,0,0,508.333333333333,133.333333333333,0,0,0,0,0.01375,0.011,0.01375,0.01375,0,0,0,0
04/10/2007,0.00468199841740543,0.6,15.5439442480639,6,337.214634933357,0,0.857142857142857,3.42857142857143,0.12258064516129,0,508.333333333333,133.333333333333,2.28571428571429,7.71428571428572,0.0516129032258065,0.148387096774194,0.01375,0.011,0.01375,0.01375,0,0,0,0
05/10/2007,0.00482890997786205,0.6,15.6641602806307,6,336.665877679617,0,0.857142857142857,3.42857142857143,0.12258064516129,0,508.333333333333,133.333333333333,2.28571428571429,7.71428571428572,0.0516129032258065,0.148387096774194,0.01375,0.011,0.01375,0.01375,0,0,0,0
06/10/2007,0.00379948719504356,0.6,15.7855118031529,6,336.096090818561,0,0.857142857142857,3.42857142857143,0.12258064516129,0,508.333333333333,133.333333333333,2.28571428571429,7.71428571428572,0.0516129032258065,0.148387096774194,0.01375,0.011,0.01375,0.01375,0,0,0,0
07/10/2007,0.00828048056363476,0.6,15.9079628930047,6,335.50544301919,0,0.857142857142857,3.42857142857143,0.12258064516129,0,508.333333333333,133.333333333333,2.28571428571429,7.71428571428572,0.0516129032258065,0.148387096774194,0.01375,0.011,0.01375,0.01375,0,0,0,0
08/10/2007,0.00931244988570974,0.6,16.0314773020651,6,334.894109125787,0,0.857142857142857,3.42857142857143,0.12258064516129,0,508.333333333333,133.333333333333,2.28571428571429,7.71428571428572,0.0516129032258065,0.148387096774194,0.01375,0.011,0.01375,0.01375,0,0,0,0
09/10/2007,0.00507633780500826,0.6,16.1560184674478,6,334.262270106158,0,0.857142857142857,3.42857142857143,0.12258064516129,0,508.333333333333,133.333333333333,2.28571428571429,7.71428571428572,0.0516129032258065,0.148387096774194,0.01375,0.011,0.01375,0.01375,0,0,0,0
10/10/2007,0.00795610162053394,0.6,16.2815495223251,6,333.610112998059,0,0.857142857142857,3.42857142857143,0.12258064516129,0,508.333333333333,133.333333333333,2.28571428571429,7.71428571428572,0.0516129032258065,0.148387096774194,0.01375,0.011,0.01375,0.01375,0,0,0,0
11/10/2007,0.00319906098931439,0.6,16.408033306841,6,332.937830853834,0,0.857142857142857,3.42857142857143,0.12258064516129,0,508.333333333333,133.333333333333,2.28571428571429,7.71428571428572,0.0516129032258065,0.148387096774194,0.01375,0.011,0.01375,0.01375,0,0,0,0
12/10/2007,0.00703793614762311,0.595154180968768,16.5354323791111,6.32951569412376,332.245622683264,0,0.877910652990994,3.51164261196397,0.127332674146756,0,508.333333333333,133.333333333333,2.34109507464265,7.90119587691894,0.0536137575354764,0.154139552914495,0.01375,0.011,0.01375,0.01375,0,0,0,0
13/10/2007,0.00750997922284255,0.495883522474782,16.6637090263067,13.0799204717148,331.533693394657,0,1.81504853559656,7.26019414238626,0.405969551478155,0,508.333333333333,133.333333333333,4.84012942825751,16.3354368203691,0.170934547990802,0.491436825473556,0.01375,0.011,0.01375,0.01375,0,0,0,0
14/10/2007,0.0105125552373069,0.411439938106405,16.792825275818,18.8220842087645,330.802253734189,0,2.84845980871652,11.3938392348661,0.728667406828953,0,508.333333333333,133.333333333333,7.59589282324404,25.6361382784487,0.306807329191138,0.882071071424522,0.01375,0.011,0.01375,0.01375,0,0,0,0
15/10/2007,0,0,16.9227429064953,0,330.051520223521,0,0,0,0,0,508.333333333333,133.333333333333,0,0,0,0,0.01375,0.011,0.01375,0.01375,0,0,0,0
16/10/2007,0,0,17.053423459963,0,329.281715095704,0,0,0,0,0,508.333333333333,133.333333333333,0,0,0,0,0.01375,0.011,0.01375,0.01375,0,0,0,0
17/10/2007,0.0047615507141751,0.6,17.1848282520041,6,328.49306622939,0,0.857142857142857,3.42857142857143,0.12258064516129,0,508.333333333333,133.333333333333,2.28571428571429,7.71428571428572,0.0516129032258065,0.148387096774194,0.01375,0.011,0.01375,0.01375,0,0,0,0
18/10/2007,0.00322268904573314,0.6,17.3169183840117,6,327.685807081381,0,0.857142857142857,3.42857142857143,0.12258064516129,0,508.333333333333,133.333333333333,2.28571428571429,7.71428571428572,0.0516129032258065,0.148387096774194,0.01375,0.011,0.01375,0.01375,0,0,0,0
19/10/2007,0.00100718362527289,0.6,17.4496547545038,6,326.860176617513,0,0.857142857142857,3.42857142857143,0.12258064516129,0,508.333333333333,133.333333333333,2.28571428571429,7.71428571428572,0.0516129032258065,0.148387096774194,0.01375,0.011,0.01375,0.01375,0,0,0,0
20/10/2007,0.00458366867506893,0.6,17.5829980706979,6,326.016419241926,0,0.857142857142857,3.42857142857143,0.12258064516129,0,508.333333333333,133.333333333333,2.28571428571429,7.71428571428572,0.0516129032258065,0.148387096774194,0.01375,0.011,0.01375,0.01375,0,0,0,0
21/10/2007,0,0,17.7169088601428,0,325.154784724706,0,0,0,0,0,508.333333333333,133.333333333333,0,0,0,0,0.01375,0.011,0.01375,0.01375,0,0,0,0
22/10/2007,0,0,17.8513474824032,0,324.275528127956,0,0,0,0,0,508.333333333333,133.333333333333,0,0,0,0,0.01375,0.011,0.01375,0.01375,0,0,0,0
23/10/2007,0.00467091867818338,0.6,17.986274140794,6,323.378909730285,0,0.857142857142857,3.42857142857143,0.12258064516129,0,508.333333333333,133.333333333333,2.28571428571429,7.71428571428572,0.0516129032258065,0.148387096774194,0.01375,0.011,0.01375,0.01375,0,0,0,0
24/10/2007,0.00865238755204656,0.6,18.1216488941613,6,322.465194949768,0,0.857142857142857,3.42857142857143,0.12258064516129,0,508.333333333333,133.333333333333,2.28571428571429,7.71428571428572,0.0516129032258065,0.148387096774194,0.01375,0.011,0.01375,0.01375,0,0,0,0
25/10/2007,0.0131023785579777,0.470213831760766,18.2574316687051,14.8254594402679,321.534654265367,0,2.19802161891378,8.79208647565513,0.530933638034805,0,508.333333333333,133.333333333333,5.86139098377009,19.782194570224,0.223551005488339,0.642709140778974,0.01375,0.011,0.01375,0.01375,0,0,0,0
26/10/2007,0.0181844428737027,0.344302762327593,18.393582269843,23.3874121617237,320.587563136873,0,3.34239016740766,13.3695606696306,0.869281625606378,0,508.333333333333,133.333333333333,8.91304044642043,30.0815115066689,0.366013316044791,1.05228828362877,0.01375,0.011,0.01375,0.01375,0,0,0,0
27/10/2007,0.0104010611267382,0.350049421219598,18.5300603941077,22.9966393570673,319.624201923357,0,3.53630772500453,14.1452309000181,0.940717385645315,0,508.333333333333,133.333333333333,9.43015393334542,31.8267695250408,0.396091530798027,1.13876315104433,0.01375,0.011,0.01375,0.01375,0,0,0,0
28/10/2007,0.0049076367655428,0.463745738554885,18.6668256410784,15.2652897782678,318.644855800181,0,2.36020839801309,9.44083359205234,0.582266395316815,0,508.333333333333,133.333333333333,6.29388906136823,21.2418755821178,0.245164798028133,0.704848794330881,0.01375,0.011,0.01375,0.01375,0,0,0,0
29/10/2007,0,0,18.8038375253397,0,317.64981467458,0,0,0,0,0,508.333333333333,133.333333333333,0,0,0,0,0.01375,0.011,0.01375,0.01375,0,0,0,0
30/10/2007,0,0,18.9410554884664,0,316.639373099842,0,0,0,0,0,508.333333333333,133.333333333333,0,0,0,0,0.01375,0.011,0.01375,0.01375,0,0,0,0
31/10/2007,0.00456896102876179,0.6,19.0784389110296,6,315.613830188116,0,0.857142857142857,3.42857142857143,0.12258064516129,0,508.333333333333,133.333333333333,2.28571428571429,7.71428571428572,0.0516129032258065,0.148387096774194,0.01375,0.011,0.01375,0.01375,0,0,0,0
01/11/2007,0.00325454013773139,0.6,19.2159471246209,6,314.573489521866,0,0.857142857142857,3.42857142857143,0.12258064516129,0,508.333333333333,133.333333333333,2.28571428571429,7.71428571428572,0.0516129032258065,0.148387096774194,0.01375,0.011,0.01375,0.01375,0,0,0,0
02/11/2007,0.00635317509902078,0.6,19.353539423891,6,313.518659064006,0,0.857142857142857,3.42857142857143,0.12258064516129,0,508.333333333333,133.333333333333,2.28571428571429,7.71428571428572,0.0516129032258065,0.148387096774194,0.01375,0.011,0.01375,0.01375,0,0,0,0
03/11/2007,0.0480453948453776,0.209788142895692,19.4911750785997,32.5344062830929,312.449651066735,0,5.07148547614448,20.2859419045779,1.4475323022636,0,508.333333333333,133.333333333333,13.5239612697186,45.6433692853003,0.60948728516362,1.75227594484541,0.01375,0.011,0.01375,0.01375,0,0,0,0
04/11/2007,0.0818316677465453,0.155534296004243,19.6288133456723,36.2236678717115,311.366781979106,0,5.13515378603016,20.5406151441206,1.40931522822752,0,508.333333333333,133.333333333333,13.6937434294138,46.2163840742714,0.593395885569482,1.70601317101226,0.01375,0.011,0.01375,0.01375,0,0,0,0
05/11/2007,0.0402369837687247,0.208017567684736,19.7664134812612,32.654805397438,310.270372353347,0,4.60421668347217,18.4168667338887,1.24547387089694,0,508.333333333333,133.333333333333,12.2779111559258,41.4379501512495,0.524410050903975,1.50767889634893,0.01375,0.011,0.01375,0.01375,0,0,0,0
06/11/2007,0.00501510087342556,0.587791236786257,19.9039347528061,6.83019589853454,309.160746749974,0,0.9094661280589,3.6378645122356,0.134553109732187,0,508.333333333333,133.333333333333,2.42524300815707,8.1851951525301,0.0566539409398682,0.162880080202121,0.01375,0.011,0.01375,0.01375,0,0,0,0
07/11/2007,0.016008240583507,0.381822727056555,20.0413364510926,20.8360545601543,308.038233641712,0,3.21479483614137,12.8591793445655,0.845907562607173,0,508.333333333333,133.333333333333,8.57278622971033,28.9331535252724,0.356171605308283,1.02399336526131,0.01375,0.011,0.01375,0.01375,0,0,0,0
08/11/2007,0.137083304568607,0.141964441525772,20.178577902302,37.1464179762475,306.903165316262,0,6.66562422983826,26.6624969193531,2.1204749950256,0,508.333333333333,133.333333333333,17.7749979462354,59.9906180685444,0.892831576852883,2.56689078345204,0.01375,0.011,0.01375,0.01375,0,0,0,0
09/11/2007,0.161017454887209,0.154014583301607,20.3156184800527,36.3270083354907,305.755877777935,0,6.07110866385835,24.2844346554334,1.87905872256115,0,508.333333333333,133.333333333333,16.1896231036223,54.6399779747251,0.791182620025746,2.27465003257402,0.01375,0.011,0.01375,0.01375,0,0,0,0
10/11/2007,0.136859681632085,0.182800955479669,20.4524176174254,34.3695350273825,304.596710648189,0,5.57833511371383,22.3133404548553,1.70498421557068,0,508.333333333333,133.333333333333,14.8755603032369,50.2050160234245,0.717888090766601,2.06392826095398,0.01375,0.011,0.01375,0.01375,0,0,0,0
11/11/2007,0.0539272278182752,0.292938971423914,20.5889348189725,26.8801499431739,303.42600706509,0,3.71191100904878,14.8476440361951,1.00454574314611,0,508.333333333333,133.333333333333,9.89842935746342,33.4071990814391,0.422966628693098,1.21602905749266,0.01375,0.011,0.01375,0.01375,0,0,0,0
12/11/2007,0.0128680548770252,0.594360881516127,20.7251296727055,6.38346005690337,302.244113581744,0,0.881310507788028,3.52524203115211,0.128110619416443,0,508.333333333333,133.333333333333,2.35016135410141,7.93179457009225,0.0539413134385025,0.155081276135695,0.01375,0.011,0.01375,0.01375,0,0,0,0
13/11/2007,0.00908360836520243,0.6,20.8609618620575,6,301.051380063702,0,0.857142857142857,3.42857142857143,0.12258064516129,0,508.333333333333,133.333333333333,2.28571428571429,7.71428571428572,0.0516129032258065,0.148387096774194,0.01375,0.011,0.01375,0.01375,0,0,0,0
14/11/2007,0.00656189292574858,0.6,20.996391177818,6,299.848159585395,0,0.857142857142857,3.42857142857143,0.12258064516129,0,508.333333333333,133.333333333333,2.28571428571429,7.71428571428572,0.0516129032258065,0.148387096774194,0.01375,0.011,0.01375,0.01375,0,0,0,0
15/11/2007,0.00809003585503335,0.557965499802102,21.1313775300357,8.85834601345708,298.634808325618,0,1.10519835626773,4.42079342507092,0.187775742496987,0,508.333333333333,133.333333333333,2.94719561671395,9.94678520640958,0.0790634705250471,0.227307477759511,0.01375,0.011,0.01375,0.01375,0,0,0,0
16/11/2007,0.0102075871901807,0.473873057531733,21.2658809598859,14.5766320878422,297.411685462092,0,2.1212383934426,8.48495357377041,0.503589396744359,0,508.333333333333,133.333333333333,5.65663571584694,19.0911455409834,0.212037640734467,0.609608217111593,0.01375,0.011,0.01375,0.01375,0,0,0,0
17/11/2007,0.00261864007887827,0.6,21.399861651499,6,296.17915306514,0,0.857142857142857,3.42857142857143,0.12258064516129,0,508.333333333333,133.333333333333,2.28571428571429,7.71428571428572,0.0516129032258065,0.148387096774194,0.01375,0.011,0.01375,0.01375,0,0,0,0
18/11/2007,0.00214904521293458,0.6,21.5332799437473,6,294.937575990505,0,0.857142857142857,3.42857142857143,0.12258064516129,0,508.333333333333,133.333333333333,2.28571428571429,7.71428571428572,0.0516129032258065,0.148387096774194,0.01375,0.011,0.01375,0.01375,0,0,0,0
19/11/2007,0.00149197528716325,0.6,21.666096341985,6,293.68732177135,0,0.857142857142857,3.42857142857143,0.12258064516129,0,508.333333333333,133.333333333333,2.28571428571429,7.71428571428572,0.0516129032258065,0.148387096774194,0.01375,0.011,0.01375,0.01375,0,0,0,0
20/11/2007,0,0,21.7982715297398,0,292.428760509454,0,0,0,0,0,508.333333333333,133.333333333333,0,0,0,0,0.01375,0.011,0.01375,0.01375,0,0,0,0
21/11/2007,0.00222830834537741,0.6,21.9297663803513,6,291.162264765657,0,0.857142857142857,3.42857142857143,0.12258064516129,0,508.333333333333,133.333333333333,2.28571428571429,7.71428571428572,0.0516129032258065,0.148387096774194,0.01375,0.011,0.01375,0.01375,0,0,0,0
22/11/2007,0.0104432187858209,0.471565209682413,22.0605419685534,14.7335657415959,289.888209449576,0,2.15616388516707,8.62465554066826,0.516001507768412,0,508.333333333333,133.333333333333,5.74977036044551,19.4054749665036,0.217263792744595,0.62463340414071,0.01375,0.011,0.01375,0.01375,0,0,0,0
23/11/2007,0.0202439649842153,0.315872766470445,22.1905595819968,25.3206518800097,288.606971708621,0,3.6858639942133,14.7434559768532,0.978524469165227,0,508.333333333333,133.333333333333,9.82897065123545,33.1727759479197,0.412010302806411,1.18452962056843,0.01375,0.011,0.01375,0.01375,0,0,0,0
24/11/2007,0.0226740085542601,0.304422090280711,22.3197807327088,26.0992978609116,287.31893081635,0,3.713057258294,14.852229033176,0.9804439328519,0,508.333333333333,133.333333333333,9.90148602211734,33.417515324646,0.412818498042905,1.18685318187335,0.01375,0.011,0.01375,0.01375,0,0,0,0
25/11/2007,0.00666109238543233,0.337961473996001,22.4481671684868,23.818619768272,286.024468060202,0,3.89416648028567,15.5766659211427,1.06153578160951,0,508.333333333333,133.333333333333,10.3844439474284,35.047498322571,0.446962434361898,1.28501699879046,0.01375,0.011,0.01375,0.01375,0,0,0,0
26/11/2007,0,0,22.5756808842214,0,284.723966628621,0,0,0,0,0,508.333333333333,133.333333333333,0,0,0,0,0.01375,0.011,0.01375,0.01375,0,0,0,0
27/11/2007,0.00456937357227003,0.6,22.7022841331467,6,283.417811497628,0,0.857142857142857,3.42857142857143,0.12258064516129,0,508.333333333333,133.333333333333,2.28571428571429,7.71428571428572,0.0516129032258065,0.148387096774194,0.01375,0.011,0.01375,0.01375,0,0,0,0
28/11/2007,0.0132249142719391,0.277776341119109,22.8279394380145,27.9112088039006,282.10638931686,0,4.50113695464311,18.0045478185724,1.25628791926325,0,508.333333333333,133.333333333333,12.0030318790483,40.510232591788,0.528963334426632,1.52076958647657,0.01375,0.011,0.01375,0.01375,0,0,0,0
29/11/2007,0.0262861809326096,0.22056190497243,22.9526096021881,31.8017904618748,280.79008829511,0,4.66977278644514,18.6790911457805,1.27565593481679,0,508.333333333333,133.333333333333,12.4527274305204,42.0279550780063,0.537118288343913,1.54421507898875,0.01375,0.011,0.01375,0.01375,0,0,0,0
30/11/2007,0.006418219400957,0.401474130581993,23.0762577206533,19.4997591204245,279.469298085414,0,2.96740914512306,11.8696365804923,0.76722580764808,0,508.333333333333,133.333333333333,7.9130910536615,26.7066823061076,0.323042445325508,0.928747030310834,0.01375,0.011,0.01375,0.01375,0,0,0,0
01/12/2007,0.187432600481617,0.141868629752232,23.1988471909432,37.1529331768482,278.144409669701,0,6.43727756694869,25.7491102677948,2.02238187224831,0,508.333333333333,133.333333333333,17.1660735118632,57.9354981025383,0.851529209367711,2.44814647693217,0.01375,0.011,0.01375,0.01375,0,0,0,0
02/12/2007,0.235166174893861,0.148666716036936,23.3203417239731,36.6906633094883,276.815815243058,0,5.77417771702831,23.0967108681132,1.74231539170038,0,508.333333333333,133.333333333333,15.3978072454088,51.9675994532548,0.733606480715951,2.10911863205836,0.01375,0.011,0.01375,0.01375,0,0,0,0
03/12/2007,0.0862301368738498,0.235550997580054,23.4407053547832,30.7825321645563,275.483908097629,0,4.57679910861843,18.3071964344737,1.31735565774927,0,508.333333333333,133.333333333333,12.2047976229825,41.1911919775659,0.554676066420744,1.59469369095964,0.01375,0.011,0.01375,0.01375,0,0,0,0
04/12/2007,0.118903116617766,0.193088124819878,23.5599024531845,33.6700075122483,274.149082506192,0,5.9376392780012,23.7505571120048,1.8651588342449,0,508.333333333333,133.333333333333,15.8337047413365,53.4387535020108,0.785330035471538,2.25782385198067,0.01375,0.011,0.01375,0.01375,0,0,0,0
05/12/2007,0.239071068584644,0.173129034525766,23.6778977343065,35.0272256522479,272.811733605447,0,5.65236576174902,22.6094630469961,1.72797019221672,0,508.333333333333,133.333333333333,15.0729753646641,50.8712918557412,0.72756639672283,2.09175339057814,0.01375,0.011,0.01375,0.01375,0,0,0,0
06/12/2007,0.316551407432797,0.169312151609293,23.794656269042,35.2867736905681,271.472257279049,0,5.76266308342047,23.0506523336819,1.77827536537101,0,508.333333333333,133.333333333333,15.3671015557879,51.8639677507842,0.748747522261476,2.15264912650174,0.01375,0.011,0.01375,0.01375,0,0,0,0
07/12/2007,0.170565609991829,0.229024331236132,23.9101434943871,31.226345475943,270.131050040415,0,4.44401860988254,17.7760744395302,1.26750916352952,0,508.333333333333,133.333333333333,11.8507162930201,39.9961674889429,0.533688068854537,1.53435319795679,0.01375,0.011,0.01375,0.01375,0,0,0,0
08/12/2007,0.0605227055529381,0.409920531026177,24.0243252236724,18.9254038902199,268.788508915348,0,3.23634710578856,12.9453884231543,0.914843329683905,0,508.333333333333,133.333333333333,8.6302589487695,29.1271239520971,0.385197191445855,1.10744192540683,0.01375,0.011,0.01375,0.01375,0,0,0,0
09/12/2007,0.0446578370305258,0.415702892920481,24.137167656683,18.5322032814073,267.445031324511,0,2.55892536155351,10.235701446214,0.631106236732953,0,508.333333333333,133.333333333333,6.82380096414269,23.0303282539816,0.265728941782296,0.763970707624101,0.01375,0.011,0.01375,0.01375,0,0,0,0
10/12/2007,0.0383964631152207,0.450404822867502,24.2486373896641,16.1724720450099,266.101014965779,0,2.47567112585004,9.90268450340018,0.627868207098753,0,508.333333333333,133.333333333333,6.60178966893345,22.2810401326504,0.264365560883685,0.760050987540595,0.01375,0.011,0.01375,0.01375,0,0,0,0
11/12/2007,0.0688436994541858,0.311132671853154,24.3587014252095,25.6429783139856,264.756857696517,0,3.81150607099454,15.2460242839782,1.05021812181425,0,508.333333333333,133.333333333333,10.1640161893188,34.3035546389509,0.442197103921791,1.27131667377515,0.01375,0.011,0.01375,0.01375,0,0,0,0
12/12/2007,0.0845334867275552,0.268587292287988,24.4673271820289,28.5360641244168,263.412957415799,0,4.51364986105819,18.0545994442328,1.32658697777693,0,508.333333333333,133.333333333333,12.0363996294885,40.6228487495238,0.558562938011339,1.6058684467826,0.01375,0.011,0.01375,0.01375,0,0,0,0
13/12/2007,0.0594210022671612,0.328727499957863,24.5744825045931,24.4465300028653,262.069711946626,0,3.67271250068374,14.690850002735,1.01909269620132,0,508.333333333333,133.333333333333,9.79390000182331,33.0544125061537,0.429091661558451,1.23363852698054,0.01375,0.011,0.01375,0.01375,0,0,0,0
14/12/2007,0.0278900299768199,0.449802342133271,24.680135672653,16.2134407349375,260.727518918163,0,2.34967951954904,9.39871807819614,0.576320826083317,0,508.333333333333,133.333333333333,6.26581205213076,21.1471156759413,0.242661400456134,0.697651526311384,0.01375,0.011,0.01375,0.01375,0,0,0,0
15/12/2007,0.0158495196321342,0.502609474331876,24.7842554106286,12.6225557454325,259.386775648026,0,1.775484404377,7.10193761750799,0.396390484231601,0,508.333333333333,133.333333333333,4.73462507833866,15.979359639393,0.166901256518569,0.479841112490885,0.01375,0.011,0.01375,0.01375,0,0,0,0
16/12/2007,0.015431736316904,0.6,24.8868108968681,6,258.047879024676,0,0.857142857142857,3.42857142857143,0.12258064516129,0,508.333333333333,133.333333333333,2.28571428571429,7.71428571428572,0.0516129032258065,0.148387096774194,0.01375,0.011,0.01375,0.01375,0,0,0,0
17/12/2007,0.0177564863959201,0.47082384900694,24.9877717727713,14.7839782675281,256.711225389925,0,2.08919512844735,8.35678051378939,0.492342752679757,0,508.333333333333,133.333333333333,5.57118700919292,18.8027561560261,0.207302211654634,0.595993858507074,0.01375,0.011,0.01375,0.01375,0,0,0,0
18/12/2007,0.0240951328886928,0.375140650639417,25.0871081517765,21.2904357565197,255.377210421614,0,3.03807030013006,12.1522812005202,0.777506509583501,0,508.333333333333,133.333333333333,8.10152080034683,27.3426327011706,0.327371161929895,0.941192090548448,0.01375,0.011,0.01375,0.01375,0,0,0,0
19/12/2007,0.00999081169520623,0.590769882465194,25.1847906282074,6.62764799236682,254.046229016481,0,0.896700503720598,3.58680201488239,0.131632115259939,0,508.333333333333,133.333333333333,2.39120134325493,8.07030453348538,0.0554240485305006,0.159344139525189,0.01375,0.011,0.01375,0.01375,0,0,0,0
20/12/2007,0.0116943447510295,0.56902288493406,25.2807902859783,8.10644382448393,252.718675173266,0,1.09539993487938,4.38159973951753,0.190120229806595,0,508.333333333333,133.333333333333,2.92106649301168,9.85859941391444,0.0800506230764611,0.230145541344826,0.01375,0.011,0.01375,0.01375,0,0,0,0
21/12/2007,0.00323442221406865,0.590293744627371,25.3750787071532,6.66002536533879,251.394941876079,0,0.898741094454126,3.5949643778165,0.132099037526707,0,508.333333333333,133.333333333333,2.39664291854433,8.08866985008713,0.0556206473796663,0.159909361216541,0.01375,0.011,0.01375,0.01375,0,0,0,0
22/12/2007,0.0143576908814213,0.407026307315307,25.4676279803587,19.1222111025591,250.075420978066,0,2.85069019186586,11.4027607674634,0.731222732882487,0,508.333333333333,133.333333333333,7.6018405116423,25.6562117267928,0.307883255950521,0.885164360857747,0.01375,0.011,0.01375,0.01375,0,0,0,0
23/12/2007,0.0210917166735557,0.298522205748401,25.5584107090458,26.5004900091087,248.760503085413,0,3.90365472149847,15.6146188859939,1.04464923272746,0,508.333333333333,133.333333333333,10.4097459239959,35.1328924934862,0.439852308516826,1.26457538698587,0.01375,0.011,0.01375,0.01375,0,0,0,0
24/12/2007,0.00541074022550593,0.503367156505829,25.6474000196006,12.5710333576037,247.45057744172,0,1.82392359392092,7.29569437568367,0.413496216839557,0,508.333333333333,133.333333333333,4.86379625045578,16.4153123452883,0.174103670248234,0.500548051963674,0.01375,0.011,0.01375,0.01375,0,0,0,0
25/12/2007,0.0072057879951282,0.6,25.7345695692986,6,246.146031812774,0,0.857142857142857,3.42857142857143,0.12258064516129,0,508.333333333333,133.333333333333,2.28571428571429,7.71428571428572,0.0516129032258065,0.148387096774194,0.01375,0.011,0.01375,0.01375,0,0,0,0
26/12/2007,0.00160612200083761,0.6,25.8198935541034,6,244.847252371766,0,0.857142857142857,3.42857142857143,0.12258064516129,0,508.333333333333,133.333333333333,2.28571428571429,7.71428571428572,0.0516129032258065,0.148387096774194,0.01375,0.011,0.01375,0.01375,0,0,0,0
27/12/2007,0.00379870390425913,0.589626991184559,25.9033467163048,6.70536459944998,243.55462358497,0,0.901598609209032,3.60639443683613,0.132752886064174,0,508.333333333333,133.333333333333,2.40426295789075,8.11438748288129,0.0558959520270207,0.160700862077685,0.01375,0.011,0.01375,0.01375,0,0,0,0
28/12/2007,0.00831500520952679,0.323421845154995,25.984904351996,24.8073145294604,242.268528097937,0,3.95919584270676,15.836783370827,1.08015722737715,0,508.333333333333,133.333333333333,10.5578555805514,35.6327625843608,0.454803043106169,1.30755874893024,0.01375,0.011,0.01375,0.01375,0,0,0,0
29/12/2007,0.0157139467325962,0.246601888492899,26.0645423183859,30.0310715824829,240.989346622224,0,4.77775725125257,19.1110290050103,1.32832761407079,0,508.333333333333,133.333333333333,12.7406860033402,42.9998152612732,0.559295837503492,1.60797553282254,0.01375,0.011,0.01375,0.01375,0,0,0,0
30/12/2007,0,0,26.1422370409468,0,239.717457822691,0,0,0,0,0,508.333333333333,133.333333333333,0,0,0,0,0.01375,0.011,0.01375,0.01375,0,0,0,0
31/12/2007,0,0,26.2179655203918,0,238.453238205414,0,0,0,0,0,508.333333333333,133.333333333333,0,0,0,0,0.01375,0.011,0.01375,0.01375,0,0,0,0
01/01/2008,0,0,26.3051371179797,0,236.96541410873,0,0,0,0,0,508.333333333333,133.333333333333,0,0,0,0,0.01375,0.011,0.01375,0.01375,0,0,0,0
02/01/2008,0,0,26.3764918925008,0,235.719251726306,0,0,0,0,0,508.333333333333,133.333333333333,0,0,0,0,0.01375,0.011,0.01375,0.01375,0,0,0,0
03/01/2008,0,0,26.4458110794992,0,234.481942079986,0,0,0,0,0,508.333333333333,133.333333333333,0,0,0,0,0.01375,0.011,0.01375,0.01375,0,0,0,0
04/01/2008,0,0,26.5130741590243,0,233.253851439682,0,0,0,0,0,508.333333333333,133.333333333333,0,0,0,0,0.01375,0.011,0.01375,0.01375,0,0,0,0
05/01/2008,0.0104702636576041,0.470729491259838,26.5782612197774,14.790394594331,232.035343346284,0,2.2583462539389,9.03338501575562,0.542767001247519,0,508.333333333333,133.333333333333,6.02225667717041,20.3251162854501,0.228533474209482,0.65703373835226,0.01375,0.011,0.01375,0.01375,0,0,0,0
06/01/2008,0.011373937017667,0.288433148009864,26.6413529650052,27.1865459353293,230.826778504046,0,4.25688870392794,17.0275548157118,1.16776293774133,0,508.333333333333,133.333333333333,11.3517032104745,38.3119983353515,0.49168965799635,1.41360776673951,0.01375,0.011,0.01375,0.01375,0,0,0,0
07/01/2008,0.0150822623517814,0.254715037975608,26.7023307182122,29.4793774176587,229.628514673805,0,4.54673125107487,18.1869250042995,1.25020535355055,0,508.333333333333,133.333333333333,12.124616669533,40.9205812596739,0.526402254126548,1.51340648061382,0.01375,0.011,0.01375,0.01375,0,0,0,0
08/01/2008,0.00313772202311868,0.6,26.7611764286895,6,228.440906567085,0,0.857142857142857,3.42857142857143,0.12258064516129,0,508.333333333333,133.333333333333,2.28571428571429,7.71428571428572,0.0516129032258064,0.148387096774194,0.01375,0.011,0.01375,0.01375,0,0,0,0
09/01/2008,0,0,26.817872676858,0,227.264305741087,0,0,0,0,0,508.333333333333,133.333333333333,0,0,0,0,0.01375,0.011,0.01375,0.01375,0,0,0,0
10/01/2008,0,0,26.8724026794253,0,226.099060494622,0,0,0,0,0,508.333333333333,133.333333333333,0,0,0,0,0.01375,0.011,0.01375,0.01375,0,0,0,0
11/01/2008,0,0,26.9247502943533,0,224.945515765012,0,0,0,0,0,508.333333333333,133.333333333333,0,0,0,0,0.01375,0.011,0.01375,0.01375,0,0,0,0
12/01/2008,0,0,26.9749000256372,0,223.804013025974,0,0,0,0,0,508.333333333333,133.333333333333,0,0,0,0,0.01375,0.011,0.01375,0.01375,0,0,0,0
13/01/2008,0,0,27.0228370278924,0,222.674890186543,0,0,0,0,0,508.333333333333,133.333333333333,0,0,0,0,0.01375,0.011,0.01375,0.01375,0,0,0,0
14/01/2008,0.0078136234841053,0.456737237509375,27.0685471107489,15.7418678493625,221.55848149104,0,2.39415162439565,9.57660649758259,0.59276128986356,0,508.333333333333,133.333333333333,6.38440433172173,21.5473646195608,0.249583700995183,0.717553140361152,0.01375,0.011,0.01375,0.01375,0,0,0,0
15/01/2008,0.0118457999250382,0.312041805353724,27.1120167430522,25.5811572359468,220.45511742013,0,3.78903839798133,15.1561535919253,1.01110543107178,0,508.333333333333,133.333333333333,10.1041023946169,34.101345581832,0.425728602556541,1.22396973235006,0.01375,0.011,0.01375,0.01375,0,0,0,0
16/01/2008,0.00247181025854779,0.151138512481759,27.1532330568687,36.5225811512404,219.365124592991,0,7.42879837410853,29.7151934964341,2.21989891062891,0,508.333333333333,133.333333333333,19.8101289976228,66.8591853669768,0.93469427815954,2.68724604970868,0.01375,0.011,0.01375,0.01375,0,0,0,0
17/01/2008,0.0354341710882151,0.220552722523682,27.1921838512949,31.8024148683896,218.28882567063,0,5.02489281747193,20.0995712698877,1.43136788821918,0,508.333333333333,133.333333333333,13.3997141799252,45.2240353572474,0.602681216092285,1.73270849626532,0.01375,0.011,0.01375,0.01375,0,0,0,0
18/01/2008,0.0687481904454206,0.169325135042806,27.2288575960691,35.2858908170892,217.226539260369,0,4.96503351390548,19.8601340556219,1.35797255250422,0,508.333333333333,133.333333333333,13.2400893704146,44.6853016251493,0.571777916843882,1.64386151092616,0.01375,0.011,0.01375,0.01375,0,0,0,0
19/01/2008,0.242223060267605,0.133415981028326,27.2632434349846,37.7277132900738,216.178579821526,0,6.57054761464815,26.2821904585926,2.07797591436506,0,508.333333333333,133.333333333333,17.5214603057284,59.1349285318334,0.87493722710108,2.5154445279156,0.01375,0.011,0.01375,0.01375,0,0,0,0
20/01/2008,0.362014191062105,0.140355106884921,27.2953311891033,37.2558527318254,215.145257572335,0,6.13256299194076,24.5302519677631,1.90411637380844,0,508.333333333333,133.333333333333,16.353501311842,55.1930669274669,0.801733210024605,2.30498297882074,0.01375,0.011,0.01375,0.01375,0,0,0,0
21/01/2008,0.225554154906487,0.175926105262117,27.3251113597692,34.837024842176,214.126878398107,0,5.25994230152868,21.0397692061147,1.56459980606024,0,508.333333333333,133.333333333333,14.0265128040765,47.3394807137581,0.658778865709573,1.89398923891502,0.01375,0.011,0.01375,0.01375,0,0,0,0
22/01/2008,0.0793214571471642,0.264422422880916,27.3525751314198,28.8192752440977,213.12374376069,0,4.69139962695545,18.7655985078218,1.39819172069161,0,508.333333333333,133.333333333333,12.5103990052145,42.2225966425991,0.588712303449097,1.69254787241616,0.01375,0.011,0.01375,0.01375,0,0,0,0
23/01/2008,0.027323816119704,0.507643883833221,27.3777143741959,12.280215899341,212.136150609223,0,2.0651608781847,8.2606435127388,0.519865779896267,0,508.333333333333,133.333333333333,5.5070956751592,18.5864479036623,0.218890854693165,0.629311207242849,0.01375,0.011,0.01375,0.01375,0,0,0,0
24/01/2008,0.0156311126192904,0.595652053654959,27.4005216463481,6.2956603514628,211.164391292236,0,0.875776912907319,3.50310765162928,0.126844437706105,0,508.333333333333,133.333333333333,2.33540510108619,7.88199221616588,0.0534081842973073,0.153548529854759,0.01375,0.011,0.01375,0.01375,0,0,0,0
25/01/2008,0.0193343776598089,0.599944137837024,27.4209901964399,6.00379862708234,210.208753471109,0,0.859452551227694,3.43781020491078,0.123148280948754,0,508.333333333333,133.333333333333,2.29187346994052,7.73507296104925,0.0518519077678963,0.149074234832702,0.01375,0.011,0.01375,0.01375,0,0,0,0
26/01/2008,0.0324595926131611,0.344129888452752,27.4391139653462,23.3991675852129,209.269520034914,0,3.61246150351128,14.4498460140451,0.979806388085213,0,508.333333333333,133.333333333333,9.63323067603008,32.5121535316015,0.412550058141142,1.18608141715578,0.01375,0.011,0.01375,0.01375,0,0,0,0
27/01/2008,0.041736520971798,0.266225930589232,27.4548875880467,28.6966367199322,208.346969016682,0,4.05261215152972,16.2104486061189,1.08054044650939,0,508.333333333333,133.333333333333,10.8069657374126,36.4735093637675,0.454964398530268,1.30802264577452,0.01375,0.011,0.01375,0.01375,0,0,0,0
28/01/2008,0.00780311811396952,0.6,27.4683063952143,6,207.441373511089,0,0.857142857142857,3.42857142857143,0.12258064516129,0,508.333333333333,133.333333333333,2.28571428571429,7.71428571428572,0.0516129032258065,0.148387096774194,0.01375,0.011,0.01375,0.01375,0,0,0,0
29/01/2008,0.00543528809151975,0.6,27.4793664145975,6,206.553001593623,0,0.857142857142857,3.42857142857143,0.12258064516129,0,508.333333333333,133.333333333333,2.28571428571429,7.71428571428572,0.0516129032258065,0.148387096774194,0.01375,0.011,0.01375,0.01375,0,0,0,0
30/01/2008,0.00279297996364102,0.6,27.4880643721958,6,205.682116241223,0,0.857142857142857,3.42857142857143,0.12258064516129,0,508.333333333333,133.333333333333,2.28571428571429,7.71428571428571,0.0516129032258065,0.148387096774194,0.01375,0.011,0.01375,0.01375,0,0,0,0
31/01/2008,0.00242571192251058,0.6,27.4943976932292,6,204.828975254433,0,0.857142857142857,3.42857142857143,0.12258064516129,0,508.333333333333,133.333333333333,2.28571428571429,7.71428571428572,0.0516129032258065,0.148387096774194,0.01375,0.011,0.01375,0.01375,0,0,0,0
01/02/2008,0.136387813185309,0.163855625888131,27.4983645029001,35.6578174396071,203.993831181091,0,6.12405811906252,24.4962324762501,1.90659215247363,0,508.333333333333,133.333333333333,16.3308216508334,55.1165230715627,0.802775643146792,2.30797997404703,0.01375,0.011,0.01375,0.01375,0,0,0,0
02/02/2008,0.126807630661819,0.18191443596277,27.4999636269489,34.4298183545317,203.176931241564,0,4.72149109257267,18.8859643702907,1.30551139963899,0,508.333333333333,133.333333333333,12.5906429135271,42.493419833154,0.549689010374312,1.58035590482615,0.01375,0.011,0.01375,0.01375,0,0,0,0
03/02/2008,0.0336562488802483,0.352944596682646,27.4991945920008,22.7997674255801,202.37851725557,0,3.60107191484484,14.4042876593794,0.996978352319611,0,508.333333333333,133.333333333333,9.60285843958625,32.4096472336036,0.419780358871415,1.20686853175532,0.01375,0.011,0.01375,0.01375,0,0,0,0
04/02/2008,0.280880385543411,0.154841084609691,27.4960576257065,36.270806246541,201.59882557059,0,6.29052498467919,25.1620999387168,1.99278329984467,0,508.333333333333,133.333333333333,16.7747332924778,56.6147248621127,0.839066652566177,2.41231662612776,0.01375,0.011,0.01375,0.01375,0,0,0,0
05/02/2008,0.260164295279046,0.170659921355967,27.4905536566747,35.1951253477942,200.838086991908,0,5.07793844909034,20.3117537963614,1.48628625320992,0,508.333333333333,133.333333333333,13.5411691975742,45.7014460418131,0.625804738193651,1.79918862230675,0.01375,0.011,0.01375,0.01375,0,0,0,0
06/02/2008,0.0863726442694997,0.25949111368878,27.4826843141968,29.154604269163,200.096526714289,0,4.68356830197797,18.7342732079119,1.39319303087191,0,508.333333333333,133.333333333333,12.4895154719412,42.1521147178017,0.586607591946068,1.68649682684494,0.01375,0.011,0.01375,0.01375,0,0,0,0
07/02/2008,0.0388573510709577,0.429261984758665,27.4724519277653,17.6101850364108,199.374364255309,0,2.94499605019297,11.7799842007719,0.801070390233704,0,508.333333333333,133.333333333333,7.85332280051459,26.5049644517367,0.337292795887875,0.969716788177642,0.01375,0.011,0.01375,0.01375,0,0,0,0
08/02/2008,0.306841312094156,0.164596559707701,27.4598595263838,35.6074339398763,198.671813390382,0,6.11223556174247,24.4489422469699,1.9241620957817,0,508.333333333333,133.333333333333,16.2992948313133,55.0101200556823,0.810173514013347,2.32924885278837,0.01375,0.011,0.01375,0.01375,0,0,0,0
09/02/2008,0.283336173728513,0.179029683575478,27.4449108376702,34.6259815168675,197.989082089472,0,4.94323817812605,19.7729527125042,1.43758619014749,0,508.333333333333,133.333333333333,13.1819684750028,44.4891436031345,0.605299448483156,1.74023591438907,0.01375,0.011,0.01375,0.01375,0,0,0,0
10/02/2008,0.15477363063658,0.224428970576693,27.4276102867536,31.5388300007849,197.326372455532,0,5.10775092342867,20.4310036937147,1.54664005158747,0,508.333333333333,133.333333333333,13.6206691291431,45.969758310858,0.651216863826305,1.87224848350063,0.01375,0.011,0.01375,0.01375,0,0,0,0
11/02/2008,0.09750613391466,0.291888990958809,27.4079629949642,26.951548614801,196.683880664676,0,4.13049148668473,16.5219659467389,1.18834862861947,0,508.333333333333,133.333333333333,11.0146439644926,37.1744233801626,0.50035731731346,1.4385272872762,0.01375,0.011,0.01375,0.01375,0,0,0,0
12/02/2008,0.0380718404480471,0.522878094653946,27.3859747783173,11.2442895635317,196.061796908109,0,2.07603393976419,8.30413575905675,0.535485279573529,0,508.333333333333,133.333333333333,5.53609050603783,18.6843054578777,0.225467486136223,0.648219022641641,0.01375,0.011,0.01375,0.01375,0,0,0,0
13/02/2008,0.0270581789052836,0.589501314026294,27.3616521457917,6.71391064621202,195.460305335824,0,1.03352393715615,4.13409574862459,0.177184404615843,0,508.333333333333,133.333333333333,2.75606383241639,9.30171543440532,0.0746039598382496,0.214486384534967,0.01375,0.011,0.01375,0.01375,0,0,0,0
14/02/2008,0.0223894318506044,0.579120368364565,27.3350022974027,7.41981495120956,194.87958400209,0,1.0029176812072,4.01167072482882,0.162756807205713,0,508.333333333333,133.333333333333,2.67444714988588,9.02625913086484,0.068529181981353,0.19702139819639,0.01375,0.011,0.01375,0.01375,0,0,0,0
15/02/2008,0.0199804819503692,0.562499722687658,27.3060331220709,8.55001885723924,194.319804812745,0,1.17908702228599,4.71634808914397,0.216229106595931,0,508.333333333333,133.333333333333,3.14423205942931,10.6117832005739,0.0910438343561815,0.261751023774022,0.01375,0.011,0.01375,0.01375,0,0,0,0
16/02/2008,0.0166462654721031,0.6,27.274753195287,6,193.781133474307,0,0.857142857142857,3.42857142857143,0.12258064516129,0,508.333333333333,133.333333333333,2.28571428571429,7.71428571428572,0.0516129032258065,0.148387096774194,0.01375,0.011,0.01375,0.01375,0,0,0,0
17/02/2008,0.0157339516597417,0.6,27.2411717765731,6,193.263729444924,0,0.857142857142857,3.42857142857143,0.12258064516129,0,508.333333333333,133.333333333333,2.28571428571429,7.71428571428572,0.0516129032258065,0.148387096774194,0.01375,0.011,0.01375,0.01375,0,0,0,0
18/02/2008,0.0156412327408431,0.574577890650334,27.2052988067417,7.72870343577726,192.767745887169,0,1.03898458896743,4.15593835586973,0.173003119136603,0,508.333333333333,133.333333333333,2.77062557057982,9.3508613007069,0.072843418583833,0.20942482842852,0.01375,0.011,0.01375,0.01375,0,0,0,0
19/02/2008,0.0165077787850862,0.512952083884208,27.1671449049533,11.9192582958738,192.293329622699,0,1.6577761118755,6.63110444750201,0.359638370609416,0,508.333333333333,133.333333333333,4.42073629833467,14.9199850068795,0.151426682361859,0.435351711790345,0.01375,0.011,0.01375,0.01375,0,0,0,0
20/02/2008,0.0108820572211424,0.543395121663801,27.1267213655722,9.84913172686156,191.840621088795,0,1.35228409234954,5.40913636939815,0.267390725673126,0,508.333333333333,133.333333333333,3.6060909129321,12.1705568311458,0.112585568704474,0.323683510025363,0.01375,0.011,0.01375,0.01375,0,0,0,0
21/02/2008,0.0098031786433101,0.586923504129391,27.0840401548241,6.88920171920141,191.409754296791,0,0.91318498230261,3.65273992921044,0.135404047563436,0,508.333333333333,133.333333333333,2.43515995280696,8.21866484072349,0.0570122305530256,0.163910162839949,0.01375,0.011,0.01375,0.01375,0,0,0,0
22/02/2008,0.00414155433111572,0.6,27.0391139072529,6,191.000856792401,0,0.857142857142857,3.42857142857143,0.12258064516129,0,508.333333333333,133.333333333333,2.28571428571429,7.71428571428572,0.0516129032258065,0.148387096774194,0.01375,0.011,0.01375,0.01375,0,0,0,0
23/02/2008,0.00151006899991608,0.6,26.9919559219814,6,190.614049617962,0,0.857142857142857,3.42857142857143,0.12258064516129,0,508.333333333333,133.333333333333,2.28571428571429,7.71428571428572,0.0516129032258065,0.148387096774194,0.01375,0.011,0.01375,0.01375,0,0,0,0
24/02/2008,0.00160730703038282,0.6,26.9425801587739,6,190.249447276606,0,0.857142857142857,3.42857142857143,0.12258064516129,0,508.333333333333,133.333333333333,2.28571428571429,7.71428571428572,0.0516129032258065,0.148387096774194,0.01375,0.011,0.01375,0.01375,0,0,0,0
25/02/2008,0.00586549947351967,0.6,26.891001233904,6,189.907157698364,0,0.857142857142857,3.42857142857143,0.12258064516129,0,508.333333333333,133.333333333333,2.28571428571429,7.71428571428572,0.0516129032258065,0.148387096774194,0.01375,0.011,0.01375,0.01375,0,0,0,0
26/02/2008,0.00318367587634602,0.6,26.8372344158281,6,189.587282208215,0,0.857142857142857,3.42857142857143,0.12258064516129,0,508.333333333333,133.333333333333,2.28571428571429,7.71428571428572,0.0516129032258065,0.148387096774194,0.01375,0.011,0.01375,0.01375,0,0,0,0
27/02/2008,0.0359076188866467,0.264210317283045,26.7812956206654,28.8336984247529,189.28991549609,0,4.5476559759311,18.1906239037244,1.27504713247839,0,508.333333333333,133.333333333333,12.1270826024829,40.9289037833799,0.536861950517216,1.543478107737,0.01375,0.011,0.01375,0.01375,0,0,0,0
28/02/2008,0.0507565266848648,0.206014233063669,26.7232014074861,32.7910321516705,189.015145588848,0,4.54275430214758,18.1710172085903,1.22257049450872,0,508.333333333333,133.333333333333,12.1140114723935,40.8847887193282,0.514766524003673,1.47995375651056,0.01375,0.011,0.01375,0.01375,0,0,0,0
29/02/2008,0.10114462510943,0.161647512168242,26.6629689734102,35.8079691725595,188.763053824211,0,6.38216157833227,25.5286463133291,2.00690920752401,0,508.333333333333,133.333333333333,17.0190975422194,57.4394542049904,0.845014403168003,2.42941640910801,0.01375,0.011,0.01375,0.01375,0,0,0,0
01/03/2008,0.0746595805272368,0.181899621620807,26.6006161485163,34.4308257297851,188.533714826692,0,4.89536238967183,19.5814495586873,1.36050261530203,0,508.333333333333,133.333333333333,13.0542997057915,44.0582615070465,0.572843206442961,1.64692421852351,0.01375,0.011,0.01375,0.01375,0,0,0,0
02/03/2008,0.00734051395160223,0.558066411190229,26.5361613905638,8.85148403906441,188.327196485501,0,1.59918141775594,6.39672567102375,0.364530714078398,0,508.333333333333,133.333333333333,4.2644837806825,14.3926327598034,0.153486616454062,0.441274022305429,0.01375,0.011,0.01375,0.01375,0,0,0,0
03/03/2008,0.0039794242979947,0.6,26.4696237795288,6,188.143559934448,0,0.857142857142857,3.42857142857143,0.12258064516129,0,508.333333333333,133.333333333333,2.28571428571429,7.71428571428572,0.0516129032258065,0.148387096774194,0.01375,0.011,0.01375,0.01375,0,0,0,0
04/03/2008,0.00238919110757184,0.6,26.4010230119562,6,187.98285953385,0,0.857142857142857,3.42857142857143,0.12258064516129,0,508.333333333333,133.333333333333,2.28571428571429,7.71428571428572,0.0516129032258065,0.148387096774194,0.01375,0.011,0.01375,0.01375,0,0,0,0
05/03/2008,0.0033466935100881,0.6,26.3303793951287,6,187.845142854435,0,0.857142857142857,3.42857142857143,0.12258064516129,0,508.333333333333,133.333333333333,2.28571428571429,7.71428571428571,0.0516129032258065,0.148387096774194,0.01375,0.011,0.01375,0.01375,0,0,0,0
06/03/2008,0.000765398939739059,0.6,26.2577138410562,6,187.730450663264,0,0.857142857142857,3.42857142857143,0.12258064516129,0,508.333333333333,133.333333333333,2.28571428571429,7.71428571428571,0.0516129032258064,0.148387096774194,0.01375,0.011,0.01375,0.01375,0,0,0,0
07/03/2008,0,0,26.1830478602847,0,187.638816911658,0,0,0,0,0,508.333333333333,133.333333333333,0,0,0,0,0.01375,0.011,0.01375,0.01375,0,0,0,0
08/03/2008,0.216616478856991,0.14195052895502,26.1064035555288,37.1473640310586,187.570268725153,0,6.38847307902445,25.5538923160978,2.00854754219979,0,508.333333333333,133.333333333333,17.0359282107319,57.49625771122,0.845704228294647,2.43139965634711,0.01375,0.011,0.01375,0.01375,0,0,0,0
09/03/2008,0.183787111358769,0.164334411285944,26.0278036151292,35.6252600325558,187.524826395466,0,4.87115903639524,19.484636145581,1.36758989451969,0,508.333333333333,133.333333333333,12.9897574303873,43.8404313275572,0.575827324008289,1.65550355652383,0.01375,0.011,0.01375,0.01375,0,0,0,0
10/03/2008,0.0148786813462303,0.451673807363697,25.9472713063363,16.0861810992686,187.502503374491,0,3.12207024348529,12.4882809739412,0.898418520123026,0,508.333333333333,133.333333333333,8.32552064929411,28.0986321913676,0.378281482157064,1.08755926120156,0.01375,0.011,0.01375,0.01375,0,0,0,0
11/03/2008,0.0080370362353972,0.6,25.8648304684224,6,187.503306270316,0,0.857142857142857,3.42857142857143,0.12258064516129,0,508.333333333333,133.333333333333,2.28571428571429,7.71428571428572,0.0516129032258065,0.148387096774194,0.01375,0.011,0.01375,0.01375,0,0,0,0
12/03/2008,0.00700190250708988,0.6,25.7805055056248,6,187.527234845267,0,0.857142857142857,3.42857142857143,0.12258064516129,0,508.333333333333,133.333333333333,2.28571428571429,7.71428571428572,0.0516129032258065,0.148387096774194,0.01375,0.011,0.01375,0.01375,0,0,0,0
13/03/2008,0.00567512441675799,0.6,25.6943213799221,6,187.574282015978,0,0.857142857142857,3.42857142857143,0.12258064516129,0,508.333333333333,133.333333333333,2.28571428571429,7.71428571428572,0.0516129032258065,0.148387096774194,0.01375,0.011,0.01375,0.01375,0,0,0,0
14/03/2008,0.00501217455547322,0.6,25.6063036036443,6,187.644433855488,0,0.857142857142857,3.42857142857143,0.12258064516129,0,508.333333333333,133.333333333333,2.28571428571429,7.71428571428572,0.0516129032258065,0.148387096774194,0.01375,0.011,0.01375,0.01375,0,0,0,0
15/03/2008,0.00318318895068458,0.6,25.516478231921,6,187.737669597364,0,0.857142857142857,3.42857142857143,0.12258064516129,0,508.333333333333,133.333333333333,2.28571428571429,7.71428571428572,0.0516129032258065,0.148387096774194,0.01375,0.011,0.01375,0.01375,0,0,0,0
16/03/2008,0.00399664112608152,0.6,25.4248718549683,6,187.853961641847,0,0.857142857142857,3.42857142857143,0.12258064516129,0,508.333333333333,133.333333333333,2.28571428571429,7.71428571428572,0.0516129032258065,0.148387096774194,0.01375,0.011,0.01375,0.01375,0,0,0,0
17/03/2008,0.00378922409325704,0.6,25.3315115902177,6,187.993275564026,0,0.857142857142857,3.42857142857143,0.12258064516129,0,508.333333333333,133.333333333333,2.28571428571429,7.71428571428572,0.0516129032258065,0.148387096774194,0.01375,0.011,0.01375,0.01375,0,0,0,0
18/03/2008,0.00219965319865522,0.6,25.2364250742888,6,188.155570124022,0,0.857142857142857,3.42857142857143,0.12258064516129,0,508.333333333333,133.333333333333,2.28571428571429,7.71428571428572,0.0516129032258065,0.148387096774194,0.01375,0.011,0.01375,0.01375,0,0,0,0
19/03/2008,0.00436266653607953,0.6,25.1396404548081,6,188.340797279202,0,0.857142857142857,3.42857142857143,0.12258064516129,0,508.333333333333,133.333333333333,2.28571428571429,7.71428571428572,0.0516129032258065,0.148387096774194,0.01375,0.011,0.01375,0.01375,0,0,0,0
20/03/2008,0.000749493601991613,0.6,25.0411863820767,6,188.548902198397,0,0.857142857142857,3.42857142857143,0.12258064516129,0,508.333333333333,133.333333333333,2.28571428571429,7.71428571428572,0.0516129032258065,0.148387096774194,0.01375,0.011,0.01375,0.01375,0,0,0,0
21/03/2008,0.00632718372203417,0.587353319209244,24.9410920005895,6.85997429377139,188.779823278136,0,0.911342917674668,3.64537167069867,0.134982551485128,0,508.333333333333,133.333333333333,2.43024778046578,8.20208625907201,0.056834758520054,0.163399930745155,0.01375,0.011,0.01375,0.01375,0,0,0,0
22/03/2008,0.0120578388103522,0.378622142160481,24.8393869404073,21.0536943330873,189.033492160877,0,3.2075955664282,12.8303822657128,0.843326068154779,0,508.333333333333,133.333333333333,8.55358817714188,28.8683600978538,0.355084660275696,1.02086839829263,0.01375,0.011,0.01375,0.01375,0,0,0,0
23/03/2008,0.0226871277399477,0.29304818301751,24.7361013083863,26.8727235548093,189.30983375525,0,3.86864215271498,15.4745686108599,1.02712237720122,0,508.333333333333,133.333333333333,10.3163790739066,34.8177793744348,0.432472579874199,1.24335866713832,0.01375,0.011,0.01375,0.01375,0,0,0,0
24/03/2008,0.00771168682225721,0.353347448703953,24.6312656792653,22.7723734881312,189.608766258277,0,3.55078018473328,14.2031207389331,0.948108579855169,0,508.333333333333,133.333333333333,9.46874715928874,31.9570216625995,0.399203612570598,1.14771038614047,0.01375,0.011,0.01375,0.01375,0,0,0,0
25/03/2008,0.0101671030844816,0.405284625566042,24.5249110866152,19.2406454615091,189.930201179595,0,2.96816216258379,11.8726486503352,0.771539816433033,0,508.333333333333,133.333333333333,7.91509910022344,26.7134594632541,0.324858870077066,0.933969251471566,0.01375,0.011,0.01375,0.01375,0,0,0,0
26/03/2008,0.0168681269217035,0.268328828852554,24.4170690136522,28.5536396380263,190.274043367646,0,4.22933501243127,16.9173400497251,1.14519385681167,0,508.333333333333,133.333333333333,11.2782266998167,38.0640151118814,0.482186887078596,1.38628730035096,0.01375,0.011,0.01375,0.01375,0,0,0,0
27/03/2008,0.0106914790855476,0.302886685042366,24.3077713839186,26.2037054171191,190.640191037846,0,4.02953124182689,16.1181249673075,1.09176512883141,0,508.333333333333,133.333333333333,10.7454166448717,36.265781176442,0.459690580560593,1.32161041911171,0.01375,0.011,0.01375,0.01375,0,0,0,0
28/03/2008,0.000515604008408051,0.6,24.1970505518319,6,191.028535802714,0,0.857142857142857,3.42857142857143,0.12258064516129,0,508.333333333333,133.333333333333,2.28571428571429,7.71428571428572,0.0516129032258065,0.148387096774194,0.01375,0.011,0.01375,0.01375,0,0,0,0
29/03/2008,0.00376383251107892,0.579205896021866,24.0849392931081,7.4139990705131,191.438962703959,0,0.946260445620573,3.78504178248229,0.142972282610815,0,508.333333333333,133.333333333333,2.52336118832153,8.51634401058516,0.0601988558361327,0.173071710528881,0.01375,0.011,0.01375,0.01375,0,0,0,0
30/03/2008,0,0,23.9714707950588,0,191.871350246509,0,0,0,0,0,508.333333333333,133.333333333333,0,0,0,0,0.01375,0.011,0.01375,0.01375,0,0,0,0
31/03/2008,0,0,23.8566786467673,0,192.325570434476,0,0,0,0,0,508.333333333333,133.333333333333,0,0,0,0,0.01375,0.011,0.01375,0.01375,0,0,0,0
01/04/2008,0.000735471668866792,0.6,23.7405968291455,6,192.801488809045,0,0.857142857142857,3.42857142857143,0.12258064516129,0,508.333333333333,133.333333333333,2.28571428571429,7.71428571428572,0.0516129032258065,0.148387096774194,0.01375,0.011,0.01375,0.01375,0,0,0,0
02/04/2008,0,0,23.6232597048746,0,193.298964488279,0,0,0,0,0,508.333333333333,133.333333333333,0,0,0,0,0.01375,0.011,0.01375,0.01375,0,0,0,0
03/04/2008,0,0,23.5047020082334,0,193.817850208819,0,0,0,0,0,508.333333333333,133.333333333333,0,0,0,0,0.01375,0.011,0.01375,0.01375,0,0,0,0
04/04/2008,0.00113434250194358,0.6,23.3849588348159,6,194.357992369482,0,0.857142857142857,3.42857142857143,0.12258064516129,0,508.333333333333,133.333333333333,2.28571428571429,7.71428571428572,0.0516129032258065,0.148387096774194,0.01375,0.011,0.01375,0.01375,0,0,0,0
05/04/2008,0.000640621177397862,0.6,23.2640656311426,6,194.919231076725,0,0.857142857142857,3.42857142857143,0.12258064516129,0,508.333333333333,133.333333333333,2.28571428571429,7.71428571428572,0.0516129032258065,0.148387096774194,0.01375,0.011,0.01375,0.01375,0,0,0,0
06/04/2008,0.00279518364364286,0.6,23.142058184167,6,195.501400191981,0,0.857142857142857,3.42857142857143,0.12258064516129,0,508.333333333333,133.333333333333,2.28571428571429,7.71428571428571,0.0516129032258065,0.148387096774194,0.01375,0.011,0.01375,0.01375,0,0,0,0
07/04/2008,0.00386552656883255,0.435334769656086,23.0189726106826,17.1972356633862,196.10432738084,0,2.58886318458936,10.3554527383574,0.649469670911762,0,508.333333333333,133.333333333333,6.90363515890496,23.2997686613043,0.27346091406811,0.786200127945818,0.01375,0.011,0.01375,0.01375,0,0,0,0
08/04/2008,0.0245848575703755,0.240394418473608,22.8948453466311,30.4531795437947,196.727834164057,0,4.68177457358275,18.727098294331,1.29919659256707,0,508.333333333333,133.333333333333,12.4847321962207,42.1359711622447,0.547030144238764,1.57271166468645,0.01375,0.011,0.01375,0.01375,0,0,0,0
09/04/2008,0.0494425508540313,0.183039278909364,22.7697131363166,34.3533290341633,197.371735970394,0,5.03003399530164,20.1201359812065,1.39441567995539,0,508.333333333333,133.333333333333,13.413423987471,45.2703059577147,0.587122391560165,1.68797687573548,0.01375,0.011,0.01375,0.01375,0,0,0,0
10/04/2008,0.0373432926083475,0.184585073889177,22.6436130215288,34.248214975536,198.035842191253,0,4.78935699128767,19.1574279651507,1.29908878424827,0,508.333333333333,133.333333333333,12.7716186434338,43.104212921589,0.546984751262428,1.57258115987948,0.01375,0.011,0.01375,0.01375,0,0,0,0
11/04/2008,0.00556784303923205,0.348878951173489,22.5165823305776,23.0762313202027,198.7199562371,0,3.64004622674691,14.5601849069877,0.977231400855791,0,508.333333333333,133.333333333333,9.70678993799177,32.7604160407222,0.411465852991912,1.18296432735175,0.01375,0.011,0.01375,0.01375,0,0,0,0
12/04/2008,0.0023995443204396,0.6,22.3886586672431,6,199.42387559566,0,0.857142857142857,3.42857142857143,0.12258064516129,0,508.333333333333,133.333333333333,2.28571428571429,7.71428571428572,0.0516129032258065,0.148387096774194,0.01375,0.011,0.01375,0.01375,0,0,0,0
13/04/2008,0.00143536617905334,0.6,22.2598798996444,6,200.147391891864,0,0.857142857142857,3.42857142857143,0.12258064516129,0,508.333333333333,133.333333333333,2.28571428571429,7.71428571428572,0.0516129032258065,0.148387096774194,0.01375,0.011,0.01375,0.01375,0,0,0,0
14/04/2008,0.00363711447329882,0.507016540136233,22.1302841490292,12.3228752707361,200.890290949537,0,1.74896310876516,6.99585243506063,0.38835606085253,0,508.333333333333,133.333333333333,4.66390162337375,15.7406679788864,0.163518341411591,0.470115231558325,0.01375,0.011,0.01375,0.01375,0,0,0,0
15/04/2008,0.00533535911238981,0.397561075858996,21.99990977849,19.7658468415883,201.652352854791,0,2.99230966846924,11.969238673877,0.772508336732683,0,508.333333333333,133.333333333333,7.97949244925132,26.9307870162232,0.325266668097972,0.935141670781669,0.01375,0.011,0.01375,0.01375,0,0,0,0
16/04/2008,0.00236866310101975,0.576606089047365,21.8687953816071,7.59078594477915,202.433352021133,0,0.957402475511291,3.82960990204517,0.145521770740648,0,508.333333333333,133.333333333333,2.55307326803011,8.61662227960162,0.0612723245223782,0.176157933001837,0.01375,0.011,0.01375,0.01375,0,0,0,0
17/04/2008,0.0019953156121051,0.574510859486982,21.7369797710241,7.73326155488523,203.233057256235,0,0.966382030770078,3.86552812308031,0.147576447470831,0,508.333333333333,133.333333333333,2.57701874872021,8.6974382769307,0.0621374515666656,0.178645173254163,0.01375,0.011,0.01375,0.01375,0,0,0,0
18/04/2008,0.00210718958035184,0.412054947620594,21.604501966959,18.7802635617996,204.051231830379,0,3.03207641023177,12.1283056409271,0.793557319408086,0,508.333333333333,133.333333333333,8.0855370939514,27.288687692086,0.33412939764551,0.960622018230841,0.01375,0.011,0.01375,0.01375,0,0,0,0
19/04/2008,0.00837691121448426,0.286834096752271,21.4714011856532,27.2952814208455,204.887633546526,0,4.35616717335751,17.42466869343,1.20351676464023,0,508.333333333333,133.333333333333,11.61644579562,39.2055045602176,0.506743900901149,1.4568887150908,0.01375,0.011,0.01375,0.01375,0,0,0,0
20/04/2008,0.122521119686151,0.132218214029402,21.3377168277622,37.8091614460007,205.742014812022,0,6.66692443893334,26.6676977557334,2.10055087439794,0,508.333333333333,133.333333333333,17.7784651704889,60.0023199504001,0.884442473430712,2.5427721111133,0.01375,0.011,0.01375,0.01375,0,0,0,0
21/04/2008,0.0824537165234815,0.151450022216236,21.203488466693,36.501398489296,206.614122711881,0,5.29511544607844,21.1804617843138,1.50765895925579,0,508.333333333333,133.333333333333,14.1203078562092,47.656039014706,0.634803772318229,1.82506084541491,0.01375,0.011,0.01375,0.01375,0,0,0,0
22/04/2008,0.300060590191138,0.139158748502475,21.0687558368887,37.3372051018317,207.503699083657,0,6.47446052039062,25.8978420815625,2.05621888489204,0,508.333333333333,133.333333333333,17.265228054375,58.2701446835156,0.865776372586123,2.4891070711851,0.01375,0.011,0.01375,0.01375,0,0,0,0
23/04/2008,0.469027771037915,0.143213592173614,20.9335588220669,37.0614757321943,208.410480593869,0,5.83946543581024,23.357861743241,1.79050875857981,0,508.333333333333,133.333333333333,15.5719078288273,52.5551889222922,0.753898424665183,2.1674579709124,0.01375,0.011,0.01375,0.01375,0,0,0,0
24/04/2008,0.273418412226915,0.179674102460277,20.7979374434129,34.5821610327011,209.334198815945,0,5.17449112600734,20.6979645040294,1.53915203423334,0,508.333333333333,133.333333333333,13.7986430026862,46.5704201340661,0.648064014414038,1.86318404144036,0.01375,0.011,0.01375,0.01375,0,0,0,0
25/04/2008,0.335092414096514,0.173515868540547,20.6619318477328,35.0009209392428,210.274580309692,0,5.94964522259946,23.7985808903978,1.8667330482608,0,508.333333333333,133.333333333333,15.8657205935986,53.5468070033951,0.785992862425602,2.2597294794736,0.01375,0.011,0.01375,0.01375,0,0,0,0
26/04/2008,0.210445940244985,0.218273356559348,20.525582295569,31.9574117539643,211.231346702231,0,4.49441206823136,17.9776482729254,1.28446461436313,0,508.333333333333,133.333333333333,11.985098848617,40.4497086140822,0.540827206047634,1.55487821738695,0.01375,0.011,0.01375,0.01375,0,0,0,0
27/04/2008,0.0476714025909267,0.468539257127642,20.3889291492823,14.9393305153204,212.204214770406,0,2.72269223616214,10.8907689446486,0.76116902573025,0,508.333333333333,133.333333333333,7.2605126297657,24.5042301254592,0.320492221360105,0.921415136410302,0.01375,0.011,0.01375,0.01375,0,0,0,0
28/04/2008,0.0347405285382012,0.567280171451239,20.2520128611039,8.22494834131576,213.192896524626,0,1.42617592497476,5.70470369989904,0.309611335339983,0,508.333333333333,133.333333333333,3.80313579993269,12.8355833247728,0.130362667511572,0.374792669095769,0.01375,0.011,0.01375,0.01375,0,0,0,0
29/04/2008,0.028211418472483,0.596146973260577,20.1148739611606,6.26200581828078,214.19709929411,0,0.955941934424061,3.82376773769624,0.151747885760819,0,508.333333333333,133.333333333333,2.5491784917975,8.60347740981655,0.0638938466361345,0.183694809078887,0.01375,0.011,0.01375,0.01375,0,0,0,0
30/04/2008,0.0243265107717297,0.6,19.9775530454767,6,215.21652581353,0,0.858649132703867,3.43459653081547,0.123073019108115,0,508.333333333333,133.333333333333,2.28973102054365,7.72784219433481,0.0518202185718379,0.148983128394034,0.01375,0.011,0.01375,0.01375,0,0,0,0
01/05/2008,0.0246646012289706,0.598952090006057,19.8400907639575,6.07125787958813,216.250874311002,0,1.01648979273006,4.06595917092024,0.162617081785225,0,508.333333333333,133.333333333333,2.71063944728016,9.14840813457053,0.0684703502253578,0.196852256897904,0.01375,0.011,0.01375,0.01375,0,0,0,0
02/05/2008,0.0177491957688551,0.6,19.7025278083553,6,217.299838597422,0,0.857142857142857,3.42857142857143,0.12258064516129,0,508.333333333333,133.333333333333,2.28571428571429,7.71428571428572,0.0516129032258065,0.148387096774194,0.01375,0.011,0.01375,0.01375,0,0,0,0
03/05/2008,0.0151868144277371,0.6,19.5649049002241,6,218.363108157101,0,0.857142857142857,3.42857142857143,0.12258064516129,0,508.333333333333,133.333333333333,2.28571428571429,7.71428571428572,0.0516129032258065,0.148387096774194,0.01375,0.011,0.01375,0.01375,0,0,0,0
04/05/2008,0.0148053071661793,0.6,19.427262778865,6,219.440368239687,0,0.857142857142857,3.42857142857143,0.12258064516129,0,508.333333333333,133.333333333333,2.28571428571429,7.71428571428572,0.0516129032258065,0.148387096774194,0.01375,0.011,0.01375,0.01375,0,0,0,0
05/05/2008,0.0128512485561943,0.6,19.289642189267,6,220.531299953336,0,0.857142857142857,3.42857142857143,0.12258064516129,0,508.333333333333,133.333333333333,2.28571428571429,7.71428571428572,0.0516129032258064,0.148387096774194,0.01375,0.011,0.01375,0.01375,0,0,0,0
06/05/2008,0.0116857134600679,0.6,19.1520838700448,6,221.635580359109,0,0.857142857142857,3.42857142857143,0.12258064516129,0,508.333333333333,133.333333333333,2.28571428571429,7.71428571428572,0.0516129032258065,0.148387096774194,0.01375,0.011,0.01375,0.01375,0,0,0,0
07/05/2008,0.0103463305944281,0.6,19.0146285413801,6,222.752882566574,0,0.857142857142857,3.42857142857143,0.12258064516129,0,508.333333333333,133.333333333333,2.28571428571429,7.71428571428572,0.0516129032258065,0.148387096774194,0.01375,0.011,0.01375,0.01375,0,0,0,0
08/05/2008,0.00917191795966645,0.6,18.8773168929669,6,223.882875830567,0,0.857142857142857,3.42857142857143,0.12258064516129,0,508.333333333333,133.333333333333,2.28571428571429,7.71428571428572,0.0516129032258065,0.148387096774194,0.01375,0.011,0.01375,0.01375,0,0,0,0
09/05/2008,0.00967755332849195,0.6,18.7401895719671,6,225.025225649104,0,0.857142857142857,3.42857142857143,0.12258064516129,0,508.333333333333,133.333333333333,2.28571428571429,7.71428571428572,0.0516129032258065,0.148387096774194,0.01375,0.011,0.01375,0.01375,0,0,0,0
10/05/2008,0.00862722341000869,0.6,18.6032871709775,6,226.179593862396,0,0.857142857142857,3.42857142857143,0.12258064516129,0,508.333333333333,133.333333333333,2.28571428571429,7.71428571428572,0.0516129032258065,0.148387096774194,0.01375,0.011,0.01375,0.01375,0,0,0,0
11/05/2008,0.00875199544869666,0.6,18.466650216014,6,227.345638752956,0,0.878887214621948,3.51554885848779,0.126726881067698,0,508.333333333333,133.333333333333,2.34369923899186,7.90998493159753,0.0533586867653463,0.153406224450371,0.01375,0.011,0.01375,0.01375,0,0,0,0
12/05/2008,0.00774567246225786,0.6,18.3303191545148,6,228.523015146753,0,0.857142857142857,3.42857142857143,0.12258064516129,0,508.333333333333,133.333333333333,2.28571428571429,7.71428571428572,0.0516129032258065,0.148387096774194,0.01375,0.011,0.01375,0.01375,0,0,0,0
13/05/2008,0.00758058948054488,0.6,18.1943343433671,6,229.71137451539,0,0.857142857142857,3.42857142857143,0.12258064516129,0,508.333333333333,133.333333333333,2.28571428571429,7.71428571428572,0.0516129032258065,0.148387096774194,0.01375,0.011,0.01375,0.01375,0,0,0,0
14/05/2008,0.00808958081374462,0.525085823286415,18.0587360369606,11.0941640165238,230.910365079275,0,1.61635902632651,6.46543610530602,0.350714187641305,0,508.333333333333,133.333333333333,4.31029073687068,14.5472312369386,0.147669131638444,0.424548753460527,0.01375,0.011,0.01375,0.01375,0,0,0,0
15/05/2008,0.0101269240447045,0.451882440807222,17.9235643752715,16.0719940251089,232.119631911759,0,2.3145156181376,9.25806247255038,0.560252072614173,0,508.333333333333,133.333333333333,6.17204164836692,20.8306405632384,0.235895609521757,0.678199877375051,0.01375,0.011,0.01375,0.01375,0,0,0,0
16/05/2008,0.00580039294725139,0.574015432759745,17.7888593719801,7.76695057233736,233.338817044198,0,1.0108936135198,4.04357445407921,0.162833229305772,0,508.333333333333,133.333333333333,2.69571630271948,9.09804252167823,0.0685613597076934,0.197113909159619,0.01375,0.011,0.01375,0.01375,0,0,0,0
17/05/2008,0.00387110103134973,0.524939614177361,17.6546609026259,11.1041062359395,234.567559571921,0,1.59276239375903,6.37104957503612,0.34246100214819,0,508.333333333333,133.333333333333,4.24736638335741,14.3348615438313,0.144194106167659,0.414558055232019,0.01375,0.011,0.01375,0.01375,0,0,0,0
18/05/2008,0.00360938900181079,0.6,17.5210086928035,6,235.805495761065,0,0.857142857142857,3.42857142857143,0.12258064516129,0,508.333333333333,133.333333333333,2.28571428571429,7.71428571428572,0.0516129032258065,0.148387096774194,0.01375,0.011,0.01375,0.01375,0,0,0,0
19/05/2008,0.0039735254846837,0.6,17.3879423064033,6,237.052259156249,0,0.857142857142857,3.42857142857143,0.12258064516129,0,508.333333333333,133.333333333333,2.28571428571429,7.71428571428572,0.0516129032258065,0.148387096774194,0.01375,0.011,0.01375,0.01375,0,0,0,0
20/05/2008,0.00504744405836688,0.6,17.2555011338993,6,238.307480689051,0,0.857142857142857,3.42857142857143,0.12258064516129,0,508.333333333333,133.333333333333,2.28571428571429,7.71428571428572,0.0516129032258065,0.148387096774194,0.01375,0.011,0.01375,0.01375,0,0,0,0
21/05/2008,0.0044225126056861,0.6,17.123724380689,6,239.57078878726,0,0.857142857142857,3.42857142857143,0.12258064516129,0,508.333333333333,133.333333333333,2.28571428571429,7.71428571428572,0.0516129032258065,0.148387096774194,0.01375,0.011,0.01375,0.01375,0,0,0,0
22/05/2008,0.00410175587793202,0.6,16.9926510554879,6,240.841809484872,0,0.857142857142857,3.42857142857143,0.12258064516129,0,508.333333333333,133.333333333333,2.28571428571429,7.71428571428572,0.0516129032258065,0.148387096774194,0.01375,0.011,0.01375,0.01375,0,0,0,0
23/05/2008,0.00472865282005197,0.6,16.8623199587815,6,242.120166532788,0,0.857142857142857,3.42857142857143,0.12258064516129,0,508.333333333333,133.333333333333,2.28571428571429,7.71428571428572,0.0516129032258065,0.148387096774194,0.01375,0.011,0.01375,0.01375,0,0,0,0
24/05/2008,0.00345550887582948,0.6,16.7327696713403,6,243.405481510195,0,0.857142857142857,3.42857142857143,0.12258064516129,0,508.333333333333,133.333333333333,2.28571428571429,7.71428571428572,0.0516129032258065,0.148387096774194,0.01375,0.011,0.01375,0.01375,0,0,0,0
25/05/2008,0.00592676750291798,0.6,16.6040385427983,6,244.697373936585,0,1.06636216211655,4.26544864846622,0.169521750182291,0,508.333333333333,133.333333333333,2.84363243231081,9.59725945904899,0.0713775790241227,0.205210539694353,0.01375,0.011,0.01375,0.01375,0,0,0,0
26/05/2008,0.00383646047130887,0.6,16.4761646803015,6,245.995461384384,0,0.857142857142857,3.42857142857143,0.12258064516129,0,508.333333333333,133.333333333333,2.28571428571429,7.71428571428572,0.0516129032258065,0.148387096774194,0.01375,0.011,0.01375,0.01375,0,0,0,0
27/05/2008,0.00560320557815424,0.6,16.3491859372266,6,247.299359592162,0,1.05879034982204,4.23516139928816,0.167702560026704,0,508.333333333333,133.333333333333,2.82344093285877,9.52911314839836,0.07061160422177,0.203008362137589,0.01375,0.011,0.01375,0.01375,0,0,0,0
28/05/2008,0.00566859722400054,0.6,16.2231399019762,6,248.60868257838,0,1.09536887570892,4.38147550283566,0.176202766973742,0,508.333333333333,133.333333333333,2.92098366855711,9.85831988138024,0.0741906387257863,0.213298086336636,0.01375,0.011,0.01375,0.01375,0,0,0,0
29/05/2008,0.00418161780587149,0.6,16.0980638868514,6,249.92304275565,0,0.857142857142857,3.42857142857143,0.12258064516129,0,508.333333333333,133.333333333333,2.28571428571429,7.71428571428572,0.0516129032258065,0.148387096774194,0.01375,0.011,0.01375,0.01375,0,0,0,0
30/05/2008,0.00424549396089238,0.6,15.9739949170069,6,251.242051045467,0,0.857142857142857,3.42857142857143,0.12258064516129,0,508.333333333333,133.333333333333,2.28571428571429,7.71428571428572,0.0516129032258065,0.148387096774194,0.01375,0.011,0.01375,0.01375,0,0,0,0
31/05/2008,0.00420070250118775,0.6,15.8509697194906,6,252.565316993389,0,0.857142857142857,3.42857142857143,0.12258064516129,0,508.333333333333,133.333333333333,2.28571428571429,7.71428571428572,0.0516129032258065,0.148387096774194,0.01375,0.011,0.01375,0.01375,0,0,0,0
01/06/2008,0.00559975306356389,0.6,15.7290247123716,6,253.892448884614,0,1.17179171191691,4.68716684766764,0.193922420825043,0,508.333333333333,133.333333333333,3.12477789844509,10.5461254072522,0.0816515456105445,0.234748193630316,0.01375,0.011,0.01375,0.01375,0,0,0,0
02/06/2008,0.0155214194487185,0.342956527229295,15.6081959939597,23.4789561484079,255.223053859939,0,3.88976805689725,15.559072227589,1.05864056509659,0,508.333333333333,133.333333333333,10.3727148183927,35.0079125120753,0.445743395830145,1.28151226301167,0.01375,0.011,0.01375,0.01375,0,0,0,0
03/06/2008,0.0291089864049884,0.230639443733983,15.4885193321197,31.1165178260891,256.556738032057,0,4.59267740506542,18.3707096202617,1.25375808834909,0,508.333333333333,133.333333333333,12.2471397468411,41.3340966455888,0.527898142462774,1.51770715958048,0.01375,0.011,0.01375,0.01375,0,0,0,0
04/06/2008,0.146839313050129,0.13342597131547,15.370030153683,37.727033950548,257.89310660215,0,6.44740268964537,25.7896107585815,2.00758126151048,0,508.333333333333,133.333333333333,17.1930738390543,58.0266242068084,0.845297373267569,2.43022994814426,0.01375,0.011,0.01375,0.01375,0,0,0,0
05/06/2008,0.630102185167662,0.125524830077788,15.2527635339609,38.2643115547104,259.231763976763,0,6.33757804532597,25.3503121813039,1.98197958360481,0,508.333333333333,133.333333333333,16.9002081208693,57.0382024079337,0.834517719412553,2.39923844331109,0.01375,0.011,0.01375,0.01375,0,0,0,0
06/06/2008,0.47966667572851,0.149318309693918,15.1367541863612,36.6463549408136,260.572313884907,0,5.14907071882999,20.59628287532,1.50367887793547,0,508.333333333333,133.333333333333,13.7308552502133,46.3416364694699,0.633127948604407,1.82024285223767,0.01375,0.011,0.01375,0.01375,0,0,0,0
07/06/2008,0.107375998702657,0.27978903863353,15.0220364521127,27.77434537292,261.914359495362,0,5.03019942352572,20.1207976941029,1.56842274346228,0,508.333333333333,133.333333333333,13.4138651294019,45.2717948117315,0.660388523563064,1.89861700524381,0.01375,0.011,0.01375,0.01375,0,0,0,0
08/06/2008,0.0514923913187134,0.44482357684532,14.908644290099,16.5519967745182,263.257503534148,0,3.16367617544779,12.6547047017912,0.918070310258407,0,508.333333333333,133.333333333333,8.43646980119411,28.4730855790301,0.386555920108803,1.11134827031281,0.01375,0.011,0.01375,0.01375,0,0,0,0
09/06/2008,0.0366730596593298,0.510136081006581,14.7966112668063,12.1107464915525,264.601348402127,0,2.14634698589399,8.58538794357596,0.539313453272043,0,508.333333333333,133.333333333333,5.72359196238398,19.3171228730459,0.227079348746124,0.652853127645105,0.01375,0.011,0.01375,0.01375,0,0,0,0
10/06/2008,0.0321786174182045,0.52040726793985,14.6859705463869,11.4123057800902,265.945496292702,0,1.85236874389775,7.40947497559098,0.421332251747133,0,508.333333333333,133.333333333333,4.93964998372732,16.6713186950797,0.177403053367214,0.51003377843074,0.01375,0.011,0.01375,0.01375,0,0,0,0
11/06/2008,0.0239416033993145,0.571659805810984,14.576754880842,7.9271332048531,267.289549309573,0,1.27927434779718,5.11709739118872,0.243883048339736,0,508.333333333333,133.333333333333,3.41139826079248,11.5134691301746,0.102687599300941,0.295226847990206,0.01375,0.011,0.01375,0.01375,0,0,0,0
12/06/2008,0.0209470319989294,0.553921502726626,14.4689966003261,9.13333781458944,268.633109584525,0,1.39860816637657,5.59443266550628,0.283162886014371,0,508.333333333333,133.333333333333,3.72962177700419,12.5874734973891,0.11922647832184,0.342776125175291,0.01375,0.011,0.01375,0.01375,0,0,0,0
13/06/2008,0.0169602645703297,0.522717912544949,14.3627276035769,11.2551819469434,269.975779395208,0,1.61038302371193,6.44153209484773,0.347389343262857,0,508.333333333333,133.333333333333,4.29435472989849,14.4934472134074,0.146269197163308,0.420523941844511,0.01375,0.011,0.01375,0.01375,0,0,0,0
14/06/2008,0.0129392373357263,0.6,14.2579793484726,6,271.317161282863,0,0.857142857142857,3.42857142857143,0.12258064516129,0,508.333333333333,133.333333333333,2.28571428571429,7.71428571428572,0.0516129032258065,0.148387096774194,0.01375,0.011,0.01375,0.01375,0,0,0,0
15/06/2008,0.0125234124734345,0.6,14.1547828427194,6,272.656858169988,0,0.859253093026374,3.4370123721055,0.123270442697408,0,508.333333333333,133.333333333333,2.29134158140366,7.73327783723737,0.0519033442936454,0.14922211484423,0.01375,0.011,0.01375,0.01375,0,0,0,0
16/06/2008,0.0177037959815887,0.522133812196336,14.0531686346731,11.2949007706491,273.994473477875,0,1.91519188073233,7.66076752292932,0.435262949735071,0,508.333333333333,133.333333333333,5.10717834861954,17.236726926591,0.183268610414767,0.526897254942454,0.01375,0.011,0.01375,0.01375,0,0,0,0
17/06/2008,0.0210369265152078,0.429740444565039,13.9531668042954,17.5776497695773,275.329611244008,0,2.67830847495302,10.7132338998121,0.663692869098216,0,508.333333333333,133.333333333333,7.14215593320805,24.1047762745772,0.279449629093986,0.803417683645209,0.01375,0.011,0.01375,0.01375,0,0,0,0
18/06/2008,0.0162520246602862,0.477441933634438,13.8548069542502,14.3339485128582,276.661876239276,0,2.16217362212487,8.64869448849948,0.503781397623828,0,508.333333333333,133.333333333333,5.76579632566632,19.4595625991238,0.212118483210033,0.609840639228844,0.01375,0.011,0.01375,0.01375,0,0,0,0
19/06/2008,0.00817347391577347,0.6,13.7581182011404,6,277.99087408497,0,0.857142857142857,3.42857142857143,0.12258064516129,0,508.333333333333,133.333333333333,2.28571428571429,7.71428571428572,0.0516129032258065,0.148387096774194,0.01375,0.011,0.01375,0.01375,0,0,0,0
20/06/2008,0.0203592396828675,0.391737487264749,13.6631291668888,20.1618508659971,279.316211369524,0,3.29156107983709,13.1662443193484,0.870506946833631,0,508.333333333333,133.333333333333,8.7774962128989,29.6240497185338,0.366529240772055,1.05377156721966,0.01375,0.011,0.01375,0.01375,0,0,0,0
21/06/2008,0.021964240884213,0.298512943304464,13.5698679702651,26.5011198552965,280.637495764978,0,3.77444260782973,15.0977704313189,0.998066909619576,0,508.333333333333,133.333333333333,10.0651802875459,33.9699834704676,0.42023869878719,1.20818625901317,0.01375,0.011,0.01375,0.01375,0,0,0,0
22/06/2008,0.00822839602015764,0.53908518787475,13.4783622185626,10.142207224517,281.954336143113,0,1.45856186578432,5.8342474631373,0.301991521364865,0,508.333333333333,133.333333333333,3.8894983087582,13.1270567920589,0.127154324785206,0.365568683757469,0.01375,0.011,0.01375,0.01375,0,0,0,0
23/06/2008,0.00701279106348242,0.6,13.3886389994256,6,283.266342691233,0,0.872211555030852,3.48884622012341,0.125453959597281,0,508.333333333333,133.333333333333,2.32589748008227,7.84990399527767,0.052822719830434,0.151865319512498,0.01375,0.011,0.01375,0.01375,0,0,0,0
24/06/2008,0.00578432762154709,0.6,13.3007248728309,6,284.573127027558,0,0.857142857142857,3.42857142857143,0.12258064516129,0,508.333333333333,133.333333333333,2.28571428571429,7.71428571428572,0.0516129032258065,0.148387096774194,0.01375,0.011,0.01375,0.01375,0,0,0,0
25/06/2008,0.00456161454578924,0.6,13.2146458632257,6,285.874302316194,0,0.857142857142857,3.42857142857143,0.12258064516129,0,508.333333333333,133.333333333333,2.28571428571429,7.71428571428572,0.0516129032258065,0.148387096774194,0.01375,0.011,0.01375,0.01375,0,0,0,0
26/06/2008,0.0034592051046509,0.6,13.1304274518233,6,287.169483381644,0,0.857142857142857,3.42857142857143,0.12258064516129,0,508.333333333333,133.333333333333,2.28571428571429,7.71428571428572,0.0516129032258065,0.148387096774194,0.01375,0.011,0.01375,0.01375,0,0,0,0
27/06/2008,0.00477470748671325,0.6,13.0480945690608,6,288.458286822828,0,0.857142857142857,3.42857142857143,0.12258064516129,0,508.333333333333,133.333333333333,2.28571428571429,7.71428571428572,0.0516129032258065,0.148387096774194,0.01375,0.011,0.01375,0.01375,0,0,0,0
28/06/2008,0.00545004484188664,0.6,12.9676715872185,6,289.740331126578,0,0.857142857142857,3.42857142857143,0.12258064516129,0,508.333333333333,133.333333333333,2.28571428571429,7.71428571428572,0.0516129032258065,0.148387096774194,0.01375,0.011,0.01375,0.01375,0,0,0,0
29/06/2008,0.0044225858741229,0.6,12.8891823132057,6,291.015236780576,0,0.857142857142857,3.42857142857143,0.12258064516129,0,508.333333333333,133.333333333333,2.28571428571429,7.71428571428572,0.0516129032258065,0.148387096774194,0.01375,0.011,0.01375,0.01375,0,0,0,0
30/06/2008,0.00218094014589488,0.6,12.8126499815131,6,292.282626385693,0,0.857142857142857,3.42857142857143,0.12258064516129,0,508.333333333333,133.333333333333,2.28571428571429,7.71428571428572,0.0516129032258065,0.148387096774194,0.01375,0.011,0.01375,0.01375,0,0,0,0
01/07/2008,0.00141558696753062,0.581229971909803,12.738097247335,7.27636191013342,293.542124767712,0,0.937585834672274,3.7503433386891,0.140987382385226,0,508.333333333333,133.333333333333,2.5002288924594,8.43827251205047,0.0593631083727266,0.170668936571589,0.01375,0.011,0.01375,0.01375,0,0,0,0
02/07/2008,0.00264941315625439,0.545185823853609,12.6655461798626,9.72736397795456,294.793359088383,0,1.36485752370391,5.45943009481563,0.272242141477424,0,508.333333333333,133.333333333333,3.63962006321042,12.2837177133352,0.114628270095758,0.329556276525303,0.01375,0.011,0.01375,0.01375,0,0,0,0
03/07/2008,0.00503419748536111,0.6,12.5950182557516,6,296.035958955797,0,0.947773861200512,3.79109544480205,0.141798657000158,0,508.333333333333,133.333333333333,2.52739696320137,8.52996475080461,0.059704697684277,0.171651005842296,0.01375,0.011,0.01375,0.01375,0,0,0,0
04/07/2008,0.00440156995528484,0.6,12.526534352764,6,297.269556534024,0,0.857142857142857,3.42857142857143,0.12258064516129,0,508.333333333333,133.333333333333,2.28571428571429,7.71428571428572,0.0516129032258065,0.148387096774194,0.01375,0.011,0.01375,0.01375,0,0,0,0
05/07/2008,0.00411010449351849,0.583466662094477,12.4601147435886,7.12426697757556,298.493786652004,0,0.928000019595098,3.71200007838039,0.138793982978319,0,508.333333333333,133.333333333333,2.47466671892026,8.35200017635589,0.058439571780345,0.168013768868492,0.01375,0.011,0.01375,0.01375,0,0,0,0
06/07/2008,0.00429507420579848,0.551231844212627,12.3957790898389,9.31623459354136,299.708286911643,0,1.31694873523204,5.26779494092815,0.25842229713456,0,508.333333333333,133.333333333333,3.5118632939521,11.8525386170883,0.108809388267183,0.312826991268152,0.01375,0.011,0.01375,0.01375,0,0,0,0
07/07/2008,0.00313084271646405,0.6,12.3335464362339,6,300.91269779509,0,0.857142857142857,3.42857142857143,0.12258064516129,0,508.333333333333,133.333333333333,2.28571428571429,7.71428571428572,0.0516129032258064,0.148387096774194,0.01375,0.011,0.01375,0.01375,0,0,0,0
08/07/2008,0.00710848884687526,0.449120606715349,12.2734352049594,16.2597987433563,302.106662771168,0,2.65801560043242,10.6320624017297,0.671338070320371,0,508.333333333333,133.333333333333,7.08804160115312,23.9221404038918,0.282668661187524,0.812672400914133,0.01375,0.011,0.01375,0.01375,0,0,0,0
09/07/2008,0.00742523466811974,0.346041181793826,12.2154631902157,23.2691996380199,303.289828400906,0,3.55834625867888,14.2333850347155,0.946272509467459,0,508.333333333333,133.333333333333,9.48892335647701,32.0251163281099,0.398430530302088,1.1454877746185,0.01375,0.011,0.01375,0.01375,0,0,0,0
10/07/2008,0.00104967377540885,0.569948654957974,12.1596475529492,8.04349146285774,304.461844442171,0,0.985934335894395,3.94373734357758,0.152050351267019,0,508.333333333333,133.333333333333,2.62915822905172,8.87340902304956,0.0640212005334816,0.184060951533759,0.01375,0.011,0.01375,0.01375,0,0,0,0
11/07/2008,0.00333740190239135,0.497000034526563,12.1060048157731,13.0039976521937,305.622363953343,0,1.94854867839902,7.79419471359608,0.453425752557324,0,508.333333333333,133.333333333333,5.19612980906405,17.5369381055912,0.190916106339926,0.548883805727287,0.01375,0.011,0.01375,0.01375,0,0,0,0
12/07/2008,0.00293267703206502,0.6,12.0545508580758,6,306.771043396021,0,0.857142857142857,3.42857142857143,0.12258064516129,0,508.333333333333,133.333333333333,2.28571428571429,7.71428571428572,0.0516129032258065,0.148387096774194,0.01375,0.011,0.01375,0.01375,0,0,0,0
13/07/2008,0.00338511903257261,0.6,12.0053009113207,6,307.907542736714,0,0.857142857142857,3.42857142857143,0.12258064516129,0,508.333333333333,133.333333333333,2.28571428571429,7.71428571428572,0.0516129032258065,0.148387096774194,0.01375,0.011,0.01375,0.01375,0,0,0,0
14/07/2008,0.00341169385955136,0.577020252163405,11.9582695545372,7.56262285288846,309.031525547499,0,0.995174672257541,3.98069868903017,0.158697360769095,0,508.333333333333,133.333333333333,2.65379912602011,8.95657205031787,0.0668199413764609,0.192107331457325,0.01375,0.011,0.01375,0.01375,0,0,0,0
15/07/2008,0.00255068784652808,0.516889938265109,11.9134707100049,11.6514841979726,310.142659105614,0,1.70770708465948,6.8308283386379,0.378486772269619,0,508.333333333333,133.333333333333,4.55388555909193,15.3693637619353,0.159362851481945,0.458168198010592,0.01375,0.011,0.01375,0.01375,0,0,0,0
16/07/2008,0.00296417239493897,0.583530675151343,11.8709176391324,7.11991408970865,311.240614491947,0,0.927725677922814,3.71090271169126,0.138731208883844,0,508.333333333333,133.333333333333,2.4739351411275,8.34953110130533,0.0584131405826711,0.16793777917518,0.01375,0.011,0.01375,0.01375,0,0,0,0
17/07/2008,0.00188941485956072,0.6,11.8306229385318,6,312.325066688404,0,0.857142857142857,3.42857142857143,0.12258064516129,0,508.333333333333,133.333333333333,2.28571428571429,7.71428571428572,0.0516129032258065,0.148387096774194,0.01375,0.011,0.01375,0.01375,0,0,0,0
18/07/2008,0,0,11.7925985362894,0,313.395694674121,0,0,0,0,0,508.333333333333,133.333333333333,0,0,0,0,0.01375,0.011,0.01375,0.01375,0,0,0,0
19/07/2008,0.000659673663115855,0.6,11.7568556884352,6,314.452181520497,0,0.857142857142857,3.42857142857143,0.12258064516129,0,508.333333333333,133.333333333333,2.28571428571429,7.71428571428572,0.0516129032258065,0.148387096774194,0.01375,0.011,0.01375,0.01375,0,0,0,0
20/07/2008,0.00291622143040597,0.6,11.7234049756106,6,315.494214485005,0,0.857142857142857,3.42857142857143,0.12258064516129,0,508.333333333333,133.333333333333,2.28571428571429,7.71428571428571,0.0516129032258065,0.148387096774194,0.01375,0.011,0.01375,0.01375,0,0,0,0
21/07/2008,0.00188106633207856,0.390019350318666,11.6922562999366,20.2786841783307,316.521485103776,0,3.33451653442543,13.3380661377017,0.888390924391007,0,508.333333333333,133.333333333333,8.89204409180114,30.0106488098288,0.374059336585687,1.07542059268385,0.01375,0.011,0.01375,0.01375,0,0,0,0
22/07/2008,0.00643790002221308,0.318623240683808,11.6634188820821,25.1336196335011,317.533689282906,0,3.91312845432878,15.6525138173151,1.05796507554054,0,508.333333333333,133.333333333333,10.4350092115434,35.218156088959,0.445458979174966,1.28069456512803,0.01375,0.011,0.01375,0.01375,0,0,0,0
23/07/2008,0.00271533036776478,0.6,11.6369012585347,6,318.530527388481,0,0.857142857142857,3.42857142857143,0.12258064516129,0,508.333333333333,133.333333333333,2.28571428571429,7.71428571428572,0.0516129032258065,0.148387096774194,0.01375,0.011,0.01375,0.01375,0,0,0,0
24/07/2008,0.00392862102787386,0.523987813367787,11.6127112790737,11.1688286909905,319.511704335266,0,1.83368340695708,7.33473362782831,0.413075995988766,0,508.333333333333,133.333333333333,4.88982241855221,16.5031506626137,0.173926735153165,0.500039363565349,0.01375,0.011,0.01375,0.01375,0,0,0,0
25/07/2008,0.0146415968255693,0.287116322607767,11.5908561044464,27.2760900626718,320.476929674065,0,4.38751998328846,17.5500799331538,1.21060789174419,0,508.333333333333,133.333333333333,11.7000532887692,39.4876798495961,0.509729638629135,1.46547271105876,0.01375,0.011,0.01375,0.01375,0,0,0,0
26/07/2008,0.0159315795871806,0.228434100379817,11.5713422042482,31.2664811741724,321.425917677694,0,4.53587523830722,18.1435009532289,1.23197732547004,0,508.333333333333,133.333333333333,12.0956673021526,40.822877144765,0.518727294934753,1.49134097293742,0.01375,0.011,0.01375,0.01375,0,0,0,0
27/07/2008,0.00063116424341977,0.548684664050303,11.5541753550077,9.4894428445794,322.358387425568,0,1.29324600411869,5.17298401647477,0.248868580274999,0,508.333333333333,133.333333333333,3.44865601098318,11.6392140370682,0.104786770642105,0.301261965596051,0.01375,0.011,0.01375,0.01375,0,0,0,0
28/07/2008,0.00136126506050543,0.443441631096651,11.5393606384765,16.6459690854278,323.274062886852,0,2.64023233042415,10.5609293216966,0.669588152114409,0,508.333333333333,133.333333333333,7.04061954779775,23.7620909738174,0.281931853521856,0.810554078875337,0.01375,0.011,0.01375,0.01375,0,0,0,0
29/07/2008,0.0162854334381922,0.262106018982591,11.5269024401251,28.9767907091838,324.172673002179,0,4.58123813385167,18.3249525354067,1.26829931000175,0,508.333333333333,133.333333333333,12.2166350236045,41.231143204665,0.534020762105999,1.53530969105475,0.01375,0.011,0.01375,0.01375,0,0,0,0
30/07/2008,0.0162597527424614,0.220532774986408,11.5168044478446,31.8037713009242,325.053951763886,0,4.6164727011511,18.4658908046044,1.25647229485178,0,508.333333333333,133.333333333333,12.3105938697363,41.5482543103599,0.529040966253383,1.52099277797848,0.01375,0.011,0.01375,0.01375,0,0,0,0
31/07/2008,0,0,11.5090696508551,0,325.917638294759,0,0,0,0,0,508.333333333333,133.333333333333,0,0,0,0,0.01375,0.011,0.01375,0.01375,0,0,0,0
01/08/2008,0,0,11.5037003388204,0,326.763476925256,0,0,0,0,0,508.333333333333,133.333333333333,0,0,0,0,0.01375,0.011,0.01375,0.01375,0,0,0,0
02/08/2008,0,0,11.500698101171,0,327.591217269194,0,0,0,0,0,508.333333333333,133.333333333333,0,0,0,0,0.01375,0.011,0.01375,0.01375,0,0,0,0
03/08/2008,0,0,11.5000638266329,0,328.400614297865,0,0,0,0,0,508.333333333333,133.333333333333,0,0,0,0,0.01375,0.011,0.01375,0.01375,0,0,0,0
04/08/2008,0.000638860789810806,0.6,11.5017977029648,6,329.191428412574,0,0.857142857142857,3.42857142857143,0.12258064516129,0,508.333333333333,133.333333333333,2.28571428571429,7.71428571428572,0.0516129032258065,0.148387096774194,0.01375,0.011,0.01375,0.01375,0,0,0,0
05/08/2008,0.00119652431806525,0.6,11.5058992169025,6,329.963425515561,0,0.857142857142857,3.42857142857143,0.12258064516129,0,508.333333333333,133.333333333333,2.28571428571429,7.71428571428572,0.0516129032258065,0.148387096774194,0.01375,0.011,0.01375,0.01375,0,0,0,0
06/08/2008,0.00300465982695604,0.478430436034657,11.5123671543109,14.2667303496433,330.716377079302,0,2.34226204310203,9.3690481724081,0.579946127488698,0,508.333333333333,133.333333333333,6.24603211493874,21.0803583879182,0.244187843153136,0.702040049065266,0.01375,0.011,0.01375,0.01375,0,0,0,0
07/08/2008,0.00329676876168483,0.321792294200662,11.5211996005432,24.918123994355,331.450060214155,0,4.11632660099096,16.4653064039638,1.13121356268838,0,508.333333333333,133.333333333333,10.9768709359759,37.0469394089186,0.47630044744774,1.36936378641225,0.01375,0.011,0.01375,0.01375,0,0,0,0
08/08/2008,0.000530822928734462,0.196415550942431,11.532393941008,33.4437425359147,332.164257734344,0,7.08247507980148,28.3299003192059,2.11317572862861,0,508.333333333333,133.333333333333,18.886600212804,63.7422757182134,0.889758201527837,2.55805482939253,0.01375,0.011,0.01375,0.01375,0,0,0,0
09/08/2008,0,0,11.5459468619428,0,332.858758222246,0,0,0,0,0,508.333333333333,133.333333333333,0,0,0,0,0.01375,0.011,0.01375,0.01375,0,0,0,0
10/08/2008,0,0,11.5618543513956,0,333.53335609098,0,0,0,0,0,508.333333333333,133.333333333333,0,0,0,0,0.01375,0.011,0.01375,0.01375,0,0,0,0
11/08/2008,0,0,11.5801117004118,0,334.187851645262,0,0,0,0,0,508.333333333333,133.333333333333,0,0,0,0,0.01375,0.011,0.01375,0.01375,0,0,0,0
12/08/2008,0,0,11.6007135044287,0,334.822051140518,0,0,0,0,0,508.333333333333,133.333333333333,0,0,0,0,0.01375,0.011,0.01375,0.01375,0,0,0,0
13/08/2008,0,0,11.6236536648752,0,335.43576684024,0,0,0,0,0,508.333333333333,133.333333333333,0,0,0,0,0.01375,0.011,0.01375,0.01375,0,0,0,0
14/08/2008,0,0,11.6489253909769,0,336.028817071558,0,0,0,0,0,508.333333333333,133.333333333333,0,0,0,0,0.01375,0.011,0.01375,0.01375,0,0,0,0
15/08/2008,0,0,11.6765212017667,0,336.601026279017,0,0,0,0,0,508.333333333333,133.333333333333,0,0,0,0,0.01375,0.011,0.01375,0.01375,0,0,0,0
16/08/2008,0,0,11.706432928299,0,337.152225076551,0,0,0,0,0,508.333333333333,133.333333333333,0,0,0,0,0.01375,0.011,0.01375,0.01375,0,0,0,0
17/08/2008,0,0,11.7386517160679,0,337.682250297619,0,0,0,0,0,508.333333333333,133.333333333333,0,0,0,0,0.01375,0.011,0.01375,0.01375,0,0,0,0
18/08/2008,0,0,11.7731680276286,0,338.190945043506,0,0,0,0,0,508.333333333333,133.333333333333,0,0,0,0,0.01375,0.011,0.01375,0.01375,0,0,0,0
19/08/2008,0,0,11.8099716454204,0,338.678158729775,0,0,0,0,0,508.333333333333,133.333333333333,0,0,0,0,0.01375,0.011,0.01375,0.01375,0,0,0,0
20/08/2008,0,0,11.8490516747915,0,339.143747130835,0,0,0,0,0,508.333333333333,133.333333333333,0,0,0,0,0.01375,0.011,0.01375,0.01375,0,0,0,0
21/08/2008,0,0,11.8903965472238,0,339.587572422639,0,0,0,0,0,508.333333333333,133.333333333333,0,0,0,0,0.01375,0.011,0.01375,0.01375,0,0,0,0
22/08/2008,0.00138550892213875,0.167190542736465,11.9339940237578,35.4310430939204,340.009503223483,0,7.63033700751544,30.5213480300618,2.30668202332628,0,508.333333333333,133.333333333333,20.3475653533745,68.673033067639,0.971234536137381,2.79229929139497,0.01375,0.011,0.01375,0.01375,0,0,0,0
23/08/2008,0.0244103433973036,0.19604168421126,11.9798311986152,33.4691654736343,340.409414632895,0,5.12479537513198,20.4991815005279,1.43383752904153,0,508.333333333333,133.333333333333,13.6661210003519,46.1231583761878,0.603721064859593,1.73569806147133,0.01375,0.011,0.01375,0.01375,0,0,0,0
24/08/2008,0.0195334486588813,0.171691300141126,12.0278945030197,35.1249915904034,340.787188268613,0,5.13290656613547,20.5316262645419,1.41439896793592,0,508.333333333333,133.333333333333,13.6877508430279,46.1961590952192,0.595536407551965,1.7121671717119,0.01375,0.011,0.01375,0.01375,0,0,0,0
25/08/2008,0,0,12.0781697092131,0,341.142712301624,0,0,0,0,0,508.333333333333,133.333333333333,0,0,0,0,0.01375,0.011,0.01375,0.01375,0,0,0,0
26/08/2008,0,0,12.1306419346675,0,341.47588148927,0,0,0,0,0,508.333333333333,133.333333333333,0,0,0,0,0.01375,0.011,0.01375,0.01375,0,0,0,0
27/08/2008,0,0,12.1852956464909,0,341.7865972064,0,0,0,0,0,508.333333333333,133.333333333333,0,0,0,0,0.01375,0.011,0.01375,0.01375,0,0,0,0
28/08/2008,4.52684841415627e-05,0.240855267495874,12.2421146660246,30.4218418102806,342.07476747457,0,6.9355262786068,27.7421051144272,2.07175805281758,0,508.333333333333,133.333333333333,18.4947367429515,62.4197365074612,0.872319180133718,2.50791764288444,0.01375,0.011,0.01375,0.01375,0,0,0,0
29/08/2008,0.000510461269074253,0.165294078305988,12.3010821736331,35.5600026751928,342.340306989265,0,7.58319361452011,30.3327744580804,2.27552951785869,0,508.333333333333,133.333333333333,20.2218496387203,68.248742530681,0.958117691729976,2.75458836372368,0.01375,0.011,0.01375,0.01375,0,0,0,0
30/08/2008,0,0,12.362180713683,0,342.583137145153,0,0,0,0,0,508.333333333333,133.333333333333,0,0,0,0,0.01375,0.011,0.01375,0.01375,0,0,0,0
31/08/2008,0.0203425892642309,0.189441239795355,12.4253921997097,33.9179956939159,342.803186059355,0,5.56707803058943,22.2683121223577,1.60527303493417,0,508.333333333333,133.333333333333,14.8455414149051,50.1037022753049,0.675904435761755,1.94322525281505,0.01375,0.011,0.01375,0.01375,0,0,0,0
01/09/2008,0.0312219543110537,0.145990355111846,12.4906979197721,36.8726558523945,343.000388592724,0,5.24981743055352,20.9992697222141,1.4422627668435,0,508.333333333333,133.333333333333,13.9995131481427,47.2483568749817,0.607268533407791,1.7458970335474,0.01375,0.011,0.01375,0.01375,0,0,0,0
02/09/2008,0,0,12.5580785419912,0,343.174686369124,0,0,0,0,0,508.333333333333,133.333333333333,0,0,0,0,0.01375,0.011,0.01375,0.01375,0,0,0,0
03/09/2008,0,0,12.6275141202729,0,343.326027792715,0,0,0,0,0,508.333333333333,133.333333333333,0,0,0,0,0.01375,0.011,0.01375,0.01375,0,0,0,0
04/09/2008,0.0098500644101539,0.233852407834984,12.6989841002127,30.8980362672211,343.454368063225,0,5.29542896486918,21.1817158594767,1.5165772026012,0,508.333333333333,133.333333333333,14.1211439063178,47.6588606838226,0.638558822147872,1.83585661367513,0.01375,0.011,0.01375,0.01375,0,0,0,0
05/09/2008,0.150753240139695,0.118851471510294,12.7724673251798,38.7180999373,343.559669189209,0,6.75136516688583,27.0054606675433,2.12972518419671,0,508.333333333333,133.333333333333,18.0036404450289,60.7622865019725,0.896726393345984,2.5780883808697,0.01375,0.011,0.01375,0.01375,0,0,0,0
06/09/2008,0.598226231242585,0.124461291437312,12.8479420425803,38.3366321822628,343.6418999993,0,6.40053393471798,25.6021357388719,2.00949737802406,0,508.333333333333,133.333333333333,17.0680904925813,57.6048054124618,0.846104159168026,2.43254945760807,0.01375,0.011,0.01375,0.01375,0,0,0,0
07/09/2008,0.599038285436136,0.14045912474416,12.9253859102962,37.2487795173971,343.701036151433,0,5.57785841268211,22.3114336507285,1.67792082471637,0,508.333333333333,133.333333333333,14.8742891004856,50.200725714139,0.706492978827944,2.03116731413034,0.01375,0.011,0.01375,0.01375,0,0,0,0
08/09/2008,0.199741902689906,0.212815654376277,13.0047760032994,32.3285355024131,343.737060140052,0,5.01554922727239,20.0621969090896,1.50253856463811,0,508.333333333333,133.333333333333,13.374797939393,45.1399430454515,0.632647816689732,1.81886247298298,0.01375,0.011,0.01375,0.01375,0,0,0,0
09/09/2008,0.0529259279252372,0.425827417141009,13.0860888204375,17.8437356344114,343.749961301293,0,3.38556392577384,13.5422557030954,1.00354068081419,0,508.333333333333,133.333333333333,9.02817046873024,30.4700753319646,0.422543444553344,1.21481240309086,0.01375,0.011,0.01375,0.01375,0,0,0,0
10/09/2008,0.0335147085093241,0.545649945178017,13.1693002913912,9.69580372789485,343.739735816136,0,1.74937427878025,6.99749711512098,0.421184803853448,0,508.333333333333,133.333333333333,4.66499807674732,15.7443685090222,0.177340970043557,0.509855288875227,0.01375,0.011,0.01375,0.01375,0,0,0,0
11/09/2008,0.0225382171261018,0.6,13.2543857837993,6,343.706386711544,0,0.857142857142857,3.42857142857143,0.12258064516129,0,508.333333333333,133.333333333333,2.28571428571429,7.71428571428572,0.0516129032258065,0.148387096774194,0.01375,0.011,0.01375,0.01375,0,0,0,0
12/09/2008,0.0153609392850755,0.6,13.3413201105505,6,343.649923859559,0,0.857142857142857,3.42857142857143,0.12258064516129,0,508.333333333333,133.333333333333,2.28571428571429,7.71428571428572,0.0516129032258065,0.148387096774194,0.01375,0.011,0.01375,0.01375,0,0,0,0
13/09/2008,0.0117997497509219,0.6,13.4300775372393,6,343.570363974383,0,0.857142857142857,3.42857142857143,0.12258064516129,0,508.333333333333,133.333333333333,2.28571428571429,7.71428571428572,0.0516129032258065,0.148387096774194,0.01375,0.011,0.01375,0.01375,0,0,0,0
14/09/2008,0.0158500247374825,0.550995012363111,13.5206317897838,9.33233915930842,343.46773060743,0,1.25976788050767,5.03907152203067,0.238616273814909,0,508.333333333333,133.333333333333,3.35938101468711,11.337910924569,0.10047001002733,0.288851278828574,0.01375,0.011,0.01375,0.01375,0,0,0,0
15/09/2008,0.00730621592263597,0.419098392996176,13.6129560622039,18.30130927626,343.342054140356,0,2.8701323241435,11.480529296574,0.740501433658813,0,508.333333333333,133.333333333333,7.653686197716,25.8311909172915,0.311790077330026,0.896396472323826,0.01375,0.011,0.01375,0.01375,0,0,0,0
16/09/2008,0.00923877187559904,0.509929707417871,13.7070230245555,12.1247798955847,343.193371776061,0,1.73124063721907,6.92496254887627,0.384036411558499,0,508.333333333333,133.333333333333,4.61664169925085,15.5811657349716,0.161699541708842,0.46488618241292,0.01375,0.011,0.01375,0.01375,0,0,0,0
17/09/2008,0.0106837654833344,0.6,13.8028048310218,6,343.021727527679,0,0.857142857142857,3.42857142857143,0.12258064516129,0,508.333333333333,133.333333333333,2.28571428571429,7.71428571428572,0.0516129032258065,0.148387096774194,0.01375,0.011,0.01375,0.01375,0,0,0,0
18/09/2008,0.00729081520813323,0.6,13.9002731281556,6,342.827172205552,0,0.857142857142857,3.42857142857143,0.12258064516129,0,508.333333333333,133.333333333333,2.28571428571429,7.71428571428572,0.0516129032258065,0.148387096774194,0.01375,0.011,0.01375,0.01375,0,0,0,0
19/09/2008,0.00181285648931258,0.6,13.9993990632724,6,342.609763402183,0,0.857142857142857,3.42857142857143,0.12258064516129,0,508.333333333333,133.333333333333,2.28571428571429,7.71428571428572,0.0516129032258065,0.148387096774194,0.01375,0.011,0.01375,0.01375,0,0,0,0
20/09/2008,0,0,14.100153292992,0,342.369565475191,0,0,0,0,0,508.333333333333,133.333333333333,0,0,0,0,0.01375,0.011,0.01375,0.01375,0,0,0,0
21/09/2008,0.00140562571149834,0.6,14.2025059919243,6,342.10664952826,0,0.857142857142857,3.42857142857143,0.12258064516129,0,508.333333333333,133.333333333333,2.28571428571429,7.71428571428572,0.0516129032258065,0.148387096774194,0.01375,0.011,0.01375,0.01375,0,0,0,0
22/09/2008,0,0,14.3064268614986,0,341.821093390089,0,0,0,0,0,508.333333333333,133.333333333333,0,0,0,0,0.01375,0.011,0.01375,0.01375,0,0,0,0
23/09/2008,0.00546462055044874,0.444801609488985,14.4118851389321,16.553490554749,341.512981591355,0,2.46251454284727,9.85005817138906,0.609514795205982,0,508.333333333333,133.333333333333,6.56670544759271,22.1626308856254,0.256637808507782,0.737833699459873,0.01375,0.011,0.01375,0.01375,0,0,0,0
24/09/2008,0.0149354898476453,0.294444887711254,14.5188496063369,26.7777476356347,341.182405339689,0,3.98832907009116,15.9533162803646,1.07359666128722,0,508.333333333333,133.333333333333,10.6355441869098,35.8949616308204,0.452040699489354,1.29961701103189,0.01375,0.011,0.01375,0.01375,0,0,0,0
25/09/2008,0.0104052785301016,0.305487201786167,14.6272885999607,26.0268702785407,340.829462492675,0,3.97982057225692,15.9192822890277,1.07511749582376,0,508.333333333333,133.333333333333,10.6128548593518,35.8183851503123,0.452681050873164,1.30145802126035,0.01375,0.011,0.01375,0.01375,0,0,0,0
26/09/2008,0,0,14.7371700195604,0,340.454257528887,0,0,0,0,0,508.333333333333,133.333333333333,0,0,0,0,0.01375,0.011,0.01375,0.01375,0,0,0,0
27/09/2008,0,0,14.8484613379039,0,340.056901516956,0,0,0,0,0,508.333333333333,133.333333333333,0,0,0,0,0.01375,0.011,0.01375,0.01375,0,0,0,0
28/09/2008,0,0,14.9611296103994,0,339.637512082693,0,0,0,0,0,508.333333333333,133.333333333333,0,0,0,0,0.01375,0.011,0.01375,0.01375,0,0,0,0
29/09/2008,0,0,15.0751414848473,0,339.19621337427,0,0,0,0,0,508.333333333333,133.333333333333,0,0,0,0,0.01375,0.011,0.01375,0.01375,0,0,0,0
30/09/2008,0,0,15.1904632113135,0,338.73313602547,0,0,0,0,0,508.333333333333,133.333333333333,0,0,0,0,0.01375,0.011,0.01375,0.01375,0,0,0,0
01/10/2008,0,0,15.3070606521197,0,338.248417117015,0,0,0,0,0,508.333333333333,133.333333333333,0,0,0,0,0.01375,0.011,0.01375,0.01375,0,0,0,0
02/10/2008,0,0,15.4248992919492,0,337.742200135988,0,0,0,0,0,508.333333333333,133.333333333333,0,0,0,0,0.01375,0.011,0.01375,0.01375,0,0,0,0
03/10/2008,0,0,15.5439442480639,0,337.214634933357,0,0,0,0,0,508.333333333333,133.333333333333,0,0,0,0,0.01375,0.011,0.01375,0.01375,0,0,0,0
04/10/2008,0.0032014194015342,0.271073812831417,15.6641602806307,28.3669807274637,336.665877679617,0,5.21040357139509,20.8416142855804,1.49979737983411,0,508.333333333333,133.333333333333,13.8944095237202,46.8936321425558,0.631493633614362,1.81554419664129,0.01375,0.011,0.01375,0.01375,0,0,0,0
05/10/2008,0.0312518981549947,0.213801766686643,15.7855118031529,32.2614798653082,336.096090818561,0,4.87031593060416,19.4812637224166,1.35050862200916,0,508.333333333333,133.333333333333,12.9875091482778,43.8328433754374,0.568635209267015,1.63482622664267,0.01375,0.011,0.01375,0.01375,0,0,0,0
06/10/2008,0.0239986245076251,0.187448518954761,15.9079628930047,34.0535007110762,335.50544301919,0,4.9402980652576,19.7611922610304,1.35429977991911,0,508.333333333333,133.333333333333,13.1741281740203,44.4626825873184,0.570231486281731,1.63941552305998,0.01375,0.011,0.01375,0.01375,0,0,0,0
07/10/2008,0.00144059922212064,0.132238216235155,16.0314773020651,37.8078012960095,334.894109125787,0,7.86652957512724,31.466118300509,2.36467371363681,0,508.333333333333,133.333333333333,20.9774122003393,70.7987661761452,0.99565208995234,2.86249975861298,0.01375,0.011,0.01375,0.01375,0,0,0,0
08/10/2008,0,0,16.1560184674478,0,334.262270106158,0,0,0,0,0,508.333333333333,133.333333333333,0,0,0,0,0.01375,0.011,0.01375,0.01375,0,0,0,0
09/10/2008,0,0,16.2815495223251,0,333.610112998059,0,0,0,0,0,508.333333333333,133.333333333333,0,0,0,0,0.01375,0.011,0.01375,0.01375,0,0,0,0
10/10/2008,0,0,16.408033306841,0,332.937830853834,0,0,0,0,0,508.333333333333,133.333333333333,0,0,0,0,0.01375,0.011,0.01375,0.01375,0,0,0,0
11/10/2008,0,0,16.5354323791111,0,332.245622683264,0,0,0,0,0,508.333333333333,133.333333333333,0,0,0,0,0.01375,0.011,0.01375,0.01375,0,0,0,0
12/10/2008,0,0,16.6637090263067,0,331.533693394657,0,0,0,0,0,508.333333333333,133.333333333333,0,0,0,0,0.01375,0.011,0.01375,0.01375,0,0,0,0
13/10/2008,8.53482419330761e-05,0.163009219964649,16.792825275818,35.7153730424038,330.802253734189,0,7.60277811458872,30.4111124583549,2.28169126486953,0,508.333333333333,133.333333333333,20.2740749722366,68.4250030312985,0.960712111524011,2.76204732063153,0.01375,0.011,0.01375,0.01375,0,0,0,0
14/10/2008,0.00130436707692447,0.130045494012702,16.9227429064953,37.9569064071362,330.051520223521,0,7.88532433703398,31.5412973481359,2.37058699033994,0,508.333333333333,133.333333333333,21.0275315654239,70.9679190333058,0.998141890669448,2.86965793567466,0.01375,0.011,0.01375,0.01375,0,0,0,0
15/10/2008,0.030572126270757,0.188233341274557,17.053423459963,34.0001327933301,329.281715095704,0,5.14860422913722,20.5944169165489,1.43963849416926,0,508.333333333333,133.333333333333,13.7296112776993,46.337438062235,0.606163576492319,1.74272028241542,0.01375,0.011,0.01375,0.01375,0,0,0,0
16/10/2008,0.0244493447529572,0.169387462027455,17.1848282520041,35.2816525821331,328.49306622939,0,5.20672304803665,20.8268921921466,1.43965928950431,0,508.333333333333,133.333333333333,13.8845947947644,46.8605074323298,0.606172332422867,1.74274545571574,0.01375,0.011,0.01375,0.01375,0,0,0,0
17/10/2008,0,0,17.3169183840117,0,327.685807081381,0,0,0,0,0,508.333333333333,133.333333333333,0,0,0,0,0.01375,0.011,0.01375,0.01375,0,0,0,0
18/10/2008,0,0,17.4496547545038,0,326.860176617513,0,0,0,0,0,508.333333333333,133.333333333333,0,0,0,0,0.01375,0.011,0.01375,0.01375,0,0,0,0
19/10/2008,0,0,17.5829980706979,0,326.016419241926,0,0,0,0,0,508.333333333333,133.333333333333,0,0,0,0,0.01375,0.011,0.01375,0.01375,0,0,0,0
20/10/2008,0.000283210482578383,0.157278581970174,17.7169088601428,36.1050564260281,325.154784724706,0,7.65189786882708,30.6075914753083,2.29714550152559,0,508.333333333333,133.333333333333,20.4050609835389,68.8670808194437,0.967219158537092,2.78075508079414,0.01375,0.011,0.01375,0.01375,0,0,0,0
21/10/2008,0.00484595601871822,0.203281330366404,17.8513474824032,32.9768695350846,324.275528127956,0,5.78040369817025,23.121614792681,1.66193761592013,0,508.333333333333,133.333333333333,15.4144098617873,52.0236332835322,0.699763206703211,2.01181921927173,0.01375,0.011,0.01375,0.01375,0,0,0,0
22/10/2008,0.0152601050494463,0.19843493294685,17.986274140794,33.3064245596142,323.378909730285,0,5.26717199859715,21.0686879943886,1.48547038939484,0,508.333333333333,133.333333333333,14.0457919962591,47.4045479873744,0.6254612165873,1.79820099768849,0.01375,0.011,0.01375,0.01375,0,0,0,0
23/10/2008,0.019662162926388,0.17716372674656,18.1216488941613,34.7528665812339,322.465194949768,0,5.13559964695636,20.5423985878255,1.41843756985229,0,508.333333333333,133.333333333333,13.6949323918836,46.2203968226073,0.597236871516754,1.71705600561067,0.01375,0.011,0.01375,0.01375,0,0,0,0
24/10/2008,0.000258632671406901,0.165197189872317,18.2574316687051,35.5665910886824,321.534654265367,0,7.58402408680871,30.3360963472349,2.27579080408627,0,508.333333333333,133.333333333333,20.2240642314899,68.2562167812784,0.958227706983692,2.75490465757811,0.01375,0.011,0.01375,0.01375,0,0,0,0
25/10/2008,0,0,18.393582269843,0,320.587563136873,0,0,0,0,0,508.333333333333,133.333333333333,0,0,0,0,0.01375,0.011,0.01375,0.01375,0,0,0,0
26/10/2008,0,0,18.5300603941077,0,319.624201923357,0,0,0,0,0,508.333333333333,133.333333333333,0,0,0,0,0.01375,0.011,0.01375,0.01375,0,0,0,0
27/10/2008,0,0,18.6668256410784,0,318.644855800181,0,0,0,0,0,508.333333333333,133.333333333333,0,0,0,0,0.01375,0.011,0.01375,0.01375,0,0,0,0
28/10/2008,0,0,18.8038375253397,0,317.64981467458,0,0,0,0,0,508.333333333333,133.333333333333,0,0,0,0,0.01375,0.011,0.01375,0.01375,0,0,0,0
29/10/2008,0.00235965211108563,0.403673130386395,18.9410554884664,19.3502271337252,316.639373099842,0,3.36038256240051,13.4415302496021,0.906347972629718,0,508.333333333333,133.333333333333,8.96102016640137,30.2434430616046,0.381620199001987,1.09715807213071,0.01375,0.011,0.01375,0.01375,0,0,0,0
30/10/2008,0.00268437460884922,0.185294458046358,19.0784389110296,34.1999768528477,315.613830188116,0,6.48263624732908,25.9305449893163,1.90187593830867,0,508.333333333333,133.333333333333,17.2870299928775,58.3437262259617,0.800789868761545,2.30227087268944,0.01375,0.011,0.01375,0.01375,0,0,0,0
31/10/2008,0.000549399859062538,0.131579066550423,19.2159471246209,37.8526234745712,314.573489521866,0,7.8721794295678,31.4887177182712,2.36645129149628,0,508.333333333333,133.333333333333,20.9924784788475,70.8496148661102,0.996400543787906,2.86465156339023,0.01375,0.011,0.01375,0.01375,0,0,0,0
01/11/2008,0.000193887009522534,0.173626108743657,19.353539423891,34.9934246054313,313.518659064006,0,7.51177621076865,30.0471048430746,2.25305991319452,0,508.333333333333,133.333333333333,20.0314032287164,67.6059858969179,0.948656805555589,2.72738831597232,0.01375,0.011,0.01375,0.01375,0,0,0,0
02/11/2008,0,0,19.4911750785997,0,312.449651066735,0,0,0,0,0,508.333333333333,133.333333333333,0,0,0,0,0.01375,0.011,0.01375,0.01375,0,0,0,0
03/11/2008,0,0,19.6288133456723,0,311.366781979106,0,0,0,0,0,508.333333333333,133.333333333333,0,0,0,0,0.01375,0.011,0.01375,0.01375,0,0,0,0
04/11/2008,0.00108652742428964,0.130216196260748,19.7664134812612,37.9452986542691,310.270372353347,0,7.88386117490787,31.5354446996315,2.37012664492263,0,508.333333333333,133.333333333333,21.0236297997543,70.9547505741708,0.997948061020054,2.86910067543265,0.01375,0.011,0.01375,0.01375,0,0,0,0
05/11/2008,0.00223510661808671,0.120197482718741,19.9039347528061,38.6265711751256,309.160746749974,0,7.96973586241079,31.8789434496432,2.39714485305527,0,508.333333333333,133.333333333333,21.2526289664288,71.7276227616971,1.00932414865485,2.90180692738269,0.01375,0.011,0.01375,0.01375,0,0,0,0
06/11/2008,0,0,20.0413364510926,0,308.038233641712,0,0,0,0,0,508.333333333333,133.333333333333,0,0,0,0,0.01375,0.011,0.01375,0.01375,0,0,0,0
07/11/2008,0,0,20.178577902302,0,306.903165316262,0,0,0,0,0,508.333333333333,133.333333333333,0,0,0,0,0.01375,0.011,0.01375,0.01375,0,0,0,0
08/11/2008,0,0,20.3156184800527,0,305.755877777935,0,0,0,0,0,508.333333333333,133.333333333333,0,0,0,0,0.01375,0.011,0.01375,0.01375,0,0,0,0
09/11/2008,0,0,20.4524176174254,0,304.596710648189,0,0,0,0,0,508.333333333333,133.333333333333,0,0,0,0,0.01375,0.011,0.01375,0.01375,0,0,0,0
10/11/2008,0,0,20.5889348189725,0,303.42600706509,0,0,0,0,0,508.333333333333,133.333333333333,0,0,0,0,0.01375,0.011,0.01375,0.01375,0,0,0,0
11/11/2008,0,0,20.7251296727055,0,302.244113581744,0,0,0,0,0,508.333333333333,133.333333333333,0,0,0,0,0.01375,0.011,0.01375,0.01375,0,0,0,0
12/11/2008,0,0,20.8609618620575,0,301.051380063702,0,0,0,0,0,508.333333333333,133.333333333333,0,0,0,0,0.01375,0.011,0.01375,0.01375,0,0,0,0
13/11/2008,0,0,20.996391177818,0,299.848159585395,0,0,0,0,0,508.333333333333,133.333333333333,0,0,0,0,0.01375,0.011,0.01375,0.01375,0,0,0,0
14/11/2008,0,0,21.1313775300357,0,298.634808325618,0,0,0,0,0,508.333333333333,133.333333333333,0,0,0,0,0.01375,0.011,0.01375,0.01375,0,0,0,0
15/11/2008,0.0021959783775427,0.141698365684152,21.2658809598859,37.1645111334776,297.411685462092,0,7.85564384463719,31.4225753785488,2.37931996960308,0,508.333333333333,133.333333333333,20.9483835856992,70.7007946017347,1.00181893456972,2.88022943688794,0.01375,0.011,0.01375,0.01375,0,0,0,0
16/11/2008,0.0069804837295638,0.138398598934342,21.399861651499,37.3888952724647,296.17915306514,0,6.9341486068393,27.7365944273572,2.0393746138341,0,508.333333333333,133.333333333333,18.4910629515715,62.4073374615537,0.858684047930146,2.46871663779917,0.01375,0.011,0.01375,0.01375,0,0,0,0
17/11/2008,0,0,21.5332799437473,0,294.937575990505,0,0,0,0,0,508.333333333333,133.333333333333,0,0,0,0,0.01375,0.011,0.01375,0.01375,0,0,0,0
18/11/2008,0,0,21.666096341985,0,293.68732177135,0,0,0,0,0,508.333333333333,133.333333333333,0,0,0,0,0.01375,0.011,0.01375,0.01375,0,0,0,0
19/11/2008,0.00361661711428379,0.145010686655286,21.7982715297398,36.9392733074405,292.428760509454,0,7.83979388493317,31.3591755397327,2.38461669246245,0,508.333333333333,133.333333333333,20.9061170264885,70.5581449643986,1.0040491336684,2.88664125929665,0.01375,0.011,0.01375,0.01375,0,0,0,0
20/11/2008,0.0176862785307748,0.145398527182633,21.9297663803513,36.9129001515809,291.162264765657,0,5.8571969827248,23.4287879308992,1.66093322608469,0,508.333333333333,133.333333333333,15.6191919539328,52.7147728445232,0.699340305719868,2.01060337894462,0.01375,0.011,0.01375,0.01375,0,0,0,0
21/11/2008,0.00642785218415542,0.106877976840083,22.0605419685534,39.5322975748744,289.888209449576,0,8.08390305565643,32.3356122226257,2.43306455277965,0,508.333333333333,133.333333333333,21.5570748150838,72.7551275009079,1.02444823274933,2.94528866915431,0.01375,0.011,0.01375,0.01375,0,0,0,0
22/11/2008,0,0,22.1905595819968,0,288.606971708621,0,0,0,0,0,508.333333333333,133.333333333333,0,0,0,0,0.01375,0.011,0.01375,0.01375,0,0,0,0
23/11/2008,0,0,22.3197807327088,0,287.31893081635,0,0,0,0,0,508.333333333333,133.333333333333,0,0,0,0,0.01375,0.011,0.01375,0.01375,0,0,0,0
24/11/2008,0.00133132120788532,0.122836710172421,22.4481671684868,38.4471037082753,286.024468060202,0,7.94711391280782,31.7884556512313,2.39002745256728,0,508.333333333333,133.333333333333,21.1923037674875,71.5240252152704,1.00632734844938,2.89319112679197,0.01375,0.011,0.01375,0.01375,0,0,0,0
25/11/2008,0.00447547954784939,0.109938910262197,22.5756808842214,39.3241541021706,284.723966628621,0,8.05766648346688,32.2306659338675,2.42480990651872,0,508.333333333333,133.333333333333,21.4871106225783,72.5189983512019,1.02097259221841,2.93529620262792,0.01375,0.011,0.01375,0.01375,0,0,0,0
26/11/2008,0,0,22.7022841331467,0,283.417811497628,0,0,0,0,0,508.333333333333,133.333333333333,0,0,0,0,0.01375,0.011,0.01375,0.01375,0,0,0,0
27/11/2008,0,0,22.8279394380145,0,282.10638931686,0,0,0,0,0,508.333333333333,133.333333333333,0,0,0,0,0.01375,0.011,0.01375,0.01375,0,0,0,0
28/11/2008,0.000246564719212209,0.174729236140837,22.9526096021881,34.9184119424231,280.79008829511,0,7.50232083307854,30.0092833323142,2.25008502769761,0,508.333333333333,133.333333333333,20.0061888882094,67.5208874977069,0.947404222188469,2.72378713879185,0.01375,0.011,0.01375,0.01375,0,0,0,0
29/11/2008,0.0184525169147627,0.149550003475001,23.0762577206533,36.6305997636999,279.469298085414,0,6.0848328015822,24.3393312063288,1.76046318699485,0,508.333333333333,133.333333333333,16.2262208042192,54.7634952142398,0.741247657682041,2.13108701583587,0.01375,0.011,0.01375,0.01375,0,0,0,0
30/11/2008,0.0368419853032539,0.12640733483154,23.1988471909432,38.2043012314553,278.144409669701,0,5.64953277569931,22.5981311027973,1.5751675860241,0,508.333333333333,133.333333333333,15.0654207351982,50.8457949812938,0.663228457273306,1.90678181466076,0.01375,0.011,0.01375,0.01375,0,0,0,0
01/12/2008,0.00664174328414223,0.106515353537073,23.3203417239731,39.556955959479,276.815815243058,0,8.08701125539651,32.3480450215861,2.43404246594518,0,508.333333333333,133.333333333333,21.565363347724,72.7831012985686,1.02485998566113,2.94647245877575,0.01375,0.011,0.01375,0.01375,0,0,0,0
02/12/2008,0,0,23.4407053547832,0,275.483908097629,0,0,0,0,0,508.333333333333,133.333333333333,0,0,0,0,0.01375,0.011,0.01375,0.01375,0,0,0,0
03/12/2008,0,0,23.5599024531845,0,274.149082506192,0,0,0,0,0,508.333333333333,133.333333333333,0,0,0,0,0.01375,0.011,0.01375,0.01375,0,0,0,0
04/12/2008,0,0,23.6778977343065,0,272.811733605447,0,0,0,0,0,508.333333333333,133.333333333333,0,0,0,0,0.01375,0.011,0.01375,0.01375,0,0,0,0
05/12/2008,0,0,23.794656269042,0,271.472257279049,0,0,0,0,0,508.333333333333,133.333333333333,0,0,0,0,0.01375,0.011,0.01375,0.01375,0,0,0,0
06/12/2008,0,0,23.9101434943871,0,270.131050040415,0,0,0,0,0,508.333333333333,133.333333333333,0,0,0,0,0.01375,0.011,0.01375,0.01375,0,0,0,0
07/12/2008,0,0,24.0243252236724,0,268.788508915348,0,0,0,0,0,508.333333333333,133.333333333333,0,0,0,0,0.01375,0.011,0.01375,0.01375,0,0,0,0
08/12/2008,0,0,24.137167656683,0,267.445031324511,0,0,0,0,0,508.333333333333,133.333333333333,0,0,0,0,0.01375,0.011,0.01375,0.01375,0,0,0,0
09/12/2008,0.00422719884919448,0.114945983706962,24.2486373896641,38.9836731079266,266.101014965779,0,8.04226837289395,32.1690734915758,2.4270493902648,0,508.333333333333,133.333333333333,21.4460489943839,72.3804153560455,1.02191553274307,2.93800715663634,0.01375,0.011,0.01375,0.01375,0,0,0,0
10/12/2008,0.0149124469637893,0.141879612329026,24.3587014252095,37.1521863616262,264.756857696517,0,5.84695554867048,23.3878221946819,1.65330434615397,0,508.333333333333,133.333333333333,15.5918814631213,52.6225999380343,0.69612814574904,2.00136841902849,0.01375,0.011,0.01375,0.01375,0,0,0,0
11/12/2008,0.000279191046659592,0.165984180114421,24.4673271820289,35.5130757522194,263.412957415799,0,7.5772784561621,30.3091138246484,2.27366846911079,0,508.333333333333,133.333333333333,20.2060758830989,68.1955061054589,0.957334092257173,2.75233551523937,0.01375,0.011,0.01375,0.01375,0,0,0,0
12/12/2008,0.0038500887182973,0.139151100082657,24.5744825045931,37.3377251943793,262.069711946626,0,7.52504050299316,30.1001620119727,2.25626159042444,0,508.333333333333,133.333333333333,20.0667746746484,67.7253645269385,0.95000488017871,2.73126403051379,0.01375,0.011,0.01375,0.01375,0,0,0,0
13/12/2008,0.0278623032371903,0.126439730651291,24.680135672653,38.2020983157122,260.727518918163,0,6.28010361928534,25.1204144771414,1.81423682301796,0,508.333333333333,133.333333333333,16.7469429847609,56.5209325735681,0.763889188639139,2.19618141733753,0.01375,0.011,0.01375,0.01375,0,0,0,0
14/12/2008,0.0413453402919517,0.119047414386272,24.7842554106286,38.7047758217335,259.386775648026,0,5.76378615599996,23.0551446239999,1.6113333400041,0,508.333333333333,133.333333333333,15.3700964159999,51.8740754039997,0.67845614315962,1.95056141158391,0.01375,0.011,0.01375,0.01375,0,0,0,0
15/12/2008,0,0,24.8868108968681,0,258.047879024676,0,0,0,0,0,508.333333333333,133.333333333333,0,0,0,0,0.01375,0.011,0.01375,0.01375,0,0,0,0
16/12/2008,0,0,24.9877717727713,0,256.711225389925,0,0,0,0,0,508.333333333333,133.333333333333,0,0,0,0,0.01375,0.011,0.01375,0.01375,0,0,0,0
17/12/2008,0,0,25.0871081517765,0,255.377210421614,0,0,0,0,0,508.333333333333,133.333333333333,0,0,0,0,0.01375,0.011,0.01375,0.01375,0,0,0,0
18/12/2008,0,0,25.1847906282074,0,254.046229016481,0,0,0,0,0,508.333333333333,133.333333333333,0,0,0,0,0.01375,0.011,0.01375,0.01375,0,0,0,0
19/12/2008,0,0,25.2807902859783,0,252.718675173266,0,0,0,0,0,508.333333333333,133.333333333333,0,0,0,0,0.01375,0.011,0.01375,0.01375,0,0,0,0
20/12/2008,7.03296483005407e-05,0.147610195713509,25.3750787071532,36.7625066914814,251.394941876079,0,7.73476975102707,30.9390790041083,2.32321895607583,0,508.333333333333,133.333333333333,20.6260526694055,69.6129277592436,0.978197455189822,2.81231768367074,0.01375,0.011,0.01375,0.01375,0,0,0,0
21/12/2008,0,0,25.4676279803587,0,250.075420978066,0,0,0,0,0,508.333333333333,133.333333333333,0,0,0,0,0.01375,0.011,0.01375,0.01375,0,0,0,0
22/12/2008,0,0,25.5584107090458,0,248.760503085413,0,0,0,0,0,508.333333333333,133.333333333333,0,0,0,0,0.01375,0.011,0.01375,0.01375,0,0,0,0
23/12/2008,0,0,25.6474000196006,0,247.45057744172,0,0,0,0,0,508.333333333333,133.333333333333,0,0,0,0,0.01375,0.011,0.01375,0.01375,0,0,0,0
24/12/2008,0.0102520171309583,0.203189705370625,25.7345695692986,32.9831000347975,246.146031812774,0,5.71276446753813,22.8510578701525,1.65384112100507,0,508.333333333333,133.333333333333,15.2340385801017,51.4148802078432,0.696354156212659,2.0020181991114,0.01375,0.011,0.01375,0.01375,0,0,0,0
25/12/2008,0.0131529563112502,0.136569145954467,25.8198935541034,37.5132980750962,244.847252371766,0,5.98578521320008,23.9431408528003,1.69998482935271,0,508.333333333333,133.333333333333,15.9620939018669,53.8720669188007,0.715783086043245,2.05787637237433,0.01375,0.011,0.01375,0.01375,0,0,0,0
26/12/2008,0,0,25.9033467163048,0,243.55462358497,0,0,0,0,0,508.333333333333,133.333333333333,0,0,0,0,0.01375,0.011,0.01375,0.01375,0,0,0,0
27/12/2008,0,0,25.984904351996,0,242.268528097937,0,0,0,0,0,508.333333333333,133.333333333333,0,0,0,0,0.01375,0.011,0.01375,0.01375,0,0,0,0
28/12/2008,0,0,26.0645423183859,0,240.989346622224,0,0,0,0,0,508.333333333333,133.333333333333,0,0,0,0,0.01375,0.011,0.01375,0.01375,0,0,0,0
29/12/2008,0,0,26.1422370409468,0,239.717457822691,0,0,0,0,0,508.333333333333,133.333333333333,0,0,0,0,0.01375,0.011,0.01375,0.01375,0,0,0,0
30/12/2008,0.00769611947206286,0.119238627653826,26.2179655203918,38.6917733195398,238.453238205414,0,8.10101893097194,32.4040757238878,2.47012874755132,0,508.333333333333,133.333333333333,21.6027171492585,72.9091703787475,1.04005420949529,2.99015585229896,0.01375,0.011,0.01375,0.01375,0,0,0,0
31/12/2008,0.0224836937040923,0.1158732418143,26.2917053394842,38.9206195566276,237.197062006227,0,6.48532726720388,25.9413090688155,1.86742426641727,0,508.333333333333,133.333333333333,17.294206045877,58.3679454048349,0.786283901649379,2.26056621724196,0.01375,0.011,0.01375,0.01375,0,0,0,0
01/01/2009,0,0,26.3051371179797,0,236.96541410873,0,0,0,0,0,508.333333333333,133.333333333333,0,0,0,0,0.01375,0.011,0.01375,0.01375,0,0,0,0
02/01/2009,0,0,26.3764918925008,0,235.719251726306,0,0,0,0,0,508.333333333333,133.333333333333,0,0,0,0,0.01375,0.011,0.01375,0.01375,0,0,0,0
03/01/2009,0,0,26.4458110794992,0,234.481942079986,0,0,0,0,0,508.333333333333,133.333333333333,0,0,0,0,0.01375,0.011,0.01375,0.01375,0,0,0,0
04/01/2009,0,0,26.5130741590243,0,233.253851439682,0,0,0,0,0,508.333333333333,133.333333333333,0,0,0,0,0.01375,0.011,0.01375,0.01375,0,0,0,0
05/01/2009,0,0,26.5782612197774,0,232.035343346284,0,0,0,0,0,508.333333333333,133.333333333333,0,0,0,0,0.01375,0.011,0.01375,0.01375,0,0,0,0
06/01/2009,0,0,26.6413529650052,0,230.826778504046,0,0,0,0,0,508.333333333333,133.333333333333,0,0,0,0,0.01375,0.011,0.01375,0.01375,0,0,0,0
07/01/2009,0,0,26.7023307182122,0,229.628514673805,0,0,0,0,0,508.333333333333,133.333333333333,0,0,0,0,0.01375,0.011,0.01375,0.01375,0,0,0,0
08/01/2009,0,0,26.7611764286895,0,228.440906567085,0,0,0,0,0,508.333333333333,133.333333333333,0,0,0,0,0.01375,0.011,0.01375,0.01375,0,0,0,0
09/01/2009,0,0,26.817872676858,0,227.264305741087,0,0,0,0,0,508.333333333333,133.333333333333,0,0,0,0,0.01375,0.011,0.01375,0.01375,0,0,0,0
10/01/2009,0.000812483081527913,0.124263884726502,26.8724026794253,38.3500558385979,226.099060494622,0,7.93488098805856,31.7395239522342,2.38617868506014,0,508.333333333333,133.333333333333,21.1596826348228,71.413928892527,1.00470681476217,2.88853209244123,0.01375,0.011,0.01375,0.01375,0,0,0,0
11/01/2009,0,0,26.9247502943533,0,224.945515765012,0,0,0,0,0,508.333333333333,133.333333333333,0,0,0,0,0.01375,0.011,0.01375,0.01375,0,0,0,0
12/01/2009,0.00101387217962614,0.119054816916629,26.9749000256372,38.7042724496692,223.804013025974,0,7.97953014071461,31.9181205628584,2.40022636470225,0,508.333333333333,133.333333333333,21.2787470419056,71.8157712664315,1.01062162724305,2.90553717832378,0.01375,0.011,0.01375,0.01375,0,0,0,0
13/01/2009,0.00429198214998561,0.107473785366911,27.0228370278924,39.49178259505,222.674890186543,0,8.07879612542648,32.3151845017059,2.4314577917202,0,508.333333333333,133.333333333333,21.5434563344706,72.7091651288383,1.02377170177693,2.94334364260866,0.01375,0.011,0.01375,0.01375,0,0,0,0
14/01/2009,0,0,27.0685471107489,0,221.55848149104,0,0,0,0,0,508.333333333333,133.333333333333,0,0,0,0,0.01375,0.011,0.01375,0.01375,0,0,0,0
15/01/2009,0,0,27.1120167430522,0,220.45511742013,0,0,0,0,0,508.333333333333,133.333333333333,0,0,0,0,0.01375,0.011,0.01375,0.01375,0,0,0,0
16/01/2009,0,0,27.1532330568687,0,219.365124592991,0,0,0,0,0,508.333333333333,133.333333333333,0,0,0,0,0.01375,0.011,0.01375,0.01375,0,0,0,0
17/01/2009,0.00273444013103926,0.111452457577529,27.1921838512949,39.221232884728,218.28882567063,0,8.04469322076403,32.1787728830561,2.42072821117802,0,508.333333333333,133.333333333333,21.4525152553708,72.4022389868763,1.0192539836539,2.93035520300497,0.01375,0.011,0.01375,0.01375,0,0,0,0
18/01/2009,0,0,27.2288575960691,0,217.226539260369,0,0,0,0,0,508.333333333333,133.333333333333,0,0,0,0,0.01375,0.011,0.01375,0.01375,0,0,0,0
19/01/2009,0,0,27.2632434349846,0,216.178579821526,0,0,0,0,0,508.333333333333,133.333333333333,0,0,0,0,0.01375,0.011,0.01375,0.01375,0,0,0,0
20/01/2009,0,0,27.2953311891033,0,215.145257572335,0,0,0,0,0,508.333333333333,133.333333333333,0,0,0,0,0.01375,0.011,0.01375,0.01375,0,0,0,0
21/01/2009,0,0,27.3251113597692,0,214.126878398107,0,0,0,0,0,508.333333333333,133.333333333333,0,0,0,0,0.01375,0.011,0.01375,0.01375,0,0,0,0
22/01/2009,0.00840120938268163,0.119626274965817,27.3525751314198,38.6654133023244,213.12374376069,0,8.05974955270631,32.2389982108252,2.45557084107184,0,508.333333333333,133.333333333333,21.4926654738835,72.5377459743568,1.03392456466183,2.97253312340275,0.01375,0.011,0.01375,0.01375,0,0,0,0
23/01/2009,0.0185572181924878,0.111008804166494,27.3777143741959,39.2514013166784,212.136150609223,0,6.85959518945315,27.4383807578126,1.99852966358227,0,508.333333333333,133.333333333333,18.2922538385417,61.7363567050783,0.841486174139904,2.41927275065222,0.01375,0.011,0.01375,0.01375,0,0,0,0
24/01/2009,0,0,27.4005216463481,0,211.164391292236,0,0,0,0,0,508.333333333333,133.333333333333,0,0,0,0,0.01375,0.011,0.01375,0.01375,0,0,0,0
25/01/2009,0,0,27.4209901964399,0,210.208753471109,0,0,0,0,0,508.333333333333,133.333333333333,0,0,0,0,0.01375,0.011,0.01375,0.01375,0,0,0,0
26/01/2009,0,0,27.4391139653462,0,209.269520034914,0,0,0,0,0,508.333333333333,133.333333333333,0,0,0,0,0.01375,0.011,0.01375,0.01375,0,0,0,0
27/01/2009,0.00529765890289601,0.129895250418136,27.4548875880467,37.9671229715667,208.346969016682,0,8.02076468710727,32.0830587484291,2.4477331907517,0,508.333333333333,133.333333333333,21.388705832286,72.1868821839654,1.03062450136914,2.96304544143627,0.01375,0.011,0.01375,0.01375,0,0,0,0
28/01/2009,0.0114879167629551,0.111411015365816,27.4683063952143,39.2240509551245,207.441373511089,0,7.22703635280244,28.9081454112098,2.12992501552765,0,508.333333333333,133.333333333333,19.2720969408065,65.043327175222,0.896810532853745,2.57833028195452,0.01375,0.011,0.01375,0.01375,0,0,0,0
29/01/2009,0,0,27.4793664145975,0,206.553001593623,0,0,0,0,0,508.333333333333,133.333333333333,0,0,0,0,0.01375,0.011,0.01375,0.01375,0,0,0,0
30/01/2009,0,0,27.4880643721958,0,205.682116241223,0,0,0,0,0,508.333333333333,133.333333333333,0,0,0,0,0.01375,0.011,0.01375,0.01375,0,0,0,0
31/01/2009,0,0,27.4943976932292,0,204.828975254433,0,0,0,0,0,508.333333333333,133.333333333333,0,0,0,0,0.01375,0.011,0.01375,0.01375,0,0,0,0
01/02/2009,0,0,27.4983645029001,0,203.993831181091,0,0,0,0,0,508.333333333333,133.333333333333,0,0,0,0,0.01375,0.011,0.01375,0.01375,0,0,0,0
02/02/2009,0,0,27.4999636269489,0,203.176931241564,0,0,0,0,0,508.333333333333,133.333333333333,0,0,0,0,0.01375,0.011,0.01375,0.01375,0,0,0,0
03/02/2009,0,0,27.4991945920008,0,202.37851725557,0,0,0,0,0,508.333333333333,133.333333333333,0,0,0,0,0.01375,0.011,0.01375,0.01375,0,0,0,0
04/02/2009,0,0,27.4960576257065,0,201.59882557059,0,0,0,0,0,508.333333333333,133.333333333333,0,0,0,0,0.01375,0.011,0.01375,0.01375,0,0,0,0
05/02/2009,0,0,27.4905536566747,0,200.838086991908,0,0,0,0,0,508.333333333333,133.333333333333,0,0,0,0,0.01375,0.011,0.01375,0.01375,0,0,0,0
06/02/2009,0,0,27.4826843141968,0,200.096526714289,0,0,0,0,0,508.333333333333,133.333333333333,0,0,0,0,0.01375,0.011,0.01375,0.01375,0,0,0,0
07/02/2009,0,0,27.4724519277653,0,199.374364255309,0,0,0,0,0,508.333333333333,133.333333333333,0,0,0,0,0.01375,0.011,0.01375,0.01375,0,0,0,0
08/02/2009,0,0,27.4598595263838,0,198.671813390382,0,0,0,0,0,508.333333333333,133.333333333333,0,0,0,0,0.01375,0.011,0.01375,0.01375,0,0,0,0
09/02/2009,0,0,27.4449108376702,0,197.989082089472,0,0,0,0,0,508.333333333333,133.333333333333,0,0,0,0,0.01375,0.011,0.01375,0.01375,0,0,0,0
10/02/2009,0.000877610089162814,0.146851693569963,27.4276102867536,36.8140848372425,197.326372455532,0,7.78199340173586,31.1279736069435,2.34855931712801,0,508.333333333333,133.333333333333,20.751982404629,70.0379406156228,0.988867080896002,2.84299285757601,0.01375,0.011,0.01375,0.01375,0,0,0,0
11/02/2009,0.0211704804258939,0.137913185026039,27.4079629949642,37.4219034182293,196.683880664676,0,5.94123197027097,23.7649278810839,1.70484865688409,0,508.333333333333,133.333333333333,15.8432852540559,53.4710877324387,0.717831013424881,2.06376416359653,0.01375,0.011,0.01375,0.01375,0,0,0,0
12/02/2009,0.0298099487690514,0.117739561095174,27.3859747783173,38.7937098455281,196.061796908109,0,5.61583451331506,22.4633380532603,1.55913285834866,0,508.333333333333,133.333333333333,14.9755587021735,50.5425106198356,0.656476992988909,1.88737135484311,0.01375,0.011,0.01375,0.01375,0,0,0,0
13/02/2009,0.012710607140197,0.134998630283879,27.3616521457917,37.6200931406962,195.460305335824,0,5.83798477482741,23.3519390993096,1.6496846659501,0,508.333333333333,133.333333333333,15.5679593995398,52.5418629734467,0.694604069873727,1.99698670088697,0.01375,0.011,0.01375,0.01375,0,0,0,0
14/02/2009,0.034866604436997,0.13437881169615,27.3350022974027,37.6622408046618,194.87958400209,0,5.75953630064512,23.0381452025805,1.64635262599942,0,508.333333333333,133.333333333333,15.358763468387,51.8358267058061,0.693201105683965,1.9929531788414,0.01375,0.011,0.01375,0.01375,0,0,0,0
15/02/2009,0.175471469193691,0.115933425713832,27.3060331220709,38.9165270514594,194.319804812745,0,6.74035954676977,26.9614381870791,2.11402165772145,0,508.333333333333,133.333333333333,17.9742921247194,60.663235920928,0.890114382198505,2.5590788488207,0.01375,0.011,0.01375,0.01375,0,0,0,0
16/02/2009,0.329544508754604,0.13580925138302,27.274753195287,37.5649709059547,193.781133474307,0,6.58141746415667,26.3256698566267,2.080445225116,0,508.333333333333,133.333333333333,17.5504465710845,59.2327571774101,0.875976936890948,2.51843369356148,0.01375,0.011,0.01375,0.01375,0,0,0,0
17/02/2009,0.258500201593144,0.16899667301462,27.2411717765731,35.3082262350058,193.263729444924,0,5.86528002794358,23.4611201117743,1.80550683845287,0,508.333333333333,133.333333333333,15.6407467411829,52.7875202514922,0.760213405664368,2.18561354128506,0.01375,0.011,0.01375,0.01375,0,0,0,0
18/02/2009,0.135040343282271,0.224345439086798,27.2052988067417,31.5445101420977,192.767745887169,0,5.46541712582614,21.8616685033046,1.69217141910896,0,508.333333333333,133.333333333333,14.5744456688697,49.1887541324353,0.712493229098509,2.04841803365821,0.01375,0.011,0.01375,0.01375,0,0,0,0
19/02/2009,0.0526868803230412,0.363310369156471,27.1671449049533,22.0948948973599,192.293329622699,0,3.20334781745967,12.8133912698387,0.850199327117981,0,508.333333333333,133.333333333333,8.54226084655911,28.830130357137,0.357978664049676,1.02918865914282,0.01375,0.011,0.01375,0.01375,0,0,0,0
20/02/2009,0.019538615604724,0.577567624081194,27.1267213655722,7.52540156247879,191.840621088795,0,0.953281611080596,3.81312644432238,0.144578846062313,0,508.333333333333,133.333333333333,2.54208429621492,8.57953449972537,0.0608753036051843,0.175016497864905,0.01375,0.011,0.01375,0.01375,0,0,0,0
21/02/2009,0.0215033720606299,0.516712763386871,27.0840401548241,11.6635320896928,191.409754296791,0,1.59517127499186,6.38068509996743,0.340215209882392,0,508.333333333333,133.333333333333,4.25379006664495,14.3565414749267,0.143248509424165,0.411839464594474,0.01375,0.011,0.01375,0.01375,0,0,0,0
22/02/2009,0.0213058978367548,0.458044625489879,27.0391139072529,15.6529654666882,191.000856792401,0,2.22275698608866,8.89102794435464,0.534080906742605,0,508.333333333333,133.333333333333,5.92735196290309,20.0048128747979,0.224876171260044,0.646518992372627,0.01375,0.011,0.01375,0.01375,0,0,0,0
23/02/2009,0.0217292262808446,0.36208373780812,26.9919559219814,22.1783058290479,190.614049617962,0,3.2042667595511,12.8170670382044,0.83017264157211,0,508.333333333333,133.333333333333,8.54471135880294,28.8384008359599,0.349546375398783,1.0049458292715,0.01375,0.011,0.01375,0.01375,0,0,0,0
24/02/2009,0.0987194873154961,0.185179234839623,26.9425801587739,34.2078120309056,190.249447276606,0,6.10526300713521,24.4210520285408,1.91515170347911,0,508.333333333333,133.333333333333,16.2807013523606,54.9473670642169,0.806379664622783,2.3183415357905,0.01375,0.011,0.01375,0.01375,0,0,0,0
25/02/2009,0.0772927994745658,0.232502906490384,26.891001233904,30.9898023586539,189.907157698364,0,4.32299241021017,17.2919696408407,1.17540337844518,0,508.333333333333,133.333333333333,11.5279797605605,38.9069316918915,0.49490668566113,1.42285672127575,0.01375,0.011,0.01375,0.01375,0,0,0,0
26/02/2009,0.0113526358844086,0.586281717496125,26.8372344158281,6.93284321026347,189.587282208215,0,0.915935496445176,3.66374198578071,0.136033412519929,0,508.333333333333,133.333333333333,2.44249465718714,8.24341946800659,0.0572772263241805,0.164672025682019,0.01375,0.011,0.01375,0.01375,0,0,0,0
27/02/2009,0.00836855017117761,0.6,26.7812956206654,6,189.28991549609,0,0.857142857142857,3.42857142857143,0.12258064516129,0,508.333333333333,133.333333333333,2.28571428571429,7.71428571428572,0.0516129032258065,0.148387096774194,0.01375,0.011,0.01375,0.01375,0,0,0,0
28/02/2009,0.00402014575380827,0.6,26.7232014074861,6,189.015145588848,0,0.857142857142857,3.42857142857143,0.12258064516129,0,508.333333333333,133.333333333333,2.28571428571429,7.71428571428572,0.0516129032258065,0.148387096774194,0.01375,0.011,0.01375,0.01375,0,0,0,0
01/03/2009,0.00520668120551025,0.6,26.6629689734102,6,188.763053824211,0,0.857142857142857,3.42857142857143,0.12258064516129,0,508.333333333333,133.333333333333,2.28571428571429,7.71428571428572,0.0516129032258065,0.148387096774194,0.01375,0.011,0.01375,0.01375,0,0,0,0
02/03/2009,0.00334088559973514,0.6,26.6006161485163,6,188.533714826692,0,0.857142857142857,3.42857142857143,0.12258064516129,0,508.333333333333,133.333333333333,2.28571428571429,7.71428571428572,0.0516129032258065,0.148387096774194,0.01375,0.011,0.01375,0.01375,0,0,0,0
03/03/2009,0.00221438540817263,0.6,26.5361613905638,6,188.327196485501,0,0.857142857142857,3.42857142857143,0.12258064516129,0,508.333333333333,133.333333333333,2.28571428571429,7.71428571428572,0.0516129032258065,0.148387096774194,0.01375,0.011,0.01375,0.01375,0,0,0,0
04/03/2009,0.00250936249102763,0.6,26.4696237795288,6,188.143559934448,0,0.857142857142857,3.42857142857143,0.12258064516129,0,508.333333333333,133.333333333333,2.28571428571429,7.71428571428572,0.0516129032258065,0.148387096774194,0.01375,0.011,0.01375,0.01375,0,0,0,0
05/03/2009,0,0,26.4010230119562,0,187.98285953385,0,0,0,0,0,508.333333333333,133.333333333333,0,0,0,0,0.01375,0.011,0.01375,0.01375,0,0,0,0
06/03/2009,0,0,26.3303793951287,0,187.845142854435,0,0,0,0,0,508.333333333333,133.333333333333,0,0,0,0,0.01375,0.011,0.01375,0.01375,0,0,0,0
07/03/2009,0,0,26.2577138410562,0,187.730450663264,0,0,0,0,0,508.333333333333,133.333333333333,0,0,0,0,0.01375,0.011,0.01375,0.01375,0,0,0,0
08/03/2009,0,0,26.1830478602847,0,187.638816911658,0,0,0,0,0,508.333333333333,133.333333333333,0,0,0,0,0.01375,0.011,0.01375,0.01375,0,0,0,0
09/03/2009,0.0135410872671738,0.292021420261352,26.1064035555288,26.9425434222281,187.570268725153,0,4.39549866052616,17.5819946421046,1.22289620683472,0,508.333333333333,133.333333333333,11.7213297614031,39.5594879447354,0.514903666035672,1.48034803985256,0.01375,0.011,0.01375,0.01375,0,0,0,0
10/03/2009,0.017365643845877,0.2074685426932,26.0278036151292,32.6921390968624,187.524826395466,0,4.91638910785139,19.6655564314055,1.35698938439708,0,508.333333333333,133.333333333333,13.1103709542704,44.2475019706625,0.571363951325087,1.64267136005962,0.01375,0.011,0.01375,0.01375,0,0,0,0
11/03/2009,0.00211342508710132,0.6,25.9472713063363,6,187.502503374491,0,0.857142857142857,3.42857142857143,0.12258064516129,0,508.333333333333,133.333333333333,2.28571428571429,7.71428571428572,0.0516129032258065,0.148387096774194,0.01375,0.011,0.01375,0.01375,0,0,0,0
12/03/2009,0.000726410005077387,0.122136627347663,25.8648304684224,38.4947093403589,187.503306270316,0,7.95311462273432,31.8124584909373,2.39191541786243,0,508.333333333333,133.333333333333,21.2083056606249,71.5780316046089,1.00712228120523,2.89547655846505,0.01375,0.011,0.01375,0.01375,0,0,0,0
13/03/2009,0.00800368608529997,0.259352273866054,25.7805055056248,29.1640453771083,187.527234845267,0,4.55016667388448,18.2006666955379,1.25433417153823,0,508.333333333333,133.333333333333,12.1337777970253,40.9515000649603,0.528140703805569,1.51840452344101,0.01375,0.011,0.01375,0.01375,0,0,0,0
14/03/2009,0,0,25.6943213799221,0,187.574282015978,0,0,0,0,0,508.333333333333,133.333333333333,0,0,0,0,0.01375,0.011,0.01375,0.01375,0,0,0,0
15/03/2009,0,0,25.6063036036443,0,187.644433855488,0,0,0,0,0,508.333333333333,133.333333333333,0,0,0,0,0.01375,0.011,0.01375,0.01375,0,0,0,0
16/03/2009,0.000236974775241919,0.130614494617473,25.516478231921,37.9182143660118,187.737669597364,0,7.88044718899309,31.5217887559724,2.36905252419288,0,508.333333333333,133.333333333333,21.0145258373149,70.9240247009378,0.99749579966016,2.86780042402296,0.01375,0.011,0.01375,0.01375,0,0,0,0
17/03/2009,0,0,25.4248718549683,0,187.853961641847,0,0,0,0,0,508.333333333333,133.333333333333,0,0,0,0,0.01375,0.011,0.01375,0.01375,0,0,0,0
18/03/2009,0,0,25.3315115902177,0,187.993275564026,0,0,0,0,0,508.333333333333,133.333333333333,0,0,0,0,0.01375,0.011,0.01375,0.01375,0,0,0,0
19/03/2009,0,0,25.2364250742888,0,188.155570124022,0,0,0,0,0,508.333333333333,133.333333333333,0,0,0,0,0.01375,0.011,0.01375,0.01375,0,0,0,0
20/03/2009,0,0,25.1396404548081,0,188.340797279202,0,0,0,0,0,508.333333333333,133.333333333333,0,0,0,0,0.01375,0.011,0.01375,0.01375,0,0,0,0
21/03/2009,0,0,25.0411863820767,0,188.548902198397,0,0,0,0,0,508.333333333333,133.333333333333,0,0,0,0,0.01375,0.011,0.01375,0.01375,0,0,0,0
22/03/2009,0.000605172589137116,0.120481506450114,24.9410920005895,38.6072575613922,188.779823278136,0,7.96730137328474,31.869205493139,2.39637890518614,0,508.333333333333,133.333333333333,21.246136995426,71.7057123595626,1.0090016442889,2.9008797273306,0.01375,0.011,0.01375,0.01375,0,0,0,0
23/03/2009,0.000728127209323013,0.120956194252612,24.8393869404073,38.5749787908224,189.033492160877,0,7.9632326206919,31.8529304827676,2.39509877937038,0,508.333333333333,133.333333333333,21.2352869885117,71.6690935862271,1.00846264394542,2.89933010134309,0.01375,0.011,0.01375,0.01375,0,0,0,0
24/03/2009,0,0,24.7361013083863,0,189.30983375525,0,0,0,0,0,508.333333333333,133.333333333333,0,0,0,0,0.01375,0.011,0.01375,0.01375,0,0,0,0
25/03/2009,0,0,24.6312656792653,0,189.608766258277,0,0,0,0,0,508.333333333333,133.333333333333,0,0,0,0,0.01375,0.011,0.01375,0.01375,0,0,0,0
26/03/2009,0,0,24.5249110866152,0,189.930201179595,0,0,0,0,0,508.333333333333,133.333333333333,0,0,0,0,0.01375,0.011,0.01375,0.01375,0,0,0,0
27/03/2009,0,0,24.4170690136522,0,190.274043367646,0,0,0,0,0,508.333333333333,133.333333333333,0,0,0,0,0.01375,0.011,0.01375,0.01375,0,0,0,0
28/03/2009,0,0,24.3077713839186,0,190.640191037846,0,0,0,0,0,508.333333333333,133.333333333333,0,0,0,0,0.01375,0.011,0.01375,0.01375,0,0,0,0
29/03/2009,0,0,24.1970505518319,0,191.028535802714,0,0,0,0,0,508.333333333333,133.333333333333,0,0,0,0,0.01375,0.011,0.01375,0.01375,0,0,0,0
30/03/2009,0,0,24.0849392931081,0,191.438962703959,0,0,0,0,0,508.333333333333,133.333333333333,0,0,0,0,0.01375,0.011,0.01375,0.01375,0,0,0,0
31/03/2009,0.0234345369820013,0.183057162879973,23.9714707950588,34.3521129241619,191.871350246509,0,5.59599011042316,22.3839604416926,1.61462539182519,0,508.333333333333,133.333333333333,14.9226402944618,50.3639109938084,0.679842270242187,1.95454652694629,0.01375,0.011,0.01375,0.01375,0,0,0,0
01/04/2009,0.112647290307379,0.126010472461138,23.8566786467673,38.2312878726426,192.325570434476,0,6.08923466324574,24.356938652983,1.8138775254062,0,508.333333333333,133.333333333333,16.2379591019886,54.8031119692117,0.763737905434191,2.1957464781233,0.01375,0.011,0.01375,0.01375,0,0,0,0
02/04/2009,0.525143456825038,0.127677781923965,23.7405968291455,38.1179108291704,192.801488809045,0,6.58334047072715,26.3333618829086,2.07867165748331,0,508.333333333333,133.333333333333,17.5555745886057,59.2500642365444,0.875230171571921,2.51628674326927,0.01375,0.011,0.01375,0.01375,0,0,0,0
03/04/2009,0.382808975464034,0.160467233099274,23.6232597048746,35.8882281492494,193.298964488279,0,5.61057927318822,22.4423170927529,1.69450399782783,0,508.333333333333,133.333333333333,14.9615447285019,50.495213458694,0.713475367506455,2.05124168158106,0.01375,0.011,0.01375,0.01375,0,0,0,0
04/04/2009,0.0830964090774159,0.315615111127283,23.5047020082334,25.3381724433448,193.817850208819,0,4.73899285402855,18.9559714161142,1.4746854358439,0,508.333333333333,133.333333333333,12.6373142774095,42.650935686257,0.62092018351322,1.78514552760051,0.01375,0.011,0.01375,0.01375,0,0,0,0
05/04/2009,0.0363117375535123,0.509522752410282,23.3849588348159,12.1524528361008,194.357992369482,0,2.1400123504723,8.56004940188919,0.54975681939305,0,508.333333333333,133.333333333333,5.70669960125946,19.2601111542507,0.231476555533916,0.665495097160008,0.01375,0.011,0.01375,0.01375,0,0,0,0
06/04/2009,0.0231779008980122,0.59963194389462,23.2640656311426,6.02502781516585,194.919231076725,0,0.865374922115129,3.46149968846052,0.124988557915823,0,508.333333333333,133.333333333333,2.30766645897368,7.78837429903617,0.0526267612277152,0.151301938529681,0.01375,0.011,0.01375,0.01375,0,0,0,0
07/04/2009,0.0193702495629937,0.6,23.142058184167,6,195.501400191981,0,0.857142857142857,3.42857142857143,0.12258064516129,0,508.333333333333,133.333333333333,2.28571428571429,7.71428571428572,0.0516129032258065,0.148387096774194,0.01375,0.011,0.01375,0.01375,0,0,0,0
08/04/2009,0.0170327523722878,0.6,23.0189726106826,6,196.10432738084,0,0.857142857142857,3.42857142857143,0.12258064516129,0,508.333333333333,133.333333333333,2.28571428571429,7.71428571428572,0.0516129032258065,0.148387096774194,0.01375,0.011,0.01375,0.01375,0,0,0,0
09/04/2009,0.0140447575838701,0.6,22.8948453466311,6,196.727834164057,0,0.857142857142857,3.42857142857143,0.12258064516129,0,508.333333333333,133.333333333333,2.28571428571429,7.71428571428572,0.0516129032258065,0.148387096774194,0.01375,0.011,0.01375,0.01375,0,0,0,0
10/04/2009,0.0125774478246313,0.6,22.7697131363166,6,197.371735970394,0,0.857142857142857,3.42857142857143,0.12258064516129,0,508.333333333333,133.333333333333,2.28571428571429,7.71428571428572,0.0516129032258065,0.148387096774194,0.01375,0.011,0.01375,0.01375,0,0,0,0
11/04/2009,0.0129262088008993,0.599997757484583,22.6436130215288,6.00015249104835,198.035842191253,0,0.897340991642303,3.58936396656921,0.131110472851737,0,508.333333333333,133.333333333333,2.39290931104614,8.07606892478073,0.0552044096217842,0.15871267766263,0.01375,0.011,0.01375,0.01375,0,0,0,0
12/04/2009,0.0103649653869519,0.583325870816154,22.5165823305776,7.13384078450153,198.7199562371,0,0.928603410787912,3.71441364315165,0.138932049264159,0,508.333333333333,133.333333333333,2.4762757621011,8.35743069709121,0.05849770495333,0.168180901740824,0.01375,0.011,0.01375,0.01375,0,0,0,0
13/04/2009,0.0122974516245122,0.547854498073022,22.3886586672431,9.54589413103453,199.42387559566,0,1.41077937237273,5.64311748949091,0.278098461916483,0,508.333333333333,133.333333333333,3.76207832632728,12.6970143513546,0.117094089227993,0.336645506530479,0.01375,0.011,0.01375,0.01375,0,0,0,0
14/04/2009,0.0116676998245086,0.436749555810002,22.2598798996444,17.1010302049198,200.147391891864,0,2.5390701588713,10.1562806354852,0.635697534615167,0,508.333333333333,133.333333333333,6.77085375699013,22.8516314298417,0.267662119837965,0.76952859453415,0.01375,0.011,0.01375,0.01375,0,0,0,0
15/04/2009,0.0112077417521831,0.313069091586209,22.1302841490292,25.5113017721378,200.890290949537,0,3.93507696669768,15.7403078667907,1.06427182088537,0,508.333333333333,133.333333333333,10.4935385778605,35.4156927002791,0.448114450899105,1.28832904633493,0.01375,0.011,0.01375,0.01375,0,0,0,0
16/04/2009,0.00390937515360152,0.6,21.99990977849,6,201.652352854791,0,0.857142857142857,3.42857142857143,0.12258064516129,0,508.333333333333,133.333333333333,2.28571428571429,7.71428571428572,0.0516129032258065,0.148387096774194,0.01375,0.011,0.01375,0.01375,0,0,0,0
17/04/2009,0.00310091516176845,0.6,21.8687953816071,6,202.433352021133,0,0.857142857142857,3.42857142857143,0.12258064516129,0,508.333333333333,133.333333333333,2.28571428571429,7.71428571428572,0.0516129032258065,0.148387096774194,0.01375,0.011,0.01375,0.01375,0,0,0,0
18/04/2009,0.00211471794951485,0.6,21.7369797710241,6,203.233057256235,0,0.857142857142857,3.42857142857143,0.12258064516129,0,508.333333333333,133.333333333333,2.28571428571429,7.71428571428572,0.0516129032258065,0.148387096774194,0.01375,0.011,0.01375,0.01375,0,0,0,0
19/04/2009,0.00136079925785122,0.6,21.604501966959,6,204.051231830379,0,0.857142857142857,3.42857142857143,0.12258064516129,0,508.333333333333,133.333333333333,2.28571428571429,7.71428571428572,0.0516129032258065,0.148387096774194,0.01375,0.011,0.01375,0.01375,0,0,0,0
20/04/2009,0.0107366317912324,0.358560980538266,21.4714011856532,22.4178533233979,204.887633546526,0,3.57492381546518,14.2996952618607,0.961331044506017,0,508.333333333333,133.333333333333,9.53313017457381,32.1743143391866,0.404770966107797,1.16371652755992,0.01375,0.011,0.01375,0.01375,0,0,0,0
21/04/2009,0.0189144487524589,0.256490025701492,21.3377168277622,29.3586782522985,205.742014812022,0,4.22835857661091,16.9134343064436,1.13831560644609,0,508.333333333333,133.333333333333,11.2756228709624,38.0552271894982,0.479290781661512,1.37796099727685,0.01375,0.011,0.01375,0.01375,0,0,0,0
22/04/2009,0.0151418891256392,0.291252547182211,21.203488466693,26.9948267916097,206.614122711881,0,4.08485061885253,16.3394024754101,1.10548373485177,0,508.333333333333,133.333333333333,10.8929349836068,36.7636555696728,0.465466835727062,1.3382171527153,0.01375,0.011,0.01375,0.01375,0,0,0,0
23/04/2009,0.0193568969538364,0.257636720151406,21.0687558368887,29.2807030297044,207.503699083657,0,4.28842431572374,17.153697262895,1.15878842185824,0,508.333333333333,133.333333333333,11.4357981752633,38.5958188415137,0.487910914466628,1.40274387909155,0.01375,0.011,0.01375,0.01375,0,0,0,0
24/04/2009,0.00918269665089468,0.290387590298015,20.9335588220669,27.053643859735,208.410480593869,0,4.11500418136692,16.4600167254677,1.11603875408821,0,508.333333333333,133.333333333333,10.9733444836451,37.0350376323023,0.469911054352929,1.35099428126467,0.01375,0.011,0.01375,0.01375,0,0,0,0
25/04/2009,0,0,20.7979374434129,0,209.334198815945,0,0,0,0,0,508.333333333333,133.333333333333,0,0,0,0,0.01375,0.011,0.01375,0.01375,0,0,0,0
26/04/2009,0,0,20.6619318477328,0,210.274580309692,0,0,0,0,0,508.333333333333,133.333333333333,0,0,0,0,0.01375,0.011,0.01375,0.01375,0,0,0,0
27/04/2009,0,0,20.525582295569,0,211.231346702231,0,0,0,0,0,508.333333333333,133.333333333333,0,0,0,0,0.01375,0.011,0.01375,0.01375,0,0,0,0
28/04/2009,0,0,20.3889291492823,0,212.204214770406,0,0,0,0,0,508.333333333333,133.333333333333,0,0,0,0,0.01375,0.011,0.01375,0.01375,0,0,0,0
29/04/2009,0.00206581814670133,0.6,20.2520128611039,6,213.192896524626,0,0.857142857142857,3.42857142857143,0.12258064516129,0,508.333333333333,133.333333333333,2.28571428571429,7.71428571428572,0.0516129032258065,0.148387096774194,0.01375,0.011,0.01375,0.01375,0,0,0,0
30/04/2009,0.001625411402035,0.6,20.1148739611606,6,214.19709929411,0,0.857142857142857,3.42857142857143,0.12258064516129,0,508.333333333333,133.333333333333,2.28571428571429,7.71428571428572,0.0516129032258065,0.148387096774194,0.01375,0.011,0.01375,0.01375,0,0,0,0
01/05/2009,0.000446561169185775,0.6,19.9775530454767,6,215.21652581353,0,0.857142857142857,3.42857142857143,0.12258064516129,0,508.333333333333,133.333333333333,2.28571428571429,7.71428571428572,0.0516129032258065,0.148387096774194,0.01375,0.011,0.01375,0.01375,0,0,0,0
02/05/2009,0.000265099677767353,0.6,19.8400907639575,6,216.250874311002,0,0.857142857142857,3.42857142857143,0.12258064516129,0,508.333333333333,133.333333333333,2.28571428571429,7.71428571428572,0.0516129032258065,0.148387096774194,0.01375,0.011,0.01375,0.01375,0,0,0,0
03/05/2009,0.00021372823718863,0.6,19.7025278083553,6,217.299838597422,0,0.857142857142857,3.42857142857143,0.12258064516129,0,508.333333333333,133.333333333333,2.28571428571429,7.71428571428572,0.0516129032258065,0.148387096774194,0.01375,0.011,0.01375,0.01375,0,0,0,0
04/05/2009,0.000972223588191943,0.6,19.5649049002241,6,218.363108157101,0,0.857142857142857,3.42857142857143,0.12258064516129,0,508.333333333333,133.333333333333,2.28571428571429,7.71428571428572,0.0516129032258065,0.148387096774194,0.01375,0.011,0.01375,0.01375,0,0,0,0
05/05/2009,0.00130362117941126,0.6,19.427262778865,6,219.440368239687,0,0.857142857142857,3.42857142857143,0.12258064516129,0,508.333333333333,133.333333333333,2.28571428571429,7.71428571428572,0.0516129032258065,0.148387096774194,0.01375,0.011,0.01375,0.01375,0,0,0,0
06/05/2009,0.000170941911208543,0.6,19.289642189267,6,220.531299953336,0,0.857142857142857,3.42857142857143,0.12258064516129,0,508.333333333333,133.333333333333,2.28571428571429,7.71428571428572,0.0516129032258065,0.148387096774194,0.01375,0.011,0.01375,0.01375,0,0,0,0
07/05/2009,8.51758995352548e-06,0.6,19.1520838700448,6,221.635580359109,0,0.857142857142857,3.42857142857143,0.12258064516129,0,508.333333333333,133.333333333333,2.28571428571429,7.71428571428572,0.0516129032258065,0.148387096774194,0.01375,0.011,0.01375,0.01375,0,0,0,0
08/05/2009,0.000292139820913664,0.6,19.0146285413801,6,222.752882566574,0,0.857142857142857,3.42857142857143,0.12258064516129,0,508.333333333333,133.333333333333,2.28571428571429,7.71428571428572,0.0516129032258065,0.148387096774194,0.01375,0.011,0.01375,0.01375,0,0,0,0
09/05/2009,0,0,18.8773168929669,0,223.882875830567,0,0,0,0,0,508.333333333333,133.333333333333,0,0,0,0,0.01375,0.011,0.01375,0.01375,0,0,0,0
10/05/2009,0,0,18.7401895719671,0,225.025225649104,0,0,0,0,0,508.333333333333,133.333333333333,0,0,0,0,0.01375,0.011,0.01375,0.01375,0,0,0,0
11/05/2009,0.00060640692566021,0.6,18.6032871709775,6,226.179593862396,0,0.857142857142857,3.42857142857143,0.12258064516129,0,508.333333333333,133.333333333333,2.28571428571429,7.71428571428572,0.0516129032258065,0.148387096774194,0.01375,0.011,0.01375,0.01375,0,0,0,0
12/05/2009,0.00113989947703678,0.6,18.466650216014,6,227.345638752956,0,0.857142857142857,3.42857142857143,0.12258064516129,0,508.333333333333,133.333333333333,2.28571428571429,7.71428571428572,0.0516129032258065,0.148387096774194,0.01375,0.011,0.01375,0.01375,0,0,0,0
13/05/2009,0,0,18.3303191545148,0,228.523015146753,0,0,0,0,0,508.333333333333,133.333333333333,0,0,0,0,0.01375,0.011,0.01375,0.01375,0,0,0,0
14/05/2009,0,0,18.1943343433671,0,229.71137451539,0,0,0,0,0,508.333333333333,133.333333333333,0,0,0,0,0.01375,0.011,0.01375,0.01375,0,0,0,0
15/05/2009,0,0,18.0587360369606,0,230.910365079275,0,0,0,0,0,508.333333333333,133.333333333333,0,0,0,0,0.01375,0.011,0.01375,0.01375,0,0,0,0
16/05/2009,0,0,17.9235643752715,0,232.119631911759,0,0,0,0,0,508.333333333333,133.333333333333,0,0,0,0,0.01375,0.011,0.01375,0.01375,0,0,0,0
17/05/2009,0,0,17.7888593719801,0,233.338817044198,0,0,0,0,0,508.333333333333,133.333333333333,0,0,0,0,0.01375,0.011,0.01375,0.01375,0,0,0,0
18/05/2009,0.000856823286067325,0.6,17.6546609026259,6,234.567559571921,0,0.857142857142857,3.42857142857143,0.12258064516129,0,508.333333333333,133.333333333333,2.28571428571429,7.71428571428572,0.0516129032258065,0.148387096774194,0.01375,0.011,0.01375,0.01375,0,0,0,0
19/05/2009,0.00105683827009289,0.536238086634784,17.5210086928035,10.3358101088347,235.805495761065,0,1.27136512492809,5.08546049971237,0.234938301964175,0,508.333333333333,133.333333333333,3.39030699980825,11.4422861243528,0.0989213903007055,0.284398997114528,0.01375,0.011,0.01375,0.01375,0,0,0,0
20/05/2009,0.00446684895825683,0.276149012284463,17.3879423064033,28.0218671646565,237.052259156249,0,4.67921392791875,18.716855711675,1.31191898162599,0,508.333333333333,133.333333333333,12.4779038077833,42.1129253512687,0.552386939631996,1.58811245144199,0.01375,0.011,0.01375,0.01375,0,0,0,0
21/05/2009,0.0191457087941213,0.197145768849013,17.2555011338993,33.3940877182672,238.307480689051,0,5.18099842633375,20.723993705335,1.45464134113905,0,508.333333333333,133.333333333333,13.8159958035567,46.6289858370037,0.612480564690124,1.76088162348411,0.01375,0.011,0.01375,0.01375,0,0,0,0
22/05/2009,0.385906465658507,0.125518065048768,17.123724380689,38.2647715766838,239.57078878726,0,6.65031976746271,26.6012790698508,2.10442306957806,0,508.333333333333,133.333333333333,17.7341860465672,59.8528779071644,0.886072871401287,2.5474595052787,0.01375,0.011,0.01375,0.01375,0,0,0,0
23/05/2009,0.499580415054302,0.138110878216425,16.9926510554879,37.4084602812831,240.841809484872,0,5.99372990019946,23.9749196007979,1.83551426327897,0,508.333333333333,133.333333333333,15.9832797338652,53.9435691017952,0.772848110854302,2.22193831870612,0.01375,0.011,0.01375,0.01375,0,0,0,0
24/05/2009,0.192980396961698,0.202901552578076,16.8623199587815,33.0026944246908,242.120166532788,0,5.10230432619419,20.4092173047768,1.52232943063498,0,508.333333333333,133.333333333333,13.6061448698512,45.9207389357477,0.640980812898939,1.84281983708445,0.01375,0.011,0.01375,0.01375,0,0,0,0
25/05/2009,0.0526363861266523,0.415365753398008,16.7327696713403,18.5551287689354,243.405481510195,0,3.31251874886669,13.2500749954668,0.952884212572134,0,508.333333333333,133.333333333333,8.83338333031117,29.8126687398002,0.40121440529353,1.1534914152189,0.01375,0.011,0.01375,0.01375,0,0,0,0
26/05/2009,0.0291869163052463,0.563461343739995,16.6040385427983,8.48462862568035,244.697373936585,0,1.52343450271049,6.09373801084197,0.338575952217901,0,508.333333333333,133.333333333333,4.06249200722798,13.7109105243944,0.142558295670695,0.409855100053249,0.01375,0.011,0.01375,0.01375,0,0,0,0
27/05/2009,0.0276127194062057,0.569702064395975,16.4761646803015,8.06025962107366,245.995461384384,0,1.4004933201922,5.60197328076879,0.282204003187682,0,508.333333333333,133.333333333333,3.73464885384586,12.6044398817298,0.118822738184287,0.341615372279826,0.01375,0.011,0.01375,0.01375,0,0,0,0
28/05/2009,0.0224856394769685,0.543006420447427,16.3491859372266,9.87556340957496,247.299359592162,0,1.43373663023575,5.734946520943,0.290530903940396,0,508.333333333333,133.333333333333,3.82329768062867,12.9036296721218,0.122328801659114,0.351695304769953,0.01375,0.011,0.01375,0.01375,0,0,0,0
29/05/2009,0.0200387893244382,0.556951394332366,16.2231399019762,8.92730518539912,248.60868257838,0,1.32987524924951,5.31950099699804,0.254939516799794,0,508.333333333333,133.333333333333,3.5463339979987,11.9688772432456,0.107342954442019,0.308610994020804,0.01375,0.011,0.01375,0.01375,0,0,0,0
30/05/2009,0.0146374526201207,0.591698439150589,16.0980638868514,6.56450613775992,249.92304275565,0,0.912115113164788,3.64846045265915,0.137007249340652,0,508.333333333333,133.333333333333,2.43230696843943,8.20903601848309,0.0576872628802747,0.16585088078079,0.01375,0.011,0.01375,0.01375,0,0,0,0
31/05/2009,0.119970629292214,0.184589328507949,15.9739949170069,34.2479256614594,251.242051045467,0,6.02195507451629,24.0878202980651,1.89357596947293,0,508.333333333333,133.333333333333,16.0585468653768,54.1975956706466,0.797295145041234,2.29222354199355,0.01375,0.011,0.01375,0.01375,0,0,0,0
01/06/2009,0.0921573103806793,0.236010191943149,15.8509697194906,30.7513069478659,252.565316993389,0,4.21821412420061,16.8728564968024,1.16023900721362,0,508.333333333333,133.333333333333,11.2485709978683,37.9639271178055,0.488521687247841,1.40449985083754,0.01375,0.011,0.01375,0.01375,0,0,0,0
02/06/2009,0.0225653227041089,0.510183347528314,15.7290247123716,12.1075323680746,253.892448884614,0,2.16461399628181,8.65845598512725,0.543395572617284,0,508.333333333333,133.333333333333,5.77230399008483,19.4815259665363,0.228798135838856,0.657794640536712,0.01375,0.011,0.01375,0.01375,0,0,0,0
03/06/2009,0.0463257237394047,0.309505265979272,15.6081959939597,25.7536419134095,255.223053859939,0,4.26715275520322,17.0686110208129,1.24834576989327,0,508.333333333333,133.333333333333,11.3790740138753,38.404374796829,0.525619271534008,1.51115540566027,0.01375,0.011,0.01375,0.01375,0,0,0,0
04/06/2009,0.0576094667571111,0.26269234615222,15.4885193321197,28.9369204616491,256.556738032057,0,4.37246450267067,17.4898580106827,1.24950852671137,0,508.333333333333,133.333333333333,11.6599053404551,39.352180524036,0.526108853352154,1.51256295338744,0.01375,0.011,0.01375,0.01375,0,0,0,0
05/06/2009,0.0207389450206683,0.506757137562921,15.370030153683,12.3405146457214,257.89310660215,0,2.33425909255374,9.33703637021498,0.608279302162459,0,508.333333333333,133.333333333333,6.22469091347665,21.0083318329837,0.256117600910509,0.736338102617713,0.01375,0.011,0.01375,0.01375,0,0,0,0
06/06/2009,0.0139990551059118,0.561703622846603,15.2527635339609,8.60415364643101,259.231763976763,0,1.27499103254691,5.09996413018763,0.242933553847885,0,508.333333333333,133.333333333333,3.39997608679175,11.4749192929222,0.102287812146478,0.294077459921124,0.01375,0.011,0.01375,0.01375,0,0,0,0
07/06/2009,0.0108706498543675,0.6,15.1367541863612,6,260.572313884907,0,0.857142857142857,3.42857142857143,0.12258064516129,0,508.333333333333,133.333333333333,2.28571428571429,7.71428571428572,0.0516129032258065,0.148387096774194,0.01375,0.011,0.01375,0.01375,0,0,0,0
08/06/2009,0.00846825687731515,0.6,15.0220364521127,6,261.914359495362,0,0.857142857142857,3.42857142857143,0.12258064516129,0,508.333333333333,133.333333333333,2.28571428571429,7.71428571428572,0.0516129032258065,0.148387096774194,0.01375,0.011,0.01375,0.01375,0,0,0,0
09/06/2009,0.00676071635267245,0.6,14.908644290099,6,263.257503534148,0,0.857142857142857,3.42857142857143,0.12258064516129,0,508.333333333333,133.333333333333,2.28571428571429,7.71428571428572,0.0516129032258065,0.148387096774194,0.01375,0.011,0.01375,0.01375,0,0,0,0
10/06/2009,0.00605792835157963,0.6,14.7966112668063,6,264.601348402127,0,0.857142857142857,3.42857142857143,0.12258064516129,0,508.333333333333,133.333333333333,2.28571428571429,7.71428571428572,0.0516129032258065,0.148387096774194,0.01375,0.011,0.01375,0.01375,0,0,0,0
11/06/2009,0.00649706644552186,0.6,14.6859705463869,6,265.945496292702,0,0.857142857142857,3.42857142857143,0.12258064516129,0,508.333333333333,133.333333333333,2.28571428571429,7.71428571428572,0.0516129032258065,0.148387096774194,0.01375,0.011,0.01375,0.01375,0,0,0,0
12/06/2009,0.00659854795808529,0.6,14.576754880842,6,267.289549309573,0,0.857142857142857,3.42857142857143,0.12258064516129,0,508.333333333333,133.333333333333,2.28571428571429,7.71428571428572,0.0516129032258065,0.148387096774194,0.01375,0.011,0.01375,0.01375,0,0,0,0
13/06/2009,0.00613705580254808,0.6,14.4689966003261,6,268.633109584525,0,0.857142857142857,3.42857142857143,0.12258064516129,0,508.333333333333,133.333333333333,2.28571428571429,7.71428571428572,0.0516129032258064,0.148387096774194,0.01375,0.011,0.01375,0.01375,0,0,0,0
14/06/2009,0.00718757227761342,0.6,14.3627276035769,6,269.975779395208,0,1.07540745718527,4.30162982874109,0.171831328924589,0,508.333333333333,133.333333333333,2.86775321916073,9.67866711466745,0.0723500332314057,0.208006345540291,0.01375,0.011,0.01375,0.01375,0,0,0,0
15/06/2009,0.00534529645634109,0.593981101895227,14.2579793484726,6.40928507112454,271.317161282863,0,0.88293813473474,3.53175253893896,0.128483048464035,0,508.333333333333,133.333333333333,2.35450169262597,7.94644321261266,0.0540981256690675,0.155532111298569,0.01375,0.011,0.01375,0.01375,0,0,0,0
16/06/2009,0.00506441521319661,0.588058466929117,14.1547828427194,6.81202424882002,272.656858169988,0,0.908320856018069,3.63328342407227,0.13429105178564,0,508.333333333333,133.333333333333,2.42218894938152,8.17488770416262,0.0565436007518483,0.162562852161564,0.01375,0.011,0.01375,0.01375,0,0,0,0
17/06/2009,0.0103492260010205,0.485494330412833,14.0531686346731,13.7863855319274,273.994473477875,0,2.43189372094844,9.72757488379377,0.586188919629259,0,508.333333333333,133.333333333333,6.48504992252918,21.887043488536,0.24681638721232,0.709597113235419,0.01375,0.011,0.01375,0.01375,0,0,0,0
18/06/2009,0.0125216236952886,0.367596577029612,13.9531668042954,21.8034327619864,275.329611244008,0,3.29478255204904,13.1791302081962,0.852607803191411,0,508.333333333333,133.333333333333,8.78608680546411,29.6530429684414,0.358992759238489,1.03210418281066,0.01375,0.011,0.01375,0.01375,0,0,0,0
19/06/2009,0.0161478030105886,0.305190051513352,13.8548069542502,26.0470764970921,276.661876239276,0,4.02871214706068,16.1148485882427,1.09017225587473,0,508.333333333333,133.333333333333,10.7432323921618,36.2584093235462,0.459019897210413,1.31968220447994,0.01375,0.011,0.01375,0.01375,0,0,0,0
20/06/2009,0.0277880378500413,0.250990206683424,13.7581182011404,29.7326659455271,277.99087408497,0,4.41829351737973,17.6731740695189,1.19868850357209,0,508.333333333333,133.333333333333,11.7821160463459,39.7646416564175,0.504710948872459,1.45104397800832,0.01375,0.011,0.01375,0.01375,0,0,0,0
21/06/2009,0.0206551273897883,0.268726422283762,13.6631291668888,28.5266032847042,279.316211369524,0,4.11897834282657,16.4759133713063,1.09717935034234,0,508.333333333333,133.333333333333,10.9839422475375,37.0708050854392,0.461970252775723,1.3281644767302,0.01375,0.011,0.01375,0.01375,0,0,0,0
22/06/2009,0.232762443730441,0.137928626621595,13.5698679702651,37.4208533897315,280.637495764978,0,6.56219161305042,26.2487664522017,2.08865818715839,0,508.333333333333,133.333333333333,17.4991776348011,59.0597245174538,0.879435026171955,2.52837570024437,0.01375,0.011,0.01375,0.01375,0,0,0,0
23/06/2009,0.163955701187442,0.173821273776092,13.4783622185626,34.9801533832258,281.954336143113,0,4.90754098563861,19.6301639425545,1.41032677442867,0,508.333333333333,133.333333333333,13.086775961703,44.1678688707475,0.593821799759439,1.70723767430839,0.01375,0.011,0.01375,0.01375,0,0,0,0
24/06/2009,0.0301655089639456,0.423012770793893,13.3886389994256,18.0351315860153,283.266342691233,0,3.53346411602008,14.1338564640803,1.04242098609812,0,508.333333333333,133.333333333333,9.42257097605354,31.8011770441807,0.438914099409736,1.26187803580299,0.01375,0.011,0.01375,0.01375,0,0,0,0
25/06/2009,0.0167719654927397,0.552501303931915,13.3007248728309,9.22991133262981,284.573127027558,0,1.76200960811722,7.04803843246887,0.412223577759156,0,508.333333333333,133.333333333333,4.69869228831258,15.858086473055,0.173567822214381,0.499007488866346,0.01375,0.011,0.01375,0.01375,0,0,0,0
26/06/2009,0.012281131639942,0.595080747034357,13.2146458632257,6.33450920166372,285.874302316194,0,1.0200520062626,4.08020802505042,0.167914708247912,0,508.333333333333,133.333333333333,2.72013868336695,9.18046805636344,0.0707009297885945,0.203265173142209,0.01375,0.011,0.01375,0.01375,0,0,0,0
27/06/2009,0.0119820427202134,0.597932330439686,13.1304274518233,6.14060153010132,287.169483381644,0,1.03378705603289,4.13514822413154,0.166216274573418,0,508.333333333333,133.333333333333,2.75676548275436,9.30408350429597,0.0699857998203864,0.201209174483611,0.01375,0.011,0.01375,0.01375,0,0,0,0
28/06/2009,0.00898584221335339,0.6,13.0480945690608,6,288.458286822828,0,0.857142857142857,3.42857142857143,0.12258064516129,0,508.333333333333,133.333333333333,2.28571428571429,7.71428571428572,0.0516129032258065,0.148387096774194,0.01375,0.011,0.01375,0.01375,0,0,0,0
29/06/2009,0.007863726462513,0.6,12.9676715872185,6,289.740331126578,0,0.857142857142857,3.42857142857143,0.12258064516129,0,508.333333333333,133.333333333333,2.28571428571429,7.71428571428572,0.0516129032258065,0.148387096774194,0.01375,0.011,0.01375,0.01375,0,0,0,0
30/06/2009,0.0059006004080822,0.6,12.8891823132057,6,291.015236780576,0,0.857142857142857,3.42857142857143,0.12258064516129,0,508.333333333333,133.333333333333,2.28571428571429,7.71428571428572,0.0516129032258065,0.148387096774194,0.01375,0.011,0.01375,0.01375,0,0,0,0
01/07/2009,0.00288830852244963,0.6,12.8126499815131,6,292.282626385693,0,0.857142857142857,3.42857142857143,0.12258064516129,0,508.333333333333,133.333333333333,2.28571428571429,7.71428571428571,0.0516129032258065,0.148387096774194,0.01375,0.011,0.01375,0.01375,0,0,0,0
02/07/2009,0.00313346364183834,0.6,12.738097247335,6,293.542124767712,0,0.857142857142857,3.42857142857143,0.12258064516129,0,508.333333333333,133.333333333333,2.28571428571429,7.71428571428572,0.0516129032258065,0.148387096774194,0.01375,0.011,0.01375,0.01375,0,0,0,0
03/07/2009,0.00356860328758363,0.6,12.6655461798626,6,294.793359088383,0,0.857142857142857,3.42857142857143,0.12258064516129,0,508.333333333333,133.333333333333,2.28571428571429,7.71428571428572,0.0516129032258064,0.148387096774194,0.01375,0.011,0.01375,0.01375,0,0,0,0
04/07/2009,0.00323268312913135,0.6,12.5950182557516,6,296.035958955797,0,0.857142857142857,3.42857142857143,0.12258064516129,0,508.333333333333,133.333333333333,2.28571428571429,7.71428571428572,0.0516129032258065,0.148387096774194,0.01375,0.011,0.01375,0.01375,0,0,0,0
05/07/2009,0.00374988779881244,0.6,12.526534352764,6,297.269556534024,0,0.857142857142857,3.42857142857143,0.12258064516129,0,508.333333333333,133.333333333333,2.28571428571429,7.71428571428572,0.0516129032258065,0.148387096774194,0.01375,0.011,0.01375,0.01375,0,0,0,0
06/07/2009,0.00524729399204864,0.6,12.4601147435886,6,298.493786652004,0,0.951843683789836,3.80737473515934,0.142841060002094,0,508.333333333333,133.333333333333,2.53824982343956,8.56659315410853,0.0601436042114082,0.172912862107799,0.01375,0.011,0.01375,0.01375,0,0,0,0
07/07/2009,0.00448860357403007,0.6,12.3957790898389,6,299.708286911643,0,0.857142857142857,3.42857142857143,0.12258064516129,0,508.333333333333,133.333333333333,2.28571428571429,7.71428571428572,0.0516129032258065,0.148387096774194,0.01375,0.011,0.01375,0.01375,0,0,0,0
08/07/2009,0.00506452000576939,0.53305736333756,12.3335464362339,10.5520992930459,300.91269779509,0,1.52200950214129,6.08803800856516,0.320668167558428,0,508.333333333333,133.333333333333,4.0586920057101,13.6980855192716,0.135018175814075,0.388177255465465,0.01375,0.011,0.01375,0.01375,0,0,0,0
09/07/2009,0.011682809068533,0.413844950366465,12.2734352049594,18.6585433750804,302.106662771168,0,3.01284195020135,12.0513678008054,0.759861095773477,0,508.333333333333,133.333333333333,8.03424520053693,27.1155775518122,0.319941514009885,0.91983185277842,0.01375,0.011,0.01375,0.01375,0,0,0,0
10/07/2009,0.0107239733989569,0.364352083682268,12.2154631902157,22.0240583096058,303.289828400906,0,3.36020628128971,13.4408251251589,0.875904476865139,0,508.333333333333,133.333333333333,8.96055008343924,30.2418565316074,0.368801884995848,1.06030541936306,0.01375,0.011,0.01375,0.01375,0,0,0,0
11/07/2009,0.0130331433519514,0.35959754841306,12.1596475529492,22.3473667079119,304.461844442171,0,3.45539278766919,13.8215711506768,0.896901207239288,0,508.333333333333,133.333333333333,9.21438076711785,31.0985350890228,0.377642613574437,1.08572251402651,0.01375,0.011,0.01375,0.01375,0,0,0,0
12/07/2009,0.00679320012094352,0.389497269699898,12.1060048157731,20.3141856604069,305.622363953343,0,2.95782955306272,11.8313182122509,0.75699871207019,0,508.333333333333,133.333333333333,7.88754547483392,26.6204659775645,0.318736299819028,0.916366861979704,0.01375,0.011,0.01375,0.01375,0,0,0,0
13/07/2009,0.00166811496874953,0.6,12.0545508580758,6,306.771043396021,0,0.857142857142857,3.42857142857143,0.12258064516129,0,508.333333333333,133.333333333333,2.28571428571429,7.71428571428572,0.0516129032258065,0.148387096774194,0.01375,0.011,0.01375,0.01375,0,0,0,0
14/07/2009,0.00188908342178796,0.6,12.0053009113207,6,307.907542736714,0,0.857142857142857,3.42857142857143,0.12258064516129,0,508.333333333333,133.333333333333,2.28571428571429,7.71428571428572,0.0516129032258065,0.148387096774194,0.01375,0.011,0.01375,0.01375,0,0,0,0
15/07/2009,0.00267662159361645,0.6,11.9582695545372,6,309.031525547499,0,0.857142857142857,3.42857142857143,0.12258064516129,0,508.333333333333,133.333333333333,2.28571428571429,7.71428571428572,0.0516129032258065,0.148387096774194,0.01375,0.011,0.01375,0.01375,0,0,0,0
16/07/2009,0.00194189170156454,0.6,11.9134707100049,6,310.142659105614,0,0.857142857142857,3.42857142857143,0.12258064516129,0,508.333333333333,133.333333333333,2.28571428571429,7.71428571428572,0.0516129032258065,0.148387096774194,0.01375,0.011,0.01375,0.01375,0,0,0,0
17/07/2009,0.00431353245077337,0.443005102153405,11.8709176391324,16.6756530535685,311.240614491947,0,2.59865008505806,10.3946003402322,0.658309058087877,0,508.333333333333,133.333333333333,6.92973356015482,23.3878507655225,0.277182761300159,0.796900438737956,0.01375,0.011,0.01375,0.01375,0,0,0,0
18/07/2009,0.00663246100925243,0.346175979942347,11.8306229385318,23.2600333639204,312.325066688404,0,3.45102794034531,13.8041117613812,0.909436161633002,0,508.333333333333,133.333333333333,9.20274117425415,31.0592514631078,0.382920489108632,1.10089640618732,0.01375,0.011,0.01375,0.01375,0,0,0,0
19/07/2009,0.000791769662013478,0.6,11.7925985362894,6,313.395694674121,0,0.857142857142857,3.42857142857143,0.12258064516129,0,508.333333333333,133.333333333333,2.28571428571429,7.71428571428572,0.0516129032258065,0.148387096774194,0.01375,0.011,0.01375,0.01375,0,0,0,0
20/07/2009,0.00013590747525658,0.6,11.7568556884352,6,314.452181520497,0,0.857142857142857,3.42857142857143,0.12258064516129,0,508.333333333333,133.333333333333,2.28571428571429,7.71428571428572,0.0516129032258065,0.148387096774194,0.01375,0.011,0.01375,0.01375,0,0,0,0
21/07/2009,0.000296954230005155,0.6,11.7234049756106,6,315.494214485005,0,0.857142857142857,3.42857142857143,0.12258064516129,0,508.333333333333,133.333333333333,2.28571428571429,7.71428571428572,0.0516129032258065,0.148387096774194,0.01375,0.011,0.01375,0.01375,0,0,0,0
22/07/2009,0,0,11.6922562999366,0,316.521485103776,0,0,0,0,0,508.333333333333,133.333333333333,0,0,0,0,0.01375,0.011,0.01375,0.01375,0,0,0,0
23/07/2009,0.00290718990163065,0.376999867651092,11.6634188820821,21.1640089997257,317.533689282906,0,3.48506622624363,13.9402649049745,0.940069539189642,0,508.333333333333,133.333333333333,9.29350993664968,31.3655960361927,0.395818753343007,1.13797891586115,0.01375,0.011,0.01375,0.01375,0,0,0,0
24/07/2009,0.00861628417796574,0.307001040699167,11.6369012585347,25.9239292324566,318.530527388481,0,3.76033421531914,15.0413368612766,0.998445744921902,0,508.333333333333,133.333333333333,10.0275579075177,33.8430079378723,0.420398208388169,1.20864484911599,0.01375,0.011,0.01375,0.01375,0,0,0,0
25/07/2009,0.00147932326171705,0.570301312682238,11.6127112790737,8.0195107376078,319.511704335266,0,0.98442294564755,3.9376917825902,0.151704519176128,0,508.333333333333,133.333333333333,2.62512785506013,8.85980651082795,0.0638755870215274,0.183642312686891,0.01375,0.011,0.01375,0.01375,0,0,0,0
26/07/2009,0.00271285194489417,0.6,11.5908561044464,6,320.476929674065,0,1.05505850661511,4.22023402646044,0.165579505842938,0,508.333333333333,133.333333333333,2.81348935097362,9.49552655953598,0.0697176866707106,0.200438349178293,0.01375,0.011,0.01375,0.01375,0,0,0,0
27/07/2009,0.00298553728274248,0.326913398575688,11.5713422042482,24.5698888968532,321.425917677694,0,4.23261679858341,16.9304671943336,1.18167719724553,0,508.333333333333,133.333333333333,11.2869781295558,38.0935511872507,0.497548293577067,1.43045134403407,0.01375,0.011,0.01375,0.01375,0,0,0,0
28/07/2009,0.00854826697310759,0.273277551488757,11.5541753550077,28.2171264987646,322.358387425568,0,4.20311000508769,16.8124400203508,1.13823170937332,0,508.333333333333,133.333333333333,11.2082933469005,37.8279900457892,0.479255456578238,1.37785943766244,0.01375,0.011,0.01375,0.01375,0,0,0,0
29/07/2009,0.000430814775133705,0.6,11.5393606384765,6,323.274062886852,0,0.857142857142857,3.42857142857143,0.12258064516129,0,508.333333333333,133.333333333333,2.28571428571429,7.71428571428572,0.0516129032258065,0.148387096774194,0.01375,0.011,0.01375,0.01375,0,0,0,0
30/07/2009,0,0,11.5269024401251,0,324.172673002179,0,0,0,0,0,508.333333333333,133.333333333333,0,0,0,0,0.01375,0.011,0.01375,0.01375,0,0,0,0
31/07/2009,0,0,11.5168044478446,0,325.053951763886,0,0,0,0,0,508.333333333333,133.333333333333,0,0,0,0,0.01375,0.011,0.01375,0.01375,0,0,0,0
01/08/2009,0,0,11.5090696508551,0,325.917638294759,0,0,0,0,0,508.333333333333,133.333333333333,0,0,0,0,0.01375,0.011,0.01375,0.01375,0,0,0,0
02/08/2009,0,0,11.5037003388204,0,326.763476925256,0,0,0,0,0,508.333333333333,133.333333333333,0,0,0,0,0.01375,0.011,0.01375,0.01375,0,0,0,0
03/08/2009,0,0,11.500698101171,0,327.591217269194,0,0,0,0,0,508.333333333333,133.333333333333,0,0,0,0,0.01375,0.011,0.01375,0.01375,0,0,0,0
04/08/2009,0,0,11.5000638266329,0,328.400614297865,0,0,0,0,0,508.333333333333,133.333333333333,0,0,0,0,0.01375,0.011,0.01375,0.01375,0,0,0,0
05/08/2009,0.000319342756778941,0.6,11.5017977029648,6,329.191428412574,0,0.857142857142857,3.42857142857143,0.12258064516129,0,508.333333333333,133.333333333333,2.28571428571429,7.71428571428572,0.0516129032258065,0.148387096774194,0.01375,0.011,0.01375,0.01375,0,0,0,0
06/08/2009,0,0,11.5058992169025,0,329.963425515561,0,0,0,0,0,508.333333333333,133.333333333333,0,0,0,0,0.01375,0.011,0.01375,0.01375,0,0,0,0
07/08/2009,0,0,11.5123671543109,0,330.716377079302,0,0,0,0,0,508.333333333333,133.333333333333,0,0,0,0,0.01375,0.011,0.01375,0.01375,0,0,0,0
08/08/2009,0,0,11.5211996005432,0,331.450060214155,0,0,0,0,0,508.333333333333,133.333333333333,0,0,0,0,0.01375,0.011,0.01375,0.01375,0,0,0,0
09/08/2009,0,0,11.532393941008,0,332.164257734344,0,0,0,0,0,508.333333333333,133.333333333333,0,0,0,0,0.01375,0.011,0.01375,0.01375,0,0,0,0
10/08/2009,0.000377759113066087,0.6,11.5459468619428,6,332.858758222246,0,0.857142857142857,3.42857142857143,0.12258064516129,0,508.333333333333,133.333333333333,2.28571428571429,7.71428571428572,0.0516129032258065,0.148387096774194,0.01375,0.011,0.01375,0.01375,0,0,0,0
11/08/2009,0.00100584856597478,0.586236080268977,11.5618543513956,6.93594654170956,333.53335609098,0,0.916131084561527,3.66452433824611,0.136078166445906,0,508.333333333333,133.333333333333,2.44301622549741,8.24517976105374,0.0572960700824869,0.16472620148715,0.01375,0.011,0.01375,0.01375,0,0,0,0
12/08/2009,0.00524087287811116,0.252707539941381,11.5801117004118,29.6158872839861,334.187851645262,0,5.11637723938321,20.4655089575328,1.46218625205537,0,508.333333333333,133.333333333333,13.6436726383552,46.0473951544489,0.615657369286471,1.77001493669861,0.01375,0.011,0.01375,0.01375,0,0,0,0
13/08/2009,0.00948835409429483,0.19849031582779,11.6007135044287,33.3026585237103,334.822051140518,0,5.22746542506679,20.9098617002672,1.46328121864746,0,508.333333333333,133.333333333333,13.9399078001781,47.0471888256011,0.616118407851563,1.77134042257325,0.01375,0.011,0.01375,0.01375,0,0,0,0
14/08/2009,0,0,11.6236536648752,0,335.43576684024,0,0,0,0,0,508.333333333333,133.333333333333,0,0,0,0,0.01375,0.011,0.01375,0.01375,0,0,0,0
15/08/2009,0,0,11.6489253909769,0,336.028817071558,0,0,0,0,0,508.333333333333,133.333333333333,0,0,0,0,0.01375,0.011,0.01375,0.01375,0,0,0,0
16/08/2009,0,0,11.6765212017667,0,336.601026279017,0,0,0,0,0,508.333333333333,133.333333333333,0,0,0,0,0.01375,0.011,0.01375,0.01375,0,0,0,0
17/08/2009,0,0,11.706432928299,0,337.152225076551,0,0,0,0,0,508.333333333333,133.333333333333,0,0,0,0,0.01375,0.011,0.01375,0.01375,0,0,0,0
18/08/2009,0,0,11.7386517160679,0,337.682250297619,0,0,0,0,0,508.333333333333,133.333333333333,0,0,0,0,0.01375,0.011,0.01375,0.01375,0,0,0,0
19/08/2009,0,0,11.7731680276286,0,338.190945043506,0,0,0,0,0,508.333333333333,133.333333333333,0,0,0,0,0.01375,0.011,0.01375,0.01375,0,0,0,0
20/08/2009,0,0,11.8099716454204,0,338.678158729775,0,0,0,0,0,508.333333333333,133.333333333333,0,0,0,0,0.01375,0.011,0.01375,0.01375,0,0,0,0
21/08/2009,0,0,11.8490516747915,0,339.143747130835,0,0,0,0,0,508.333333333333,133.333333333333,0,0,0,0,0.01375,0.011,0.01375,0.01375,0,0,0,0
22/08/2009,0,0,11.8903965472238,0,339.587572422639,0,0,0,0,0,508.333333333333,133.333333333333,0,0,0,0,0.01375,0.011,0.01375,0.01375,0,0,0,0
23/08/2009,0,0,11.9339940237578,0,340.009503223483,0,0,0,0,0,508.333333333333,133.333333333333,0,0,0,0,0.01375,0.011,0.01375,0.01375,0,0,0,0
24/08/2009,0,0,11.9798311986152,0,340.409414632895,0,0,0,0,0,508.333333333333,133.333333333333,0,0,0,0,0.01375,0.011,0.01375,0.01375,0,0,0,0
25/08/2009,0,0,12.0278945030197,0,340.787188268613,0,0,0,0,0,508.333333333333,133.333333333333,0,0,0,0,0.01375,0.011,0.01375,0.01375,0,0,0,0
26/08/2009,0,0,12.0781697092131,0,341.142712301624,0,0,0,0,0,508.333333333333,133.333333333333,0,0,0,0,0.01375,0.011,0.01375,0.01375,0,0,0,0
27/08/2009,0,0,12.1306419346675,0,341.47588148927,0,0,0,0,0,508.333333333333,133.333333333333,0,0,0,0,0.01375,0.011,0.01375,0.01375,0,0,0,0
28/08/2009,0,0,12.1852956464909,0,341.7865972064,0,0,0,0,0,508.333333333333,133.333333333333,0,0,0,0,0.01375,0.011,0.01375,0.01375,0,0,0,0
29/08/2009,0,0,12.2421146660246,0,342.07476747457,0,0,0,0,0,508.333333333333,133.333333333333,0,0,0,0,0.01375,0.011,0.01375,0.01375,0,0,0,0
30/08/2009,0,0,12.3010821736331,0,342.340306989265,0,0,0,0,0,508.333333333333,133.333333333333,0,0,0,0,0.01375,0.011,0.01375,0.01375,0,0,0,0
31/08/2009,0,0,12.362180713683,0,342.583137145153,0,0,0,0,0,508.333333333333,133.333333333333,0,0,0,0,0.01375,0.011,0.01375,0.01375,0,0,0,0
01/09/2009,0,0,12.4253921997097,0,342.803186059355,0,0,0,0,0,508.333333333333,133.333333333333,0,0,0,0,0.01375,0.011,0.01375,0.01375,0,0,0,0
02/09/2009,0,0,12.4906979197721,0,343.000388592724,0,0,0,0,0,508.333333333333,133.333333333333,0,0,0,0,0.01375,0.011,0.01375,0.01375,0,0,0,0
03/09/2009,0,0,12.5580785419912,0,343.174686369124,0,0,0,0,0,508.333333333333,133.333333333333,0,0,0,0,0.01375,0.011,0.01375,0.01375,0,0,0,0
04/09/2009,0.00155726610812956,0.139596279262385,12.6275141202729,37.3074530101578,343.326027792715,0,7.87713638355564,31.5085455342225,2.38697647429894,0,508.333333333333,133.333333333333,21.005697022815,70.8942274520007,1.00504272602061,2.88949783730924,0.01375,0.011,0.01375,0.01375,0,0,0,0
05/09/2009,0.00545603370736665,0.143393961430046,12.6989841002127,37.0492106227569,343.454368063225,0,6.76606523868366,27.0642609547346,1.98282407862989,0,508.333333333333,133.333333333333,18.0428406364898,60.8945871481529,0.834873296265215,2.40026072676249,0.01375,0.011,0.01375,0.01375,0,0,0,0
06/09/2009,0,0,12.7724673251798,0,343.559669189209,0,0,0,0,0,508.333333333333,133.333333333333,0,0,0,0,0.01375,0.011,0.01375,0.01375,0,0,0,0
07/09/2009,0,0,12.8479420425803,0,343.6418999993,0,0,0,0,0,508.333333333333,133.333333333333,0,0,0,0,0.01375,0.011,0.01375,0.01375,0,0,0,0
08/09/2009,0,0,12.9253859102962,0,343.701036151433,0,0,0,0,0,508.333333333333,133.333333333333,0,0,0,0,0.01375,0.011,0.01375,0.01375,0,0,0,0
09/09/2009,0.000201534555594289,0.117947480984286,13.0047760032994,38.7795712930685,343.737060140052,0,7.98902159156326,31.956086366253,2.40321259966818,0,508.333333333333,133.333333333333,21.304057577502,71.9011943240694,1.01187898933397,2.90915209433517,0.01375,0.011,0.01375,0.01375,0,0,0,0
10/09/2009,0,0,13.0860888204375,0,343.749961301293,0,0,0,0,0,508.333333333333,133.333333333333,0,0,0,0,0.01375,0.011,0.01375,0.01375,0,0,0,0
11/09/2009,0,0,13.1693002913912,0,343.739735816136,0,0,0,0,0,508.333333333333,133.333333333333,0,0,0,0,0.01375,0.011,0.01375,0.01375,0,0,0,0
12/09/2009,0,0,13.2543857837993,0,343.706386711544,0,0,0,0,0,508.333333333333,133.333333333333,0,0,0,0,0.01375,0.011,0.01375,0.01375,0,0,0,0
13/09/2009,0,0,13.3413201105505,0,343.649923859559,0,0,0,0,0,508.333333333333,133.333333333333,0,0,0,0,0.01375,0.011,0.01375,0.01375,0,0,0,0
14/09/2009,0,0,13.4300775372393,0,343.570363974383,0,0,0,0,0,508.333333333333,133.333333333333,0,0,0,0,0.01375,0.011,0.01375,0.01375,0,0,0,0
15/09/2009,0,0,13.5206317897838,0,343.46773060743,0,0,0,0,0,508.333333333333,133.333333333333,0,0,0,0,0.01375,0.011,0.01375,0.01375,0,0,0,0
16/09/2009,0,0,13.6129560622039,0,343.342054140356,0,0,0,0,0,508.333333333333,133.333333333333,0,0,0,0,0.01375,0.011,0.01375,0.01375,0,0,0,0
17/09/2009,0,0,13.7070230245555,0,343.193371776061,0,0,0,0,0,508.333333333333,133.333333333333,0,0,0,0,0.01375,0.011,0.01375,0.01375,0,0,0,0
18/09/2009,0,0,13.8028048310218,0,343.021727527679,0,0,0,0,0,508.333333333333,133.333333333333,0,0,0,0,0.01375,0.011,0.01375,0.01375,0,0,0,0
19/09/2009,0,0,13.9002731281556,0,342.827172205552,0,0,0,0,0,508.333333333333,133.333333333333,0,0,0,0,0.01375,0.011,0.01375,0.01375,0,0,0,0
20/09/2009,0,0,13.9993990632724,0,342.609763402183,0,0,0,0,0,508.333333333333,133.333333333333,0,0,0,0,0.01375,0.011,0.01375,0.01375,0,0,0,0
21/09/2009,0,0,14.100153292992,0,342.369565475191,0,0,0,0,0,508.333333333333,133.333333333333,0,0,0,0,0.01375,0.011,0.01375,0.01375,0,0,0,0
22/09/2009,4.1728652941745e-05,0.112003374277331,14.2025059919243,39.1837705491415,342.10664952826,0,8.03997107762288,32.1598843104915,2.4192425132392,0,508.333333333333,133.333333333333,21.439922873661,72.3597396986059,1.01862842662703,2.92855672655271,0.01375,0.011,0.01375,0.01375,0,0,0,0
23/09/2009,0.000238672294128483,0.113370419779246,14.3064268614986,39.0908114550112,341.821093390089,0,8.02825354474932,32.1130141789973,2.41555590020823,0,508.333333333333,133.333333333333,21.4086761193315,72.2542819027439,1.01707616850873,2.92409398446259,0.01375,0.011,0.01375,0.01375,0,0,0,0
24/09/2009,7.32821721487049e-05,0.113628146728005,14.4118851389321,39.0732860224956,341.512981591355,0,8.0260444566171,32.1041778264684,2.41486086882383,0,508.333333333333,133.333333333333,21.4027852176456,72.2344001095539,1.0167835237153,2.92325263068148,0.01375,0.011,0.01375,0.01375,0,0,0,0
25/09/2009,0,0,14.5188496063369,0,341.182405339689,0,0,0,0,0,508.333333333333,133.333333333333,0,0,0,0,0.01375,0.011,0.01375,0.01375,0,0,0,0
26/09/2009,0,0,14.6272885999607,0,340.829462492675,0,0,0,0,0,508.333333333333,133.333333333333,0,0,0,0,0.01375,0.011,0.01375,0.01375,0,0,0,0
27/09/2009,0,0,14.7371700195604,0,340.454257528887,0,0,0,0,0,508.333333333333,133.333333333333,0,0,0,0,0.01375,0.011,0.01375,0.01375,0,0,0,0
28/09/2009,0,0,14.8484613379039,0,340.056901516956,0,0,0,0,0,508.333333333333,133.333333333333,0,0,0,0,0.01375,0.011,0.01375,0.01375,0,0,0,0
29/09/2009,0,0,14.9611296103994,0,339.637512082693,0,0,0,0,0,508.333333333333,133.333333333333,0,0,0,0,0.01375,0.011,0.01375,0.01375,0,0,0,0
30/09/2009,0,0,15.0751414848473,0,339.19621337427,0,0,0,0,0,508.333333333333,133.333333333333,0,0,0,0,0.01375,0.011,0.01375,0.01375,0,0,0,0
01/10/2009,0,0,15.1904632113135,0,338.73313602547,0,0,0,0,0,508.333333333333,133.333333333333,0,0,0,0,0.01375,0.011,0.01375,0.01375,0,0,0,0
02/10/2009,0,0,15.3070606521197,0,338.248417117015,0,0,0,0,0,508.333333333333,133.333333333333,0,0,0,0,0.01375,0.011,0.01375,0.01375,0,0,0,0
03/10/2009,0.0139384929025492,0.175917410067195,15.4248992919492,34.8376161154307,337.742200135988,0,5.87799651549586,23.5119860619834,1.70808748114595,0,508.333333333333,133.333333333333,15.6746573746556,52.9019686394627,0.719194728903556,2.06768484559772,0.01375,0.011,0.01375,0.01375,0,0,0,0
04/10/2009,0.0412082806309388,0.138309174167392,15.5439442480639,37.3949761566174,337.214634933357,0,5.4060502006289,21.6242008025156,1.50286079096218,0,508.333333333333,133.333333333333,14.4161338683437,48.6544518056601,0.632783490931444,1.8192525364279,0.01375,0.011,0.01375,0.01375,0,0,0,0
05/10/2009,0.0237516845131348,0.138577513193222,15.6641602806307,37.3767291028609,336.665877679617,0,5.33571932501495,21.3428773000598,1.4696820459828,0,508.333333333333,133.333333333333,14.2285848667065,48.0214739251346,0.618813493045388,1.77908879250549,0.01375,0.011,0.01375,0.01375,0,0,0,0
06/10/2009,0.00560458248561287,0.137292685467434,15.7855118031529,37.4640973882145,336.096090818561,0,7.00251547175191,28.0100618870077,2.06903400260442,0,508.333333333333,133.333333333333,18.6733745913384,63.0226392457672,0.871172211622916,2.50462010841588,0.01375,0.011,0.01375,0.01375,0,0,0,0
07/10/2009,0.00614279471247075,0.104707704703383,15.9079628930047,39.67987608017,335.50544301919,0,7.97248720196246,31.8899488078499,2.39293035478788,0,508.333333333333,133.333333333333,21.2599658718999,71.7523848176622,1.00754962306858,2.89670516632217,0.01375,0.011,0.01375,0.01375,0,0,0,0
08/10/2009,0.00330546702039138,0.10351955619736,16.0314773020651,39.7606701785795,334.894109125787,0,8.11268951830834,32.4507580732334,2.44212145490002,0,508.333333333333,133.333333333333,21.6338387154889,73.0142056647751,1.02826166522106,2.95625228751055,0.01375,0.011,0.01375,0.01375,0,0,0,0
09/10/2009,0.000229335423975112,0.121656615229524,16.1560184674478,38.5273501643924,334.262270106158,0,7.95722901231837,31.8289160492735,2.39320990215522,0,508.333333333333,133.333333333333,21.2192773661823,71.6150611108653,1.00766732722325,2.89704356576685,0.01375,0.011,0.01375,0.01375,0,0,0,0
10/10/2009,1.13399202106311e-05,0.118743321216322,16.2815495223251,38.7254541572901,333.610112998059,0,7.98220010386009,31.9288004154404,2.40106639826824,0,508.333333333333,133.333333333333,21.2858669436269,71.8398009347409,1.01097532558663,2.90655406106155,0.01375,0.011,0.01375,0.01375,0,0,0,0
11/10/2009,0.00153506510116269,0.106642820505499,16.408033306841,39.5482882056261,332.937830853834,0,8.08591868138144,32.3436747255258,2.4336987163142,0,508.333333333333,133.333333333333,21.5624498170172,72.7732681324329,1.0247152489744,2.9460563408014,0.01375,0.011,0.01375,0.01375,0,0,0,0
12/10/2009,0.000947456940942483,0.108292714369021,16.5354323791111,39.4360954229066,332.245622683264,0,8.07177673397982,32.2871069359193,2.42924932512096,0,508.333333333333,133.333333333333,21.5247379572795,72.6459906058184,1.02284182110356,2.94067023567274,0.01375,0.011,0.01375,0.01375,0,0,0,0
13/10/2009,0.00144225711619928,0.104693729018355,16.6637090263067,39.6808264267519,331.533693394657,0,8.10262517984267,32.4105007193707,2.4389549759376,0,508.333333333333,133.333333333333,21.6070004795805,72.9236266185841,1.02692841092109,2.95241918139814,0.01375,0.011,0.01375,0.01375,0,0,0,0
14/10/2009,0,0,16.792825275818,0,330.802253734189,0,0,0,0,0,508.333333333333,133.333333333333,0,0,0,0,0.01375,0.011,0.01375,0.01375,0,0,0,0
15/10/2009,0,0,16.9227429064953,0,330.051520223521,0,0,0,0,0,508.333333333333,133.333333333333,0,0,0,0,0.01375,0.011,0.01375,0.01375,0,0,0,0
16/10/2009,0.000775200777927643,0.107423452211792,17.053423459963,39.4952052495982,329.281715095704,0,8.07922755247036,32.3169102098814,2.43159352887401,0,508.333333333333,133.333333333333,21.5446068065876,72.7130479722332,1.02382885426274,2.94350795600538,0.01375,0.011,0.01375,0.01375,0,0,0,0
17/10/2009,0,0,17.1848282520041,0,328.49306622939,0,0,0,0,0,508.333333333333,133.333333333333,0,0,0,0,0.01375,0.011,0.01375,0.01375,0,0,0,0
18/10/2009,0,0,17.3169183840117,0,327.685807081381,0,0,0,0,0,508.333333333333,133.333333333333,0,0,0,0,0.01375,0.011,0.01375,0.01375,0,0,0,0
19/10/2009,0.00057291868344578,0.109397887724188,17.4496547545038,39.3609436347552,326.860176617513,0,8.06230381950696,32.2492152780278,2.42626892213735,0,508.333333333333,133.333333333333,21.4994768520186,72.5607343755626,1.02158691458415,2.93706237942943,0.01375,0.011,0.01375,0.01375,0,0,0,0
20/10/2009,0,0,17.5829980706979,0,326.016419241926,0,0,0,0,0,508.333333333333,133.333333333333,0,0,0,0,0.01375,0.011,0.01375,0.01375,0,0,0,0
21/10/2009,0,0,17.7169088601428,0,325.154784724706,0,0,0,0,0,508.333333333333,133.333333333333,0,0,0,0,0.01375,0.011,0.01375,0.01375,0,0,0,0
22/10/2009,0,0,17.8513474824032,0,324.275528127956,0,0,0,0,0,508.333333333333,133.333333333333,0,0,0,0,0.01375,0.011,0.01375,0.01375,0,0,0,0
23/10/2009,0,0,17.986274140794,0,323.378909730285,0,0,0,0,0,508.333333333333,133.333333333333,0,0,0,0,0.01375,0.011,0.01375,0.01375,0,0,0,0
24/10/2009,0,0,18.1216488941613,0,322.465194949768,0,0,0,0,0,508.333333333333,133.333333333333,0,0,0,0,0.01375,0.011,0.01375,0.01375,0,0,0,0
25/10/2009,0,0,18.2574316687051,0,321.534654265367,0,0,0,0,0,508.333333333333,133.333333333333,0,0,0,0,0.01375,0.011,0.01375,0.01375,0,0,0,0
26/10/2009,0.0493228876666196,0.13191672088313,18.393582269843,37.8296629799472,320.587563136873,0,5.92055956556368,23.6822382622547,1.72491541014987,0,508.333333333333,133.333333333333,15.7881588415031,53.2850360900731,0.726280172694684,2.08805549649722,0.01375,0.011,0.01375,0.01375,0,0,0,0
27/10/2009,0.11356252210853,0.115277539197769,18.5300603941077,38.9611273345517,319.624201923357,0,5.84451882861174,23.378075314447,1.69244678852668,0,508.333333333333,133.333333333333,15.5853835429646,52.6006694575057,0.712609174116497,2.04875137558493,0.01375,0.011,0.01375,0.01375,0,0,0,0
28/10/2009,0.0216147866650456,0.127301795643361,18.6668256410784,38.1434778962515,318.644855800181,0,5.76334170884675,23.053366835387,1.61790773715636,0,508.333333333333,133.333333333333,15.3689112235913,51.8700753796208,0.681224310381624,1.95851989234717,0.01375,0.011,0.01375,0.01375,0,0,0,0
29/10/2009,0,0,18.8038375253397,0,317.64981467458,0,0,0,0,0,508.333333333333,133.333333333333,0,0,0,0,0.01375,0.011,0.01375,0.01375,0,0,0,0
30/10/2009,0,0,18.9410554884664,0,316.639373099842,0,0,0,0,0,508.333333333333,133.333333333333,0,0,0,0,0.01375,0.011,0.01375,0.01375,0,0,0,0
31/10/2009,0,0,19.0784389110296,0,315.613830188116,0,0,0,0,0,508.333333333333,133.333333333333,0,0,0,0,0.01375,0.011,0.01375,0.01375,0,0,0,0
01/11/2009,0,0,19.2159471246209,0,314.573489521866,0,0,0,0,0,508.333333333333,133.333333333333,0,0,0,0,0.01375,0.011,0.01375,0.01375,0,0,0,0
02/11/2009,0,0,19.353539423891,0,313.518659064006,0,0,0,0,0,508.333333333333,133.333333333333,0,0,0,0,0.01375,0.011,0.01375,0.01375,0,0,0,0
03/11/2009,0,0,19.4911750785997,0,312.449651066735,0,0,0,0,0,508.333333333333,133.333333333333,0,0,0,0,0.01375,0.011,0.01375,0.01375,0,0,0,0
04/11/2009,0,0,19.6288133456723,0,311.366781979106,0,0,0,0,0,508.333333333333,133.333333333333,0,0,0,0,0.01375,0.011,0.01375,0.01375,0,0,0,0
05/11/2009,0,0,19.7664134812612,0,310.270372353347,0,0,0,0,0,508.333333333333,133.333333333333,0,0,0,0,0.01375,0.011,0.01375,0.01375,0,0,0,0
06/11/2009,0.000108412061880356,0.122341232407694,19.9039347528061,38.4807961962768,309.160746749974,0,7.95136086507691,31.8054434603076,2.39136364421667,0,508.333333333333,133.333333333333,21.2036289735384,71.5622477856922,1.00688995545965,2.8948086219465,0.01375,0.011,0.01375,0.01375,0,0,0,0
07/11/2009,0.00114892005822881,0.106970227948914,20.0413364510926,39.5260244994738,308.038233641712,0,8.08311233186645,32.3324493274658,2.43281577237003,0,508.333333333333,133.333333333333,21.5549662183105,72.7480109867981,1.02434348310317,2.94498751392161,0.01375,0.011,0.01375,0.01375,0,0,0,0
08/11/2009,0.00164519825492954,0.105215512964282,20.178577902302,39.6453451184288,306.903165316262,0,8.09815274602044,32.3926109840818,2.43754784245762,0,508.333333333333,133.333333333333,21.5950739893878,72.883374714184,1.02633593366636,2.9507158092908,0.01375,0.011,0.01375,0.01375,0,0,0,0
09/11/2009,0.00329801322821678,0.102826240967185,20.3156184800527,39.8078156142314,305.755877777935,0,8.11863222028127,32.4745288811251,2.44399116952075,0,508.333333333333,133.333333333333,21.6496859207501,73.0676899825315,1.02904891348242,2.95851562626196,0.01375,0.011,0.01375,0.01375,0,0,0,0
10/11/2009,0.000699705692802277,0.106330118151438,20.4524176174254,39.5695519657022,304.596710648189,0,8.08859898727339,32.3543959490936,2.4345420039529,0,508.333333333333,133.333333333333,21.5695972993957,72.7973908854605,1.02507031745385,2.94707716267982,0.01375,0.011,0.01375,0.01375,0,0,0,0
11/11/2009,0,0,20.5889348189725,0,303.42600706509,0,0,0,0,0,508.333333333333,133.333333333333,0,0,0,0,0.01375,0.011,0.01375,0.01375,0,0,0,0
12/11/2009,0,0,20.7251296727055,0,302.244113581744,0,0,0,0,0,508.333333333333,133.333333333333,0,0,0,0,0.01375,0.011,0.01375,0.01375,0,0,0,0
13/11/2009,0.000447113851357568,0.109787345351392,20.8609618620575,39.3344605161054,301.051380063702,0,8.05896561127379,32.2358624450951,2.42521864285883,0,508.333333333333,133.333333333333,21.4905749633968,72.5306905014641,1.02114469173003,2.93579098872384,0.01375,0.011,0.01375,0.01375,0,0,0,0
14/11/2009,0.0019891445553167,0.103794410680603,20.996391177818,39.741980073719,299.848159585395,0,8.11033362273769,32.4413344909508,2.44138023442263,0,508.333333333333,133.333333333333,21.6275563273005,72.9930026046392,1.02794957238848,2.95535502061687,0.01375,0.011,0.01375,0.01375,0,0,0,0
15/11/2009,0,0,21.1313775300357,0,298.634808325618,0,0,0,0,0,508.333333333333,133.333333333333,0,0,0,0,0.01375,0.011,0.01375,0.01375,0,0,0,0
16/11/2009,0,0,21.2658809598859,0,297.411685462092,0,0,0,0,0,508.333333333333,133.333333333333,0,0,0,0,0.01375,0.011,0.01375,0.01375,0,0,0,0
17/11/2009,0,0,21.399861651499,0,296.17915306514,0,0,0,0,0,508.333333333333,133.333333333333,0,0,0,0,0.01375,0.011,0.01375,0.01375,0,0,0,0
18/11/2009,0,0,21.5332799437473,0,294.937575990505,0,0,0,0,0,508.333333333333,133.333333333333,0,0,0,0,0.01375,0.011,0.01375,0.01375,0,0,0,0
19/11/2009,0,0,21.666096341985,0,293.68732177135,0,0,0,0,0,508.333333333333,133.333333333333,0,0,0,0,0.01375,0.011,0.01375,0.01375,0,0,0,0
20/11/2009,0,0,21.7982715297398,0,292.428760509454,0,0,0,0,0,508.333333333333,133.333333333333,0,0,0,0,0.01375,0.011,0.01375,0.01375,0,0,0,0
21/11/2009,0,0,21.9297663803513,0,291.162264765657,0,0,0,0,0,508.333333333333,133.333333333333,0,0,0,0,0.01375,0.011,0.01375,0.01375,0,0,0,0
22/11/2009,0,0,22.0605419685534,0,289.888209449576,0,0,0,0,0,508.333333333333,133.333333333333,0,0,0,0,0.01375,0.011,0.01375,0.01375,0,0,0,0
23/11/2009,0,0,22.1905595819968,0,288.606971708621,0,0,0,0,0,508.333333333333,133.333333333333,0,0,0,0,0.01375,0.011,0.01375,0.01375,0,0,0,0
24/11/2009,0.000440133432513505,0.239969778028507,22.3197807327088,30.4820550940615,287.31893081635,0,7.03656162625933,28.1462465050373,2.1276008276177,0,508.333333333333,133.333333333333,18.7641643366916,63.329054636334,0.895831927417979,2.57551679132669,0.01375,0.011,0.01375,0.01375,0,0,0,0
25/11/2009,0.000542276803039527,0.106568642365646,22.4481671684868,39.5533323191361,286.024468060202,0,8.08655449400875,32.346217976035,2.43389875800748,0,508.333333333333,133.333333333333,21.5641453173567,72.7789904460787,1.02479947705578,2.94629849653538,0.01375,0.011,0.01375,0.01375,0,0,0,0
26/11/2009,0,0,22.5756808842214,0,284.723966628621,0,0,0,0,0,508.333333333333,133.333333333333,0,0,0,0,0.01375,0.011,0.01375,0.01375,0,0,0,0
27/11/2009,0,0,22.7022841331467,0,283.417811497628,0,0,0,0,0,508.333333333333,133.333333333333,0,0,0,0,0.01375,0.011,0.01375,0.01375,0,0,0,0
28/11/2009,0.00170744351112864,0.103097544925152,22.8279394380145,39.7893669450897,282.10638931686,0,8.11630675778441,32.4652270311376,2.4432595240083,0,508.333333333333,133.333333333333,21.6434846874251,73.0467608200597,1.02874085221402,2.95762995011531,0.01375,0.011,0.01375,0.01375,0,0,0,0
29/11/2009,0,0,22.9526096021881,0,280.79008829511,0,0,0,0,0,508.333333333333,133.333333333333,0,0,0,0,0.01375,0.011,0.01375,0.01375,0,0,0,0
30/11/2009,0,0,23.0762577206533,0,279.469298085414,0,0,0,0,0,508.333333333333,133.333333333333,0,0,0,0,0.01375,0.011,0.01375,0.01375,0,0,0,0
01/12/2009,0.00116290758283517,0.105282600384804,23.1988471909432,39.6407831738333,278.144409669701,0,8.09757771098739,32.3903108439496,2.43736692283324,0,508.333333333333,133.333333333333,21.593540562633,72.8781993988866,1.02625975698242,2.95049680132445,0.01375,0.011,0.01375,0.01375,0,0,0,0
02/12/2009,0.00510323879084597,0.101798755057598,23.3203417239731,39.8776846560834,276.815815243058,0,8.12743924236345,32.5097569694538,2.44676206700596,0,508.333333333333,133.333333333333,21.6731713129692,73.146953181271,1.03021560716041,2.96186987058617,0.01375,0.011,0.01375,0.01375,0,0,0,0
03/12/2009,0.00057204001982726,0.105831861991186,23.4407053547832,39.6034333845993,275.483908097629,0,8.09286975436126,32.371479017445,2.43588568830764,0,508.333333333333,133.333333333333,21.58098601163,72.8358277892514,1.02563607928743,2.94870372795135,0.01375,0.011,0.01375,0.01375,0,0,0,0
04/12/2009,0,0,23.5599024531845,0,274.149082506192,0,0,0,0,0,508.333333333333,133.333333333333,0,0,0,0,0.01375,0.011,0.01375,0.01375,0,0,0,0
05/12/2009,0,0,23.6778977343065,0,272.811733605447,0,0,0,0,0,508.333333333333,133.333333333333,0,0,0,0,0.01375,0.011,0.01375,0.01375,0,0,0,0
06/12/2009,0,0,23.794656269042,0,271.472257279049,0,0,0,0,0,508.333333333333,133.333333333333,0,0,0,0,0.01375,0.011,0.01375,0.01375,0,0,0,0
07/12/2009,0,0,23.9101434943871,0,270.131050040415,0,0,0,0,0,508.333333333333,133.333333333333,0,0,0,0,0.01375,0.011,0.01375,0.01375,0,0,0,0
08/12/2009,0,0,24.0243252236724,0,268.788508915348,0,0,0,0,0,508.333333333333,133.333333333333,0,0,0,0,0.01375,0.011,0.01375,0.01375,0,0,0,0
09/12/2009,0,0,24.137167656683,0,267.445031324511,0,0,0,0,0,508.333333333333,133.333333333333,0,0,0,0,0.01375,0.011,0.01375,0.01375,0,0,0,0
10/12/2009,0,0,24.2486373896641,0,266.101014965779,0,0,0,0,0,508.333333333333,133.333333333333,0,0,0,0,0.01375,0.011,0.01375,0.01375,0,0,0,0
11/12/2009,0,0,24.3587014252095,0,264.756857696517,0,0,0,0,0,508.333333333333,133.333333333333,0,0,0,0,0.01375,0.011,0.01375,0.01375,0,0,0,0
12/12/2009,0,0,24.4673271820289,0,263.412957415799,0,0,0,0,0,508.333333333333,133.333333333333,0,0,0,0,0.01375,0.011,0.01375,0.01375,0,0,0,0
13/12/2009,0,0,24.5744825045931,0,262.069711946626,0,0,0,0,0,508.333333333333,133.333333333333,0,0,0,0,0.01375,0.011,0.01375,0.01375,0,0,0,0
14/12/2009,0,0,24.680135672653,0,260.727518918163,0,0,0,0,0,508.333333333333,133.333333333333,0,0,0,0,0.01375,0.011,0.01375,0.01375,0,0,0,0
15/12/2009,0,0,24.7842554106286,0,259.386775648026,0,0,0,0,0,508.333333333333,133.333333333333,0,0,0,0,0.01375,0.011,0.01375,0.01375,0,0,0,0
16/12/2009,0,0,24.8868108968681,0,258.047879024676,0,0,0,0,0,508.333333333333,133.333333333333,0,0,0,0,0.01375,0.011,0.01375,0.01375,0,0,0,0
17/12/2009,0,0,24.9877717727713,0,256.711225389925,0,0,0,0,0,508.333333333333,133.333333333333,0,0,0,0,0.01375,0.011,0.01375,0.01375,0,0,0,0
18/12/2009,0.00473273804232961,0.134689252554253,25.0871081517765,37.6411308263108,255.377210421614,0,7.78175354598008,31.1270141839203,2.36598704678682,0,508.333333333333,133.333333333333,20.7513427892802,70.0357819138207,0.996205072331293,2.86408958295247,0.01375,0.011,0.01375,0.01375,0,0,0,0
19/12/2009,0.0101396118768183,0.101284850551633,25.1847906282074,39.912630162489,254.046229016481,0,8.05282290636547,32.2112916254619,2.41997574102382,0,508.333333333333,133.333333333333,21.4741944169746,72.4754061572893,1.01893715411529,2.92944431808147,0.01375,0.011,0.01375,0.01375,0,0,0,0
20/12/2009,0.0104347755015427,0.113459031867124,25.2807902859783,39.0847858330356,252.718675173266,0,6.5251603341445,26.100641336578,1.88050890955033,0,508.333333333333,133.333333333333,17.4004275577187,58.7264430073005,0.791793225073824,2.27640552208724,0.01375,0.011,0.01375,0.01375,0,0,0,0
21/12/2009,0,0,25.3750787071532,0,251.394941876079,0,0,0,0,0,508.333333333333,133.333333333333,0,0,0,0,0.01375,0.011,0.01375,0.01375,0,0,0,0
22/12/2009,0,0,25.4676279803587,0,250.075420978066,0,0,0,0,0,508.333333333333,133.333333333333,0,0,0,0,0.01375,0.011,0.01375,0.01375,0,0,0,0
23/12/2009,0,0,25.5584107090458,0,248.760503085413,0,0,0,0,0,508.333333333333,133.333333333333,0,0,0,0,0.01375,0.011,0.01375,0.01375,0,0,0,0
24/12/2009,0,0,25.6474000196006,0,247.45057744172,0,0,0,0,0,508.333333333333,133.333333333333,0,0,0,0,0.01375,0.011,0.01375,0.01375,0,0,0,0
25/12/2009,0,0,25.7345695692986,0,246.146031812774,0,0,0,0,0,508.333333333333,133.333333333333,0,0,0,0,0.01375,0.011,0.01375,0.01375,0,0,0,0
26/12/2009,0.0132457152806817,0.153295646502863,25.8198935541034,36.3758960378053,244.847252371766,0,6.19962148242514,24.7984859297006,1.81600768075847,0,508.333333333333,133.333333333333,16.5323239531337,55.7965933418263,0.764634812950936,2.19832508723394,0.01375,0.011,0.01375,0.01375,0,0,0,0
27/12/2009,0.0270946857442766,0.122169707272197,25.9033467163048,38.4924599054906,243.55462358497,0,5.43334420043968,21.7333768017587,1.49435431855794,0,508.333333333333,133.333333333333,14.4889178678392,48.9000978039571,0.629201818340186,1.80895522772804,0.01375,0.011,0.01375,0.01375,0,0,0,0
28/12/2009,0.0434091899883257,0.12168853940607,25.984904351996,38.5251793203872,242.268528097937,0,5.99463742032464,23.9785496812985,1.73631829788826,0,508.333333333333,133.333333333333,15.9856997875324,53.9517367829217,0.731081388584529,2.10185899218052,0.01375,0.011,0.01375,0.01375,0,0,0,0
29/12/2009,0.0502550602596294,0.105429287729864,26.0645423183859,39.6308084343692,240.989346622224,0,5.71678143117932,22.8671257247173,1.58718761508947,0,508.333333333333,133.333333333333,15.2447504831449,51.4510328806139,0.668289522142933,1.92133237616093,0.01375,0.011,0.01375,0.01375,0,0,0,0
30/12/2009,0,0,26.1422370409468,0,239.717457822691,0,0,0,0,0,508.333333333333,133.333333333333,0,0,0,0,0.01375,0.011,0.01375,0.01375,0,0,0,0
31/12/2009,0,0,26.2179655203918,0,238.453238205414,0,0,0,0,0,508.333333333333,133.333333333333,0,0,0,0,0.01375,0.011,0.01375,0.01375,0,0,0,0
01/01/2010,0,0,26.3051371179797,0,236.96541410873,0,0,0,0,0,508.333333333333,133.333333333333,0,0,0,0,0.01375,0.011,0.01375,0.01375,0,0,0,0
02/01/2010,0.000461353472134197,0.107521739640562,26.3764918925008,39.4885217044418,235.719251726306,0,8.07838508879518,32.3135403551807,2.43132846987255,0,508.333333333333,133.333333333333,21.5423602367872,72.7054657991566,1.02371725047265,2.94318709510887,0.01375,0.011,0.01375,0.01375,0,0,0,0
03/01/2010,0.00963376771796123,0.140528917451883,26.4458110794992,37.2440336132719,234.481942079986,0,6.37911146616231,25.5164458646492,1.85732415751105,0,508.333333333333,133.333333333333,17.0109639097662,57.4120031954608,0.782031224215179,2.24833976961864,0.01375,0.011,0.01375,0.01375,0,0,0,0
04/01/2010,0.0162970644487021,0.115274833255936,26.5130741590243,38.9613113385964,233.253851439682,0,5.97909939534629,23.9163975813852,1.68789503994135,0,508.333333333333,133.333333333333,15.9442650542568,53.8118945581166,0.710692648396358,2.04324136413953,0.01375,0.011,0.01375,0.01375,0,0,0,0
05/01/2010,0.00342380017954464,0.101979640043976,26.5782612197774,39.8653844770096,232.035343346284,0,8.12588879962306,32.5035551984923,2.4462742610427,0,508.333333333333,133.333333333333,21.6690367989948,73.1329991966076,1.03001021517587,2.96127936863063,0.01375,0.011,0.01375,0.01375,0,0,0,0
06/01/2010,0,0,26.6413529650052,0,230.826778504046,0,0,0,0,0,508.333333333333,133.333333333333,0,0,0,0,0.01375,0.011,0.01375,0.01375,0,0,0,0
07/01/2010,0.000675951013549609,0.106812764040279,26.7023307182122,39.5367320452611,229.628514673805,0,8.0844620225119,32.3378480900476,2.43324041697525,0,508.333333333333,133.333333333333,21.5585653933651,72.7601582026071,1.02452228083168,2.94550155739109,0.01375,0.011,0.01375,0.01375,0,0,0,0
08/01/2010,0,0,26.7611764286895,0,228.440906567085,0,0,0,0,0,508.333333333333,133.333333333333,0,0,0,0,0.01375,0.011,0.01375,0.01375,0,0,0,0
09/01/2010,0,0,26.817872676858,0,227.264305741087,0,0,0,0,0,508.333333333333,133.333333333333,0,0,0,0,0.01375,0.011,0.01375,0.01375,0,0,0,0
10/01/2010,0,0,26.8724026794253,0,226.099060494622,0,0,0,0,0,508.333333333333,133.333333333333,0,0,0,0,0.01375,0.011,0.01375,0.01375,0,0,0,0
11/01/2010,0,0,26.9247502943533,0,224.945515765012,0,0,0,0,0,508.333333333333,133.333333333333,0,0,0,0,0.01375,0.011,0.01375,0.01375,0,0,0,0
12/01/2010,0,0,26.9749000256372,0,223.804013025974,0,0,0,0,0,508.333333333333,133.333333333333,0,0,0,0,0.01375,0.011,0.01375,0.01375,0,0,0,0
13/01/2010,0,0,27.0228370278924,0,222.674890186543,0,0,0,0,0,508.333333333333,133.333333333333,0,0,0,0,0.01375,0.011,0.01375,0.01375,0,0,0,0
14/01/2010,0.030814279085107,0.124926558073226,27.0685471107489,38.3049940510206,221.55848149104,0,6.18800051395039,24.7520020558016,1.81012064559891,0,508.333333333333,133.333333333333,16.5013347038677,55.6920046255535,0.762156061304805,2.19119867625132,0.01375,0.011,0.01375,0.01375,0,0,0,0
15/01/2010,0.0489315367999158,0.10514907253327,27.1120167430522,39.6498630677377,220.45511742013,0,5.55471496429423,22.2188598571769,1.52909152605963,0,508.333333333333,133.333333333333,14.8125732381179,49.992434678648,0.643828010972478,1.85100553154587,0.01375,0.011,0.01375,0.01375,0,0,0,0
16/01/2010,0.00104128901572906,0.104435580624767,27.1532330568687,39.6983805175158,219.365124592991,0,8.10483788035914,32.4193515214365,2.43965114386353,0,508.333333333333,133.333333333333,21.612901014291,72.9435409232322,1.02722153425833,2.95326191099269,0.01375,0.011,0.01375,0.01375,0,0,0,0
17/01/2010,0,0,27.1921838512949,0,218.28882567063,0,0,0,0,0,508.333333333333,133.333333333333,0,0,0,0,0.01375,0.011,0.01375,0.01375,0,0,0,0
18/01/2010,0.000611848654078672,0.103936055635553,27.2288575960691,39.7323482167824,217.226539260369,0,8.10911952312383,32.4364780924953,2.44099824996348,0,508.333333333333,133.333333333333,21.6243187283302,72.9820757081145,1.02778873682673,2.95489261837684,0.01375,0.011,0.01375,0.01375,0,0,0,0
19/01/2010,0.00313490777051753,0.101872988442775,27.2632434349846,39.8726367858913,216.178579821526,0,8.12680295620479,32.5072118248192,2.44656187632852,0,508.333333333333,133.333333333333,21.6714745498794,73.1412266058431,1.03013131634885,2.96162753450294,0.01375,0.011,0.01375,0.01375,0,0,0,0
20/01/2010,0,0,27.2953311891033,0,215.145257572335,0,0,0,0,0,508.333333333333,133.333333333333,0,0,0,0,0.01375,0.011,0.01375,0.01375,0,0,0,0
21/01/2010,0,0,27.3251113597692,0,214.126878398107,0,0,0,0,0,508.333333333333,133.333333333333,0,0,0,0,0.01375,0.011,0.01375,0.01375,0,0,0,0
22/01/2010,0,0,27.3525751314198,0,213.12374376069,0,0,0,0,0,508.333333333333,133.333333333333,0,0,0,0,0.01375,0.011,0.01375,0.01375,0,0,0,0
23/01/2010,0,0,27.3777143741959,0,212.136150609223,0,0,0,0,0,508.333333333333,133.333333333333,0,0,0,0,0.01375,0.011,0.01375,0.01375,0,0,0,0
24/01/2010,1.93252370715648e-05,0.115556484845646,27.4005216463481,38.9421590304961,211.164391292236,0,8.00951584418018,32.0380633767207,2.40966057635174,0,508.333333333333,133.333333333333,21.3587089178138,72.0856425976216,1.01459392688494,2.91695753979421,0.01375,0.011,0.01375,0.01375,0,0,0,0
25/01/2010,0.000480425173670204,0.106074797527552,27.4209901964399,39.5869137681265,210.208753471109,0,8.09078744976384,32.3631497990554,2.43523054602247,0,508.333333333333,133.333333333333,21.5754331993702,72.8170870478746,1.0253602299042,2.94791066097457,0.01375,0.011,0.01375,0.01375,0,0,0,0
26/01/2010,0,0,27.4391139653462,0,209.269520034914,0,0,0,0,0,508.333333333333,133.333333333333,0,0,0,0,0.01375,0.011,0.01375,0.01375,0,0,0,0
27/01/2010,0.000154147914252819,0.108939625048645,27.4548875880467,39.3921054966922,208.346969016682,0,8.06623178529733,32.2649271411893,2.42750475309462,0,508.333333333333,133.333333333333,21.5099514274596,72.596086067676,1.02210726446089,2.93855838532507,0.01375,0.011,0.01375,0.01375,0,0,0,0
28/01/2010,0.000556573270222657,0.106695776080427,27.4683063952143,39.544687226531,207.441373511089,0,8.08546477645348,32.3418591058139,2.43355590708633,0,508.333333333333,133.333333333333,21.561239403876,72.7691829880814,1.02465511877319,2.94588346647293,0.01375,0.011,0.01375,0.01375,0,0,0,0
29/01/2010,0.003072729569753,0.102534135291844,27.4793664145975,39.8276788001546,206.553001593623,0,8.1250333919862,32.5001335679448,2.44700839801669,0,508.333333333333,133.333333333333,21.6667557119632,73.1253005278758,1.03031932548071,2.96216806075705,0.01375,0.011,0.01375,0.01375,0,0,0,0
30/01/2010,0.0110291967598023,0.105354957416692,27.4880643721958,39.6358628956649,205.682116241223,0,6.98963832102901,27.958553284116,2.04214006142363,0,508.333333333333,133.333333333333,18.639035522744,62.9067448892611,0.859848446915212,2.47206428488124,0.01375,0.011,0.01375,0.01375,0,0,0,0
31/01/2010,0.0043031226071808,0.126003603208,27.4943976932292,38.231754981856,204.828975254433,0,8.02528060401141,32.1011224160456,2.4417297581902,0,508.333333333333,133.333333333333,21.4007482773638,72.2275254361027,1.02809674029061,2.9557781283355,0.01375,0.011,0.01375,0.01375,0,0,0,0
01/02/2010,0.00708264046844901,0.100952930760195,27.4983645029001,39.9352007083067,203.993831181091,0,8.13468916491261,32.5387566596504,2.44904306414347,0,508.333333333333,133.333333333333,21.692504439767,73.2122024842135,1.03117602700778,2.96463107764736,0.01375,0.011,0.01375,0.01375,0,0,0,0
02/02/2010,0.0031252414773612,0.10199972405304,27.4999636269489,39.8640187643933,203.176931241564,0,8.12571665097394,32.5028666038958,2.44622009900535,0,508.333333333333,133.333333333333,21.6685777359305,73.1314498587655,1.02998741010752,2.96121380405911,0.01375,0.011,0.01375,0.01375,0,0,0,0
03/02/2010,0.00961815143183035,0.120569617164558,27.4991945920008,38.60126603281,202.37851725557,0,6.79139756736748,27.1655902694699,1.99343220356761,0,508.333333333333,133.333333333333,18.1103935129799,61.1225781063073,0.839339875186362,2.41310214116079,0.01375,0.011,0.01375,0.01375,0,0,0,0
04/02/2010,0.0830413058325779,0.111967434671908,27.4960576257065,39.1862144423102,201.59882557059,0,6.61771502167145,26.4708600866858,2.03264117381257,0,508.333333333333,133.333333333333,17.6472400577905,59.559435195043,0.855848915289501,2.46056563145732,0.01375,0.011,0.01375,0.01375,0,0,0,0
05/02/2010,0.0439442296590334,0.105686094713358,27.4905536566747,39.6133455594916,200.838086991908,0,5.71026425904743,22.8410570361897,1.58630535551344,0,508.333333333333,133.333333333333,15.2273713574598,51.3923783314269,0.667918044426712,1.9202643777268,0.01375,0.011,0.01375,0.01375,0,0,0,0
06/02/2010,0.0691268660281978,0.133456771602101,27.4826843141968,37.7249395310571,200.096526714289,0,6.92871819997996,27.7148727999198,2.20896634130348,0,508.333333333333,133.333333333333,18.4765818666132,62.3584637998196,0.930091091075148,2.67401188684105,0.01375,0.011,0.01375,0.01375,0,0,0,0
07/02/2010,0.577492491305795,0.135402901106518,27.4724519277653,37.5926027247568,199.374364255309,0,6.68912570892294,26.7565028356917,2.13582949515583,0,508.333333333333,133.333333333333,17.8376685571278,60.2021313803064,0.899296629539297,2.58547780992548,0.01375,0.011,0.01375,0.01375,0,0,0,0
08/02/2010,0.488960488992415,0.166430469670667,27.4598595263838,35.4827280623946,198.671813390382,0,5.75007124114543,23.0002849645817,1.75593675869045,0,508.333333333333,133.333333333333,15.3335233097212,51.7506411703089,0.739341793132823,2.12560765525687,0.01375,0.011,0.01375,0.01375,0,0,0,0
09/02/2010,0.123739389083319,0.299297932307721,27.4449108376702,26.447740603075,197.989082089472,0,4.76410373720778,19.0564149488311,1.47397599183536,0,508.333333333333,133.333333333333,12.7042766325541,42.8769336348701,0.620621470246467,1.78428672695859,0.01375,0.011,0.01375,0.01375,0,0,0,0
10/02/2010,0.0418061583780276,0.557662625891779,27.4276102867536,8.87894143935902,197.326372455532,0,1.46102037568246,5.84408150272986,0.327015445968916,0,508.333333333333,133.333333333333,3.89605433515324,13.1491833811422,0.137690714092175,0.395860803015004,0.01375,0.011,0.01375,0.01375,0,0,0,0
11/02/2010,0.0305906520489995,0.6,27.4079629949642,6,196.683880664676,0,0.857142857142857,3.42857142857143,0.12258064516129,0,508.333333333333,133.333333333333,2.28571428571429,7.71428571428572,0.0516129032258065,0.148387096774194,0.01375,0.011,0.01375,0.01375,0,0,0,0
12/02/2010,0.0224570386923547,0.6,27.3859747783173,6,196.061796908109,0,0.857142857142857,3.42857142857143,0.12258064516129,0,508.333333333333,133.333333333333,2.28571428571429,7.71428571428572,0.0516129032258065,0.148387096774194,0.01375,0.011,0.01375,0.01375,0,0,0,0
13/02/2010,0.0349691457355358,0.509407025648087,27.3616521457917,12.1603222559301,195.460305335824,0,1.80382526499464,7.21530105997854,0.408788548653292,0,508.333333333333,133.333333333333,4.81020070665236,16.2344273849517,0.172121494169807,0.494849295738195,0.01375,0.011,0.01375,0.01375,0,0,0,0
14/02/2010,0.050200475444327,0.354345996952695,27.3350022974027,22.7044722072167,194.87958400209,0,3.28617795907828,13.1447118363131,0.857820527962387,0,508.333333333333,133.333333333333,8.76314122420874,29.5756016317045,0.361187590721005,1.03841432332289,0.01375,0.011,0.01375,0.01375,0,0,0,0
15/02/2010,0.0404485242087234,0.31896392857419,27.3060331220709,25.1104528569551,194.319804812745,0,3.50209380278481,14.0083752111392,0.913076860074836,0,508.333333333333,133.333333333333,9.33891680742615,31.5188442250633,0.384453414768352,1.10530356745901,0.01375,0.011,0.01375,0.01375,0,0,0,0
16/02/2010,0.0199397998298402,0.436612491927358,27.274753195287,17.1103505489397,193.781133474307,0,2.41642911172051,9.66571644688203,0.589743350751295,0,508.333333333333,133.333333333333,6.44381096458802,21.7478620054846,0.248312989790019,0.713899845646304,0.01375,0.011,0.01375,0.01375,0,0,0,0
17/02/2010,0.00944864770924023,0.6,27.2411717765731,6,193.263729444924,0,0.857142857142857,3.42857142857143,0.12258064516129,0,508.333333333333,133.333333333333,2.28571428571429,7.71428571428572,0.0516129032258065,0.148387096774194,0.01375,0.011,0.01375,0.01375,0,0,0,0
18/02/2010,0.00812630340765421,0.6,27.2052988067417,6,192.767745887169,0,0.857142857142857,3.42857142857143,0.12258064516129,0,508.333333333333,133.333333333333,2.28571428571429,7.71428571428572,0.0516129032258065,0.148387096774194,0.01375,0.011,0.01375,0.01375,0,0,0,0
19/02/2010,0.00711203803456039,0.6,27.1671449049533,6,192.293329622699,0,0.857142857142857,3.42857142857143,0.12258064516129,0,508.333333333333,133.333333333333,2.28571428571429,7.71428571428572,0.0516129032258065,0.148387096774194,0.01375,0.011,0.01375,0.01375,0,0,0,0
20/02/2010,0.00513942322743152,0.6,27.1267213655722,6,191.840621088795,0,0.857142857142857,3.42857142857143,0.12258064516129,0,508.333333333333,133.333333333333,2.28571428571429,7.71428571428572,0.0516129032258065,0.148387096774194,0.01375,0.011,0.01375,0.01375,0,0,0,0
21/02/2010,0.000448745772647235,0.6,27.0840401548241,6,191.409754296791,0,0.857142857142857,3.42857142857143,0.12258064516129,0,508.333333333333,133.333333333333,2.28571428571429,7.71428571428572,0.0516129032258065,0.148387096774194,0.01375,0.011,0.01375,0.01375,0,0,0,0
22/02/2010,0,0,27.0391139072529,0,191.000856792401,0,0,0,0,0,508.333333333333,133.333333333333,0,0,0,0,0.01375,0.011,0.01375,0.01375,0,0,0,0
23/02/2010,0,0,26.9919559219814,0,190.614049617962,0,0,0,0,0,508.333333333333,133.333333333333,0,0,0,0,0.01375,0.011,0.01375,0.01375,0,0,0,0
24/02/2010,0.00298468201371574,0.6,26.9425801587739,6,190.249447276606,0,0.857142857142857,3.42857142857143,0.12258064516129,0,508.333333333333,133.333333333333,2.28571428571429,7.71428571428572,0.0516129032258065,0.148387096774194,0.01375,0.011,0.01375,0.01375,0,0,0,0
25/02/2010,0.00151045410457225,0.6,26.891001233904,6,189.907157698364,0,0.857142857142857,3.42857142857143,0.12258064516129,0,508.333333333333,133.333333333333,2.28571428571429,7.71428571428572,0.0516129032258065,0.148387096774194,0.01375,0.011,0.01375,0.01375,0,0,0,0
26/02/2010,0.00156600650162871,0.6,26.8372344158281,6,189.587282208215,0,0.857142857142857,3.42857142857143,0.12258064516129,0,508.333333333333,133.333333333333,2.28571428571429,7.71428571428572,0.0516129032258065,0.148387096774194,0.01375,0.011,0.01375,0.01375,0,0,0,0
27/02/2010,0,0,26.7812956206654,0,189.28991549609,0,0,0,0,0,508.333333333333,133.333333333333,0,0,0,0,0.01375,0.011,0.01375,0.01375,0,0,0,0
28/02/2010,0,0,26.7232014074861,0,189.015145588848,0,0,0,0,0,508.333333333333,133.333333333333,0,0,0,0,0.01375,0.011,0.01375,0.01375,0,0,0,0
01/03/2010,0.0127030925848894,0.308259377398299,26.6629689734102,25.8383623369157,188.763053824211,0,4.16644710912011,16.6657884364804,1.14934928980261,0,508.333333333333,133.333333333333,11.1105256243203,37.498023982081,0.483936543074784,1.39131756134001,0.01375,0.011,0.01375,0.01375,0,0,0,0
02/03/2010,0.0241074663894592,0.215275084848134,26.6006161485163,32.1612942303269,188.533714826692,0,4.62533435851614,18.5013374340646,1.25874994392409,0,508.333333333333,133.333333333333,12.334224956043,41.6280092266452,0.529999976389089,1.52374993211863,0.01375,0.011,0.01375,0.01375,0,0,0,0
03/03/2010,0.0085588054905217,0.260897822968973,26.5361613905638,29.0589480381099,188.327196485501,0,4.56071224552491,18.2428489820996,1.25940392851513,0,508.333333333333,133.333333333333,12.1618993213998,41.0464102097242,0.53027533832216,1.52454159767621,0.01375,0.011,0.01375,0.01375,0,0,0,0
04/03/2010,0.000122827089305582,0.562862684702645,26.4696237795288,8.52533744022011,188.143559934448,0,1.01630277984581,4.06521111938322,0.158999173710954,0,508.333333333333,133.333333333333,2.71014074625548,9.14672501861225,0.0669470205098755,0.192472683965892,0.01375,0.011,0.01375,0.01375,0,0,0,0
05/03/2010,0.00228821872892997,0.462138786544181,26.4010230119562,15.3745625149957,187.98285953385,0,2.29009909703126,9.16039638812505,0.558412417635872,0,508.333333333333,133.333333333333,6.1069309254167,20.6108918732814,0.235121017951946,0.675972926611845,0.01375,0.011,0.01375,0.01375,0,0,0,0
06/03/2010,0.0276797941141619,0.190823140285637,26.3303793951287,33.8240264605767,187.845142854435,0,5.4531544418564,21.8126177674256,1.56613922594703,0,508.333333333333,133.333333333333,14.5417451782837,49.0783899767076,0.659427042504011,1.89585274719903,0.01375,0.011,0.01375,0.01375,0,0,0,0
07/03/2010,0.0447521888968027,0.152051642561903,26.2577138410562,36.4604883057906,187.730450663264,0,5.15973518875282,20.6389407550113,1.413730006709,0,508.333333333333,133.333333333333,13.7592938366742,46.4376166987754,0.595254739666948,1.71135737654247,0.01375,0.011,0.01375,0.01375,0,0,0,0
08/03/2010,0,0,26.1830478602847,0,187.638816911658,0,0,0,0,0,508.333333333333,133.333333333333,0,0,0,0,0.01375,0.011,0.01375,0.01375,0,0,0,0
09/03/2010,0,0,26.1064035555288,0,187.570268725153,0,0,0,0,0,508.333333333333,133.333333333333,0,0,0,0,0.01375,0.011,0.01375,0.01375,0,0,0,0
10/03/2010,0,0,26.0278036151292,0,187.524826395466,0,0,0,0,0,508.333333333333,133.333333333333,0,0,0,0,0.01375,0.011,0.01375,0.01375,0,0,0,0
11/03/2010,0,0,25.9472713063363,0,187.502503374491,0,0,0,0,0,508.333333333333,133.333333333333,0,0,0,0,0.01375,0.011,0.01375,0.01375,0,0,0,0
12/03/2010,0,0,25.8648304684224,0,187.503306270316,0,0,0,0,0,508.333333333333,133.333333333333,0,0,0,0,0.01375,0.011,0.01375,0.01375,0,0,0,0
13/03/2010,0,0,25.7805055056248,0,187.527234845267,0,0,0,0,0,508.333333333333,133.333333333333,0,0,0,0,0.01375,0.011,0.01375,0.01375,0,0,0,0
14/03/2010,0,0,25.6943213799221,0,187.574282015978,0,0,0,0,0,508.333333333333,133.333333333333,0,0,0,0,0.01375,0.011,0.01375,0.01375,0,0,0,0
15/03/2010,0,0,25.6063036036443,0,187.644433855488,0,0,0,0,0,508.333333333333,133.333333333333,0,0,0,0,0.01375,0.011,0.01375,0.01375,0,0,0,0
16/03/2010,0,0,25.516478231921,0,187.737669597364,0,0,0,0,0,508.333333333333,133.333333333333,0,0,0,0,0.01375,0.011,0.01375,0.01375,0,0,0,0
17/03/2010,0,0,25.4248718549683,0,187.853961641847,0,0,0,0,0,508.333333333333,133.333333333333,0,0,0,0,0.01375,0.011,0.01375,0.01375,0,0,0,0
18/03/2010,0,0,25.3315115902177,0,187.993275564026,0,0,0,0,0,508.333333333333,133.333333333333,0,0,0,0,0.01375,0.011,0.01375,0.01375,0,0,0,0
19/03/2010,0,0,25.2364250742888,0,188.155570124022,0,0,0,0,0,508.333333333333,133.333333333333,0,0,0,0,0.01375,0.011,0.01375,0.01375,0,0,0,0
20/03/2010,0,0,25.1396404548081,0,188.340797279202,0,0,0,0,0,508.333333333333,133.333333333333,0,0,0,0,0.01375,0.011,0.01375,0.01375,0,0,0,0
21/03/2010,0,0,25.0411863820767,0,188.548902198397,0,0,0,0,0,508.333333333333,133.333333333333,0,0,0,0,0.01375,0.011,0.01375,0.01375,0,0,0,0
22/03/2010,0,0,24.9410920005895,0,188.779823278136,0,0,0,0,0,508.333333333333,133.333333333333,0,0,0,0,0.01375,0.011,0.01375,0.01375,0,0,0,0
23/03/2010,0,0,24.8393869404073,0,189.033492160877,0,0,0,0,0,508.333333333333,133.333333333333,0,0,0,0,0.01375,0.011,0.01375,0.01375,0,0,0,0
24/03/2010,0,0,24.7361013083863,0,189.30983375525,0,0,0,0,0,508.333333333333,133.333333333333,0,0,0,0,0.01375,0.011,0.01375,0.01375,0,0,0,0
25/03/2010,0,0,24.6312656792653,0,189.608766258277,0,0,0,0,0,508.333333333333,133.333333333333,0,0,0,0,0.01375,0.011,0.01375,0.01375,0,0,0,0
26/03/2010,0,0,24.5249110866152,0,189.930201179595,0,0,0,0,0,508.333333333333,133.333333333333,0,0,0,0,0.01375,0.011,0.01375,0.01375,0,0,0,0
27/03/2010,0,0,24.4170690136522,0,190.274043367646,0,0,0,0,0,508.333333333333,133.333333333333,0,0,0,0,0.01375,0.011,0.01375,0.01375,0,0,0,0
28/03/2010,0,0,24.3077713839186,0,190.640191037846,0,0,0,0,0,508.333333333333,133.333333333333,0,0,0,0,0.01375,0.011,0.01375,0.01375,0,0,0,0
29/03/2010,0,0,24.1970505518319,0,191.028535802714,0,0,0,0,0,508.333333333333,133.333333333333,0,0,0,0,0.01375,0.011,0.01375,0.01375,0,0,0,0
30/03/2010,0.0210829558629713,0.197287571773476,24.0849392931081,33.3844451194036,191.438962703959,0,5.40588943248206,21.6235577299282,1.55278171325092,0,508.333333333333,133.333333333333,14.4157051532855,48.6530048923385,0.653802826631966,1.8796831265669,0.01375,0.011,0.01375,0.01375,0,0,0,0
31/03/2010,0.0612160942959604,0.14277574575203,23.9714707950588,37.0912492888619,191.871350246509,0,5.37618979523941,21.5047591809576,1.50176837217832,0,508.333333333333,133.333333333333,14.3365061206384,48.3857081571547,0.632323525127712,1.81793013474217,0.01375,0.011,0.01375,0.01375,0,0,0,0
01/04/2010,0.0389282612177095,0.142194922035332,23.8566786467673,37.1307453015974,192.325570434476,0,5.20421428575287,20.8168571430115,1.4242025048062,0,508.333333333333,133.333333333333,13.8779047620076,46.8379285717758,0.599664212549978,1.72403461108119,0.01375,0.011,0.01375,0.01375,0,0,0,0
02/04/2010,0,0,23.7405968291455,0,192.801488809045,0,0,0,0,0,508.333333333333,133.333333333333,0,0,0,0,0.01375,0.011,0.01375,0.01375,0,0,0,0
03/04/2010,0,0,23.6232597048746,0,193.298964488279,0,0,0,0,0,508.333333333333,133.333333333333,0,0,0,0,0.01375,0.011,0.01375,0.01375,0,0,0,0
04/04/2010,0,0,23.5047020082334,0,193.817850208819,0,0,0,0,0,508.333333333333,133.333333333333,0,0,0,0,0.01375,0.011,0.01375,0.01375,0,0,0,0
05/04/2010,4.9822646136317e-05,0.113466886686061,23.3849588348159,39.0842517053478,194.357992369482,0,8.02742668554805,32.1097067421922,2.4152957507434,0,508.333333333333,133.333333333333,21.4064711614615,72.2468401699324,1.01696663189196,2.92377906668937,0.01375,0.011,0.01375,0.01375,0,0,0,0
06/04/2010,0.000191241854838622,0.113032953902965,23.2640656311426,39.1137591345984,194.919231076725,0,8.03114610940316,32.1245844376126,2.41646596947459,0,508.333333333333,133.333333333333,21.4163896250751,72.2803149846285,1.01745935556825,2.92519564725871,0.01375,0.011,0.01375,0.01375,0,0,0,0
07/04/2010,0.0140897082078962,0.216063638235684,23.142058184167,32.1076725999735,195.501400191981,0,5.22168209989176,20.886728399567,1.48525528767264,0,508.333333333333,133.333333333333,13.9244855997114,46.9951388990258,0.62537064744111,1.79794061139319,0.01375,0.011,0.01375,0.01375,0,0,0,0
08/04/2010,0.019389875101274,0.152184936743905,23.0189726106826,36.4514243014145,196.10432738084,0,5.46220091227935,21.8488036491174,1.52191507177217,0,508.333333333333,133.333333333333,14.5658690994116,49.1598082105142,0.640806346009335,1.84231824477684,0.01375,0.011,0.01375,0.01375,0,0,0,0
09/04/2010,0.00430960900889948,0.142034087156276,22.8948453466311,37.1416820733732,196.727834164057,0,6.97876927513356,27.9150771005342,2.05829927419598,0,508.333333333333,133.333333333333,18.6100514003562,62.8089234762021,0.866652325977255,2.49162543718461,0.01375,0.011,0.01375,0.01375,0,0,0,0
10/04/2010,0,0,22.7697131363166,0,197.371735970394,0,0,0,0,0,508.333333333333,133.333333333333,0,0,0,0,0.01375,0.011,0.01375,0.01375,0,0,0,0
11/04/2010,0,0,22.6436130215288,0,198.035842191253,0,0,0,0,0,508.333333333333,133.333333333333,0,0,0,0,0.01375,0.011,0.01375,0.01375,0,0,0,0
12/04/2010,0,0,22.5165823305776,0,198.7199562371,0,0,0,0,0,508.333333333333,133.333333333333,0,0,0,0,0.01375,0.011,0.01375,0.01375,0,0,0,0
13/04/2010,0,0,22.3886586672431,0,199.42387559566,0,0,0,0,0,508.333333333333,133.333333333333,0,0,0,0,0.01375,0.011,0.01375,0.01375,0,0,0,0
14/04/2010,0,0,22.2598798996444,0,200.147391891864,0,0,0,0,0,508.333333333333,133.333333333333,0,0,0,0,0.01375,0.011,0.01375,0.01375,0,0,0,0
15/04/2010,0,0,22.1302841490292,0,200.890290949537,0,0,0,0,0,508.333333333333,133.333333333333,0,0,0,0,0.01375,0.011,0.01375,0.01375,0,0,0,0
16/04/2010,0,0,21.99990977849,0,201.652352854791,0,0,0,0,0,508.333333333333,133.333333333333,0,0,0,0,0.01375,0.011,0.01375,0.01375,0,0,0,0
17/04/2010,0,0,21.8687953816071,0,202.433352021133,0,0,0,0,0,508.333333333333,133.333333333333,0,0,0,0,0.01375,0.011,0.01375,0.01375,0,0,0,0
18/04/2010,0.000145013690079395,0.113021503250901,21.7369797710241,39.1145377789388,203.233057256235,0,8.03124425784942,32.1249770313977,2.41649684929757,0,508.333333333333,133.333333333333,21.4166513542651,72.2811983206448,1.01747235759898,2.92523302809706,0.01375,0.011,0.01375,0.01375,0,0,0,0
19/04/2010,0,0,21.604501966959,0,204.051231830379,0,0,0,0,0,508.333333333333,133.333333333333,0,0,0,0,0.01375,0.011,0.01375,0.01375,0,0,0,0
20/04/2010,0,0,21.4714011856532,0,204.887633546526,0,0,0,0,0,508.333333333333,133.333333333333,0,0,0,0,0.01375,0.011,0.01375,0.01375,0,0,0,0
21/04/2010,0,0,21.3377168277622,0,205.742014812022,0,0,0,0,0,508.333333333333,133.333333333333,0,0,0,0,0.01375,0.011,0.01375,0.01375,0,0,0,0
22/04/2010,0,0,21.203488466693,0,206.614122711881,0,0,0,0,0,508.333333333333,133.333333333333,0,0,0,0,0.01375,0.011,0.01375,0.01375,0,0,0,0
23/04/2010,0,0,21.0687558368887,0,207.503699083657,0,0,0,0,0,508.333333333333,133.333333333333,0,0,0,0,0.01375,0.011,0.01375,0.01375,0,0,0,0
24/04/2010,0,0,20.9335588220669,0,208.410480593869,0,0,0,0,0,508.333333333333,133.333333333333,0,0,0,0,0.01375,0.011,0.01375,0.01375,0,0,0,0
25/04/2010,0.0281541391713496,0.16380444729342,20.7979374434129,35.6612975840474,209.334198815945,0,5.70228507452988,22.8091402981195,1.65147483921728,0,508.333333333333,133.333333333333,15.2060935320797,51.3205656707689,0.695357827038854,1.99915375273671,0.01375,0.011,0.01375,0.01375,0,0,0,0
26/04/2010,0.0394336721067182,0.1298571372244,20.6619318477328,37.9697146687408,210.274580309692,0,5.34516028554532,21.3806411421813,1.46779488375796,0,508.333333333333,133.333333333333,14.2537607614542,48.1064425699079,0.618018898424403,1.77680433297016,0.01375,0.011,0.01375,0.01375,0,0,0,0
27/04/2010,0,0,20.525582295569,0,211.231346702231,0,0,0,0,0,508.333333333333,133.333333333333,0,0,0,0,0.01375,0.011,0.01375,0.01375,0,0,0,0
28/04/2010,0,0,20.3889291492823,0,212.204214770406,0,0,0,0,0,508.333333333333,133.333333333333,0,0,0,0,0.01375,0.011,0.01375,0.01375,0,0,0,0
29/04/2010,0,0,20.2520128611039,0,213.192896524626,0,0,0,0,0,508.333333333333,133.333333333333,0,0,0,0,0.01375,0.011,0.01375,0.01375,0,0,0,0
30/04/2010,0,0,20.1148739611606,0,214.19709929411,0,0,0,0,0,508.333333333333,133.333333333333,0,0,0,0,0.01375,0.011,0.01375,0.01375,0,0,0,0
01/05/2010,0.00112311000126982,0.236767267029934,19.9775530454767,30.6998258419645,215.21652581353,0,6.32092881671478,25.2837152668591,1.8804159896195,0,508.333333333333,133.333333333333,16.8558101779061,56.888359350433,0.791754100892421,2.27629304006571,0.01375,0.011,0.01375,0.01375,0,0,0,0
02/05/2010,0.0017219915825869,0.103335915880778,19.8400907639575,39.7731577201071,216.250874311002,0,8.11426357816476,32.457054312659,2.44261669136668,0,508.333333333333,133.333333333333,21.6380362084393,73.0283722034828,1.0284701858386,2.95685178428598,0.01375,0.011,0.01375,0.01375,0,0,0,0
03/05/2010,0,0,19.7025278083553,0,217.299838597422,0,0,0,0,0,508.333333333333,133.333333333333,0,0,0,0,0.01375,0.011,0.01375,0.01375,0,0,0,0
04/05/2010,0,0,19.5649049002241,0,218.363108157101,0,0,0,0,0,508.333333333333,133.333333333333,0,0,0,0,0.01375,0.011,0.01375,0.01375,0,0,0,0
05/05/2010,0,0,19.427262778865,0,219.440368239687,0,0,0,0,0,508.333333333333,133.333333333333,0,0,0,0,0.01375,0.011,0.01375,0.01375,0,0,0,0
06/05/2010,0.00407894341630127,0.177541512351039,19.289642189267,34.7271771601293,220.531299953336,0,6.61363967454716,26.4545586981887,1.96413859543111,0,508.333333333333,133.333333333333,17.6363724654591,59.5227570709245,0.827005724392046,2.37764145762713,0.01375,0.011,0.01375,0.01375,0,0,0,0
07/05/2010,0.0105445556115134,0.15921937677898,19.1520838700448,35.9730823790293,221.635580359109,0,5.56610320794539,22.2644128317816,1.5629002558001,0,508.333333333333,133.333333333333,14.8429418878544,50.0949288715085,0.658063265600044,1.89193188860013,0.01375,0.011,0.01375,0.01375,0,0,0,0
08/05/2010,0,0,19.0146285413801,0,222.752882566574,0,0,0,0,0,508.333333333333,133.333333333333,0,0,0,0,0.01375,0.011,0.01375,0.01375,0,0,0,0
09/05/2010,0,0,18.8773168929669,0,223.882875830567,0,0,0,0,0,508.333333333333,133.333333333333,0,0,0,0,0.01375,0.011,0.01375,0.01375,0,0,0,0
10/05/2010,0,0,18.7401895719671,0,225.025225649104,0,0,0,0,0,508.333333333333,133.333333333333,0,0,0,0,0.01375,0.011,0.01375,0.01375,0,0,0,0
11/05/2010,0,0,18.6032871709775,0,226.179593862396,0,0,0,0,0,508.333333333333,133.333333333333,0,0,0,0,0.01375,0.011,0.01375,0.01375,0,0,0,0
12/05/2010,0,0,18.466650216014,0,227.345638752956,0,0,0,0,0,508.333333333333,133.333333333333,0,0,0,0,0.01375,0.011,0.01375,0.01375,0,0,0,0
13/05/2010,0,0,18.3303191545148,0,228.523015146753,0,0,0,0,0,508.333333333333,133.333333333333,0,0,0,0,0.01375,0.011,0.01375,0.01375,0,0,0,0
14/05/2010,0,0,18.1943343433671,0,229.71137451539,0,0,0,0,0,508.333333333333,133.333333333333,0,0,0,0,0.01375,0.011,0.01375,0.01375,0,0,0,0
15/05/2010,0,0,18.0587360369606,0,230.910365079275,0,0,0,0,0,508.333333333333,133.333333333333,0,0,0,0,0.01375,0.011,0.01375,0.01375,0,0,0,0
16/05/2010,0,0,17.9235643752715,0,232.119631911759,0,0,0,0,0,508.333333333333,133.333333333333,0,0,0,0,0.01375,0.011,0.01375,0.01375,0,0,0,0
17/05/2010,0,0,17.7888593719801,0,233.338817044198,0,0,0,0,0,508.333333333333,133.333333333333,0,0,0,0,0.01375,0.011,0.01375,0.01375,0,0,0,0
18/05/2010,0.00261274562527387,0.282260603068497,17.6546609026259,27.6062789913422,234.567559571921,0,5.32589315548311,21.3035726219324,1.53116715527629,0,508.333333333333,133.333333333333,14.202381747955,47.933038399348,0.644701960116331,1.85351813533445,0.01375,0.011,0.01375,0.01375,0,0,0,0
19/05/2010,0.00463621203727974,0.15853713443481,17.5210086928035,36.0194748584329,235.805495761065,0,6.14886716004341,24.5954686401736,1.77086818707809,0,508.333333333333,133.333333333333,16.3969790934491,55.3398044403907,0.74562871034867,2.14368254225243,0.01375,0.011,0.01375,0.01375,0,0,0,0
20/05/2010,0.00288740623259685,0.18727766964176,17.3879423064033,34.0651184643604,237.052259156249,0,5.87331296493307,23.4932518597323,1.68795761183674,0,508.333333333333,133.333333333333,15.6621679064882,52.8598166843977,0.710718994457576,2.04331710906553,0.01375,0.011,0.01375,0.01375,0,0,0,0
21/05/2010,0,0,17.2555011338993,0,238.307480689051,0,0,0,0,0,508.333333333333,133.333333333333,0,0,0,0,0.01375,0.011,0.01375,0.01375,0,0,0,0
22/05/2010,0,0,17.123724380689,0,239.57078878726,0,0,0,0,0,508.333333333333,133.333333333333,0,0,0,0,0.01375,0.011,0.01375,0.01375,0,0,0,0
23/05/2010,0,0,16.9926510554879,0,240.841809484872,0,0,0,0,0,508.333333333333,133.333333333333,0,0,0,0,0.01375,0.011,0.01375,0.01375,0,0,0,0
24/05/2010,0,0,16.8623199587815,0,242.120166532788,0,0,0,0,0,508.333333333333,133.333333333333,0,0,0,0,0.01375,0.011,0.01375,0.01375,0,0,0,0
25/05/2010,0.00997416725006588,0.196390360437383,16.7327696713403,33.445455490258,243.405481510195,0,5.70300615893149,22.812024635726,1.65070990510521,0,508.333333333333,133.333333333333,15.2080164238173,51.3270554303834,0.695035749517985,1.99822777986421,0.01375,0.011,0.01375,0.01375,0,0,0,0
26/05/2010,0.0210956661154407,0.140506187482192,16.6040385427983,37.2455792512109,244.697373936585,0,5.42088691657439,21.6835476662976,1.50343580329948,0,508.333333333333,133.333333333333,14.4556984441984,48.7879822491696,0.633025601389256,1.81994860399411,0.01375,0.011,0.01375,0.01375,0,0,0,0
27/05/2010,0.118937988220016,0.11531439697052,16.4761646803015,38.9586210060046,245.995461384384,0,6.79693919054156,27.1877567621662,2.13533459455329,0,508.333333333333,133.333333333333,18.1251711747775,61.172452714874,0.899088250338226,2.5848787197224,0.01375,0.011,0.01375,0.01375,0,0,0,0
28/05/2010,0.0760085645977094,0.123093972016953,16.3491859372266,38.4296099028472,247.299359592162,0,5.50791188384424,22.031647535377,1.54976352601599,0,508.333333333333,133.333333333333,14.6877650235846,49.5712069545982,0.6525320109541,1.87602953149304,0.01375,0.011,0.01375,0.01375,0,0,0,0
29/05/2010,0.0277140211007755,0.212480670002784,16.2231399019762,32.3513144398107,248.60868257838,0,5.71053952437315,22.8421580974926,1.75002749668649,0,508.333333333333,133.333333333333,15.2281053983284,51.3948557193584,0.736853682815363,2.11845433809417,0.01375,0.011,0.01375,0.01375,0,0,0,0
30/05/2010,0.0198354116301995,0.210710057435027,16.0980638868514,32.4717160944182,249.92304275565,0,5.16461807551465,20.6584723020586,1.49098912863221,0,508.333333333333,133.333333333333,13.7723148680391,46.4815626796319,0.627784896266194,1.80488157676531,0.01375,0.011,0.01375,0.01375,0,0,0,0
31/05/2010,0.0194791195184781,0.310529763652677,15.9739949170069,25.683976071618,251.242051045467,0,4.15666763533815,16.6266705413526,1.16910310342182,0,508.333333333333,133.333333333333,11.0844470275684,37.4100087180433,0.49225393828287,1.41523007256325,0.01375,0.011,0.01375,0.01375,0,0,0,0
01/06/2010,0.050098306347863,0.194800655700484,15.8509697194906,33.5535554123671,252.565316993389,0,5.69217272033436,22.7686908813375,1.73832715744773,0,508.333333333333,133.333333333333,15.179127254225,51.2295544830093,0.73192722418852,2.10429076954199,0.01375,0.011,0.01375,0.01375,0,0,0,0
02/06/2010,0.0323497732262274,0.26953639462292,15.7290247123716,28.4715251656414,253.892448884614,0,4.45907912798938,17.8363165119575,1.27457135267812,0,508.333333333333,133.333333333333,11.8908776746383,40.1317121519044,0.536661622180262,1.54290216376825,0.01375,0.011,0.01375,0.01375,0,0,0,0
03/06/2010,0.0117810987254883,0.416198532403136,15.6081959939597,18.4984997965867,255.223053859939,0,2.84481793693824,11.379271747753,0.736363895477783,0,508.333333333333,133.333333333333,7.58618116516865,25.6033614324442,0.310047955990646,0.891387873473106,0.01375,0.011,0.01375,0.01375,0,0,0,0
04/06/2010,0.275817940878808,0.147684869303597,15.4885193321197,36.7574288873554,256.556738032057,0,6.5406632921225,26.16265316849,2.08596665653578,0,508.333333333333,133.333333333333,17.4417687789933,58.8659696291025,0.878301750120329,2.52511753159595,0.01375,0.011,0.01375,0.01375,0,0,0,0
05/06/2010,0.604625572202043,0.144275145516715,15.370030153683,36.9892901048634,257.89310660215,0,6.25757246422039,25.0302898568816,1.96382330150564,0,508.333333333333,133.333333333333,16.6868599045877,56.3181521779835,0.826872969055004,2.37725978603314,0.01375,0.011,0.01375,0.01375,0,0,0,0
06/06/2010,0.363052200698524,0.187092491578746,15.2527635339609,34.0777105726452,259.231763976763,0,5.20636438135997,20.8254575254399,1.55389278799753,0,508.333333333333,133.333333333333,13.8836383502933,46.8572794322398,0.654270647577906,1.88102811178648,0.01375,0.011,0.01375,0.01375,0,0,0,0
07/06/2010,0.0920107242745179,0.384569876128331,15.1367541863612,20.6492484232735,260.572313884907,0,3.87685594854193,15.5074237941677,1.17928774455962,0,508.333333333333,133.333333333333,10.3382825294451,34.8917035368773,0.496542208235628,1.42755884867743,0.01375,0.011,0.01375,0.01375,0,0,0,0
08/06/2010,0.0509404050707127,0.532573319858406,15.0220364521127,10.5850142496284,261.914359495362,0,1.84690974996905,7.38763899987622,0.451668830966248,0,508.333333333333,133.333333333333,4.92509266658415,16.6221877497215,0.190176349880525,0.54675700590651,0.01375,0.011,0.01375,0.01375,0,0,0,0
09/06/2010,0.0336719532333562,0.599409644067103,14.908644290099,6.040144203437,263.257503534148,0,0.870747626658266,3.48299050663306,0.126519298272475,0,508.333333333333,133.333333333333,2.32199367108871,7.8367286399244,0.0532712834831472,0.153154940014048,0.01375,0.011,0.01375,0.01375,0,0,0,0
10/06/2010,0.0293679061151666,0.6,14.7966112668063,6,264.601348402127,0,0.857142857142857,3.42857142857143,0.12258064516129,0,508.333333333333,133.333333333333,2.28571428571429,7.71428571428572,0.0516129032258065,0.148387096774194,0.01375,0.011,0.01375,0.01375,0,0,0,0
11/06/2010,0.0254278198551101,0.6,14.6859705463869,6,265.945496292702,0,0.857142857142857,3.42857142857143,0.12258064516129,0,508.333333333333,133.333333333333,2.28571428571429,7.71428571428572,0.0516129032258065,0.148387096774194,0.01375,0.011,0.01375,0.01375,0,0,0,0
12/06/2010,0.022986166584073,0.599987178126946,14.576754880842,6.00087188736765,267.289549309573,0,0.866675212536766,3.46670085014706,0.124427484905403,0,508.333333333333,133.333333333333,2.31113390009804,7.8000769128309,0.0523905199601696,0.150622744885488,0.01375,0.011,0.01375,0.01375,0,0,0,0
13/06/2010,0.0210323974178301,0.599978161936444,14.4689966003261,6.00148498832178,268.633109584525,0,0.927011826814359,3.70804730725744,0.138315017476642,0,508.333333333333,133.333333333333,2.47203153817162,8.34310644132923,0.0582379020954284,0.167433968524357,0.01375,0.011,0.01375,0.01375,0,0,0,0
14/06/2010,0.01807456383714,0.599996407706645,14.3627276035769,6.00024427594816,269.975779395208,0,0.906227415929407,3.62490966371763,0.133398601714828,0,508.333333333333,133.333333333333,2.41660644247842,8.15604674336467,0.0561678323009804,0.161482517865319,0.01375,0.011,0.01375,0.01375,0,0,0,0
15/06/2010,0.0159796664927271,0.599999212270163,14.2579793484726,6.00005356562894,271.317161282863,0,0.913903026063661,3.65561210425464,0.135107281547438,0,508.333333333333,133.333333333333,2.43707473616976,8.22512723457295,0.0568872764410267,0.163550919767952,0.01375,0.011,0.01375,0.01375,0,0,0,0
16/06/2010,0.0132503123123132,0.6,14.1547828427194,6,272.656858169988,0,0.857142857142857,3.42857142857143,0.12258064516129,0,508.333333333333,133.333333333333,2.28571428571429,7.71428571428572,0.0516129032258064,0.148387096774194,0.01375,0.011,0.01375,0.01375,0,0,0,0
17/06/2010,0.0123898756599803,0.6,14.0531686346731,6,273.994473477875,0,0.899728262531384,3.59891305012553,0.131664272229968,0,508.333333333333,133.333333333333,2.39927536675036,8.09755436278245,0.0554375883073551,0.159383066383646,0.01375,0.011,0.01375,0.01375,0,0,0,0
18/06/2010,0.007991166715364,0.595187477389018,13.9531668042954,6.32725153754681,275.329611244008,0,0.877767954047068,3.51107181618827,0.127300022173351,0,508.333333333333,133.333333333333,2.34071454412551,7.89991158642361,0.0536000093361476,0.154100026841424,0.01375,0.011,0.01375,0.01375,0,0,0,0
19/06/2010,0.00898345658708785,0.590072472042161,13.8548069542502,6.67507190113302,276.661876239276,0,0.899689405533594,3.59875762213437,0.132316027416719,0,508.333333333333,133.333333333333,2.39917174808958,8.09720464980234,0.0557120115438817,0.16017203318866,0.01375,0.011,0.01375,0.01375,0,0,0,0
20/06/2010,0.00877994292872364,0.6,13.7581182011404,6,277.99087408497,0,0.871463259933202,3.48585303973281,0.125311273937084,0,508.333333333333,133.333333333333,2.32390202648854,7.84316933939882,0.0527626416577194,0.151692594765943,0.01375,0.011,0.01375,0.01375,0,0,0,0
21/06/2010,0.00916653458580721,0.6,13.6631291668888,6,279.316211369524,0,1.02872876949007,4.11491507796027,0.1613182466018,0,508.333333333333,133.333333333333,2.74327671864018,9.2585589254106,0.0679234722533896,0.195279982728495,0.01375,0.011,0.01375,0.01375,0,0,0,0
22/06/2010,0.00856135433498763,0.6,13.5698679702651,6,280.637495764978,0,1.04957557299533,4.19830229198131,0.166088220963257,0,508.333333333333,133.333333333333,2.79886819465421,9.44618015695795,0.0699318825108451,0.20105416221868,0.01375,0.011,0.01375,0.01375,0,0,0,0
23/06/2010,0.00975449089668733,0.497078914292825,13.4783622185626,12.9986338280879,281.954336143113,0,2.04879189556433,8.1951675822573,0.477939410621146,0,508.333333333333,133.333333333333,5.4634450548382,18.4391270600789,0.201237646577325,0.578558233909809,0.01375,0.011,0.01375,0.01375,0,0,0,0
24/06/2010,0.0151762945589361,0.366470505754296,13.3886389994256,21.8800056087079,283.266342691233,0,3.26366878970522,13.0546751588209,0.845345591088883,0,508.333333333333,133.333333333333,8.70311677254726,29.373019107347,0.355934985721635,1.0233130839497,0.01375,0.011,0.01375,0.01375,0,0,0,0
25/06/2010,0.0124908122789192,0.397771908310989,13.3007248728309,19.7515102348528,284.573127027558,0,2.8365976408961,11.3463905635844,0.708850186091514,0,508.333333333333,133.333333333333,7.56426037572294,25.5293787680649,0.298463236249059,0.858081804216044,0.01375,0.011,0.01375,0.01375,0,0,0,0
26/06/2010,0.00773403918297069,0.472772649300691,13.2146458632257,14.651459847553,285.874302316194,0,2.23950859199414,8.95803436797656,0.541204852479943,0,508.333333333333,133.333333333333,5.97202291198437,20.1555773279473,0.227875727359976,0.655142716159931,0.01375,0.011,0.01375,0.01375,0,0,0,0
27/06/2010,0.0105154646823537,0.386526156866298,13.1304274518233,20.5162213330917,287.169483381644,0,2.89330572439662,11.5732228975865,0.732598891971997,0,508.333333333333,133.333333333333,7.71548193172431,26.0397515195696,0.30846269135663,0.886830237650312,0.01375,0.011,0.01375,0.01375,0,0,0,0
28/06/2010,0.00413468177813823,0.6,13.0480945690608,6,288.458286822828,0,0.857142857142857,3.42857142857143,0.12258064516129,0,508.333333333333,133.333333333333,2.28571428571429,7.71428571428572,0.0516129032258065,0.148387096774194,0.01375,0.011,0.01375,0.01375,0,0,0,0
29/06/2010,0.00379354067534049,0.6,12.9676715872185,6,289.740331126578,0,0.857142857142857,3.42857142857143,0.12258064516129,0,508.333333333333,133.333333333333,2.28571428571429,7.71428571428572,0.0516129032258065,0.148387096774194,0.01375,0.011,0.01375,0.01375,0,0,0,0
30/06/2010,0.00373733483796257,0.6,12.8891823132057,6,291.015236780576,0,0.857142857142857,3.42857142857143,0.12258064516129,0,508.333333333333,133.333333333333,2.28571428571429,7.71428571428572,0.0516129032258065,0.148387096774194,0.01375,0.011,0.01375,0.01375,0,0,0,0
01/07/2010,0.00466638894948127,0.6,12.8126499815131,6,292.282626385693,0,0.981944991275379,3.92777996510152,0.149718631458949,0,508.333333333333,133.333333333333,2.61851997673435,8.83750492147841,0.0630394237721892,0.181238343345044,0.01375,0.011,0.01375,0.01375,0,0,0,0
02/07/2010,0.00410879834377135,0.6,12.738097247335,6,293.542124767712,0,0.883811945150636,3.53524778060255,0.12766593362729,0,508.333333333333,133.333333333333,2.35683185373503,7.95430750635573,0.0537540773167536,0.154542972285667,0.01375,0.011,0.01375,0.01375,0,0,0,0
03/07/2010,0.00235701506634624,0.6,12.6655461798626,6,294.793359088383,0,0.857142857142857,3.42857142857143,0.12258064516129,0,508.333333333333,133.333333333333,2.28571428571429,7.71428571428572,0.0516129032258065,0.148387096774194,0.01375,0.011,0.01375,0.01375,0,0,0,0
04/07/2010,0.00349034745116394,0.6,12.5950182557516,6,296.035958955797,0,0.857142857142857,3.42857142857143,0.12258064516129,0,508.333333333333,133.333333333333,2.28571428571429,7.71428571428572,0.0516129032258065,0.148387096774194,0.01375,0.011,0.01375,0.01375,0,0,0,0
05/07/2010,0.00527916738591162,0.6,12.526534352764,6,297.269556534024,0,1.25030561828492,5.0012224731397,0.212133154623423,0,508.333333333333,133.333333333333,3.33414831542646,11.2527505645643,0.0893192229993359,0.256792766123091,0.01375,0.011,0.01375,0.01375,0,0,0,0
06/07/2010,0.00495024417788022,0.534291058659223,12.4601147435886,10.4682080111728,298.493786652004,0,1.69081097079004,6.76324388316018,0.362555556322789,0,508.333333333333,133.333333333333,4.50882925544012,15.2172987371104,0.15265497108328,0.438883041864429,0.01375,0.011,0.01375,0.01375,0,0,0,0
07/07/2010,0.00437142520675277,0.425190323360414,12.3957790898389,17.8870580114918,299.708286911643,0,2.6068006617661,10.4272026470644,0.65140612813818,0,508.333333333333,133.333333333333,6.95146843137627,23.4612059558949,0.274276264479234,0.788544260377797,0.01375,0.011,0.01375,0.01375,0,0,0,0
08/07/2010,0.00304663733736997,0.536882152133648,12.3335464362339,10.2920136549119,300.91269779509,0,1.36219118043209,5.44876472172836,0.268163772316364,0,508.333333333333,133.333333333333,3.63250981448557,12.2597206238888,0.112911062027943,0.324619303330335,0.01375,0.011,0.01375,0.01375,0,0,0,0
09/07/2010,0.0043361859112007,0.523131967226436,12.2734352049594,11.2270262286023,302.106662771168,0,1.74012683304372,6.96050733217487,0.382584779478413,0,508.333333333333,133.333333333333,4.64033822144991,15.6611414973934,0.161088328201437,0.463128943579131,0.01375,0.011,0.01375,0.01375,0,0,0,0
10/07/2010,0.00607548018114024,0.395872573720216,12.2154631902157,19.8806649870253,303.289828400906,0,2.92014661079325,11.680586443173,0.746554140954611,0,508.333333333333,133.333333333333,7.787057628782,26.2813194971393,0.314338585665099,0.90372343378716,0.01375,0.011,0.01375,0.01375,0,0,0,0
11/07/2010,0.00445272233402743,0.44351262467635,12.1596475529492,16.6411415220082,304.461844442171,0,2.40001573495682,9.6000629398273,0.587597836815449,0,508.333333333333,133.333333333333,6.40004195988486,21.6001416146114,0.247409615501242,0.711302644566071,0.01375,0.011,0.01375,0.01375,0,0,0,0
12/07/2010,0.00402888932943827,0.58117293274547,12.1060048157731,7.28024057330804,305.622363953343,0,1.28956423018823,5.1582569207529,0.23226714225303,0,508.333333333333,133.333333333333,3.4388379471686,11.606078071694,0.0977966914749598,0.281165487990509,0.01375,0.011,0.01375,0.01375,0,0,0,0
13/07/2010,0.00409730955087292,0.520754450777947,12.0545508580758,11.3886973470996,306.771043396021,0,1.69508922423856,6.78035689695423,0.365500840605097,0,508.333333333333,133.333333333333,4.52023793130282,15.255803018147,0.153895090781094,0.442448385995644,0.01375,0.011,0.01375,0.01375,0,0,0,0
14/07/2010,0.000108552912110231,0.112064131741433,12.0053009113207,39.1796390415825,307.907542736714,0,8.03945029935914,32.1578011974366,2.41907866407794,0,508.333333333333,133.333333333333,21.4385341316244,72.3550526942323,1.0185594375065,2.92835838283119,0.01375,0.011,0.01375,0.01375,0,0,0,0
15/07/2010,0.00157927007772895,0.314105169485404,11.9582695545372,25.4408484749925,309.031525547499,0,4.37374090677681,17.4949636271072,1.22156354184316,0,508.333333333333,133.333333333333,11.6633090847382,39.3636681609913,0.514342543933962,1.47873481381014,0.01375,0.011,0.01375,0.01375,0,0,0,0
16/07/2010,0.00390574695815194,0.376893223435418,11.9134707100049,21.1712608063916,310.142659105614,0,3.23403110388034,12.9361244155214,0.848998589967234,0,508.333333333333,133.333333333333,8.6240829436809,29.106279934923,0.35747309051252,1.02773513522349,0.01375,0.011,0.01375,0.01375,0,0,0,0
17/07/2010,0.00122085971292495,0.6,11.8709176391324,6,311.240614491947,0,0.857142857142857,3.42857142857143,0.12258064516129,0,508.333333333333,133.333333333333,2.28571428571429,7.71428571428572,0.0516129032258065,0.148387096774194,0.01375,0.011,0.01375,0.01375,0,0,0,0
18/07/2010,0.000770543308907796,0.6,11.8306229385318,6,312.325066688404,0,0.857142857142857,3.42857142857143,0.12258064516129,0,508.333333333333,133.333333333333,2.28571428571429,7.71428571428572,0.0516129032258065,0.148387096774194,0.01375,0.011,0.01375,0.01375,0,0,0,0
19/07/2010,0.00290539808697788,0.6,11.7925985362894,6,313.395694674121,0,1.01889139425424,4.07556557701694,0.15758594451915,0,508.333333333333,133.333333333333,2.71704371801129,9.17002254828812,0.0663519766396421,0.190761932838971,0.01375,0.011,0.01375,0.01375,0,0,0,0
20/07/2010,0.000333837166716448,0.57722361428604,11.7568556884352,7.54879422854928,314.452181520497,0,0.954755938774114,3.81902375509646,0.144916197603367,0,508.333333333333,133.333333333333,2.54601583673097,8.59280344896703,0.0610173463593125,0.175424870783024,0.01375,0.011,0.01375,0.01375,0,0,0,0
21/07/2010,0.00274681752934446,0.511769984628879,11.7234049756106,11.9996410452363,315.494214485005,0,1.62943800638374,6.51775202553496,0.349790570486051,0,508.333333333333,133.333333333333,4.34516801702331,14.6649420574537,0.147280240204653,0.423430690588377,0.01375,0.011,0.01375,0.01375,0,0,0,0
22/07/2010,0.00252297324963098,0.572122252383993,11.6922562999366,7.89568683788848,316.521485103776,0,0.976618918354316,3.90647567341726,0.1499188234686,0,508.333333333333,133.333333333333,2.60431711561151,8.78957026518884,0.0631237151446739,0.181480681040937,0.01375,0.011,0.01375,0.01375,0,0,0,0
23/07/2010,0.00175263948937004,0.583649373938657,11.6634188820821,7.11184257217133,317.533689282906,0,0.927216968834327,3.70886787533731,0.138614807492414,0,508.333333333333,133.333333333333,2.47257858355821,8.34495271950895,0.05836412947049,0.167796872227659,0.01375,0.011,0.01375,0.01375,0,0,0,0
24/07/2010,0.000693053882341658,0.53497944579704,11.6369012585347,10.4213976858013,318.530527388481,0,1.26460256864754,5.05841027459017,0.23230744560734,0,508.333333333333,133.333333333333,3.37227351639344,11.3814231178279,0.0978136613083535,0.281214276261516,0.01375,0.011,0.01375,0.01375,0,0,0,0
25/07/2010,0.00168284218681719,0.523599789475359,11.6127112790737,11.1952143156756,319.511704335266,0,1.50700918023488,6.02803672093953,0.312570709596332,0,508.333333333333,133.333333333333,4.01869114729302,13.5630826221139,0.131608719830035,0.37837506951135,0.01375,0.011,0.01375,0.01375,0,0,0,0
26/07/2010,0.00310022818251573,0.494825487550137,11.5908561044464,13.1518668465907,320.476929674065,0,2.07109854593825,8.284394183753,0.488660985292914,0,508.333333333333,133.333333333333,5.52292945583533,18.6398869134443,0.205751993807543,0.591536982196685,0.01375,0.011,0.01375,0.01375,0,0,0,0
27/07/2010,0.00533790029970556,0.375071946640231,11.5713422042482,21.2951076284643,321.425917677694,0,3.18510637745669,12.7404255098268,0.826563889832955,0,508.333333333333,133.333333333333,8.49361700655117,28.6659573971102,0.348026900982297,1.0005773403241,0.01375,0.011,0.01375,0.01375,0,0,0,0
28/07/2010,0.00329995273199134,0.413622318198149,11.5541753550077,18.6736823625259,322.358387425568,0,2.73546358903592,10.9418543561437,0.690910097988251,0,508.333333333333,133.333333333333,7.29456957076245,24.6191723013233,0.290909514942422,0.836364855459462,0.01375,0.011,0.01375,0.01375,0,0,0,0
29/07/2010,0.0225177555394263,0.221092962422882,11.5393606384765,31.765678555244,323.274062886852,0,5.05127899139017,20.2051159655607,1.43326271362669,0,508.333333333333,133.333333333333,13.4700773103738,45.4615109225115,0.603479037316502,1.73500223228494,0.01375,0.011,0.01375,0.01375,0,0,0,0
30/07/2010,0.0320878489318208,0.18101514358973,11.5269024401251,34.4909702358983,324.172673002179,0,4.80032226200001,19.201289048,1.29599827159634,0,508.333333333333,133.333333333333,12.8008593653334,43.2029003580001,0.545683482777407,1.56884001298505,0.01375,0.011,0.01375,0.01375,0,0,0,0
31/07/2010,0.0094697831788692,0.215456759325631,11.5168044478446,32.1489403658571,325.053951763886,0,5.24928175878807,20.9971270351523,1.48932158573248,0,508.333333333333,133.333333333333,13.9980846901015,47.2435358290927,0.627082772939992,1.80286297220248,0.01375,0.011,0.01375,0.01375,0,0,0,0
01/08/2010,0.0136670495562851,0.185424411255685,11.5090696508551,34.1911400346134,325.917638294759,0,5.22095337143283,20.8838134857313,1.45397362982495,0,508.333333333333,133.333333333333,13.9225423238209,46.9885803428954,0.612199423084188,1.76007334136704,0.01375,0.011,0.01375,0.01375,0,0,0,0
02/08/2010,0,0,11.5037003388204,0,326.763476925256,0,0,0,0,0,508.333333333333,133.333333333333,0,0,0,0,0.01375,0.011,0.01375,0.01375,0,0,0,0
03/08/2010,0.00911709175591169,0.224202517203923,11.500698101171,31.5542288301332,327.591217269194,0,5.27316412115615,21.0926564846246,1.50766397974662,0,508.333333333333,133.333333333333,14.0617709897497,47.4584770904054,0.634805886209104,1.82506692285118,0.01375,0.011,0.01375,0.01375,0,0,0,0
04/08/2010,0.0179506812293856,0.180353759676843,11.5000638266329,34.5359443419747,328.400614297865,0,5.03977276528642,20.1590910611457,1.38642309336647,0,508.333333333333,133.333333333333,13.4393940407638,45.3579548875778,0.583757091943776,1.67830163933836,0.01375,0.011,0.01375,0.01375,0,0,0,0
05/08/2010,0,0,11.5017977029648,0,329.191428412574,0,0,0,0,0,508.333333333333,133.333333333333,0,0,0,0,0.01375,0.011,0.01375,0.01375,0,0,0,0
06/08/2010,0,0,11.5058992169025,0,329.963425515561,0,0,0,0,0,508.333333333333,133.333333333333,0,0,0,0,0.01375,0.011,0.01375,0.01375,0,0,0,0
07/08/2010,0,0,11.5123671543109,0,330.716377079302,0,0,0,0,0,508.333333333333,133.333333333333,0,0,0,0,0.01375,0.011,0.01375,0.01375,0,0,0,0
08/08/2010,0,0,11.5211996005432,0,331.450060214155,0,0,0,0,0,508.333333333333,133.333333333333,0,0,0,0,0.01375,0.011,0.01375,0.01375,0,0,0,0
09/08/2010,0,0,11.532393941008,0,332.164257734344,0,0,0,0,0,508.333333333333,133.333333333333,0,0,0,0,0.01375,0.011,0.01375,0.01375,0,0,0,0
10/08/2010,0.00623923637243519,0.367087777458489,11.5459468619428,21.8380311328227,332.858758222246,0,3.79046931586998,15.1618772634799,1.02170586510993,0,508.333333333333,133.333333333333,10.1079181756533,34.1142238428298,0.430191943204179,1.23680183671202,0.01375,0.011,0.01375,0.01375,0,0,0,0
11/08/2010,0.00383877060400045,0.139444121361648,11.5618543513956,37.3177997474079,333.53335609098,0,7.09480977558449,28.379239102338,2.09836642558429,0,508.333333333333,133.333333333333,18.919492734892,63.8532879802604,0.883522705509176,2.54012777833888,0.01375,0.011,0.01375,0.01375,0,0,0,0
12/08/2010,0.00293635331315857,0.205494235514817,11.5801117004118,32.8263919849924,334.187851645262,0,5.86089547899517,23.4435819159807,1.69356509595361,0,508.333333333333,133.333333333333,15.6290546106538,52.7480593109565,0.713080040401522,2.05010511615438,0.01375,0.011,0.01375,0.01375,0,0,0,0
13/08/2010,0,0,11.6007135044287,0,334.822051140518,0,0,0,0,0,508.333333333333,133.333333333333,0,0,0,0,0.01375,0.011,0.01375,0.01375,0,0,0,0
14/08/2010,0,0,11.6236536648752,0,335.43576684024,0,0,0,0,0,508.333333333333,133.333333333333,0,0,0,0,0.01375,0.011,0.01375,0.01375,0,0,0,0
15/08/2010,0,0,11.6489253909769,0,336.028817071558,0,0,0,0,0,508.333333333333,133.333333333333,0,0,0,0,0.01375,0.011,0.01375,0.01375,0,0,0,0
16/08/2010,0,0,11.6765212017667,0,336.601026279017,0,0,0,0,0,508.333333333333,133.333333333333,0,0,0,0,0.01375,0.011,0.01375,0.01375,0,0,0,0
17/08/2010,0,0,11.706432928299,0,337.152225076551,0,0,0,0,0,508.333333333333,133.333333333333,0,0,0,0,0.01375,0.011,0.01375,0.01375,0,0,0,0
18/08/2010,0,0,11.7386517160679,0,337.682250297619,0,0,0,0,0,508.333333333333,133.333333333333,0,0,0,0,0.01375,0.011,0.01375,0.01375,0,0,0,0
19/08/2010,0,0,11.7731680276286,0,338.190945043506,0,0,0,0,0,508.333333333333,133.333333333333,0,0,0,0,0.01375,0.011,0.01375,0.01375,0,0,0,0
20/08/2010,0,0,11.8099716454204,0,338.678158729775,0,0,0,0,0,508.333333333333,133.333333333333,0,0,0,0,0.01375,0.011,0.01375,0.01375,0,0,0,0
21/08/2010,0,0,11.8490516747915,0,339.143747130835,0,0,0,0,0,508.333333333333,133.333333333333,0,0,0,0,0.01375,0.011,0.01375,0.01375,0,0,0,0
22/08/2010,0,0,11.8903965472238,0,339.587572422639,0,0,0,0,0,508.333333333333,133.333333333333,0,0,0,0,0.01375,0.011,0.01375,0.01375,0,0,0,0
23/08/2010,0.00077619761738663,0.532982368506248,11.9339940237578,10.5571989415752,340.009503223483,0,1.50390364195577,6.01561456782309,0.313604651349502,0,508.333333333333,133.333333333333,4.01040971188206,13.535132777602,0.132044063726106,0.379626683212555,0.01375,0.011,0.01375,0.01375,0,0,0,0
24/08/2010,0.000149714226948824,0.108057697711486,11.9798311986152,39.452076555619,340.409414632895,0,8.07379116247298,32.2951646498919,2.42988311197806,0,508.333333333333,133.333333333333,21.5301097665946,72.6641204622568,1.0231086787276,2.94143745134186,0.01375,0.011,0.01375,0.01375,0,0,0,0
25/08/2010,0,0,12.0278945030197,0,340.787188268613,0,0,0,0,0,508.333333333333,133.333333333333,0,0,0,0,0.01375,0.011,0.01375,0.01375,0,0,0,0
26/08/2010,0,0,12.0781697092131,0,341.142712301624,0,0,0,0,0,508.333333333333,133.333333333333,0,0,0,0,0.01375,0.011,0.01375,0.01375,0,0,0,0
27/08/2010,0,0,12.1306419346675,0,341.47588148927,0,0,0,0,0,508.333333333333,133.333333333333,0,0,0,0,0.01375,0.011,0.01375,0.01375,0,0,0,0
28/08/2010,0,0,12.1852956464909,0,341.7865972064,0,0,0,0,0,508.333333333333,133.333333333333,0,0,0,0,0.01375,0.011,0.01375,0.01375,0,0,0,0
29/08/2010,0,0,12.2421146660246,0,342.07476747457,0,0,0,0,0,508.333333333333,133.333333333333,0,0,0,0,0.01375,0.011,0.01375,0.01375,0,0,0,0
30/08/2010,0,0,12.3010821736331,0,342.340306989265,0,0,0,0,0,508.333333333333,133.333333333333,0,0,0,0,0.01375,0.011,0.01375,0.01375,0,0,0,0
31/08/2010,0,0,12.362180713683,0,342.583137145153,0,0,0,0,0,508.333333333333,133.333333333333,0,0,0,0,0.01375,0.011,0.01375,0.01375,0,0,0,0
01/09/2010,0,0,12.4253921997097,0,342.803186059355,0,0,0,0,0,508.333333333333,133.333333333333,0,0,0,0,0.01375,0.011,0.01375,0.01375,0,0,0,0
02/09/2010,0.000357824911866359,0.112321261291383,12.4906979197721,39.162154232186,343.000388592724,0,8.04188624157764,32.1675449663105,2.42103947170884,0,508.333333333333,133.333333333333,21.4450299775404,72.3769761741987,1.01938504071951,2.9307319920686,0.01375,0.011,0.01375,0.01375,0,0,0,0
03/09/2010,0.00745911199108681,0.208866667696822,12.5580785419912,32.5970665966161,343.174686369124,0,5.18022437949044,20.7208975179618,1.45608585493005,0,508.333333333333,133.333333333333,13.8139316786412,46.622019415414,0.613088781023177,1.76263024544163,0.01375,0.011,0.01375,0.01375,0,0,0,0
04/09/2010,0.0178667951410697,0.158220256871462,12.6275141202729,36.0410225327406,343.326027792715,0,5.61978574114463,22.4791429645785,1.59192919632657,0,508.333333333333,133.333333333333,14.986095309719,50.5780716703017,0.67028597740066,1.9270721850269,0.01375,0.011,0.01375,0.01375,0,0,0,0
05/09/2010,0.0161530650682517,0.136745574274293,12.6989841002127,37.5013009493481,343.454368063225,0,6.00052704833293,24.0021081933317,1.70587063453795,0,508.333333333333,133.333333333333,16.0014054622211,54.0047434349963,0.718261319805451,2.06500129444067,0.01375,0.011,0.01375,0.01375,0,0,0,0
06/09/2010,0,0,12.7724673251798,0,343.559669189209,0,0,0,0,0,508.333333333333,133.333333333333,0,0,0,0,0.01375,0.011,0.01375,0.01375,0,0,0,0
07/09/2010,0,0,12.8479420425803,0,343.6418999993,0,0,0,0,0,508.333333333333,133.333333333333,0,0,0,0,0.01375,0.011,0.01375,0.01375,0,0,0,0
08/09/2010,0,0,12.9253859102962,0,343.701036151433,0,0,0,0,0,508.333333333333,133.333333333333,0,0,0,0,0.01375,0.011,0.01375,0.01375,0,0,0,0
09/09/2010,0,0,13.0047760032994,0,343.737060140052,0,0,0,0,0,508.333333333333,133.333333333333,0,0,0,0,0.01375,0.011,0.01375,0.01375,0,0,0,0
10/09/2010,0.00169694910091284,0.121702864360369,13.0860888204375,38.5242052234949,343.749961301293,0,8.01578903098558,32.0631561239423,2.4268107980127,0,508.333333333333,133.333333333333,21.3754374159615,72.1421012788702,1.02181507284745,2.93771833443642,0.01375,0.011,0.01375,0.01375,0,0,0,0
11/09/2010,0.00677447602725971,0.141048154798066,13.1693002913912,37.2087254737315,343.739735816136,0,6.55590824388688,26.2236329755475,1.90672181452252,0,508.333333333333,133.333333333333,17.4824219836983,59.0031741949819,0.802830237693692,2.30813693336936,0.01375,0.011,0.01375,0.01375,0,0,0,0
12/09/2010,0,0,13.2543857837993,0,343.706386711544,0,0,0,0,0,508.333333333333,133.333333333333,0,0,0,0,0.01375,0.011,0.01375,0.01375,0,0,0,0
13/09/2010,0,0,13.3413201105505,0,343.649923859559,0,0,0,0,0,508.333333333333,133.333333333333,0,0,0,0,0.01375,0.011,0.01375,0.01375,0,0,0,0
14/09/2010,0,0,13.4300775372393,0,343.570363974383,0,0,0,0,0,508.333333333333,133.333333333333,0,0,0,0,0.01375,0.011,0.01375,0.01375,0,0,0,0
15/09/2010,0.00509109239125958,0.124459703993877,13.5206317897838,38.3367401284163,343.46773060743,0,8.00950906727518,32.0380362691007,2.44086801638873,0,508.333333333333,133.333333333333,21.3586908460672,72.0855816054767,1.02773390163736,2.95473496720741,0.01375,0.011,0.01375,0.01375,0,0,0,0
16/09/2010,0.0163667030151669,0.134404811487543,13.6129560622039,37.6604728188471,343.342054140356,0,5.94099947877045,23.7639979150818,1.68330107769779,0,508.333333333333,133.333333333333,15.8426652767212,53.468995308934,0.708758348504332,2.03768025194996,0.01375,0.011,0.01375,0.01375,0,0,0,0
17/09/2010,0,0,13.7070230245555,0,343.193371776061,0,0,0,0,0,508.333333333333,133.333333333333,0,0,0,0,0.01375,0.011,0.01375,0.01375,0,0,0,0
18/09/2010,0,0,13.8028048310218,0,343.021727527679,0,0,0,0,0,508.333333333333,133.333333333333,0,0,0,0,0.01375,0.011,0.01375,0.01375,0,0,0,0
19/09/2010,0,0,13.9002731281556,0,342.827172205552,0,0,0,0,0,508.333333333333,133.333333333333,0,0,0,0,0.01375,0.011,0.01375,0.01375,0,0,0,0
20/09/2010,0,0,13.9993990632724,0,342.609763402183,0,0,0,0,0,508.333333333333,133.333333333333,0,0,0,0,0.01375,0.011,0.01375,0.01375,0,0,0,0
21/09/2010,0,0,14.100153292992,0,342.369565475191,0,0,0,0,0,508.333333333333,133.333333333333,0,0,0,0,0.01375,0.011,0.01375,0.01375,0,0,0,0
22/09/2010,0.000181753386919987,0.107267671258038,14.2025059919243,39.5057983544534,342.10664952826,0,8.08056281778824,32.322251271153,2.43201363492994,0,508.333333333333,133.333333333333,21.548167514102,72.7250653600942,1.02400574102313,2.9440165054415,0.01375,0.011,0.01375,0.01375,0,0,0,0
23/09/2010,0.00161783827927767,0.102808712768541,14.3064268614986,39.8090075317392,341.821093390089,0,8.11878246198394,32.4751298479357,2.44403843911452,0,508.333333333333,133.333333333333,21.6500865652905,73.0690421578554,1.02906881646927,2.95857284734915,0.01375,0.011,0.01375,0.01375,0,0,0,0
24/09/2010,0,0,14.4118851389321,0,341.512981591355,0,0,0,0,0,508.333333333333,133.333333333333,0,0,0,0,0.01375,0.011,0.01375,0.01375,0,0,0,0
25/09/2010,0,0,14.5188496063369,0,341.182405339689,0,0,0,0,0,508.333333333333,133.333333333333,0,0,0,0,0.01375,0.011,0.01375,0.01375,0,0,0,0
26/09/2010,0,0,14.6272885999607,0,340.829462492675,0,0,0,0,0,508.333333333333,133.333333333333,0,0,0,0,0.01375,0.011,0.01375,0.01375,0,0,0,0
27/09/2010,0,0,14.7371700195604,0,340.454257528887,0,0,0,0,0,508.333333333333,133.333333333333,0,0,0,0,0.01375,0.011,0.01375,0.01375,0,0,0,0
28/09/2010,0,0,14.8484613379039,0,340.056901516956,0,0,0,0,0,508.333333333333,133.333333333333,0,0,0,0,0.01375,0.011,0.01375,0.01375,0,0,0,0
29/09/2010,0,0,14.9611296103994,0,339.637512082693,0,0,0,0,0,508.333333333333,133.333333333333,0,0,0,0,0.01375,0.011,0.01375,0.01375,0,0,0,0
30/09/2010,0,0,15.0751414848473,0,339.19621337427,0,0,0,0,0,508.333333333333,133.333333333333,0,0,0,0,0.01375,0.011,0.01375,0.01375,0,0,0,0
01/10/2010,0,0,15.1904632113135,0,338.73313602547,0,0,0,0,0,508.333333333333,133.333333333333,0,0,0,0,0.01375,0.011,0.01375,0.01375,0,0,0,0
02/10/2010,0,0,15.3070606521197,0,338.248417117015,0,0,0,0,0,508.333333333333,133.333333333333,0,0,0,0,0.01375,0.011,0.01375,0.01375,0,0,0,0
03/10/2010,0.00993207582209764,0.160847011579416,15.4248992919492,35.8624032125997,337.742200135988,0,6.25683020559164,25.0273208223665,1.83355147647216,0,508.333333333333,133.333333333333,16.6848805482444,56.3114718503247,0.772021674304066,2.21956231362419,0.01375,0.011,0.01375,0.01375,0,0,0,0
04/10/2010,0.0341239217148671,0.133624248836836,15.5439442480639,37.7135510790951,337.214634933357,0,5.45235155431036,21.8094062172414,1.51459080092425,0,508.333333333333,133.333333333333,14.5396041448276,49.0711639887932,0.637722442494419,1.83345202217145,0.01375,0.011,0.01375,0.01375,0,0,0,0
05/10/2010,0.0218558028708848,0.134864518197943,15.6641602806307,37.6292127625399,336.665877679617,0,5.52909123138958,22.1163649255583,1.5384047830208,0,508.333333333333,133.333333333333,14.7442432837056,49.7618210825063,0.647749382324549,1.86227947418308,0.01375,0.011,0.01375,0.01375,0,0,0,0
06/10/2010,0.00775559899995764,0.142140393201838,15.7855118031529,37.134453262275,336.096090818561,0,6.11534067442506,24.4613626977002,1.74984266114174,0,508.333333333333,133.333333333333,16.3075751318002,55.0380660698255,0.736775857322836,2.11823058980315,0.01375,0.011,0.01375,0.01375,0,0,0,0
07/10/2010,0.000817369102831788,0.104008345369104,15.9079628930047,39.7274325149009,335.50544301919,0,8.10849989683625,32.433999587345,2.44080330087558,0,508.333333333333,133.333333333333,21.6226663915633,72.9764990715263,1.02770665300024,2.9546566273757,0.01375,0.011,0.01375,0.01375,0,0,0,0
08/10/2010,0.000342398659059734,0.105949932612341,16.0314773020651,39.5954045823608,334.894109125787,0,8.09185772046564,32.3674308818626,2.43556727850349,0,508.333333333333,133.333333333333,21.5782872545751,72.8267194841908,1.02550201200147,2.94831828450423,0.01375,0.011,0.01375,0.01375,0,0,0,0
09/10/2010,0,0,16.1560184674478,0,334.262270106158,0,0,0,0,0,508.333333333333,133.333333333333,0,0,0,0,0.01375,0.011,0.01375,0.01375,0,0,0,0
10/10/2010,0.00062652071544312,0.103916976734958,16.2815495223251,39.7336455820229,333.610112998059,0,8.1092830565575,32.43713222623,2.44104970145024,0,508.333333333333,133.333333333333,21.6247548174867,72.9835475090175,1.02781040061063,2.95495490175556,0.01375,0.011,0.01375,0.01375,0,0,0,0
11/10/2010,0.0017093543570122,0.102376084258595,16.408033306841,39.8384262704156,332.937830853834,0,8.1224907063549,32.4899628254196,2.44520514051553,0,508.333333333333,133.333333333333,21.6599752169464,73.1024163571941,1.02956005916443,2.95998517009775,0.01375,0.011,0.01375,0.01375,0,0,0,0
12/10/2010,0.00193111226183085,0.102241345879671,16.5354323791111,39.8475884801824,332.245622683264,0,8.12364560674568,32.4945824269827,2.4455684994987,0,508.333333333333,133.333333333333,21.6630549513218,73.1128104607111,1.0297130524205,2.96042502570895,0.01375,0.011,0.01375,0.01375,0,0,0,0
13/10/2010,0,0,16.6637090263067,0,331.533693394657,0,0,0,0,0,508.333333333333,133.333333333333,0,0,0,0,0.01375,0.011,0.01375,0.01375,0,0,0,0
14/10/2010,0,0,16.792825275818,0,330.802253734189,0,0,0,0,0,508.333333333333,133.333333333333,0,0,0,0,0.01375,0.011,0.01375,0.01375,0,0,0,0
15/10/2010,0.0012164935380703,0.102651925230046,16.9227429064953,39.8196690843569,330.051520223521,0,8.12012635517104,32.4805054206841,2.4444612597022,0,508.333333333333,133.333333333333,21.6536702804561,73.0811371965393,1.0292468461904,2.9590846827974,0.01375,0.011,0.01375,0.01375,0,0,0,0
16/10/2010,0,0,17.053423459963,0,329.281715095704,0,0,0,0,0,508.333333333333,133.333333333333,0,0,0,0,0.01375,0.011,0.01375,0.01375,0,0,0,0
17/10/2010,0,0,17.1848282520041,0,328.49306622939,0,0,0,0,0,508.333333333333,133.333333333333,0,0,0,0,0.01375,0.011,0.01375,0.01375,0,0,0,0
18/10/2010,0,0,17.3169183840117,0,327.685807081381,0,0,0,0,0,508.333333333333,133.333333333333,0,0,0,0,0.01375,0.011,0.01375,0.01375,0,0,0,0
19/10/2010,0,0,17.4496547545038,0,326.860176617513,0,0,0,0,0,508.333333333333,133.333333333333,0,0,0,0,0.01375,0.011,0.01375,0.01375,0,0,0,0
20/10/2010,0,0,17.5829980706979,0,326.016419241926,0,0,0,0,0,508.333333333333,133.333333333333,0,0,0,0,0.01375,0.011,0.01375,0.01375,0,0,0,0
21/10/2010,0,0,17.7169088601428,0,325.154784724706,0,0,0,0,0,508.333333333333,133.333333333333,0,0,0,0,0.01375,0.011,0.01375,0.01375,0,0,0,0
22/10/2010,0,0,17.8513474824032,0,324.275528127956,0,0,0,0,0,508.333333333333,133.333333333333,0,0,0,0,0.01375,0.011,0.01375,0.01375,0,0,0,0
23/10/2010,0.00093889168694931,0.102801719033111,17.986274140794,39.8094831057485,323.378909730285,0,8.11884240828762,32.4753696331505,2.44405729963974,0,508.333333333333,133.333333333333,21.6502464221003,73.0695816745886,1.02907675774305,2.95859567851126,0.01375,0.011,0.01375,0.01375,0,0,0,0
24/10/2010,0.0375476986343917,0.132899433206051,18.1216488941613,37.7628385419885,322.465194949768,0,5.7557765349609,23.0231061398436,1.64577032356425,0,508.333333333333,133.333333333333,15.3487374265624,51.8019888146481,0.692955925711262,1.99224828641988,0.01375,0.011,0.01375,0.01375,0,0,0,0
25/10/2010,0.0506486860532027,0.118605455652948,18.2574316687051,38.7348290155996,321.534654265367,0,5.41755481232987,21.6702192493195,1.49077048309583,0,508.333333333333,133.333333333333,14.4468128328797,48.7579933109688,0.627692834987719,1.80461690058969,0.01375,0.011,0.01375,0.01375,0,0,0,0
26/10/2010,0.00837787689439049,0.113695501275882,18.393582269843,39.0687059132401,320.587563136873,0,7.15981747480963,28.6392698992385,2.10760208851119,0,508.333333333333,133.333333333333,19.0928465994924,64.4383572732867,0.887411405688921,2.55130779135565,0.01375,0.011,0.01375,0.01375,0,0,0,0
27/10/2010,0,0,18.5300603941077,0,319.624201923357,0,0,0,0,0,508.333333333333,133.333333333333,0,0,0,0,0.01375,0.011,0.01375,0.01375,0,0,0,0
28/10/2010,0.000417884074186235,0.104831196469094,18.6668256410784,39.6714786401016,318.644855800181,0,8.10144688740776,32.4057875496311,2.43858425726399,0,508.333333333333,133.333333333333,21.6038583664207,72.9130219866699,1.026772318848,2.95197041668799,0.01375,0.011,0.01375,0.01375,0,0,0,0
29/10/2010,0.00227533387485041,0.10186146036059,18.8038375253397,39.8734206954799,317.64981467458,0,8.1269017683378,32.5076070733512,2.44659296496305,0,508.333333333333,133.333333333333,21.6717380489008,73.1421159150402,1.03014440630023,2.96166516811317,0.01375,0.011,0.01375,0.01375,0,0,0,0
30/10/2010,0,0,18.9410554884664,0,316.639373099842,0,0,0,0,0,508.333333333333,133.333333333333,0,0,0,0,0.01375,0.011,0.01375,0.01375,0,0,0,0
31/10/2010,0,0,19.0784389110296,0,315.613830188116,0,0,0,0,0,508.333333333333,133.333333333333,0,0,0,0,0.01375,0.011,0.01375,0.01375,0,0,0,0
01/11/2010,0.00100869065407001,0.103892115606696,19.2159471246209,39.7353361387447,314.573489521866,0,8.11214848591747,32.4485939436699,2.44263399541187,0,508.333333333333,133.333333333333,21.6323959624466,73.0093363732573,1.02847747175236,2.95687273128805,0.01375,0.011,0.01375,0.01375,0,0,0,0
02/11/2010,0.0347802567646653,0.130598369335039,19.353539423891,37.9193108852173,313.518659064006,0,5.95302479034502,23.8120991613801,1.72386446648183,0,508.333333333333,133.333333333333,15.8747327742534,53.5772231131052,0.725837670097612,2.08678330153063,0.01375,0.011,0.01375,0.01375,0,0,0,0
03/11/2010,0.0346076458435759,0.114201311972939,19.4911750785997,39.0343107858401,312.449651066735,0,5.76389093660709,23.0555637464284,1.60977039926618,0,508.333333333333,133.333333333333,15.3703758309523,51.8750184294639,0.67779806284892,1.94866943069064,0.01375,0.011,0.01375,0.01375,0,0,0,0
04/11/2010,0.00387403589248138,0.124343173976653,19.6288133456723,38.3446641695876,311.366781979106,0,8.01904094023503,32.0761637609401,2.43449674538186,0,508.333333333333,133.333333333333,21.3841091739601,72.1713684621152,1.02505126121341,2.94702237598856,0.01375,0.011,0.01375,0.01375,0,0,0,0
05/11/2010,0.081505194671545,0.124519775301241,19.7664134812612,38.3326552795156,310.270372353347,0,6.91207844900588,27.6483137960235,2.19784509746161,0,508.333333333333,133.333333333333,18.432209197349,62.2087060410529,0.925408462089101,2.66054932850617,0.01375,0.011,0.01375,0.01375,0,0,0,0
06/11/2010,0.0639494506318476,0.155533804729495,19.9039347528061,36.2237012783943,309.160746749974,0,5.7090386295264,22.8361545181056,1.70108900736568,0,508.333333333333,133.333333333333,15.2241030120704,51.3813476657376,0.71624800310134,2.05921300891635,0.01375,0.011,0.01375,0.01375,0,0,0,0
07/11/2010,0.0780092691539615,0.157387313826428,20.0413364510926,36.0976626598029,308.038233641712,0,6.34585687449912,25.3834274979965,1.99388253275082,0,508.333333333333,133.333333333333,16.9222849986643,57.1127118704921,0.839529487474029,2.41364727648783,0.01375,0.011,0.01375,0.01375,0,0,0,0
08/11/2010,0.0259842896775026,0.247252252797985,20.178577902302,29.986846809737,306.903165316262,0,4.12942576631071,16.5177030652428,1.10559996637997,0,508.333333333333,133.333333333333,11.0118020434952,37.1648318967964,0.465515775317883,1.33835785403891,0.01375,0.011,0.01375,0.01375,0,0,0,0
09/11/2010,0.12608976333008,0.158897337760836,20.3156184800527,35.9949810322631,305.755877777935,0,6.43242730134988,25.7297092053995,2.04300826196463,0,508.333333333333,133.333333333333,17.1531394702663,57.8918457121489,0.86021400503774,2.4731152644835,0.01375,0.011,0.01375,0.01375,0,0,0,0
10/11/2010,0.0804566098880678,0.213821024471875,20.4524176174254,32.2601703359125,304.596710648189,0,4.41948584447899,17.677943377916,1.21116207283001,0,508.333333333333,133.333333333333,11.7852955852773,39.7753726003109,0.50996297803369,1.46614356184686,0.01375,0.011,0.01375,0.01375,0,0,0,0
11/11/2010,0.0115734505503657,0.442918920858457,20.5889348189725,16.6815133816249,303.42600706509,0,2.41996387827486,9.67985551309945,0.597854753196826,0,508.333333333333,133.333333333333,6.45323700873297,21.7796749044738,0.251728317135506,0.723718911764578,0.01375,0.011,0.01375,0.01375,0,0,0,0
12/11/2010,0.0153197075520783,0.320081155334821,20.7251296727055,25.0344814372322,302.244113581744,0,3.78024430169227,15.1209772067691,1.01313157596775,0,508.333333333333,133.333333333333,10.0806514711794,34.0221987152304,0.426581716196945,1.22642243406622,0.01375,0.011,0.01375,0.01375,0,0,0,0
13/11/2010,0.000877217954918263,0.584597379873925,20.8609618620575,7.04737816857308,301.051380063702,0,0.923154086254606,3.69261634501842,0.137685150059118,0,508.333333333333,133.333333333333,2.46174423001228,8.30838677629145,0.0579726947617341,0.166671497439985,0.01375,0.011,0.01375,0.01375,0,0,0,0
14/11/2010,0,0,20.996391177818,0,299.848159585395,0,0,0,0,0,508.333333333333,133.333333333333,0,0,0,0,0.01375,0.011,0.01375,0.01375,0,0,0,0
15/11/2010,0.00663296522209588,0.573701623182526,21.1313775300357,7.78828962358825,298.634808325618,0,1.00556916033492,4.02227664133969,0.161106772748174,0,508.333333333333,133.333333333333,2.68151776089313,9.0501224430143,0.0678344306308099,0.195023988063579,0.01375,0.011,0.01375,0.01375,0,0,0,0
16/11/2010,0.167840601913002,0.145195361858425,21.2658809598859,36.9267153936271,297.411685462092,0,6.51516314141035,26.0606525656414,2.06117583939517,0,508.333333333333,133.333333333333,17.3737683770943,58.6364682726931,0.867863511324283,2.49510759505731,0.01375,0.011,0.01375,0.01375,0,0,0,0
17/11/2010,0.145369557757529,0.173857096010727,21.399861651499,34.9777174712705,296.17915306514,0,4.97912482730724,19.916499309229,1.41284255499377,0,508.333333333333,133.333333333333,13.2776662061526,44.8121234457652,0.594881075786851,1.7102830928872,0.01375,0.011,0.01375,0.01375,0,0,0,0
18/11/2010,0.011244407799811,0.524324255424276,21.5332799437473,11.1459506311492,294.937575990505,0,1.70541408630518,6.82165634522072,0.39202324535153,0,508.333333333333,133.333333333333,4.54777089681382,15.3487267767466,0.165062419095381,0.474554454899221,0.01375,0.011,0.01375,0.01375,0,0,0,0
19/11/2010,0.014078212680554,0.470458535335903,21.666096341985,14.8088195971586,293.68732177135,0,2.13977644978844,8.55910579915376,0.511619787459688,0,508.333333333333,133.333333333333,5.70607053276917,19.257988048096,0.215418857877763,0.619329216398569,0.01375,0.011,0.01375,0.01375,0,0,0,0
20/11/2010,0.0126159425157116,0.37732297174112,21.7982715297398,21.1420379216038,292.428760509454,0,3.09743576609944,12.3897430643978,0.800541764640656,0,508.333333333333,133.333333333333,8.25982870959851,27.876921894895,0.337070216690803,0.969076872986057,0.01375,0.011,0.01375,0.01375,0,0,0,0
21/11/2010,0.00050768761238918,0.6,21.9297663803513,6,291.162264765657,0,0.857142857142857,3.42857142857143,0.12258064516129,0,508.333333333333,133.333333333333,2.28571428571429,7.71428571428572,0.0516129032258065,0.148387096774194,0.01375,0.011,0.01375,0.01375,0,0,0,0
22/11/2010,0,0,22.0605419685534,0,289.888209449576,0,0,0,0,0,508.333333333333,133.333333333333,0,0,0,0,0.01375,0.011,0.01375,0.01375,0,0,0,0
23/11/2010,0,0,22.1905595819968,0,288.606971708621,0,0,0,0,0,508.333333333333,133.333333333333,0,0,0,0,0.01375,0.011,0.01375,0.01375,0,0,0,0
24/11/2010,0,0,22.3197807327088,0,287.31893081635,0,0,0,0,0,508.333333333333,133.333333333333,0,0,0,0,0.01375,0.011,0.01375,0.01375,0,0,0,0
25/11/2010,0,0,22.4481671684868,0,286.024468060202,0,0,0,0,0,508.333333333333,133.333333333333,0,0,0,0,0.01375,0.011,0.01375,0.01375,0,0,0,0
26/11/2010,0,0,22.5756808842214,0,284.723966628621,0,0,0,0,0,508.333333333333,133.333333333333,0,0,0,0,0.01375,0.011,0.01375,0.01375,0,0,0,0
27/11/2010,0,0,22.7022841331467,0,283.417811497628,0,0,0,0,0,508.333333333333,133.333333333333,0,0,0,0,0.01375,0.011,0.01375,0.01375,0,0,0,0
28/11/2010,0,0,22.8279394380145,0,282.10638931686,0,0,0,0,0,508.333333333333,133.333333333333,0,0,0,0,0.01375,0.011,0.01375,0.01375,0,0,0,0
29/11/2010,0.0140679226301823,0.263941185854477,22.9526096021881,28.8519993618956,280.79008829511,0,4.69154644807685,18.7661857923074,1.31885045324585,0,508.333333333333,133.333333333333,12.5107905282049,42.2239180326916,0.555305453998253,1.59650318024498,0.01375,0.011,0.01375,0.01375,0,0,0,0
30/11/2010,0.0217220488217708,0.192285377279301,23.0762577206533,33.7245943450075,279.469298085414,0,4.79716778025865,19.1886711210346,1.30627230349693,0,508.333333333333,133.333333333333,12.7924474140231,43.1745100223278,0.550009390946075,1.58127699896997,0.01375,0.011,0.01375,0.01375,0,0,0,0
01/12/2010,0.0524185350907858,0.166227387094381,23.1988471909432,35.4965376775821,278.144409669701,0,5.70030236584241,22.8012094633696,1.68075906665739,0,508.333333333333,133.333333333333,15.2008063089131,51.3027212925817,0.707688028066268,2.03460308069052,0.01375,0.011,0.01375,0.01375,0,0,0,0
02/12/2010,0.158436513410345,0.130822415237256,23.3203417239731,37.9040757638666,276.815815243058,0,6.27782738597583,25.1113095439033,1.92890640505104,0,508.333333333333,133.333333333333,16.7408730292689,56.5004464737825,0.812171117916228,2.33499196400916,0.01375,0.011,0.01375,0.01375,0,0,0,0
03/12/2010,0.122558260388062,0.157647338109386,23.4407053547832,36.0799810085618,275.483908097629,0,5.94534941489594,23.7813976595837,1.82895349683968,0,508.333333333333,133.333333333333,15.8542651063892,53.5081447340634,0.770085682879867,2.21399633827962,0.01375,0.011,0.01375,0.01375,0,0,0,0
04/12/2010,0.17709582732941,0.160987725055224,23.5599024531845,35.8528346962447,274.149082506192,0,6.04364806498846,24.1745922599538,1.88234768154158,0,508.333333333333,133.333333333333,16.1163948399692,54.3928325848961,0.792567444859614,2.27863140397139,0.01375,0.011,0.01375,0.01375,0,0,0,0
05/12/2010,0.102113778334389,0.212932860893683,23.6778977343065,32.3205654592295,272.811733605447,0,4.7597344545011,19.0389378180044,1.37494348893578,0,508.333333333333,133.333333333333,12.6926252120029,42.8376100905099,0.578923574288752,1.66440527608016,0.01375,0.011,0.01375,0.01375,0,0,0,0
06/12/2010,0.0266327594914256,0.368259012835647,23.794656269042,21.758387127176,271.472257279049,0,3.3138875672171,13.2555502688684,0.891837502822119,0,508.333333333333,133.333333333333,8.83703351257894,29.8249881049539,0.37551052750405,1.07959276657414,0.01375,0.011,0.01375,0.01375,0,0,0,0
07/12/2010,0.0111615197798262,0.463079863229747,23.9101434943871,15.3105693003772,270.131050040415,0,2.18815382119704,8.75261528478815,0.522748811676478,0,508.333333333333,133.333333333333,5.83507685652544,19.6933843907734,0.220104762811149,0.632801193082052,0.01375,0.011,0.01375,0.01375,0,0,0,0
08/12/2010,0.00318585111125291,0.592832573571944,24.0243252236724,6.48738499710782,268.788508915348,0,0.887860398977384,3.55144159590953,0.129609347206868,0,508.333333333333,133.333333333333,2.36762773060636,7.99074359079645,0.0545723567186813,0.156895525566209,0.01375,0.011,0.01375,0.01375,0,0,0,0
09/12/2010,0.00508137358384618,0.6,24.137167656683,6,267.445031324511,0,0.857142857142857,3.42857142857143,0.12258064516129,0,508.333333333333,133.333333333333,2.28571428571429,7.71428571428572,0.0516129032258065,0.148387096774194,0.01375,0.011,0.01375,0.01375,0,0,0,0
10/12/2010,0.00639817236754057,0.542812469209282,24.2486373896641,9.88875209376885,266.101014965779,0,1.20617772496473,4.82471089985894,0.21576085433154,0,508.333333333333,133.333333333333,3.21647393323929,10.8555995246826,0.0908466755080167,0.261184192085548,0.01375,0.011,0.01375,0.01375,0,0,0,0
11/12/2010,0.00228582511392699,0.320719731874173,24.3587014252095,24.9910582325563,264.756857696517,0,4.43507828771907,17.7403131508763,1.24719608350575,0,508.333333333333,133.333333333333,11.8268754339175,39.9157045894717,0.525135193055052,1.50976368003327,0.01375,0.011,0.01375,0.01375,0,0,0,0
12/12/2010,0,0,24.4673271820289,0,263.412957415799,0,0,0,0,0,508.333333333333,133.333333333333,0,0,0,0,0.01375,0.011,0.01375,0.01375,0,0,0,0
13/12/2010,0,0,24.5744825045931,0,262.069711946626,0,0,0,0,0,508.333333333333,133.333333333333,0,0,0,0,0.01375,0.011,0.01375,0.01375,0,0,0,0
14/12/2010,0,0,24.680135672653,0,260.727518918163,0,0,0,0,0,508.333333333333,133.333333333333,0,0,0,0,0.01375,0.011,0.01375,0.01375,0,0,0,0
15/12/2010,0,0,24.7842554106286,0,259.386775648026,0,0,0,0,0,508.333333333333,133.333333333333,0,0,0,0,0.01375,0.011,0.01375,0.01375,0,0,0,0
16/12/2010,7.03620230438421e-05,0.6,24.8868108968681,6,258.047879024676,0,0.857142857142857,3.42857142857143,0.12258064516129,0,508.333333333333,133.333333333333,2.28571428571429,7.71428571428572,0.0516129032258065,0.148387096774194,0.01375,0.011,0.01375,0.01375,0,0,0,0
17/12/2010,0.029454744402617,0.191532932630848,24.9877717727713,33.7757605811024,256.711225389925,0,5.41714455304668,21.6685782121867,1.55267823065775,0,508.333333333333,133.333333333333,14.4457188081245,48.7543009774201,0.653759255013789,1.87955785816464,0.01375,0.011,0.01375,0.01375,0,0,0,0
18/12/2010,0.0535112038065988,0.156481092676231,25.0871081517765,36.1592856980163,255.377210421614,0,4.9854907284744,19.9419629138976,1.35389082947805,0,508.333333333333,133.333333333333,13.2946419425984,44.8694165562696,0.570059296622337,1.63892047778922,0.01375,0.011,0.01375,0.01375,0,0,0,0
19/12/2010,0,0,25.1847906282074,0,254.046229016481,0,0,0,0,0,508.333333333333,133.333333333333,0,0,0,0,0.01375,0.011,0.01375,0.01375,0,0,0,0
20/12/2010,0.000396697720229091,0.105814779144513,25.2807902859783,39.6045950181731,252.718675173266,0,8.09301617876132,32.3720647150453,2.4359317568877,0,508.333333333333,133.333333333333,21.5813764766968,72.8371456088519,1.0256554765843,2.94875949517985,0.01375,0.011,0.01375,0.01375,0,0,0,0
21/12/2010,0.00297372507079489,0.102181518156776,25.3750787071532,39.8516567653392,251.394941876079,0,8.12415841579906,32.4966336631962,2.44572984135786,0,508.333333333333,133.333333333333,21.6644224421308,73.1174257421916,1.02978098583489,2.9606203342753,0.01375,0.011,0.01375,0.01375,0,0,0,0
22/12/2010,0,0,25.4676279803587,0,250.075420978066,0,0,0,0,0,508.333333333333,133.333333333333,0,0,0,0,0.01375,0.011,0.01375,0.01375,0,0,0,0
23/12/2010,0,0,25.5584107090458,0,248.760503085413,0,0,0,0,0,508.333333333333,133.333333333333,0,0,0,0,0.01375,0.011,0.01375,0.01375,0,0,0,0
24/12/2010,0,0,25.6474000196006,0,247.45057744172,0,0,0,0,0,508.333333333333,133.333333333333,0,0,0,0,0.01375,0.011,0.01375,0.01375,0,0,0,0
25/12/2010,0,0,25.7345695692986,0,246.146031812774,0,0,0,0,0,508.333333333333,133.333333333333,0,0,0,0,0.01375,0.011,0.01375,0.01375,0,0,0,0
26/12/2010,0.000753972044352793,0.105219912637341,25.8198935541034,39.6450459406608,244.847252371766,0,8.09811503453708,32.3924601381483,2.43753597753285,0,508.333333333333,133.333333333333,21.5949734254322,72.8830353108337,1.02633093790857,2.95070144648713,0.01375,0.011,0.01375,0.01375,0,0,0,0
27/12/2010,0.0104068912982529,0.219757313113139,25.9033467163048,31.8565027083066,243.55462358497,0,4.8647625210696,19.4590500842784,1.34607714427445,0,508.333333333333,133.333333333333,12.9727000561856,43.7828626896264,0.56676932390503,1.62946180622696,0.01375,0.011,0.01375,0.01375,0,0,0,0
28/12/2010,0.00428084422718723,0.207501788994207,25.984904351996,32.6898783483939,242.268528097937,0,5.70817492808081,22.8326997123232,1.64018362558086,0,508.333333333333,133.333333333333,15.2217998082155,51.3735743527273,0.690603631823521,1.98548544149262,0.01375,0.011,0.01375,0.01375,0,0,0,0
29/12/2010,0,0,26.0645423183859,0,240.989346622224,0,0,0,0,0,508.333333333333,133.333333333333,0,0,0,0,0.01375,0.011,0.01375,0.01375,0,0,0,0
30/12/2010,0,0,26.1422370409468,0,239.717457822691,0,0,0,0,0,508.333333333333,133.333333333333,0,0,0,0,0.01375,0.011,0.01375,0.01375,0,0,0,0
31/12/2010,0,0,26.2179655203918,0,238.453238205414,0,0,0,0,0,508.333333333333,133.333333333333,0,0,0,0,0.01375,0.011,0.01375,0.01375,0,0,0,0
01/01/2011,0,0,26.3051371179797,0,236.96541410873,0,0,0,0,0,508.333333333333,133.333333333333,0,0,0,0,0.01375,0.011,0.01375,0.01375,0,0,0,0
02/01/2011,0,0,26.3764918925008,0,235.719251726306,0,0,0,0,0,508.333333333333,133.333333333333,0,0,0,0,0.01375,0.011,0.01375,0.01375,0,0,0,0
03/01/2011,0.00786711277804338,0.199224123622652,26.4458110794992,33.2527595936597,234.481942079986,0,5.80905998860465,23.2362399544186,1.68701958998174,0,508.333333333333,133.333333333333,15.4908266362791,52.2815398974419,0.710324037887048,2.04218160892526,0.01375,0.011,0.01375,0.01375,0,0,0,0
04/01/2011,0.0212601360200239,0.169964398115521,26.5130741590243,35.2424209281446,233.253851439682,0,5.05797171515925,20.231886860637,1.38722048966381,0,508.333333333333,133.333333333333,13.487924573758,45.5217454364332,0.584092837753182,1.6792669085404,0.01375,0.011,0.01375,0.01375,0,0,0,0
05/01/2011,0.00103294474420349,0.103961771964594,26.5782612197774,39.7305995064076,232.035343346284,0,8.10889909744634,32.4355963897853,2.44092889883097,0,508.333333333333,133.333333333333,21.6237309265236,72.980091877017,1.02775953634988,2.95480866700591,0.01375,0.011,0.01375,0.01375,0,0,0,0
06/01/2011,0,0,26.6413529650052,0,230.826778504046,0,0,0,0,0,508.333333333333,133.333333333333,0,0,0,0,0.01375,0.011,0.01375,0.01375,0,0,0,0
07/01/2011,0.00256520644448718,0.101936437546961,26.7023307182122,39.8683222468067,229.628514673805,0,8.12625910674034,32.5050364269613,2.44639076842175,0,508.333333333333,133.333333333333,21.6700242846409,73.136331960663,1.03005927091442,2.96142040387895,0.01375,0.011,0.01375,0.01375,0,0,0,0
08/01/2011,0.00571609235023129,0.119263053985064,26.7611764286895,38.6901123290156,228.440906567085,0,7.49260442624855,29.9704177049942,2.22958171747772,0,508.333333333333,133.333333333333,19.9802784699961,67.433439836237,0.938771249464302,2.69896734220987,0.01375,0.011,0.01375,0.01375,0,0,0,0
09/01/2011,0.0158732762838917,0.162113051878843,26.817872676858,35.7763124722387,227.264305741087,0,5.67444477388845,22.6977790955538,1.60842855198673,0,508.333333333333,133.333333333333,15.1318527303692,51.070002964996,0.67723307452073,1.9470450892471,0.01375,0.011,0.01375,0.01375,0,0,0,0
10/01/2011,0.0199627505425197,0.158652534730642,26.8724026794253,36.0116276383163,226.099060494622,0,5.36008104228268,21.4403241691307,1.48964529140971,0,508.333333333333,133.333333333333,14.2935494460872,48.2407293805442,0.627219070067248,1.80325482644334,0.01375,0.011,0.01375,0.01375,0,0,0,0
11/01/2011,0.0139674069806325,0.193114753247101,26.9247502943533,33.6681967791971,224.945515765012,0,5.05874441440989,20.2349776576396,1.40307602146688,0,508.333333333333,133.333333333333,13.489985105093,45.528699729689,0.590768851143948,1.69846044703885,0.01375,0.011,0.01375,0.01375,0,0,0,0
12/01/2011,0.00407521094860239,0.101255859291252,26.9749000256372,39.9146015681949,223.804013025974,0,8.13209263464641,32.5283705385856,2.44822613429843,0,508.333333333333,133.333333333333,21.6855803590571,73.1888337118177,1.03083205654671,2.96364216257178,0.01375,0.011,0.01375,0.01375,0,0,0,0
13/01/2011,0.000204069164734552,0.105427880108608,27.0228370278924,39.6309041526146,222.674890186543,0,8.09633245621193,32.3853298248477,2.43697513622324,0,508.333333333333,133.333333333333,21.5902198832318,72.8669921059074,1.02609479419926,2.95002253332287,0.01375,0.011,0.01375,0.01375,0,0,0,0
14/01/2011,0,0,27.0685471107489,0,221.55848149104,0,0,0,0,0,508.333333333333,133.333333333333,0,0,0,0,0.01375,0.011,0.01375,0.01375,0,0,0,0
15/01/2011,0,0,27.1120167430522,0,220.45511742013,0,0,0,0,0,508.333333333333,133.333333333333,0,0,0,0,0.01375,0.011,0.01375,0.01375,0,0,0,0
16/01/2011,0.000499205422526737,0.104212600595274,27.1532330568687,39.7135431595214,219.365124592991,0,8.10674913775479,32.4269965510192,2.44025247065275,0,508.333333333333,133.333333333333,21.6179977006795,72.9607422397932,1.02747472448537,2.95398983289543,0.01375,0.011,0.01375,0.01375,0,0,0,0
17/01/2011,0.00304080648554447,0.101416758338352,27.1921838512949,39.9036604329921,218.28882567063,0,8.13071349995699,32.5228539998279,2.44779222590045,0,508.333333333333,133.333333333333,21.681902666552,73.1764214996129,1.03064935827387,2.96311690503738,0.01375,0.011,0.01375,0.01375,0,0,0,0
18/01/2011,0.00262375934102296,0.101635700010009,27.2288575960691,39.8887723993194,217.226539260369,0,8.12883685705707,32.5153474282283,2.44720178965043,0,508.333333333333,133.333333333333,21.6768982854855,73.1595317135136,1.03040075353702,2.96240216641894,0.01375,0.011,0.01375,0.01375,0,0,0,0
19/01/2011,0,0,27.2632434349846,0,216.178579821526,0,0,0,0,0,508.333333333333,133.333333333333,0,0,0,0,0.01375,0.011,0.01375,0.01375,0,0,0,0
20/01/2011,0,0,27.2953311891033,0,215.145257572335,0,0,0,0,0,508.333333333333,133.333333333333,0,0,0,0,0.01375,0.011,0.01375,0.01375,0,0,0,0
21/01/2011,0.000734162725579736,0.103038655518668,27.3251113597692,39.7933714247306,214.126878398107,0,8.1168115241257,32.4672460965028,2.44341833543998,0,508.333333333333,133.333333333333,21.6448307310019,73.0513037171314,1.02880772018526,2.95782219553261,0.01375,0.011,0.01375,0.01375,0,0,0,0
22/01/2011,0,0,27.3525751314198,0,213.12374376069,0,0,0,0,0,508.333333333333,133.333333333333,0,0,0,0,0.01375,0.011,0.01375,0.01375,0,0,0,0
23/01/2011,0,0,27.3777143741959,0,212.136150609223,0,0,0,0,0,508.333333333333,133.333333333333,0,0,0,0,0.01375,0.011,0.01375,0.01375,0,0,0,0
24/01/2011,0,0,27.4005216463481,0,211.164391292236,0,0,0,0,0,508.333333333333,133.333333333333,0,0,0,0,0.01375,0.011,0.01375,0.01375,0,0,0,0
25/01/2011,0,0,27.4209901964399,0,210.208753471109,0,0,0,0,0,508.333333333333,133.333333333333,0,0,0,0,0.01375,0.011,0.01375,0.01375,0,0,0,0
26/01/2011,0,0,27.4391139653462,0,209.269520034914,0,0,0,0,0,508.333333333333,133.333333333333,0,0,0,0,0.01375,0.011,0.01375,0.01375,0,0,0,0
27/01/2011,0,0,27.4548875880467,0,208.346969016682,0,0,0,0,0,508.333333333333,133.333333333333,0,0,0,0,0.01375,0.011,0.01375,0.01375,0,0,0,0
28/01/2011,0,0,27.4683063952143,0,207.441373511089,0,0,0,0,0,508.333333333333,133.333333333333,0,0,0,0,0.01375,0.011,0.01375,0.01375,0,0,0,0
29/01/2011,0,0,27.4793664145975,0,206.553001593623,0,0,0,0,0,508.333333333333,133.333333333333,0,0,0,0,0.01375,0.011,0.01375,0.01375,0,0,0,0
30/01/2011,0,0,27.4880643721958,0,205.682116241223,0,0,0,0,0,508.333333333333,133.333333333333,0,0,0,0,0.01375,0.011,0.01375,0.01375,0,0,0,0
31/01/2011,0,0,27.4943976932292,0,204.828975254433,0,0,0,0,0,508.333333333333,133.333333333333,0,0,0,0,0.01375,0.011,0.01375,0.01375,0,0,0,0
01/02/2011,0,0,27.4983645029001,0,203.993831181091,0,0,0,0,0,508.333333333333,133.333333333333,0,0,0,0,0.01375,0.011,0.01375,0.01375,0,0,0,0
02/02/2011,0,0,27.4999636269489,0,203.176931241564,0,0,0,0,0,508.333333333333,133.333333333333,0,0,0,0,0.01375,0.011,0.01375,0.01375,0,0,0,0
03/02/2011,0,0,27.4991945920008,0,202.37851725557,0,0,0,0,0,508.333333333333,133.333333333333,0,0,0,0,0.01375,0.011,0.01375,0.01375,0,0,0,0
04/02/2011,0,0,27.4960576257065,0,201.59882557059,0,0,0,0,0,508.333333333333,133.333333333333,0,0,0,0,0.01375,0.011,0.01375,0.01375,0,0,0,0
05/02/2011,0,0,27.4905536566747,0,200.838086991908,0,0,0,0,0,508.333333333333,133.333333333333,0,0,0,0,0.01375,0.011,0.01375,0.01375,0,0,0,0
06/02/2011,0,0,27.4826843141968,0,200.096526714289,0,0,0,0,0,508.333333333333,133.333333333333,0,0,0,0,0.01375,0.011,0.01375,0.01375,0,0,0,0
07/02/2011,0.00339995320686659,0.161505863112863,27.4724519277653,35.8176013083253,199.374364255309,0,7.14735078952664,28.5894031581065,2.14705185762321,0,508.333333333333,133.333333333333,19.0596021054044,64.3261571057397,0.904021834788721,2.59906277501757,0.01375,0.011,0.01375,0.01375,0,0,0,0
08/02/2011,0.00531653900027165,0.100844497076066,27.4598595263838,39.9425741988275,198.671813390382,0,8.13561859649086,32.5424743859635,2.44933548530455,0,508.333333333333,133.333333333333,21.6949829239756,73.2205673684178,1.03129915170718,2.96498506115813,0.01375,0.011,0.01375,0.01375,0,0,0,0
09/02/2011,0,0,27.4449108376702,0,197.989082089472,0,0,0,0,0,508.333333333333,133.333333333333,0,0,0,0,0.01375,0.011,0.01375,0.01375,0,0,0,0
10/02/2011,0,0,27.4276102867536,0,197.326372455532,0,0,0,0,0,508.333333333333,133.333333333333,0,0,0,0,0.01375,0.011,0.01375,0.01375,0,0,0,0
11/02/2011,0,0,27.4079629949642,0,196.683880664676,0,0,0,0,0,508.333333333333,133.333333333333,0,0,0,0,0.01375,0.011,0.01375,0.01375,0,0,0,0
12/02/2011,0,0,27.3859747783173,0,196.061796908109,0,0,0,0,0,508.333333333333,133.333333333333,0,0,0,0,0.01375,0.011,0.01375,0.01375,0,0,0,0
13/02/2011,0.0087448150959048,0.184492748794856,27.3616521457917,34.2544930819498,195.460305335824,0,5.81828276235033,23.2731310494013,1.68198787550751,0,508.333333333333,133.333333333333,15.5154206996009,52.364544861153,0.70820542126632,2.03609058614067,0.01375,0.011,0.01375,0.01375,0,0,0,0
14/02/2011,0.0207202000689351,0.153330118492682,27.3350022974027,36.3735519424977,194.87958400209,0,5.20907240435872,20.8362896174349,1.43342695333154,0,508.333333333333,133.333333333333,13.8908597449566,46.8816516392284,0.603548190876437,1.73520104876975,0.01375,0.011,0.01375,0.01375,0,0,0,0
15/02/2011,0.00607834147563838,0.190702196145229,27.3060331220709,33.8322506621245,194.319804812745,0,5.26701398624893,21.0680559449957,1.47331606842973,0,508.333333333333,133.333333333333,14.0453706299972,47.4031258762404,0.620343607759886,1.78348787230967,0.01375,0.011,0.01375,0.01375,0,0,0,0
16/02/2011,0.000166379251909948,0.107581786244572,27.274753195287,39.4844385353691,193.781133474307,0,8.07787040361796,32.3114816144718,2.43116653774044,0,508.333333333333,133.333333333333,21.5409877429812,72.7008336325616,1.02364906852229,2.94299107200159,0.01375,0.011,0.01375,0.01375,0,0,0,0
17/02/2011,0,0,27.2411717765731,0,193.263729444924,0,0,0,0,0,508.333333333333,133.333333333333,0,0,0,0,0.01375,0.011,0.01375,0.01375,0,0,0,0
18/02/2011,0.00052674221797759,0.10428979293296,27.2052988067417,39.7082940805587,192.767745887169,0,8.10608748914605,32.4243499565842,2.44004430034853,0,508.333333333333,133.333333333333,21.6162333043895,72.9547874023145,1.02738707383096,2.95373783726401,0.01375,0.011,0.01375,0.01375,0,0,0,0
19/02/2011,0.00180279214436748,0.101651595905253,27.1671449049533,39.8876914784428,192.293329622699,0,8.1287006065264,32.5148024261056,2.44715892201035,0,508.333333333333,133.333333333333,21.6765349507371,73.1583054587376,1.03038270400436,2.96235027401253,0.01375,0.011,0.01375,0.01375,0,0,0,0
20/02/2011,0,0,27.1267213655722,0,191.840621088795,0,0,0,0,0,508.333333333333,133.333333333333,0,0,0,0,0.01375,0.011,0.01375,0.01375,0,0,0,0
21/02/2011,0,0,27.0840401548241,0,191.409754296791,0,0,0,0,0,508.333333333333,133.333333333333,0,0,0,0,0.01375,0.011,0.01375,0.01375,0,0,0,0
22/02/2011,0,0,27.0391139072529,0,191.000856792401,0,0,0,0,0,508.333333333333,133.333333333333,0,0,0,0,0.01375,0.011,0.01375,0.01375,0,0,0,0
23/02/2011,0,0,26.9919559219814,0,190.614049617962,0,0,0,0,0,508.333333333333,133.333333333333,0,0,0,0,0.01375,0.011,0.01375,0.01375,0,0,0,0
24/02/2011,0,0,26.9425801587739,0,190.249447276606,0,0,0,0,0,508.333333333333,133.333333333333,0,0,0,0,0.01375,0.011,0.01375,0.01375,0,0,0,0
25/02/2011,0,0,26.891001233904,0,189.907157698364,0,0,0,0,0,508.333333333333,133.333333333333,0,0,0,0,0.01375,0.011,0.01375,0.01375,0,0,0,0
26/02/2011,0,0,26.8372344158281,0,189.587282208215,0,0,0,0,0,508.333333333333,133.333333333333,0,0,0,0,0.01375,0.011,0.01375,0.01375,0,0,0,0
27/02/2011,0,0,26.7812956206654,0,189.28991549609,0,0,0,0,0,508.333333333333,133.333333333333,0,0,0,0,0.01375,0.011,0.01375,0.01375,0,0,0,0
28/02/2011,0,0,26.7232014074861,0,189.015145588848,0,0,0,0,0,508.333333333333,133.333333333333,0,0,0,0,0.01375,0.011,0.01375,0.01375,0,0,0,0
01/03/2011,0.00143449238402209,0.101880980826114,26.6629689734102,39.8720933038242,188.763053824211,0,8.12673445006188,32.5069378002475,2.44654032267538,0,508.333333333333,133.333333333333,21.6712918668317,73.1406100505569,1.03012224112648,2.96160144323862,0.01375,0.011,0.01375,0.01375,0,0,0,0
02/03/2011,0.011788828330081,0.15131882661593,26.6006161485163,36.5103197901168,188.533714826692,0,5.44320166015473,21.7728066406189,1.51465283032864,0,508.333333333333,133.333333333333,14.5152044270793,48.9888149413926,0.637748560138376,1.83352711039783,0.01375,0.011,0.01375,0.01375,0,0,0,0
03/03/2011,0,0,26.5361613905638,0,188.327196485501,0,0,0,0,0,508.333333333333,133.333333333333,0,0,0,0,0.01375,0.011,0.01375,0.01375,0,0,0,0
04/03/2011,0,0,26.4696237795288,0,188.143559934448,0,0,0,0,0,508.333333333333,133.333333333333,0,0,0,0,0.01375,0.011,0.01375,0.01375,0,0,0,0
05/03/2011,0,0,26.4010230119562,0,187.98285953385,0,0,0,0,0,508.333333333333,133.333333333333,0,0,0,0,0.01375,0.011,0.01375,0.01375,0,0,0,0
06/03/2011,0,0,26.3303793951287,0,187.845142854435,0,0,0,0,0,508.333333333333,133.333333333333,0,0,0,0,0.01375,0.011,0.01375,0.01375,0,0,0,0
07/03/2011,0,0,26.2577138410562,0,187.730450663264,0,0,0,0,0,508.333333333333,133.333333333333,0,0,0,0,0.01375,0.011,0.01375,0.01375,0,0,0,0
08/03/2011,0,0,26.1830478602847,0,187.638816911658,0,0,0,0,0,508.333333333333,133.333333333333,0,0,0,0,0.01375,0.011,0.01375,0.01375,0,0,0,0
09/03/2011,0,0,26.1064035555288,0,187.570268725153,0,0,0,0,0,508.333333333333,133.333333333333,0,0,0,0,0.01375,0.011,0.01375,0.01375,0,0,0,0
10/03/2011,0,0,26.0278036151292,0,187.524826395466,0,0,0,0,0,508.333333333333,133.333333333333,0,0,0,0,0.01375,0.011,0.01375,0.01375,0,0,0,0
11/03/2011,0,0,25.9472713063363,0,187.502503374491,0,0,0,0,0,508.333333333333,133.333333333333,0,0,0,0,0.01375,0.011,0.01375,0.01375,0,0,0,0
12/03/2011,0.00122732894208841,0.10212940370423,25.8648304684224,39.8552005481124,187.503306270316,0,8.1246051111066,32.4984204444264,2.44587038226859,0,508.333333333333,133.333333333333,21.6656136296176,73.1214459999594,1.0298401609552,2.96079046274619,0.01375,0.011,0.01375,0.01375,0,0,0,0
13/03/2011,0.00478526213909242,0.100768592023663,25.7805055056248,39.9477357423909,187.527234845267,0,8.13626921122574,32.545076844903,2.44954018409102,0,508.333333333333,133.333333333333,21.696717896602,73.2264229010317,1.03138534066991,2.96523285442598,0.01375,0.011,0.01375,0.01375,0,0,0,0
14/03/2011,0.000495083901760186,0.103383312937238,25.6943213799221,39.7699347202678,187.574282015978,0,8.11385731768082,32.4554292707233,2.44248887220797,0,508.333333333333,133.333333333333,21.6369528471489,73.0247158591274,1.02841636724546,2.9566970558307,0.01375,0.011,0.01375,0.01375,0,0,0,0
15/03/2011,0.000569938071075244,0.103838928579423,25.6063036036443,39.7389528565993,187.644433855488,0,8.1099520407478,32.4398081629912,2.44126017970194,0,508.333333333333,133.333333333333,21.6265387753275,72.9895683667303,1.0278990230324,2.95520969121814,0.01375,0.011,0.01375,0.01375,0,0,0,0
16/03/2011,0,0,25.516478231921,0,187.737669597364,0,0,0,0,0,508.333333333333,133.333333333333,0,0,0,0,0.01375,0.011,0.01375,0.01375,0,0,0,0
17/03/2011,1.37065816346177e-05,0.10714067354153,25.4248718549683,39.5144341991759,187.853961641847,0,8.08165136964402,32.3266054785761,2.43235611909445,0,508.333333333333,133.333333333333,21.5510703190507,72.7348623267962,1.02414994488187,2.94443109153539,0.01375,0.011,0.01375,0.01375,0,0,0,0
18/03/2011,0.000907995230977423,0.1027591963848,25.3315115902177,39.8123746458336,187.993275564026,0,8.11920688813028,32.4768275525211,2.44417197362035,0,508.333333333333,133.333333333333,21.6512183683474,73.0728619931726,1.02912504152436,2.95873449438252,0.01375,0.011,0.01375,0.01375,0,0,0,0
19/03/2011,0,0,25.2364250742888,0,188.155570124022,0,0,0,0,0,508.333333333333,133.333333333333,0,0,0,0,0.01375,0.011,0.01375,0.01375,0,0,0,0
20/03/2011,0.018182301041763,0.13591979245533,25.1396404548081,37.5574541130375,188.340797279202,0,6.27326115223208,25.0930446089283,1.83086603428243,0,508.333333333333,133.333333333333,16.7286964059522,56.4593503700887,0.770890961803128,2.21631151518399,0.01375,0.011,0.01375,0.01375,0,0,0,0
21/03/2011,0.0880781318375028,0.116334140815679,25.0411863820767,38.8892784245338,188.548902198397,0,5.99925654363294,23.9970261745318,1.75497657928608,0,508.333333333333,133.333333333333,15.9980174496878,53.9933088926964,0.738937507067822,2.12444533281999,0.01375,0.011,0.01375,0.01375,0,0,0,0
22/03/2011,0.128597689187302,0.111852344370189,24.9410920005895,39.1940405828271,188.779823278136,0,6.52841837588977,26.1136735035591,2.00006192802715,0,508.333333333333,133.333333333333,17.4091156690394,58.755765383008,0.842131338116695,2.4211275970855,0.01375,0.011,0.01375,0.01375,0,0,0,0
23/03/2011,0.0217435850552764,0.120775830007808,24.8393869404073,38.5872435594691,189.033492160877,0,6.22628483524247,24.9051393409699,1.78961873813478,0,508.333333333333,133.333333333333,16.6034262273133,56.0365635171823,0.753523679214646,2.16638057774211,0.01375,0.011,0.01375,0.01375,0,0,0,0
24/03/2011,0,0,24.7361013083863,0,189.30983375525,0,0,0,0,0,508.333333333333,133.333333333333,0,0,0,0,0.01375,0.011,0.01375,0.01375,0,0,0,0
25/03/2011,0,0,24.6312656792653,0,189.608766258277,0,0,0,0,0,508.333333333333,133.333333333333,0,0,0,0,0.01375,0.011,0.01375,0.01375,0,0,0,0
26/03/2011,0,0,24.5249110866152,0,189.930201179595,0,0,0,0,0,508.333333333333,133.333333333333,0,0,0,0,0.01375,0.011,0.01375,0.01375,0,0,0,0
27/03/2011,0,0,24.4170690136522,0,190.274043367646,0,0,0,0,0,508.333333333333,133.333333333333,0,0,0,0,0.01375,0.011,0.01375,0.01375,0,0,0,0
28/03/2011,0.000894573801999398,0.102901188369462,24.3077713839186,39.8027191908766,190.640191037846,0,8.11798981397604,32.4719592559042,2.44378905330042,0,508.333333333333,133.333333333333,21.6479728372694,73.0619083257844,1.02896381191597,2.9582709592584,0.01375,0.011,0.01375,0.01375,0,0,0,0
29/03/2011,0.000163599770893917,0.104753097941083,24.1970505518319,39.6767893400064,191.028535802714,0,8.10211630336215,32.4084652134486,2.43879487135889,0,508.333333333333,133.333333333333,21.6056434756324,72.9190467302594,1.0268609984669,2.95222537059234,0.01375,0.011,0.01375,0.01375,0,0,0,0
30/03/2011,0,0,24.0849392931081,0,191.438962703959,0,0,0,0,0,508.333333333333,133.333333333333,0,0,0,0,0.01375,0.011,0.01375,0.01375,0,0,0,0
31/03/2011,0.00198180837181996,0.186363633762189,23.9714707950588,34.1272729041711,191.871350246509,0,7.00508259527674,28.0203303811069,2.10473820626715,0,508.333333333333,133.333333333333,18.6802202540713,63.0457433574906,0.886205560533539,2.54784098653392,0.01375,0.011,0.01375,0.01375,0,0,0,0
01/04/2011,0.00332831027047765,0.10100286524836,23.8566786467673,39.9318051631115,192.325570434476,0,8.13426115501406,32.5370446200562,2.44890840210442,0,508.333333333333,133.333333333333,21.6913630800375,73.2083503951265,1.03111932720186,2.96446806570535,0.01375,0.011,0.01375,0.01375,0,0,0,0
02/04/2011,0,0,23.7405968291455,0,192.801488809045,0,0,0,0,0,508.333333333333,133.333333333333,0,0,0,0,0.01375,0.011,0.01375,0.01375,0,0,0,0
03/04/2011,0,0,23.6232597048746,0,193.298964488279,0,0,0,0,0,508.333333333333,133.333333333333,0,0,0,0,0.01375,0.011,0.01375,0.01375,0,0,0,0
04/04/2011,0,0,23.5047020082334,0,193.817850208819,0,0,0,0,0,508.333333333333,133.333333333333,0,0,0,0,0.01375,0.011,0.01375,0.01375,0,0,0,0
05/04/2011,0.000288621215326169,0.105001552099143,23.3849588348159,39.6598944572583,194.357992369482,0,8.09998669629306,32.3999467851722,2.43812484659715,0,508.333333333333,133.333333333333,21.5999645234482,72.8998802666376,1.02657888277775,2.95141428798602,0.01375,0.011,0.01375,0.01375,0,0,0,0
06/04/2011,0.00171309213055046,0.101760577741409,23.2640656311426,39.8802807135842,194.919231076725,0,8.12776647650221,32.5110659060088,2.44686502260704,0,508.333333333333,133.333333333333,21.6740439373392,73.1498982885199,1.03025895688717,2.96199450105063,0.01375,0.011,0.01375,0.01375,0,0,0,0
07/04/2011,0.00173233367946931,0.120473533433436,23.142058184167,38.6077997265263,195.501400191981,0,8.01036427005877,32.0414570802351,2.42099514223298,0,508.333333333333,133.333333333333,21.3609713868234,72.0932784305289,1.01936637567705,2.93067833007151,0.01375,0.011,0.01375,0.01375,0,0,0,0
08/04/2011,0.00482189843808337,0.13252194287766,23.0189726106826,37.7885078843191,196.10432738084,0,6.79970787636857,27.1988315054743,1.98921080822258,0,508.333333333333,133.333333333333,18.1325543369828,61.1973708873171,0.837562445567402,2.40799203100628,0.01375,0.011,0.01375,0.01375,0,0,0,0
09/04/2011,0,0,22.8948453466311,0,196.727834164057,0,0,0,0,0,508.333333333333,133.333333333333,0,0,0,0,0.01375,0.011,0.01375,0.01375,0,0,0,0
10/04/2011,0,0,22.7697131363166,0,197.371735970394,0,0,0,0,0,508.333333333333,133.333333333333,0,0,0,0,0.01375,0.011,0.01375,0.01375,0,0,0,0
11/04/2011,0.00316887550012478,0.128895843228739,22.6436130215288,38.0350826604457,198.035842191253,0,8.00933753259784,32.0373501303914,2.4389912232768,0,508.333333333333,133.333333333333,21.3582334202609,72.0840377933806,1.02694367295865,2.95246305975613,0.01375,0.011,0.01375,0.01375,0,0,0,0
12/04/2011,0.00894906510244988,0.12052297992576,22.5165823305776,38.6044373650483,198.7199562371,0,6.75288378127407,27.0115351250963,1.96591059789085,0,508.333333333333,133.333333333333,18.0076900833975,60.7759540314667,0.827751830690885,2.37978651323629,0.01375,0.011,0.01375,0.01375,0,0,0,0
13/04/2011,0,0,22.3886586672431,0,199.42387559566,0,0,0,0,0,508.333333333333,133.333333333333,0,0,0,0,0.01375,0.011,0.01375,0.01375,0,0,0,0
14/04/2011,0,0,22.2598798996444,0,200.147391891864,0,0,0,0,0,508.333333333333,133.333333333333,0,0,0,0,0.01375,0.011,0.01375,0.01375,0,0,0,0
15/04/2011,0,0,22.1302841490292,0,200.890290949537,0,0,0,0,0,508.333333333333,133.333333333333,0,0,0,0,0.01375,0.011,0.01375,0.01375,0,0,0,0
16/04/2011,0.0168711575025757,0.142814771747752,21.99990977849,37.0885955211528,201.652352854791,0,6.27457257146849,25.0982902858739,1.8388439441459,0,508.333333333333,133.333333333333,16.732193523916,56.4711531432164,0.77425008174564,2.22596898501872,0.01375,0.011,0.01375,0.01375,0,0,0,0
17/04/2011,0.270202709942002,0.127949210806948,21.8687953816071,38.0994536651275,202.433352021133,0,6.61309221720512,26.4523688688205,2.0813110734006,0,508.333333333333,133.333333333333,17.6349125792137,59.5178299548461,0.876341504589725,2.51948182569546,0.01375,0.011,0.01375,0.01375,0,0,0,0
18/04/2011,0.186634574636787,0.162738210548147,21.7369797710241,35.733801682726,203.233057256235,0,5.57869870479055,22.3147948191622,1.66041009424857,0,508.333333333333,133.333333333333,14.8765298794415,50.2082883431149,0.69912003968361,2.00997011409038,0.01375,0.011,0.01375,0.01375,0,0,0,0
19/04/2011,0.0217432180042636,0.456160219119723,21.604501966959,15.7811050998589,204.051231830379,0,3.02015240980587,12.0806096392235,0.867351597577114,0,508.333333333333,133.333333333333,8.05373975948233,27.1813716882529,0.365200672664048,1.04995193390914,0.01375,0.011,0.01375,0.01375,0,0,0,0
20/04/2011,0.0157052702352327,0.582712172426109,21.4714011856532,7.17557227502455,204.887633546526,0,1.26462875589472,5.05851502357888,0.245836542240573,0,508.333333333333,133.333333333333,3.37234334905258,11.3816588030525,0.103510123048662,0.297591603764904,0.01375,0.011,0.01375,0.01375,0,0,0,0
21/04/2011,0.00788077315171497,0.6,21.3377168277622,6,205.742014812022,0,0.857142857142857,3.42857142857143,0.12258064516129,0,508.333333333333,133.333333333333,2.28571428571429,7.71428571428572,0.0516129032258065,0.148387096774194,0.01375,0.011,0.01375,0.01375,0,0,0,0
22/04/2011,0.00453677119421087,0.6,21.203488466693,6,206.614122711881,0,0.857142857142857,3.42857142857143,0.12258064516129,0,508.333333333333,133.333333333333,2.28571428571429,7.71428571428572,0.0516129032258065,0.148387096774194,0.01375,0.011,0.01375,0.01375,0,0,0,0
23/04/2011,0.00791750750206895,0.594055427523996,21.0687558368887,6.40423092836823,207.503699083657,0,0.882619596325729,3.53047838530291,0.128410161395823,0,508.333333333333,133.333333333333,2.35365225686861,7.94357636693156,0.0540674363771885,0.155443879584417,0.01375,0.011,0.01375,0.01375,0,0,0,0
24/04/2011,0.00644438999201887,0.553395983148221,20.9335588220669,9.16907314592099,208.410480593869,0,1.16732176847512,4.66928707390048,0.207707011212334,0,508.333333333333,133.333333333333,3.11285804926699,10.5058959162761,0.0874555836683513,0.25143480304651,0.01375,0.011,0.01375,0.01375,0,0,0,0
25/04/2011,0.00930177869120623,0.457126230818003,20.7979374434129,15.7154163043758,209.334198815945,0,2.29873858843799,9.19495435375195,0.553452563232997,0,508.333333333333,133.333333333333,6.12996956916797,20.6886472959419,0.233032658203367,0.669968892334681,0.01375,0.011,0.01375,0.01375,0,0,0,0
26/04/2011,0.0183407677772982,0.260707607109629,20.6619318477328,29.0718827165452,210.274580309692,0,4.4868221040941,17.9472884163764,1.24219575720841,0,508.333333333333,133.333333333333,11.9648589442509,40.3813989368469,0.523029792508804,1.50371065346281,0.01375,0.011,0.01375,0.01375,0,0,0,0
27/04/2011,0.0279626599643432,0.204329493056039,20.525582295569,32.9055944721894,211.231346702231,0,4.6437103568077,18.5748414272308,1.25875485226453,0,508.333333333333,133.333333333333,12.3832276181539,41.7933932112693,0.530002043058748,1.5237558737939,0.01375,0.011,0.01375,0.01375,0,0,0,0
28/04/2011,0.0492948028034779,0.187936231955026,20.3889291492823,34.0203362270582,212.204214770406,0,5.95112053733963,23.8044821493585,1.83884113005423,0,508.333333333333,133.333333333333,15.869654766239,53.5600848360567,0.774248896864941,2.22596557848671,0.01375,0.011,0.01375,0.01375,0,0,0,0
29/04/2011,0.113110123907102,0.162942356561,20.2520128611039,35.719919753852,213.192896524626,0,6.16975656455589,24.6790262582236,1.9281449808284,0,508.333333333333,133.333333333333,16.4526841721491,55.5278090810031,0.811850518243535,2.33407023995016,0.01375,0.011,0.01375,0.01375,0,0,0,0
30/04/2011,0.0760692305041798,0.218081396724871,20.1148739611606,31.9704650227088,214.19709929411,0,4.99584843279054,19.9833937311622,1.46956054045477,0,508.333333333333,133.333333333333,13.3222624874415,44.9626358951149,0.61876233282306,1.7789417068663,0.01375,0.011,0.01375,0.01375,0,0,0,0
01/05/2011,0.0280509119450901,0.327479552196765,19.9775530454767,24.53139045062,215.21652581353,0,3.85817533564594,15.4327013425838,1.07678280782371,0,508.333333333333,133.333333333333,10.2884675617225,34.7235780208135,0.45338223487314,1.30347392526028,0.01375,0.011,0.01375,0.01375,0,0,0,0
02/05/2011,0.0206492984444989,0.466205514325657,19.8400907639575,15.0980250258553,216.250874311002,0,2.38660273826537,9.5464109530615,0.583025677443294,0,508.333333333333,133.333333333333,6.36427396870766,21.4794246443884,0.245484495765598,0.705767925326093,0.01375,0.011,0.01375,0.01375,0,0,0,0
03/05/2011,0.0106023110533169,0.598836294086958,19.7025278083553,6.07913200208681,217.299838597422,0,0.923655105546689,3.69462042218675,0.139224706619564,0,508.333333333333,133.333333333333,2.46308028145784,8.3128959499202,0.0586209291029742,0.168535171171051,0.01375,0.011,0.01375,0.01375,0,0,0,0
04/05/2011,0.00675470998976387,0.6,19.5649049002241,6,218.363108157101,0,0.857142857142857,3.42857142857143,0.12258064516129,0,508.333333333333,133.333333333333,2.28571428571429,7.71428571428572,0.0516129032258065,0.148387096774194,0.01375,0.011,0.01375,0.01375,0,0,0,0
05/05/2011,0.00453581788843077,0.6,19.427262778865,6,219.440368239687,0,0.857142857142857,3.42857142857143,0.12258064516129,0,508.333333333333,133.333333333333,2.28571428571429,7.71428571428572,0.0516129032258065,0.148387096774194,0.01375,0.011,0.01375,0.01375,0,0,0,0
06/05/2011,0.00369799320210315,0.6,19.289642189267,6,220.531299953336,0,0.857142857142857,3.42857142857143,0.12258064516129,0,508.333333333333,133.333333333333,2.28571428571429,7.71428571428572,0.0516129032258065,0.148387096774194,0.01375,0.011,0.01375,0.01375,0,0,0,0
07/05/2011,0.00460171049645093,0.6,19.1520838700448,6,221.635580359109,0,0.857142857142857,3.42857142857143,0.12258064516129,0,508.333333333333,133.333333333333,2.28571428571429,7.71428571428572,0.0516129032258065,0.148387096774194,0.01375,0.011,0.01375,0.01375,0,0,0,0
08/05/2011,0.00277398370048181,0.6,19.0146285413801,6,222.752882566574,0,0.857142857142857,3.42857142857143,0.12258064516129,0,508.333333333333,133.333333333333,2.28571428571429,7.71428571428571,0.0516129032258065,0.148387096774194,0.01375,0.011,0.01375,0.01375,0,0,0,0
09/05/2011,0.00216502510223267,0.6,18.8773168929669,6,223.882875830567,0,0.857142857142857,3.42857142857143,0.12258064516129,0,508.333333333333,133.333333333333,2.28571428571429,7.71428571428572,0.0516129032258065,0.148387096774194,0.01375,0.011,0.01375,0.01375,0,0,0,0
10/05/2011,0.000853905357491267,0.6,18.7401895719671,6,225.025225649104,0,0.857142857142857,3.42857142857143,0.12258064516129,0,508.333333333333,133.333333333333,2.28571428571429,7.71428571428572,0.0516129032258065,0.148387096774194,0.01375,0.011,0.01375,0.01375,0,0,0,0
11/05/2011,0.000860175357160188,0.6,18.6032871709775,6,226.179593862396,0,0.857142857142857,3.42857142857143,0.12258064516129,0,508.333333333333,133.333333333333,2.28571428571429,7.71428571428572,0.0516129032258065,0.148387096774194,0.01375,0.011,0.01375,0.01375,0,0,0,0
12/05/2011,0,0,18.466650216014,0,227.345638752956,0,0,0,0,0,508.333333333333,133.333333333333,0,0,0,0,0.01375,0.011,0.01375,0.01375,0,0,0,0
13/05/2011,0,0,18.3303191545148,0,228.523015146753,0,0,0,0,0,508.333333333333,133.333333333333,0,0,0,0,0.01375,0.011,0.01375,0.01375,0,0,0,0
14/05/2011,0,0,18.1943343433671,0,229.71137451539,0,0,0,0,0,508.333333333333,133.333333333333,0,0,0,0,0.01375,0.011,0.01375,0.01375,0,0,0,0
15/05/2011,0,0,18.0587360369606,0,230.910365079275,0,0,0,0,0,508.333333333333,133.333333333333,0,0,0,0,0.01375,0.011,0.01375,0.01375,0,0,0,0
16/05/2011,0,0,17.9235643752715,0,232.119631911759,0,0,0,0,0,508.333333333333,133.333333333333,0,0,0,0,0.01375,0.011,0.01375,0.01375,0,0,0,0
17/05/2011,0.000735586355501981,0.6,17.7888593719801,6,233.338817044198,0,0.857142857142857,3.42857142857143,0.12258064516129,0,508.333333333333,133.333333333333,2.28571428571429,7.71428571428572,0.0516129032258065,0.148387096774194,0.01375,0.011,0.01375,0.01375,0,0,0,0
18/05/2011,0,0,17.6546609026259,0,234.567559571921,0,0,0,0,0,508.333333333333,133.333333333333,0,0,0,0,0.01375,0.011,0.01375,0.01375,0,0,0,0
19/05/2011,2.99302976142283e-05,0.6,17.5210086928035,6,235.805495761065,0,0.857142857142857,3.42857142857143,0.12258064516129,0,508.333333333333,133.333333333333,2.28571428571429,7.71428571428572,0.0516129032258065,0.148387096774194,0.01375,0.011,0.01375,0.01375,0,0,0,0
20/05/2011,0.000260408792621254,0.6,17.3879423064033,6,237.052259156249,0,0.857142857142857,3.42857142857143,0.12258064516129,0,508.333333333333,133.333333333333,2.28571428571429,7.71428571428572,0.0516129032258065,0.148387096774194,0.01375,0.011,0.01375,0.01375,0,0,0,0
21/05/2011,0,0,17.2555011338993,0,238.307480689051,0,0,0,0,0,508.333333333333,133.333333333333,0,0,0,0,0.01375,0.011,0.01375,0.01375,0,0,0,0
22/05/2011,0,0,17.123724380689,0,239.57078878726,0,0,0,0,0,508.333333333333,133.333333333333,0,0,0,0,0.01375,0.011,0.01375,0.01375,0,0,0,0
23/05/2011,0.000931963859314823,0.152857741208424,16.9926510554879,36.4056735978272,240.841809484872,0,7.76265431836636,31.0506172734654,2.35074858315117,0,508.333333333333,133.333333333333,20.7004115156436,69.8638888652972,0.989788877116283,2.84564302170931,0.01375,0.011,0.01375,0.01375,0,0,0,0
24/05/2011,0.00509539762012724,0.222434423829877,16.8623199587815,31.6744591795684,242.120166532788,0,5.1479690989031,20.5918763956124,1.44822308528985,0,508.333333333333,133.333333333333,13.7279175970749,46.3317218901279,0.609778141174675,1.75311215587719,0.01375,0.011,0.01375,0.01375,0,0,0,0
25/05/2011,0.000184478965372013,0.108547864771638,16.7327696713403,39.4187451955286,243.405481510195,0,8.06958973052882,32.2783589221153,2.42856124209971,0,508.333333333333,133.333333333333,21.5189059480768,72.6263075747594,1.02255210193672,2.93983729306807,0.01375,0.011,0.01375,0.01375,0,0,0,0
26/05/2011,0.00224899257229242,0.247036521107771,16.6040385427983,30.0015165646716,244.697373936585,0,5.2055225140385,20.822090056154,1.48221240486337,0,508.333333333333,133.333333333333,13.8813933707693,46.8497026263465,0.624089433626684,1.79425712167672,0.01375,0.011,0.01375,0.01375,0,0,0,0
27/05/2011,0,0,16.4761646803015,0,245.995461384384,0,0,0,0,0,508.333333333333,133.333333333333,0,0,0,0,0.01375,0.011,0.01375,0.01375,0,0,0,0
28/05/2011,8.34520387993415e-05,0.6,16.3491859372266,6,247.299359592162,0,0.857142857142857,3.42857142857143,0.12258064516129,0,508.333333333333,133.333333333333,2.28571428571429,7.71428571428572,0.0516129032258065,0.148387096774194,0.01375,0.011,0.01375,0.01375,0,0,0,0
29/05/2011,0,0,16.2231399019762,0,248.60868257838,0,0,0,0,0,508.333333333333,133.333333333333,0,0,0,0,0.01375,0.011,0.01375,0.01375,0,0,0,0
30/05/2011,0.00640021270379848,0.22550352413854,16.0980638868514,31.4657603585793,249.92304275565,0,5.45997179488576,21.8398871795431,1.57302822614303,0,508.333333333333,133.333333333333,14.559924786362,49.1397461539719,0.662327674165487,1.90419206322577,0.01375,0.011,0.01375,0.01375,0,0,0,0
31/05/2011,0.204054415730552,0.129069698119557,15.9739949170069,38.0232605278701,251.242051045467,0,6.60047716459501,26.40190865838,2.07716854887792,0,508.333333333333,133.333333333333,17.60127243892,59.4042944813551,0.87459728373807,2.51446719074695,0.01375,0.011,0.01375,0.01375,0,0,0,0
01/06/2011,0.295242342181979,0.139169868447082,15.8509697194906,37.3364489455984,252.565316993389,0,6.07269315493848,24.2907726197539,1.86207259974594,0,508.333333333333,133.333333333333,16.1938484131693,54.6542383944463,0.78403056831408,2.25408788390298,0.01375,0.011,0.01375,0.01375,0,0,0,0
02/06/2011,0.129374774102235,0.202172383157282,15.7290247123716,33.0522779453048,253.892448884614,0,5.12821038379511,20.5128415351804,1.52439131831919,0,508.333333333333,133.333333333333,13.6752276901203,46.153893454156,0.641848976134396,1.84531580638639,0.01375,0.011,0.01375,0.01375,0,0,0,0
03/06/2011,0.0410939101812733,0.354445173007988,15.6081959939597,22.6977282354568,255.223053859939,0,3.66745710973033,14.6698284389213,1.04017868688275,0,508.333333333333,133.333333333333,9.77988562594755,33.007113987573,0.437969973424315,1.2591636735949,0.01375,0.011,0.01375,0.01375,0,0,0,0
04/06/2011,0.0201845670887005,0.562305630243529,15.4885193321197,8.56321714344001,256.556738032057,0,1.44189438856138,5.76757755424553,0.30645216052045,0,508.333333333333,133.333333333333,3.84505170283035,12.9770494970524,0.12903248864019,0.370968404840545,0.01375,0.011,0.01375,0.01375,0,0,0,0
05/06/2011,0.0136708232902851,0.589606058655916,15.370030153683,6.70678801139772,257.89310660215,0,0.901688320046075,3.6067532801843,0.132773413447102,0,508.333333333333,133.333333333333,2.40450218678953,8.11519488041467,0.0559045951356218,0.160725711014913,0.01375,0.011,0.01375,0.01375,0,0,0,0
06/06/2011,0.013143892556404,0.569757892143696,15.2527635339609,8.05646333422866,259.231763976763,0,1.07770631537293,4.31082526149172,0.184675966560734,0,508.333333333333,133.333333333333,2.87388350766115,9.69935683835638,0.0777583017097827,0.223555117415625,0.01375,0.011,0.01375,0.01375,0,0,0,0
07/06/2011,0.00879681917342497,0.6,15.1367541863612,6,260.572313884907,0,0.857142857142857,3.42857142857143,0.12258064516129,0,508.333333333333,133.333333333333,2.28571428571429,7.71428571428572,0.0516129032258065,0.148387096774194,0.01375,0.011,0.01375,0.01375,0,0,0,0
08/06/2011,0.00760845462979744,0.6,15.0220364521127,6,261.914359495362,0,0.857142857142857,3.42857142857143,0.12258064516129,0,508.333333333333,133.333333333333,2.28571428571429,7.71428571428572,0.0516129032258065,0.148387096774194,0.01375,0.011,0.01375,0.01375,0,0,0,0
09/06/2011,0.00647424987019818,0.6,14.908644290099,6,263.257503534148,0,0.857142857142857,3.42857142857143,0.12258064516129,0,508.333333333333,133.333333333333,2.28571428571429,7.71428571428571,0.0516129032258065,0.148387096774194,0.01375,0.011,0.01375,0.01375,0,0,0,0
10/06/2011,0.00683618991176298,0.6,14.7966112668063,6,264.601348402127,0,0.857142857142857,3.42857142857143,0.12258064516129,0,508.333333333333,133.333333333333,2.28571428571429,7.71428571428572,0.0516129032258065,0.148387096774194,0.01375,0.011,0.01375,0.01375,0,0,0,0
11/06/2011,0.00613962262357417,0.57952248549529,14.6859705463869,7.39247098632029,265.945496292702,0,0.944903633591615,3.77961453436646,0.142661820675587,0,508.333333333333,133.333333333333,2.51974302291097,8.50413270232454,0.0600681350212997,0.172695888186237,0.01375,0.011,0.01375,0.01375,0,0,0,0
12/06/2011,0.0211360157295507,0.298481647200641,14.576754880842,26.5032479903564,267.289549309573,0,4.16517052512499,16.6606821004999,1.14655961883363,0,508.333333333333,133.333333333333,11.1071214003333,37.4865347261249,0.482761944772056,1.38794059121966,0.01375,0.011,0.01375,0.01375,0,0,0,0
13/06/2011,0.25308421339257,0.1407807996099,14.4689966003261,37.2269056265268,268.633109584525,0,6.46333850028409,25.8533540011364,2.04186521635614,0,508.333333333333,133.333333333333,17.2355693340909,58.1700465025569,0.859732722676271,2.47173157769428,0.01375,0.011,0.01375,0.01375,0,0,0,0
14/06/2011,0.200438600370822,0.166057523706178,14.3627276035769,35.5080883879799,269.975779395208,0,5.36282703283717,21.4513081313487,1.5920536882195,0,508.333333333333,133.333333333333,14.3008720875658,48.2654432955345,0.670338395039788,1.92722288573939,0.01375,0.011,0.01375,0.01375,0,0,0,0
15/06/2011,0.365833032319405,0.153586582114839,14.2579793484726,36.3561124161909,271.317161282863,0,6.33165336272412,25.3266134508965,2.00798802167403,0,508.333333333333,133.333333333333,16.8844089672643,56.984880264517,0.845468640704857,2.43072234202646,0.01375,0.011,0.01375,0.01375,0,0,0,0
16/06/2011,0.322930407282586,0.173639393934666,14.1547828427194,34.9925212124427,272.656858169988,0,5.41380005916963,21.6552002366785,1.63261141028886,0,508.333333333333,133.333333333333,14.4368001577857,48.7242005325266,0.687415330647942,1.97631907561283,0.01375,0.011,0.01375,0.01375,0,0,0,0
17/06/2011,0.109070279424174,0.293363884525591,14.0531686346731,26.8512558522598,273.994473477875,0,4.20441699109697,16.8176679643879,1.22811731042671,0,508.333333333333,133.333333333333,11.2117786429252,37.8397529198727,0.517102025442826,1.48666832314812,0.01375,0.011,0.01375,0.01375,0,0,0,0
18/06/2011,0.0400213945453636,0.527527510072953,13.9531668042954,10.9281293150392,275.329611244008,0,1.99978509930459,7.99914039721835,0.509970315154934,0,508.333333333333,133.333333333333,5.33276026481223,17.9980658937413,0.21472434322313,0.617332486766499,0.01375,0.011,0.01375,0.01375,0,0,0,0
19/06/2011,0.0312734517538159,0.584828562546166,13.8548069542502,7.03165774686068,276.661876239276,0,1.18836335285161,4.75345341140646,0.224728176762208,0,508.333333333333,133.333333333333,3.16896894093764,10.6952701756645,0.0946223902156667,0.272039371870042,0.01375,0.011,0.01375,0.01375,0,0,0,0
20/06/2011,0.023331834003601,0.6,13.7581182011404,6,277.99087408497,0,0.857142857142857,3.42857142857143,0.12258064516129,0,508.333333333333,133.333333333333,2.28571428571429,7.71428571428572,0.0516129032258065,0.148387096774194,0.01375,0.011,0.01375,0.01375,0,0,0,0
21/06/2011,0.0191661298185471,0.6,13.6631291668888,6,279.316211369524,0,0.857142857142857,3.42857142857143,0.12258064516129,0,508.333333333333,133.333333333333,2.28571428571429,7.71428571428572,0.0516129032258065,0.148387096774194,0.01375,0.011,0.01375,0.01375,0,0,0,0
22/06/2011,0.0175907371949892,0.597339719810877,13.5698679702651,6.18089905286035,280.637495764978,0,0.868544057953383,3.47417623181353,0.12518943605643,0,508.333333333333,133.333333333333,2.31611748787569,7.81689652158045,0.0527113414974443,0.151545106805152,0.01375,0.011,0.01375,0.01375,0,0,0,0
23/06/2011,0.0160686197630506,0.594346485697295,13.4783622185626,6.38443897258392,281.954336143113,0,0.881372204154449,3.52548881661779,0.128124736606523,0,508.333333333333,133.333333333333,2.3503258777452,7.93234983739004,0.0539472575185361,0.155098365365791,0.01375,0.011,0.01375,0.01375,0,0,0,0
24/06/2011,0.0149510379764188,0.599999242545481,13.3886389994256,6.0000515069073,283.266342691233,0,0.862127779054405,3.44851111621762,0.123532846360918,0,508.333333333333,133.333333333333,2.29900741081175,7.75915001148964,0.0520138300467025,0.14953976138427,0.01375,0.011,0.01375,0.01375,0,0,0,0
25/06/2011,0.0131229012901652,0.6,13.3007248728309,6,284.573127027558,0,0.857142857142857,3.42857142857143,0.12258064516129,0,508.333333333333,133.333333333333,2.28571428571429,7.71428571428572,0.0516129032258065,0.148387096774194,0.01375,0.011,0.01375,0.01375,0,0,0,0
26/06/2011,0.0115217758215772,0.6,13.2146458632257,6,285.874302316194,0,0.857142857142857,3.42857142857143,0.12258064516129,0,508.333333333333,133.333333333333,2.28571428571429,7.71428571428572,0.0516129032258065,0.148387096774194,0.01375,0.011,0.01375,0.01375,0,0,0,0
27/06/2011,0.0113118914402506,0.6,13.1304274518233,6,287.169483381644,0,0.917069235235883,3.66827694094353,0.135634815662783,0,508.333333333333,133.333333333333,2.44551796062902,8.25362311712295,0.0571093960685401,0.164189513697053,0.01375,0.011,0.01375,0.01375,0,0,0,0
28/06/2011,0.00928601546145327,0.6,13.0480945690608,6,288.458286822828,0,0.857142857142857,3.42857142857143,0.12258064516129,0,508.333333333333,133.333333333333,2.28571428571429,7.71428571428572,0.0516129032258065,0.148387096774194,0.01375,0.011,0.01375,0.01375,0,0,0,0
29/06/2011,0.0198030608620532,0.407932809989724,12.9676715872185,19.0605689206987,289.740331126578,0,3.07833256348217,12.3133302539287,0.802592876168239,0,508.333333333333,133.333333333333,8.20888683595247,27.7049930713396,0.337933842597153,0.971559797466815,0.01375,0.011,0.01375,0.01375,0,0,0,0
30/06/2011,0.0272622197519511,0.316069213118861,12.8891823132057,25.3072935079174,291.015236780576,0,3.65489261109523,14.6195704443809,0.955403034444653,0,508.333333333333,133.333333333333,9.74638029625394,32.8940334998571,0.402274961871433,1.15654051538037,0.01375,0.011,0.01375,0.01375,0,0,0,0
01/07/2011,0.0132321624389338,0.422418187080695,12.8126499815131,18.0755632785128,292.282626385693,0,2.54389982721282,10.1755993088513,0.625307981772821,0,508.333333333333,133.333333333333,6.78373287256751,22.8950984449154,0.263287571272767,0.756951767409204,0.01375,0.011,0.01375,0.01375,0,0,0,0
02/07/2011,0.0115904932226062,0.459290956141982,12.738097247335,15.5682149823452,293.542124767712,0,2.40223910991355,9.60895643965419,0.585991973913214,0,508.333333333333,133.333333333333,6.40597095976946,21.6201519892219,0.246733462700301,0.709358705263365,0.01375,0.011,0.01375,0.01375,0,0,0,0
03/07/2011,0.0109876725199712,0.402457505678017,12.6655461798626,19.4328896138949,294.793359088383,0,2.75363018634434,11.0145207453774,0.691470440574232,0,508.333333333333,133.333333333333,7.34301383025159,24.7826716770991,0.291145448662835,0.83704316490565,0.01375,0.011,0.01375,0.01375,0,0,0,0
04/07/2011,0.00343081237300992,0.6,12.5950182557516,6,296.035958955797,0,0.857142857142857,3.42857142857143,0.12258064516129,0,508.333333333333,133.333333333333,2.28571428571429,7.71428571428572,0.0516129032258065,0.148387096774194,0.01375,0.011,0.01375,0.01375,0,0,0,0
05/07/2011,0.000149883370116702,0.593618925924235,12.526534352764,6.43391303715204,297.269556534024,0,0.884490317467566,3.53796126987026,0.128838214577525,0,508.333333333333,133.333333333333,2.35864084658018,7.96041285720809,0.0542476692957999,0.155962049225425,0.01375,0.011,0.01375,0.01375,0,0,0,0
06/07/2011,0.00172613707387605,0.587433496226675,12.4601147435886,6.85452225658608,298.493786652004,0,0.910999301885677,3.64399720754271,0.134903926280938,0,508.333333333333,133.333333333333,2.42933147169514,8.1989937169711,0.0568016531709212,0.163304752866398,0.01375,0.011,0.01375,0.01375,0,0,0,0
07/07/2011,0.00225131239548194,0.6,12.3957790898389,6,299.708286911643,0,0.857142857142857,3.42857142857143,0.12258064516129,0,508.333333333333,133.333333333333,2.28571428571429,7.71428571428572,0.0516129032258065,0.148387096774194,0.01375,0.011,0.01375,0.01375,0,0,0,0
08/07/2011,0.00296831674226114,0.6,12.3335464362339,6,300.91269779509,0,0.857142857142857,3.42857142857143,0.12258064516129,0,508.333333333333,133.333333333333,2.28571428571429,7.71428571428572,0.0516129032258065,0.148387096774194,0.01375,0.011,0.01375,0.01375,0,0,0,0
09/07/2011,0.00231327775108495,0.6,12.2734352049594,6,302.106662771168,0,0.857142857142857,3.42857142857143,0.12258064516129,0,508.333333333333,133.333333333333,2.28571428571429,7.71428571428572,0.0516129032258065,0.148387096774194,0.01375,0.011,0.01375,0.01375,0,0,0,0
10/07/2011,0.00154769331633639,0.6,12.2154631902157,6,303.289828400906,0,0.857142857142857,3.42857142857143,0.12258064516129,0,508.333333333333,133.333333333333,2.28571428571429,7.71428571428572,0.0516129032258065,0.148387096774194,0.01375,0.011,0.01375,0.01375,0,0,0,0
11/07/2011,0.00220941595860089,0.6,12.1596475529492,6,304.461844442171,0,0.857142857142857,3.42857142857143,0.12258064516129,0,508.333333333333,133.333333333333,2.28571428571429,7.71428571428572,0.0516129032258065,0.148387096774194,0.01375,0.011,0.01375,0.01375,0,0,0,0
12/07/2011,0.00192159279649397,0.6,12.1060048157731,6,305.622363953343,0,0.857142857142857,3.42857142857143,0.12258064516129,0,508.333333333333,133.333333333333,2.28571428571429,7.71428571428572,0.0516129032258065,0.148387096774194,0.01375,0.011,0.01375,0.01375,0,0,0,0
13/07/2011,0.00398088835440111,0.6,12.0545508580758,6,306.771043396021,0,0.857142857142857,3.42857142857143,0.12258064516129,0,508.333333333333,133.333333333333,2.28571428571429,7.71428571428572,0.0516129032258065,0.148387096774194,0.01375,0.011,0.01375,0.01375,0,0,0,0
14/07/2011,0.00277325895714851,0.6,12.0053009113207,6,307.907542736714,0,0.857142857142857,3.42857142857143,0.12258064516129,0,508.333333333333,133.333333333333,2.28571428571429,7.71428571428572,0.0516129032258065,0.148387096774194,0.01375,0.011,0.01375,0.01375,0,0,0,0
15/07/2011,0.00428870647214353,0.6,11.9582695545372,6,309.031525547499,0,0.926130695348859,3.70452278139544,0.136748631844356,0,508.333333333333,133.333333333333,2.46968185426363,8.33517625813973,0.0575783713028867,0.165537817495799,0.01375,0.011,0.01375,0.01375,0,0,0,0
16/07/2011,0.0104467451626214,0.376305456185969,11.9134707100049,21.2112289793541,310.142659105614,0,3.476061672492,13.904246689968,0.926410986629338,0,508.333333333333,133.333333333333,9.269497793312,31.284555052428,0.390067783843932,1.1214448785513,0.01375,0.011,0.01375,0.01375,0,0,0,0
17/07/2011,0.0141049020946008,0.28323801470688,11.8709176391324,27.5398149999322,311.240614491947,0,3.91237864890378,15.6495145956151,1.03975953534344,0,508.333333333333,133.333333333333,10.4330097304101,35.2114078401341,0.43779348856566,1.25865627962627,0.01375,0.011,0.01375,0.01375,0,0,0,0
18/07/2011,0.0035411760474132,0.4911868184313,11.8306229385318,13.3992963466716,312.325066688404,0,1.88575424112727,7.54301696450909,0.430098134518832,0,508.333333333333,133.333333333333,5.02867797633939,16.9717881701455,0.18109395137635,0.520645110207007,0.01375,0.011,0.01375,0.01375,0,0,0,0
19/07/2011,0.00178273999796059,0.6,11.7925985362894,6,313.395694674121,0,0.857142857142857,3.42857142857143,0.12258064516129,0,508.333333333333,133.333333333333,2.28571428571429,7.71428571428572,0.0516129032258065,0.148387096774194,0.01375,0.011,0.01375,0.01375,0,0,0,0
20/07/2011,0.048509334504366,0.176054729200463,11.7568556884352,34.8282784143686,314.452181520497,0,5.75720365451582,23.0288146180633,1.71109564016016,0,508.333333333333,133.333333333333,15.3525430787089,51.8148328906424,0.720461322172701,2.07132630124651,0.01375,0.011,0.01375,0.01375,0,0,0,0
21/07/2011,0.0836143869663738,0.149491389111571,11.7234049756106,36.6345855404131,315.494214485005,0,5.44754562708678,21.7901825083471,1.55880091791757,0,508.333333333333,133.333333333333,14.5267883388981,49.027910643781,0.656337228596873,1.88696953221601,0.01375,0.011,0.01375,0.01375,0,0,0,0
22/07/2011,0.638057657364142,0.125874652419398,11.6922562999366,38.2405236354809,316.521485103776,0,6.60132803110606,26.4053121244242,2.10081581068824,0,508.333333333333,133.333333333333,17.6035414162828,59.4119522799545,0.884554025552945,2.54309282346472,0.01375,0.011,0.01375,0.01375,0,0,0,0
23/07/2011,0.618998146674951,0.143665108207015,11.6634188820821,37.030772641923,317.533689282906,0,5.510911890778,22.043647563112,1.6507865726168,0,508.333333333333,133.333333333333,14.6957650420747,49.598207017002,0.695068030575493,1.99832058790454,0.01375,0.011,0.01375,0.01375,0,0,0,0
24/07/2011,0.180612268993541,0.240075915333325,11.6369012585347,30.4748377573339,318.530527388481,0,4.95518602193331,19.8207440877332,1.50417870588656,0,508.333333333333,133.333333333333,13.2138293918222,44.5966741973998,0.633338402478551,1.82084790712583,0.01375,0.011,0.01375,0.01375,0,0,0,0
25/07/2011,0.0613336704103182,0.443621618193766,11.6127112790737,16.6337299628239,319.511704335266,0,3.10923252000235,12.4369300800094,0.903482011252845,0,508.333333333333,133.333333333333,8.29128672000628,27.9830926800212,0.380413478422251,1.09368875046397,0.01375,0.011,0.01375,0.01375,0,0,0,0
26/07/2011,0.037158780597884,0.556069023368508,11.5908561044464,8.98730641094141,320.476929674065,0,1.55731736815229,6.22926947260914,0.353654273268567,0,508.333333333333,133.333333333333,4.15284631507276,14.0158563133706,0.14890706242887,0.428107804483002,0.01375,0.011,0.01375,0.01375,0,0,0,0
27/07/2011,0.0314681993797579,0.589110694006305,11.5713422042482,6.74047280757129,321.425917677694,0,1.12138741284562,4.48554965138249,0.201947137268062,0,508.333333333333,133.333333333333,2.990366434255,10.0924867156106,0.0850303735865524,0.244462324061338,0.01375,0.011,0.01375,0.01375,0,0,0,0
28/07/2011,0.025098874336149,0.599739872510697,11.5541753550077,6.01768866927257,322.358387425568,0,0.869452459698444,3.47780983879378,0.12552026925599,0,508.333333333333,133.333333333333,2.31853989252918,7.82507213728599,0.0528506396867327,0.151945589099357,0.01375,0.011,0.01375,0.01375,0,0,0,0
29/07/2011,0.0213833131370302,0.6,11.5393606384765,6,323.274062886852,0,0.857142857142857,3.42857142857143,0.12258064516129,0,508.333333333333,133.333333333333,2.28571428571429,7.71428571428571,0.0516129032258065,0.148387096774194,0.01375,0.011,0.01375,0.01375,0,0,0,0
30/07/2011,0.0188657752731936,0.6,11.5269024401251,6,324.172673002179,0,0.857142857142857,3.42857142857143,0.12258064516129,0,508.333333333333,133.333333333333,2.28571428571429,7.71428571428572,0.0516129032258065,0.148387096774194,0.01375,0.011,0.01375,0.01375,0,0,0,0
31/07/2011,0.0165758078021325,0.6,11.5168044478446,6,325.053951763886,0,0.857142857142857,3.42857142857143,0.12258064516129,0,508.333333333333,133.333333333333,2.28571428571429,7.71428571428572,0.0516129032258065,0.148387096774194,0.01375,0.011,0.01375,0.01375,0,0,0,0
01/08/2011,0.014419308266109,0.6,11.5090696508551,6,325.917638294759,0,0.857142857142857,3.42857142857143,0.12258064516129,0,508.333333333333,133.333333333333,2.28571428571429,7.71428571428572,0.0516129032258065,0.148387096774194,0.01375,0.011,0.01375,0.01375,0,0,0,0
02/08/2011,0.0134134608272448,0.6,11.5037003388204,6,326.763476925256,0,0.857142857142857,3.42857142857143,0.12258064516129,0,508.333333333333,133.333333333333,2.28571428571429,7.71428571428572,0.0516129032258065,0.148387096774194,0.01375,0.011,0.01375,0.01375,0,0,0,0
03/08/2011,0.0119233921777758,0.6,11.500698101171,6,327.591217269194,0,0.857142857142857,3.42857142857143,0.12258064516129,0,508.333333333333,133.333333333333,2.28571428571429,7.71428571428572,0.0516129032258065,0.148387096774194,0.01375,0.011,0.01375,0.01375,0,0,0,0
04/08/2011,0.00932994315440918,0.6,11.5000638266329,6,328.400614297865,0,0.857142857142857,3.42857142857143,0.12258064516129,0,508.333333333333,133.333333333333,2.28571428571429,7.71428571428572,0.0516129032258065,0.148387096774194,0.01375,0.011,0.01375,0.01375,0,0,0,0
05/08/2011,0.00697585687096315,0.6,11.5017977029648,6,329.191428412574,0,0.857142857142857,3.42857142857143,0.12258064516129,0,508.333333333333,133.333333333333,2.28571428571429,7.71428571428571,0.0516129032258065,0.148387096774194,0.01375,0.011,0.01375,0.01375,0,0,0,0
06/08/2011,0.00758564830519876,0.6,11.5058992169025,6,329.963425515561,0,0.857142857142857,3.42857142857143,0.12258064516129,0,508.333333333333,133.333333333333,2.28571428571429,7.71428571428572,0.0516129032258065,0.148387096774194,0.01375,0.011,0.01375,0.01375,0,0,0,0
07/08/2011,0.00791234141777105,0.568153145169327,11.5123671543109,8.16558612848579,330.716377079302,0,1.00992951152309,4.03971804609237,0.159610964224118,0,508.333333333333,133.333333333333,2.69314536406158,9.08936560370783,0.0672046165154182,0.193213272481827,0.01375,0.011,0.01375,0.01375,0,0,0,0
08/08/2011,0.0391316594233009,0.255565741789453,11.5211996005432,29.4215295583172,331.450060214155,0,4.56450759161916,18.2580303664766,1.27710439856149,0,508.333333333333,133.333333333333,12.1720202443178,41.0805683245725,0.537728167815363,1.54596848246917,0.01375,0.011,0.01375,0.01375,0,0,0,0
09/08/2011,0.0507933686677062,0.213752471082959,11.532393941008,32.2648319663588,332.164257734344,0,4.41218645633318,17.6487458253327,1.17679832011618,0,508.333333333333,133.333333333333,11.7658305502218,39.7096781069986,0.495494029522602,1.42454533487748,0.01375,0.011,0.01375,0.01375,0,0,0,0
10/08/2011,0.00602760276353296,0.6,11.5459468619428,6,332.858758222246,0,0.857142857142857,3.42857142857143,0.12258064516129,0,508.333333333333,133.333333333333,2.28571428571429,7.71428571428572,0.0516129032258065,0.148387096774194,0.01375,0.011,0.01375,0.01375,0,0,0,0
11/08/2011,0.00657781703678607,0.6,11.5618543513956,6,333.53335609098,0,0.857142857142857,3.42857142857143,0.12258064516129,0,508.333333333333,133.333333333333,2.28571428571429,7.71428571428572,0.0516129032258065,0.148387096774194,0.01375,0.011,0.01375,0.01375,0,0,0,0
12/08/2011,0.00778422924708013,0.546374322438695,11.5801117004118,9.64654607416874,334.187851645262,0,1.36800711695716,5.47202846782863,0.272867561672458,0,508.333333333333,133.333333333333,3.64801897855242,12.3120640526144,0.114891604914719,0.330313364129818,0.01375,0.011,0.01375,0.01375,0,0,0,0
13/08/2011,0.00879345155267976,0.47229575180881,11.6007135044287,14.6838888770009,334.822051140518,0,2.04155287556661,8.16621150226643,0.475298606373972,0,508.333333333333,133.333333333333,5.44414100151096,18.3739758800995,0.200125728999567,0.575361470873756,0.01375,0.011,0.01375,0.01375,0,0,0,0
14/08/2011,0.00610182744312774,0.583500287547464,11.6236536648752,7.12198044677244,335.43576684024,0,0.927855910510868,3.71142364204347,0.138761008340551,0,508.333333333333,133.333333333333,2.47428242802898,8.35070319459781,0.0584256877223374,0.16797385220172,0.01375,0.011,0.01375,0.01375,0,0,0,0
15/08/2011,0.00632962139545635,0.547825992300798,11.6489253909769,9.54783252354575,336.028817071558,0,1.29429395318073,5.17717581272293,0.249253532387182,0,508.333333333333,133.333333333333,3.45145054181528,11.6486455786266,0.104948855741971,0.301727960258167,0.01375,0.011,0.01375,0.01375,0,0,0,0
16/08/2011,0.00701661114487259,0.475433725962284,11.6765212017667,14.4705066345647,336.601026279017,0,2.03438649447169,8.13754597788676,0.474461597325511,0,508.333333333333,133.333333333333,5.42503065192451,18.3094784502452,0.199773304137057,0.574348249394039,0.01375,0.011,0.01375,0.01375,0,0,0,0
17/08/2011,0.00605620445228424,0.6,11.706432928299,6,337.152225076551,0,0.931683845188328,3.72673538075331,0.138476724012339,0,508.333333333333,133.333333333333,2.48449025383554,8.38515460669495,0.0583059890578271,0.167629718541253,0.01375,0.011,0.01375,0.01375,0,0,0,0
18/08/2011,0.00874807490097755,0.370994414347398,11.7386517160679,21.5723798243769,337.682250297619,0,3.33096654665654,13.3238661866262,0.885058200099862,0,508.333333333333,133.333333333333,8.88257745775078,29.9786989199089,0.372656084252574,1.07138624222615,0.01375,0.011,0.01375,0.01375,0,0,0,0
19/08/2011,0.016722699219072,0.278643254446034,11.7731680276286,27.8522586976697,338.190945043506,0,3.96085999991755,15.8434399996702,1.05479448341613,0,508.333333333333,133.333333333333,10.5622933331135,35.647739999258,0.444123993017319,1.27685647992479,0.01375,0.011,0.01375,0.01375,0,0,0,0
20/08/2011,1.09665322341168,0.119322295985788,11.8099716454204,38.6860838729664,338.678158729775,0,6.64001751237527,26.5600700495011,2.1138697268899,0,508.333333333333,133.333333333333,17.7067133663341,59.7601576113775,0.890050411322063,2.55889493255093,0.01375,0.011,0.01375,0.01375,0,0,0,0
21/08/2011,0.887553315923509,0.140091784121583,11.8490516747915,37.2737586797323,339.143747130835,0,5.1201952936906,20.4807811747624,1.48457991929632,0,508.333333333333,133.333333333333,13.6538541165083,46.0817576432154,0.625086281808977,1.79712306020081,0.01375,0.011,0.01375,0.01375,0,0,0,0
22/08/2011,0.193984543689719,0.253283739913948,11.8903965472238,29.5767056858516,339.587572422639,0,5.25409686394706,21.0163874557882,1.64401389137112,0,508.333333333333,133.333333333333,14.0109249705255,47.2868717755236,0.692216375314157,1.9901220790282,0.01375,0.011,0.01375,0.01375,0,0,0,0
23/08/2011,0.104632088703037,0.36450653079929,11.9339940237578,22.0135559056483,340.009503223483,0,4.02349261662279,16.0939704664912,1.21742088082001,0,508.333333333333,133.333333333333,10.7293136443275,36.2114335496052,0.512598265608424,1.47372001362422,0.01375,0.011,0.01375,0.01375,0,0,0,0
24/08/2011,0.0649368781373728,0.455018953079986,11.9798311986152,15.8587111905609,340.409414632895,0,2.61583298301782,10.4633319320713,0.700178217982416,0,508.333333333333,133.333333333333,6.97555462138085,23.5424968471604,0.294811881255754,0.847584158610292,0.01375,0.011,0.01375,0.01375,0,0,0,0
25/08/2011,0.0406253987030098,0.56837499086103,12.0278945030197,8.15050062144996,340.787188268613,0,1.38159530992019,5.52638123968078,0.291243062382812,0,508.333333333333,133.333333333333,3.68425415978719,12.4343577892818,0.122628657845395,0.352557391305509,0.01375,0.011,0.01375,0.01375,0,0,0,0
26/08/2011,0.0333913576835393,0.59241617530081,12.0781697092131,6.51570007954495,341.142712301624,0,1.00715578916723,4.02862315666891,0.168093106946106,0,508.333333333333,133.333333333333,2.6857487711126,9.06440210250504,0.0707760450299395,0.203481129461076,0.01375,0.011,0.01375,0.01375,0,0,0,0
27/08/2011,0.0324365811576295,0.597166780883497,12.1306419346675,6.19265889992224,341.47588148927,0,1.0589319919355,4.23572796774201,0.179323853039187,0,508.333333333333,133.333333333333,2.82381864516134,9.53038792741952,0.0755047802270261,0.2170762431527,0.01375,0.011,0.01375,0.01375,0,0,0,0
28/08/2011,0.0255241442038013,0.6,12.1852956464909,6,341.7865972064,0,0.902993997555947,3.61197599022379,0.137568544823204,0,508.333333333333,133.333333333333,2.40798399348253,8.12694597800352,0.0579235978202962,0.166530343733352,0.01375,0.011,0.01375,0.01375,0,0,0,0
29/08/2011,0.0217392139868157,0.6,12.2421146660246,6,342.07476747457,0,0.891915111294085,3.56766044517634,0.133947059421477,0,508.333333333333,133.333333333333,2.37844029678423,8.02723600164677,0.0563987618616744,0.162146440352314,0.01375,0.011,0.01375,0.01375,0,0,0,0
30/08/2011,0.020985263545565,0.6,12.3010821736331,6,342.340306989265,0,0.903910478395362,3.61564191358145,0.137868125656733,0,508.333333333333,133.333333333333,2.41042794238763,8.13519430555826,0.0580497371186244,0.166892994216045,0.01375,0.011,0.01375,0.01375,0,0,0,0
31/08/2011,0.0189374589701942,0.592680586680333,12.362180713683,6.49772010573735,342.583137145153,0,0.959538483347104,3.83815393338842,0.153587281771909,0,508.333333333333,133.333333333333,2.55876928892561,8.63584635012394,0.0646683291671195,0.185921446355469,0.01375,0.011,0.01375,0.01375,0,0,0,0
01/09/2011,0.0172990407556312,0.582695624353009,12.4253921997097,7.1766975439954,342.803186059355,0,1.05627432191139,4.22509728764558,0.182405226761194,0,508.333333333333,133.333333333333,2.81673152509705,9.50646889720255,0.0768022007415553,0.220806327131972,0.01375,0.011,0.01375,0.01375,0,0,0,0
02/09/2011,0.0145181953424664,0.6,12.4906979197721,6,343.000388592724,0,0.876532431759864,3.50612972703946,0.128918742670505,0,508.333333333333,133.333333333333,2.3374198180263,7.88879188583878,0.0542815758612654,0.156059530601138,0.01375,0.011,0.01375,0.01375,0,0,0,0
03/09/2011,0.0119723675439274,0.6,12.5580785419912,6,343.174686369124,0,0.857142857142857,3.42857142857143,0.12258064516129,0,508.333333333333,133.333333333333,2.28571428571429,7.71428571428572,0.0516129032258065,0.148387096774194,0.01375,0.011,0.01375,0.01375,0,0,0,0
04/09/2011,0.00902278460920163,0.6,12.6275141202729,6,343.326027792715,0,0.857142857142857,3.42857142857143,0.12258064516129,0,508.333333333333,133.333333333333,2.28571428571429,7.71428571428572,0.0516129032258065,0.148387096774194,0.01375,0.011,0.01375,0.01375,0,0,0,0
05/09/2011,0.00961006177211625,0.6,12.6989841002127,6,343.454368063225,0,0.857142857142857,3.42857142857143,0.12258064516129,0,508.333333333333,133.333333333333,2.28571428571429,7.71428571428571,0.0516129032258065,0.148387096774194,0.01375,0.011,0.01375,0.01375,0,0,0,0
06/09/2011,0.00541689680711307,0.6,12.7724673251798,6,343.559669189209,0,0.857142857142857,3.42857142857143,0.12258064516129,0,508.333333333333,133.333333333333,2.28571428571429,7.71428571428572,0.0516129032258065,0.148387096774194,0.01375,0.011,0.01375,0.01375,0,0,0,0
07/09/2011,0.0064960571344207,0.6,12.8479420425803,6,343.6418999993,0,0.857142857142857,3.42857142857143,0.12258064516129,0,508.333333333333,133.333333333333,2.28571428571429,7.71428571428571,0.0516129032258065,0.148387096774194,0.01375,0.011,0.01375,0.01375,0,0,0,0
08/09/2011,0.0090743454253343,0.6,12.9253859102962,6,343.701036151433,0,0.857142857142857,3.42857142857143,0.12258064516129,0,508.333333333333,133.333333333333,2.28571428571429,7.71428571428572,0.0516129032258065,0.148387096774194,0.01375,0.011,0.01375,0.01375,0,0,0,0
09/09/2011,0.0229575468988824,0.374979623658145,13.0047760032994,21.3013855912462,343.737060140052,0,3.40486698482828,13.6194679393131,0.908842735396651,0,508.333333333333,133.333333333333,9.07964529287542,30.6438028634546,0.382670625430169,1.10017804811174,0.01375,0.011,0.01375,0.01375,0,0,0,0
10/09/2011,0.0280173107909659,0.271101222173058,13.0860888204375,28.365116892232,343.749961301293,0,4.04375129346682,16.1750051738673,1.07957584444988,0,508.333333333333,133.333333333333,10.7833367825782,36.3937616412014,0.454558250294688,1.30685496959723,0.01375,0.011,0.01375,0.01375,0,0,0,0
11/09/2011,0.012725613879687,0.390474400054304,13.1693002913912,20.2477407963074,343.739735816136,0,2.99301044095983,11.9720417638393,0.768748812672124,0,508.333333333333,133.333333333333,7.98136117589287,26.9370939686384,0.323683710598789,0.930590667971519,0.01375,0.011,0.01375,0.01375,0,0,0,0
12/09/2011,0.0059072422797878,0.6,13.2543857837993,6,343.706386711544,0,0.857142857142857,3.42857142857143,0.12258064516129,0,508.333333333333,133.333333333333,2.28571428571429,7.71428571428572,0.0516129032258065,0.148387096774194,0.01375,0.011,0.01375,0.01375,0,0,0,0
13/09/2011,0.00272157947801912,0.6,13.3413201105505,6,343.649923859559,0,0.857142857142857,3.42857142857143,0.12258064516129,0,508.333333333333,133.333333333333,2.28571428571429,7.71428571428572,0.0516129032258065,0.148387096774194,0.01375,0.011,0.01375,0.01375,0,0,0,0
14/09/2011,0.00143030520913072,0.6,13.4300775372393,6,343.570363974383,0,0.857142857142857,3.42857142857143,0.12258064516129,0,508.333333333333,133.333333333333,2.28571428571429,7.71428571428572,0.0516129032258065,0.148387096774194,0.01375,0.011,0.01375,0.01375,0,0,0,0
15/09/2011,0.00219306878392887,0.6,13.5206317897838,6,343.46773060743,0,0.857142857142857,3.42857142857143,0.12258064516129,0,508.333333333333,133.333333333333,2.28571428571429,7.71428571428572,0.0516129032258065,0.148387096774194,0.01375,0.011,0.01375,0.01375,0,0,0,0
16/09/2011,0.00385105175180038,0.6,13.6129560622039,6,343.342054140356,0,0.857142857142857,3.42857142857143,0.12258064516129,0,508.333333333333,133.333333333333,2.28571428571429,7.71428571428572,0.0516129032258065,0.148387096774194,0.01375,0.011,0.01375,0.01375,0,0,0,0
17/09/2011,0.000542620084492769,0.6,13.7070230245555,6,343.193371776061,0,0.857142857142857,3.42857142857143,0.12258064516129,0,508.333333333333,133.333333333333,2.28571428571429,7.71428571428572,0.0516129032258065,0.148387096774194,0.01375,0.011,0.01375,0.01375,0,0,0,0
18/09/2011,0.00119069110782291,0.6,13.8028048310218,6,343.021727527679,0,0.857142857142857,3.42857142857143,0.12258064516129,0,508.333333333333,133.333333333333,2.28571428571429,7.71428571428572,0.0516129032258065,0.148387096774194,0.01375,0.011,0.01375,0.01375,0,0,0,0
19/09/2011,0.000310286230790907,0.6,13.9002731281556,6,342.827172205552,0,0.857142857142857,3.42857142857143,0.12258064516129,0,508.333333333333,133.333333333333,2.28571428571429,7.71428571428572,0.0516129032258065,0.148387096774194,0.01375,0.011,0.01375,0.01375,0,0,0,0
20/09/2011,0,0,13.9993990632724,0,342.609763402183,0,0,0,0,0,508.333333333333,133.333333333333,0,0,0,0,0.01375,0.011,0.01375,0.01375,0,0,0,0
21/09/2011,0.00142380799625724,0.6,14.100153292992,6,342.369565475191,0,0.857142857142857,3.42857142857143,0.12258064516129,0,508.333333333333,133.333333333333,2.28571428571429,7.71428571428572,0.0516129032258065,0.148387096774194,0.01375,0.011,0.01375,0.01375,0,0,0,0
22/09/2011,0.0012551581947097,0.6,14.2025059919243,6,342.10664952826,0,0.857142857142857,3.42857142857143,0.12258064516129,0,508.333333333333,133.333333333333,2.28571428571429,7.71428571428572,0.0516129032258065,0.148387096774194,0.01375,0.011,0.01375,0.01375,0,0,0,0
23/09/2011,0,0,14.3064268614986,0,341.821093390089,0,0,0,0,0,508.333333333333,133.333333333333,0,0,0,0,0.01375,0.011,0.01375,0.01375,0,0,0,0
24/09/2011,0.00223804270874248,0.6,14.4118851389321,6,341.512981591355,0,0.857142857142857,3.42857142857143,0.12258064516129,0,508.333333333333,133.333333333333,2.28571428571429,7.71428571428572,0.0516129032258065,0.148387096774194,0.01375,0.011,0.01375,0.01375,0,0,0,0
25/09/2011,0.0196712393284042,0.3023301166016,14.5188496063369,26.2415520710912,341.182405339689,0,4.18193602439141,16.7277440975656,1.1558509329695,0,508.333333333333,133.333333333333,11.1518293983771,37.6374242195227,0.486674077039791,1.3991879714894,0.01375,0.011,0.01375,0.01375,0,0,0,0
26/09/2011,0.0879930045862807,0.160155621408377,14.6272885999607,35.9094177442304,340.829462492675,0,5.63641086365871,22.5456434546348,1.6466030881787,0,508.333333333333,133.333333333333,15.0304289697566,50.7276977729284,0.693306563443662,1.99325636990053,0.01375,0.011,0.01375,0.01375,0,0,0,0
27/09/2011,0.0858459512686781,0.158616080795675,14.7371700195604,36.0141065058941,340.454257528887,0,5.35620552778971,21.4248221111588,1.51951227972663,0,508.333333333333,133.333333333333,14.2832147407726,48.2058497501074,0.639794644095425,1.83940960177435,0.01375,0.011,0.01375,0.01375,0,0,0,0
28/09/2011,0.0105028388788352,0.424974301242454,14.8484613379039,17.9017475155132,340.056901516956,0,3.69293983444502,14.7717593377801,1.07566241611128,0,508.333333333333,133.333333333333,9.84783955852004,33.2364585100051,0.452910490994225,1.3021176616084,0.01375,0.011,0.01375,0.01375,0,0,0,0
29/09/2011,0.0970761491526244,0.143973417267328,14.9611296103994,37.0098076258217,339.637512082693,0,6.69535111763623,26.7814044705449,2.13713316934941,0,508.333333333333,133.333333333333,17.85426964703,60.2581600587261,0.899845544989226,2.58705594184403,0.01375,0.011,0.01375,0.01375,0,0,0,0
30/09/2011,0.0631219515112183,0.173572160213677,15.0751414848473,34.9970931054699,339.19621337427,0,4.83154688571795,19.3261875428718,1.34947704413128,0,508.333333333333,133.333333333333,12.8841250285812,43.4839219714616,0.568200860686855,1.63357747447471,0.01375,0.011,0.01375,0.01375,0,0,0,0
01/10/2011,0.0081073767235563,0.510263889021401,15.1904632113135,12.1020555465447,338.73313602547,0,2.16866234513644,8.67464938054577,0.552776793075497,0,508.333333333333,133.333333333333,5.78309958703051,19.517961106228,0.232748123400209,0.669150854775602,0.01375,0.011,0.01375,0.01375,0,0,0,0
02/10/2011,0.0438863319071378,0.241580849366132,15.3070606521197,30.372502243103,338.248417117015,0,4.88917708488304,19.5567083395322,1.44192046400856,0,508.333333333333,133.333333333333,13.0378055596881,44.0025937639474,0.607124405898342,1.74548266695773,0.01375,0.011,0.01375,0.01375,0,0,0,0
03/10/2011,0.210511977596159,0.148153445614248,15.4248992919492,36.7255656982311,337.742200135988,0,6.0580605513596,24.2322422054384,1.8806734331679,0,508.333333333333,133.333333333333,16.1548281369589,54.5225449622364,0.791862498175958,2.27660468225588,0.01375,0.011,0.01375,0.01375,0,0,0,0
04/10/2011,0.127330037654724,0.1943253346238,15.5439442480639,33.5858772455816,337.214634933357,0,4.6368892624608,18.5475570498432,1.31754530216308,0,508.333333333333,133.333333333333,12.3650380332288,41.7320033621472,0.554755916700243,1.5949232605132,0.01375,0.011,0.01375,0.01375,0,0,0,0
05/10/2011,0.0229763756760616,0.453315447669287,15.6641602806307,15.9745495584885,336.665877679617,0,3.09431026686827,12.3772410674731,0.889294309573831,0,508.333333333333,133.333333333333,8.25149404498206,27.8487924018145,0.374439709294245,1.07651416422095,0.01375,0.011,0.01375,0.01375,0,0,0,0
06/10/2011,0.0184413640978059,0.553020088821643,15.7855118031529,9.19463396012827,336.096090818561,0,1.74184772478644,6.96739089914576,0.406742953023016,0,508.333333333333,133.333333333333,4.64492726609717,15.676629523078,0.171260190746533,0.492373048396283,0.01375,0.011,0.01375,0.01375,0,0,0,0
07/10/2011,0.0132398449653606,0.549601821300078,15.9079628930047,9.42707615159468,335.50544301919,0,1.3243374402064,5.2973497608256,0.261458565639758,0,508.333333333333,133.333333333333,3.53156650721707,11.9190369618576,0.110087817111477,0.316502474195497,0.01375,0.011,0.01375,0.01375,0,0,0,0
08/10/2011,0.393305233643779,0.139163426901404,16.0314773020651,37.3368869707045,334.894109125787,0,6.35880928476552,25.4352371390621,2.00843729721783,0,508.333333333333,133.333333333333,16.9568247593747,57.2292835628897,0.845657809354875,2.43126620189526,0.01375,0.011,0.01375,0.01375,0,0,0,0
09/10/2011,0.333615541778937,0.157851576890243,16.1560184674478,36.0660927714635,334.262270106158,0,4.93726164858654,19.7490465943462,1.41666600906408,0,508.333333333333,133.333333333333,13.1660310628975,44.4353548372789,0.596490951184877,1.71491148465652,0.01375,0.011,0.01375,0.01375,0,0,0,0
10/10/2011,0.0782913947846137,0.286151410595668,16.2815495223251,27.3417040794946,333.610112998059,0,4.65169479880898,18.6067791952359,1.4051158604565,0,508.333333333333,133.333333333333,12.4045194634906,41.8652531892808,0.591627730718524,1.70092972581576,0.01375,0.011,0.01375,0.01375,0,0,0,0
11/10/2011,0.0302718530227255,0.49480465530187,16.408033306841,13.1532834394728,332.937830853834,0,2.46131076172815,9.84524304691261,0.672366308578882,0,508.333333333333,133.333333333333,6.56349536460841,22.1517968555534,0.283101603612161,0.813917110384963,0.01375,0.011,0.01375,0.01375,0,0,0,0
12/10/2011,0.0213035801445488,0.586054072719178,16.5354323791111,6.94832305509588,332.245622683264,0,1.11408247365529,4.45632989462114,0.205368163760722,0,508.333333333333,133.333333333333,2.97088659641409,10.0267422628976,0.0864708057939883,0.248603566657716,0.01375,0.011,0.01375,0.01375,0,0,0,0
13/10/2011,0.0172671155876072,0.6,16.6637090263067,6,331.533693394657,0,0.857142857142857,3.42857142857143,0.12258064516129,0,508.333333333333,133.333333333333,2.28571428571429,7.71428571428572,0.0516129032258065,0.148387096774194,0.01375,0.011,0.01375,0.01375,0,0,0,0
14/10/2011,0.0203394510354814,0.597071682401715,16.792825275818,6.19912559668336,330.802253734189,0,1.04159080365521,4.16636321462085,0.170966739683621,0,508.333333333333,133.333333333333,2.7775754764139,9.3743172328969,0.0719859956562614,0.206959737511751,0.01375,0.011,0.01375,0.01375,0,0,0,0
15/10/2011,0.0134008386352293,0.6,16.9227429064953,6,330.051520223521,0,0.857142857142857,3.42857142857143,0.12258064516129,0,508.333333333333,133.333333333333,2.28571428571429,7.71428571428572,0.0516129032258065,0.148387096774194,0.01375,0.011,0.01375,0.01375,0,0,0,0
16/10/2011,0.00665014317643281,0.6,17.053423459963,6,329.281715095704,0,0.857142857142857,3.42857142857143,0.12258064516129,0,508.333333333333,133.333333333333,2.28571428571429,7.71428571428572,0.0516129032258065,0.148387096774194,0.01375,0.011,0.01375,0.01375,0,0,0,0
17/10/2011,0.00903269216134487,0.6,17.1848282520041,6,328.49306622939,0,0.857142857142857,3.42857142857143,0.12258064516129,0,508.333333333333,133.333333333333,2.28571428571429,7.71428571428572,0.0516129032258065,0.148387096774194,0.01375,0.011,0.01375,0.01375,0,0,0,0
18/10/2011,0.00771151350221015,0.6,17.3169183840117,6,327.685807081381,0,0.857142857142857,3.42857142857143,0.12258064516129,0,508.333333333333,133.333333333333,2.28571428571429,7.71428571428572,0.0516129032258065,0.148387096774194,0.01375,0.011,0.01375,0.01375,0,0,0,0
19/10/2011,0.00490437133618631,0.6,17.4496547545038,6,326.860176617513,0,0.857142857142857,3.42857142857143,0.12258064516129,0,508.333333333333,133.333333333333,2.28571428571429,7.71428571428572,0.0516129032258065,0.148387096774194,0.01375,0.011,0.01375,0.01375,0,0,0,0
20/10/2011,0.00280644371055441,0.6,17.5829980706979,6,326.016419241926,0,0.857142857142857,3.42857142857143,0.12258064516129,0,508.333333333333,133.333333333333,2.28571428571429,7.71428571428571,0.0516129032258065,0.148387096774194,0.01375,0.011,0.01375,0.01375,0,0,0,0
21/10/2011,0.00174288247037109,0.6,17.7169088601428,6,325.154784724706,0,0.857142857142857,3.42857142857143,0.12258064516129,0,508.333333333333,133.333333333333,2.28571428571429,7.71428571428572,0.0516129032258065,0.148387096774194,0.01375,0.011,0.01375,0.01375,0,0,0,0
22/10/2011,0.00317672237270079,0.6,17.8513474824032,6,324.275528127956,0,0.857142857142857,3.42857142857143,0.12258064516129,0,508.333333333333,133.333333333333,2.28571428571429,7.71428571428572,0.0516129032258065,0.148387096774194,0.01375,0.011,0.01375,0.01375,0,0,0,0
23/10/2011,0.0029787153355795,0.6,17.986274140794,6,323.378909730285,0,0.857142857142857,3.42857142857143,0.12258064516129,0,508.333333333333,133.333333333333,2.28571428571429,7.71428571428572,0.0516129032258065,0.148387096774194,0.01375,0.011,0.01375,0.01375,0,0,0,0
24/10/2011,0,0,18.1216488941613,0,322.465194949768,0,0,0,0,0,508.333333333333,133.333333333333,0,0,0,0,0.01375,0.011,0.01375,0.01375,0,0,0,0
25/10/2011,0.00592289042563855,0.582636759200338,18.2574316687051,7.18070037437699,321.534654265367,0,0.931556746284264,3.72622698513705,0.139607823235797,0,508.333333333333,133.333333333333,2.4841513234247,8.38401071655837,0.0587822413624409,0.168998943917018,0.01375,0.011,0.01375,0.01375,0,0,0,0
26/10/2011,0.0138924643547114,0.413567148191659,18.393582269843,18.6774339229672,320.587563136873,0,2.90187222799258,11.6074889119703,0.743857277314587,0,508.333333333333,133.333333333333,7.73832594131354,26.1168500519332,0.313203064132458,0.900458809380816,0.01375,0.011,0.01375,0.01375,0,0,0,0
27/10/2011,0.0198946151535521,0.322682333505923,18.5300603941077,24.8576013215972,319.624201923357,0,3.62118818178624,14.484752727145,0.95433961441387,0,508.333333333333,133.333333333333,9.65650181809664,32.5906936360762,0.401827206068998,1.15525321744837,0.01375,0.011,0.01375,0.01375,0,0,0,0
28/10/2011,0.00912440776455729,0.35344342851967,18.6668256410784,22.7658468606624,318.644855800181,0,3.48639446188351,13.945577847534,0.924949636747492,0,508.333333333333,133.333333333333,9.29705189835602,31.3775501569516,0.389452478630523,1.11967587606275,0.01375,0.011,0.01375,0.01375,0,0,0,0
29/10/2011,0.00332500122993638,0.583117019145303,18.8038375253397,7.14804269811938,317.64981467458,0,0.929498489377272,3.71799395750909,0.139136858644606,0,508.333333333333,133.333333333333,2.47866263833939,8.36548640439545,0.0585839404819393,0.168428828885576,0.01375,0.011,0.01375,0.01375,0,0,0,0
30/10/2011,0.00104739120320525,0.6,18.9410554884664,6,316.639373099842,0,0.857142857142857,3.42857142857143,0.12258064516129,0,508.333333333333,133.333333333333,2.28571428571429,7.71428571428572,0.0516129032258065,0.148387096774194,0.01375,0.011,0.01375,0.01375,0,0,0,0
31/10/2011,0.00292717407821051,0.463831635924003,19.0784389110296,15.2594487571678,315.613830188116,0,2.23952727450692,8.95810909802768,0.539438957342924,0,508.333333333333,133.333333333333,5.97207273201845,20.1557454705623,0.227132192565442,0.653005053625645,0.01375,0.011,0.01375,0.01375,0,0,0,0
01/11/2011,0.00704910572017113,0.356339945202291,19.2159471246209,22.5688837262442,314.573489521866,0,3.5364928382478,14.1459713529912,0.944259040329101,0,508.333333333333,133.333333333333,9.43064756866081,31.8284355442302,0.397582753822779,1.14305041724049,0.01375,0.011,0.01375,0.01375,0,0,0,0
02/11/2011,0,0,19.353539423891,0,313.518659064006,0,0,0,0,0,508.333333333333,133.333333333333,0,0,0,0,0.01375,0.011,0.01375,0.01375,0,0,0,0
03/11/2011,0.0039371980517095,0.565052860103492,19.4911750785997,8.37640551296256,312.449651066735,0,1.04844393942577,4.19377575770308,0.171422292235735,0,508.333333333333,133.333333333333,2.79585050513539,9.43599545483193,0.0721778072571517,0.207511195864311,0.01375,0.011,0.01375,0.01375,0,0,0,0
04/11/2011,0.0012823314726498,0.364610564182479,19.6288133456723,22.0064816355914,311.366781979106,0,3.99640516675416,15.9856206670166,1.11015974500527,0,508.333333333333,133.333333333333,10.6570804446778,35.9676465007875,0.467435682107482,1.34387758605901,0.01375,0.011,0.01375,0.01375,0,0,0,0
05/11/2011,0,0,19.7664134812612,0,310.270372353347,0,0,0,0,0,508.333333333333,133.333333333333,0,0,0,0,0.01375,0.011,0.01375,0.01375,0,0,0,0
06/11/2011,0,0,19.9039347528061,0,309.160746749974,0,0,0,0,0,508.333333333333,133.333333333333,0,0,0,0,0.01375,0.011,0.01375,0.01375,0,0,0,0
07/11/2011,0,0,20.0413364510926,0,308.038233641712,0,0,0,0,0,508.333333333333,133.333333333333,0,0,0,0,0.01375,0.011,0.01375,0.01375,0,0,0,0
08/11/2011,0,0,20.178577902302,0,306.903165316262,0,0,0,0,0,508.333333333333,133.333333333333,0,0,0,0,0.01375,0.011,0.01375,0.01375,0,0,0,0
09/11/2011,0.00192361934918236,0.125271440295043,20.3156184800527,38.2815420599371,305.755877777935,0,7.92624479747106,31.7049791898842,2.38346153520434,0,508.333333333333,133.333333333333,21.1366527932562,71.3362031772395,1.00356275166498,2.88524291103683,0.01375,0.011,0.01375,0.01375,0,0,0,0
10/11/2011,0.00892772857533834,0.230122359737945,20.4524176174254,31.1516795378197,304.596710648189,0,5.21366401257674,20.8546560503069,1.47474274866477,0,508.333333333333,133.333333333333,13.903104033538,46.9229761131906,0.62094431522727,1.7852149062784,0.01375,0.011,0.01375,0.01375,0,0,0,0
11/11/2011,0,0,20.5889348189725,0,303.42600706509,0,0,0,0,0,508.333333333333,133.333333333333,0,0,0,0,0.01375,0.011,0.01375,0.01375,0,0,0,0
12/11/2011,0,0,20.7251296727055,0,302.244113581744,0,0,0,0,0,508.333333333333,133.333333333333,0,0,0,0,0.01375,0.011,0.01375,0.01375,0,0,0,0
13/11/2011,0,0,20.8609618620575,0,301.051380063702,0,0,0,0,0,508.333333333333,133.333333333333,0,0,0,0,0.01375,0.011,0.01375,0.01375,0,0,0,0
14/11/2011,0,0,20.996391177818,0,299.848159585395,0,0,0,0,0,508.333333333333,133.333333333333,0,0,0,0,0.01375,0.011,0.01375,0.01375,0,0,0,0
15/11/2011,0,0,21.1313775300357,0,298.634808325618,0,0,0,0,0,508.333333333333,133.333333333333,0,0,0,0,0.01375,0.011,0.01375,0.01375,0,0,0,0
16/11/2011,0.00303687867923567,0.6,21.2658809598859,6,297.411685462092,0,0.857142857142857,3.42857142857143,0.12258064516129,0,508.333333333333,133.333333333333,2.28571428571429,7.71428571428572,0.0516129032258064,0.148387096774194,0.01375,0.011,0.01375,0.01375,0,0,0,0
17/11/2011,0.0191058601497256,0.31047582174251,21.399861651499,25.6876441215093,296.17915306514,0,4.19120537199764,16.7648214879906,1.15824111226475,0,508.333333333333,133.333333333333,11.1765476586604,37.7208483479788,0.487680468322002,1.40208134642576,0.01375,0.011,0.01375,0.01375,0,0,0,0
18/11/2011,0.021398243211911,0.205645928811576,21.5332799437473,32.8160768408128,294.937575990505,0,4.81184452029634,19.2473780811854,1.31867432077174,0,508.333333333333,133.333333333333,12.8315853874569,43.3066006826671,0.555231292956521,1.59628996725,0.01375,0.011,0.01375,0.01375,0,0,0,0
19/11/2011,0.00303622894914636,0.117249021222104,21.666096341985,38.827066556897,293.68732177135,0,7.99500838952483,31.9800335580993,2.40509618793007,0,508.333333333333,133.333333333333,21.3200223720662,71.9550755057234,1.01267207912845,2.91143222749429,0.01375,0.011,0.01375,0.01375,0,0,0,0
20/11/2011,0,0,21.7982715297398,0,292.428760509454,0,0,0,0,0,508.333333333333,133.333333333333,0,0,0,0,0.01375,0.011,0.01375,0.01375,0,0,0,0
21/11/2011,0.00368894478424893,0.413394102862406,21.9297663803513,18.6892010053564,291.162264765657,0,2.92363509425452,11.6945403770181,0.757444843492654,0,508.333333333333,133.333333333333,7.79636025134538,26.3127158482906,0.318924144628486,0.916906915806897,0.01375,0.011,0.01375,0.01375,0,0,0,0
22/11/2011,0.0140932592195417,0.261786375971401,22.0605419685534,28.9985264339447,289.888209449576,0,4.37329592107554,17.4931836843022,1.19559243310612,0,508.333333333333,133.333333333333,11.6621224562014,39.3596632896799,0.50340734025521,1.44729610323373,0.01375,0.011,0.01375,0.01375,0,0,0,0
23/11/2011,0.0385935899334128,0.18444179950593,22.1905595819968,34.2579576335968,288.606971708621,0,5.20425058990642,20.8170023596257,1.46500835368141,0,508.333333333333,133.333333333333,13.8780015730838,46.8382553091578,0.616845622602701,1.77343116498276,0.01375,0.011,0.01375,0.01375,0,0,0,0
24/11/2011,0.168473732445388,0.126761900086674,22.3197807327088,38.1801907941062,287.31893081635,0,6.49508497339695,25.9803398935878,2.01882337205198,0,508.333333333333,133.333333333333,17.3202265957252,58.4557647605725,0.850030893495569,2.44383881879976,0.01375,0.011,0.01375,0.01375,0,0,0,0
25/11/2011,0.153394868354432,0.140164045339943,22.4481671684868,37.2688449168839,286.024468060202,0,6.13633818599851,24.545352743994,1.88716770235819,0,508.333333333333,133.333333333333,16.363568495996,55.2270436739866,0.79459692730871,2.28446616601254,0.01375,0.011,0.01375,0.01375,0,0,0,0
26/11/2011,0.365799297879349,0.137877378564741,22.5756808842214,37.4243382575976,284.723966628621,0,6.32372462153609,25.2948984861444,1.99138827272381,0,508.333333333333,133.333333333333,16.8632656574296,56.9135215938248,0.838479272725814,2.41062790908671,0.01375,0.011,0.01375,0.01375,0,0,0,0
27/11/2011,0.250314247566356,0.168433484163153,22.7022841331467,35.3465230769056,283.417811497628,0,5.01862553940307,20.0745021576123,1.45786656724782,0,508.333333333333,133.333333333333,13.3830014384082,45.1676298546277,0.613838554630659,1.76478584456315,0.01375,0.011,0.01375,0.01375,0,0,0,0
28/11/2011,0.0322136527168304,0.379060434350313,22.8279394380145,21.0238904641787,282.10638931686,0,3.82474754415189,15.2989901766076,1.13840805384614,0,508.333333333333,133.333333333333,10.199326784405,34.422727897367,0.479329706882586,1.37807290728743,0.01375,0.011,0.01375,0.01375,0,0,0,0
29/11/2011,0.0156760452069756,0.596736353781339,22.9526096021881,6.22192794286892,280.79008829511,0,0.908913559629585,3.63565423851834,0.139884992445694,0,508.333333333333,133.333333333333,2.42376949234556,8.18022203666627,0.0588989441876607,0.169334464539525,0.01375,0.011,0.01375,0.01375,0,0,0,0
30/11/2011,0.0108820891431402,0.6,23.0762577206533,6,279.469298085414,0,0.857142857142857,3.42857142857143,0.12258064516129,0,508.333333333333,133.333333333333,2.28571428571429,7.71428571428572,0.0516129032258065,0.148387096774194,0.01375,0.011,0.01375,0.01375,0,0,0,0
01/12/2011,0.012402800619848,0.58202895182038,23.1988471909432,7.22203127621414,278.144409669701,0,0.934161635055513,3.73664654022205,0.14020386660195,0,508.333333333333,133.333333333333,2.49109769348137,8.40745471549961,0.0590332069902946,0.169720470097097,0.01375,0.011,0.01375,0.01375,0,0,0,0
02/12/2011,0.0132118818218654,0.529201769909224,23.3203417239731,10.8142796461728,276.815815243058,0,1.47232109763169,5.88928439052678,0.302923543931021,0,508.333333333333,133.333333333333,3.92618959368452,13.2508898786852,0.127546755339377,0.36669692160071,0.01375,0.011,0.01375,0.01375,0,0,0,0
03/12/2011,0.00858610558635856,0.580055590607931,23.4407053547832,7.35621983866072,275.483908097629,0,0.942618897394583,3.77047558957833,0.142139033726416,0,508.333333333333,133.333333333333,2.51365039305222,8.48357007655125,0.0598480142005964,0.172063040826715,0.01375,0.011,0.01375,0.01375,0,0,0,0
04/12/2011,0.00507200471587654,0.6,23.5599024531845,6,274.149082506192,0,0.857142857142857,3.42857142857143,0.12258064516129,0,508.333333333333,133.333333333333,2.28571428571429,7.71428571428571,0.0516129032258065,0.148387096774194,0.01375,0.011,0.01375,0.01375,0,0,0,0
05/12/2011,0.0115733598093771,0.481437038457942,23.6778977343065,14.0622813848599,272.811733605447,0,1.99868197731547,7.99472790926186,0.465423956362766,0,508.333333333333,133.333333333333,5.32981860617457,17.9881377958392,0.195967981626428,0.563407947175979,0.01375,0.011,0.01375,0.01375,0,0,0,0
06/12/2011,0.0160379134111061,0.378057592837534,23.794656269042,21.0920836870477,271.472257279049,0,3.005809413811,12.023237655244,0.767653755858566,0,508.333333333333,133.333333333333,8.01549177016267,27.052284724299,0.323222634045712,0.929265072881422,0.01375,0.011,0.01375,0.01375,0,0,0,0
07/12/2011,0.00897042371102304,0.558262261488466,23.9101434943871,8.83816621878429,270.131050040415,0,1.20677594181407,4.82710376725629,0.223940576501293,0,508.333333333333,133.333333333333,3.21806917817086,10.8609834763267,0.0942907690531758,0.271085961027881,0.01375,0.011,0.01375,0.01375,0,0,0,0
08/12/2011,0.0251399799562731,0.316295198815456,24.0243252236724,25.291926480549,268.788508915348,0,4.01672069479136,16.0668827791654,1.10403971737901,0,508.333333333333,133.333333333333,10.7112551861103,36.1504862531222,0.46485882837011,1.33646913156407,0.01375,0.011,0.01375,0.01375,0,0,0,0
09/12/2011,0.0325596900238218,0.229308890360432,24.137167656683,31.2069954554906,267.445031324511,0,4.3932689151023,17.5730756604092,1.18203649777485,0,508.333333333333,133.333333333333,11.7153837736061,39.5394202359207,0.497699578010465,1.43088628678009,0.01375,0.011,0.01375,0.01375,0,0,0,0
10/12/2011,0.00911576382550501,0.397495248540509,24.2486373896641,19.7703230992454,266.101014965779,0,2.92301139160127,11.6920455664051,0.748408409670888,0,508.333333333333,133.333333333333,7.79469704427006,26.3071025244115,0.315119330387742,0.905968074864759,0.01375,0.011,0.01375,0.01375,0,0,0,0
11/12/2011,0.000843590615267972,0.6,24.3587014252095,6,264.756857696517,0,0.857142857142857,3.42857142857143,0.12258064516129,0,508.333333333333,133.333333333333,2.28571428571429,7.71428571428572,0.0516129032258065,0.148387096774194,0.01375,0.011,0.01375,0.01375,0,0,0,0
12/12/2011,0.205100288544548,0.141856231018675,24.4673271820289,37.1537762907301,263.412957415799,0,6.43503639582466,25.7401455832986,2.03112602017328,0,508.333333333333,133.333333333333,17.1600970555324,57.915327562422,0.855210955862432,2.45873149810449,0.01375,0.011,0.01375,0.01375,0,0,0,0
13/12/2011,0.159283927877381,0.165590242930262,24.5744825045931,35.5398634807422,262.069711946626,0,4.95839206555482,19.8335682622193,1.40685577916517,0,508.333333333333,133.333333333333,13.2223788414795,44.6255285899934,0.592360328069547,1.70303594319995,0.01375,0.011,0.01375,0.01375,0,0,0,0
14/12/2011,0.0167458124783892,0.422464884535258,24.680135672653,18.0723878516025,260.727518918163,0,3.35488768477344,13.4195507390938,0.965618801349275,0,508.333333333333,133.333333333333,8.94636715939584,30.193989162961,0.406576337410221,1.16890697005439,0.01375,0.011,0.01375,0.01375,0,0,0,0
15/12/2011,0.00763735855353888,0.6,24.7842554106286,6,259.386775648026,0,0.857142857142857,3.42857142857143,0.12258064516129,0,508.333333333333,133.333333333333,2.28571428571429,7.71428571428572,0.0516129032258065,0.148387096774194,0.01375,0.011,0.01375,0.01375,0,0,0,0
16/12/2011,0.00718187552577206,0.6,24.8868108968681,6,258.047879024676,0,0.857142857142857,3.42857142857143,0.12258064516129,0,508.333333333333,133.333333333333,2.28571428571429,7.71428571428572,0.0516129032258065,0.148387096774194,0.01375,0.011,0.01375,0.01375,0,0,0,0
17/12/2011,0.00426828807556058,0.6,24.9877717727713,6,256.711225389925,0,0.857142857142857,3.42857142857143,0.12258064516129,0,508.333333333333,133.333333333333,2.28571428571429,7.71428571428572,0.0516129032258065,0.148387096774194,0.01375,0.011,0.01375,0.01375,0,0,0,0
18/12/2011,0.00355599659371492,0.6,25.0871081517765,6,255.377210421614,0,0.857142857142857,3.42857142857143,0.12258064516129,0,508.333333333333,133.333333333333,2.28571428571429,7.71428571428572,0.0516129032258065,0.148387096774194,0.01375,0.011,0.01375,0.01375,0,0,0,0
19/12/2011,0.00680440971803986,0.6,25.1847906282074,6,254.046229016481,0,0.857142857142857,3.42857142857143,0.12258064516129,0,508.333333333333,133.333333333333,2.28571428571429,7.71428571428572,0.0516129032258065,0.148387096774194,0.01375,0.011,0.01375,0.01375,0,0,0,0
20/12/2011,0.0198605257054604,0.306770556078353,25.2807902859783,25.939602186672,252.718675173266,0,4.08455735552675,16.338229422107,1.12320524192688,0,508.333333333333,133.333333333333,10.8921529480713,36.7610161997408,0.472928522916582,1.35966950338517,0.01375,0.011,0.01375,0.01375,0,0,0,0
21/12/2011,0.0302082365005558,0.235768431196319,25.3750787071532,30.7677466786503,251.394941876079,0,4.32884410662749,17.31537642651,1.16251399768787,0,508.333333333333,133.333333333333,11.54358428434,38.9595969596475,0.48947957797384,1.40725378667479,0.01375,0.011,0.01375,0.01375,0,0,0,0
22/12/2011,0.00567035782558044,0.589562178702078,25.4676279803587,6.70977184825866,250.075420978066,0,0.901876376991092,3.60750550796437,0.13281644411151,0,508.333333333333,133.333333333333,2.40500367197625,8.11688739291983,0.0559227133101095,0.160777800766565,0.01375,0.011,0.01375,0.01375,0,0,0,0
23/12/2011,0.00637968904648957,0.453793236301631,25.5584107090458,15.9420599314891,248.760503085413,0,2.29730538041484,9.18922152165935,0.555818547457279,0,508.333333333333,133.333333333333,6.12614768110623,20.6757484237335,0.234028862087275,0.672832978500917,0.01375,0.011,0.01375,0.01375,0,0,0,0
24/12/2011,0.00681729209194076,0.274234550851208,25.6474000196006,28.1520505421179,247.45057744172,0,4.62320956833419,18.4928382733368,1.28805152529887,0,508.333333333333,133.333333333333,12.3285588488912,41.6088861150077,0.542337484336365,1.55922026746705,0.01375,0.011,0.01375,0.01375,0,0,0,0
25/12/2011,0.00288143888803278,0.152554661749683,25.7345695692986,36.4262830010215,246.146031812774,0,7.27894117757797,29.1157647103119,2.16896117948674,0,508.333333333333,133.333333333333,19.4105098068746,65.5104705982017,0.913246812415469,2.62558458569447,0.01375,0.011,0.01375,0.01375,0,0,0,0
26/12/2011,0,0,25.8198935541034,0,244.847252371766,0,0,0,0,0,508.333333333333,133.333333333333,0,0,0,0,0.01375,0.011,0.01375,0.01375,0,0,0,0
27/12/2011,0.00415889936624973,0.288667368730921,25.9033467163048,27.1706189262974,243.55462358497,0,4.71983601866966,18.8793440746787,1.33426113040083,0,508.333333333333,133.333333333333,12.5862293831191,42.478524168027,0.56179416016877,1.61515821048521,0.01375,0.011,0.01375,0.01375,0,0,0,0
28/12/2011,0.0111097458978773,0.228871495869904,25.984904351996,31.2367382808465,242.268528097937,0,5.05172513249316,20.2069005299726,1.41666714916762,0,508.333333333333,133.333333333333,13.4712670199818,45.4655261924384,0.596491431228471,1.71491286478186,0.01375,0.011,0.01375,0.01375,0,0,0,0
29/12/2011,0,0,26.0645423183859,0,240.989346622224,0,0,0,0,0,508.333333333333,133.333333333333,0,0,0,0,0.01375,0.011,0.01375,0.01375,0,0,0,0
30/12/2011,0,0,26.1422370409468,0,239.717457822691,0,0,0,0,0,508.333333333333,133.333333333333,0,0,0,0,0.01375,0.011,0.01375,0.01375,0,0,0,0
31/12/2011,0,0,26.2179655203918,0,238.453238205414,0,0,0,0,0,508.333333333333,133.333333333333,0,0,0,0,0.01375,0.011,0.01375,0.01375,0,0,0,0
01/01/2012,0,0,26.3051371179797,0,236.96541410873,0,0,0,0,0,508.333333333333,133.333333333333,0,0,0,0,0.01375,0.011,0.01375,0.01375,0,0,0,0
02/01/2012,0.000198508832577337,0.14056894436029,26.3764918925008,37.2413117835003,235.719251726306,0,7.79512333405466,31.1804933362186,2.34220762101548,0,508.333333333333,133.333333333333,20.7869955574791,70.1561100064919,0.986192682532832,2.83530396228189,0.01375,0.011,0.01375,0.01375,0,0,0,0
03/01/2012,0,0,26.4458110794992,0,234.481942079986,0,0,0,0,0,508.333333333333,133.333333333333,0,0,0,0,0.01375,0.011,0.01375,0.01375,0,0,0,0
04/01/2012,0,0,26.5130741590243,0,233.253851439682,0,0,0,0,0,508.333333333333,133.333333333333,0,0,0,0,0.01375,0.011,0.01375,0.01375,0,0,0,0
05/01/2012,0,0,26.5782612197774,0,232.035343346284,0,0,0,0,0,508.333333333333,133.333333333333,0,0,0,0,0.01375,0.011,0.01375,0.01375,0,0,0,0
06/01/2012,0,0,26.6413529650052,0,230.826778504046,0,0,0,0,0,508.333333333333,133.333333333333,0,0,0,0,0.01375,0.011,0.01375,0.01375,0,0,0,0
07/01/2012,0,0,26.7023307182122,0,229.628514673805,0,0,0,0,0,508.333333333333,133.333333333333,0,0,0,0,0.01375,0.011,0.01375,0.01375,0,0,0,0
08/01/2012,0,0,26.7611764286895,0,228.440906567085,0,0,0,0,0,508.333333333333,133.333333333333,0,0,0,0,0.01375,0.011,0.01375,0.01375,0,0,0,0
09/01/2012,0.000447114295516948,0.132677679654707,26.817872676858,37.7779177834799,227.264305741087,0,7.8627627458168,31.4510509832672,2.36348858002795,0,508.333333333333,133.333333333333,20.9673673221781,70.7648647123512,0.995153086327559,2.86106512319173,0.01375,0.011,0.01375,0.01375,0,0,0,0
10/01/2012,0.0031588112217247,0.113032218657343,26.8724026794253,39.1138091313007,226.099060494622,0,8.03115241150848,32.1246096460339,2.416467952266,0,508.333333333333,133.333333333333,21.4164064306893,72.2803717035764,1.01746019042779,2.9251980474799,0.01375,0.011,0.01375,0.01375,0,0,0,0
11/01/2012,0,0,26.9247502943533,0,224.945515765012,0,0,0,0,0,508.333333333333,133.333333333333,0,0,0,0,0.01375,0.011,0.01375,0.01375,0,0,0,0
12/01/2012,0,0,26.9749000256372,0,223.804013025974,0,0,0,0,0,508.333333333333,133.333333333333,0,0,0,0,0.01375,0.011,0.01375,0.01375,0,0,0,0
13/01/2012,0,0,27.0228370278924,0,222.674890186543,0,0,0,0,0,508.333333333333,133.333333333333,0,0,0,0,0.01375,0.011,0.01375,0.01375,0,0,0,0
14/01/2012,0,0,27.0685471107489,0,221.55848149104,0,0,0,0,0,508.333333333333,133.333333333333,0,0,0,0,0.01375,0.011,0.01375,0.01375,0,0,0,0
15/01/2012,0.00143571735412766,0.300623040093034,27.1120167430522,26.3576332736737,220.45511742013,0,4.76953148118672,19.0781259247469,1.35324943644266,0,508.333333333333,133.333333333333,12.7187506164979,42.9257833306805,0.569789236396909,1.63814405464111,0.01375,0.011,0.01375,0.01375,0,0,0,0
16/01/2012,0.0223039716152578,0.168980554648811,27.1532330568687,35.3093222838809,219.365124592991,0,5.69406089239296,22.7762435695718,1.62578880619986,0,508.333333333333,133.333333333333,15.1841623797146,51.2465480315366,0.684542655242044,1.96806013382088,0.01375,0.011,0.01375,0.01375,0,0,0,0
17/01/2012,0.038699258732387,0.147275120583179,27.1921838512949,36.7852918003438,218.28882567063,0,5.35613845081808,21.4245538032723,1.48112010719236,0,508.333333333333,133.333333333333,14.2830358688482,48.2052460573627,0.623629518817836,1.79293486660128,0.01375,0.011,0.01375,0.01375,0,0,0,0
18/01/2012,0.00753375627412005,0.172657530421554,27.2288575960691,35.0592879313343,217.226539260369,0,6.2301023655863,24.9204094623452,1.80671887034571,0,508.333333333333,133.333333333333,16.6136063082301,56.0709212902767,0.760723734882403,2.18708073778691,0.01375,0.011,0.01375,0.01375,0,0,0,0
19/01/2012,0,0,27.2632434349846,0,216.178579821526,0,0,0,0,0,508.333333333333,133.333333333333,0,0,0,0,0.01375,0.011,0.01375,0.01375,0,0,0,0
20/01/2012,0,0,27.2953311891033,0,215.145257572335,0,0,0,0,0,508.333333333333,133.333333333333,0,0,0,0,0.01375,0.011,0.01375,0.01375,0,0,0,0
21/01/2012,0,0,27.3251113597692,0,214.126878398107,0,0,0,0,0,508.333333333333,133.333333333333,0,0,0,0,0.01375,0.011,0.01375,0.01375,0,0,0,0
22/01/2012,0.000441755859066187,0.134299469620902,27.3525751314198,37.6676360657786,213.12374376069,0,7.84886168896369,31.3954467558548,2.35911497869976,0,508.333333333333,133.333333333333,20.9302978372365,70.6397552006732,0.993311569978846,2.85577076368918,0.01375,0.011,0.01375,0.01375,0,0,0,0
23/01/2012,0.00722452173665688,0.210102792021162,27.3777143741959,32.513010142561,212.136150609223,0,5.3637645882131,21.4550583528524,1.51761650091747,0,508.333333333333,133.333333333333,14.3033722352349,48.2738812939179,0.638996421438936,1.83711471163694,0.01375,0.011,0.01375,0.01375,0,0,0,0
24/01/2012,0.00705001600364529,0.282128686536087,27.4005216463481,27.6152493155461,211.164391292236,0,4.21607939797637,16.8643175919055,1.14691173687647,0,508.333333333333,133.333333333333,11.2428783946037,37.9447145817874,0.48291020500062,1.38836683937678,0.01375,0.011,0.01375,0.01375,0,0,0,0
25/01/2012,0.0167711461394621,0.227953241308962,27.4209901964399,31.2991795909906,210.208753471109,0,4.9641838275811,19.8567353103244,1.39426410141107,0,508.333333333333,133.333333333333,13.2378235402163,44.6776544482299,0.587058569015189,1.68779338591867,0.01375,0.011,0.01375,0.01375,0,0,0,0
26/01/2012,0.235212223944225,0.125819517166073,27.4391139653462,38.244272832707,209.269520034914,0,6.64005070385767,26.5602028154307,2.09508953238961,0,508.333333333333,133.333333333333,17.7068018769538,59.760456334719,0.88214296100615,2.53616101289268,0.01375,0.011,0.01375,0.01375,0,0,0,0
27/01/2012,0.168754941662203,0.151963342627132,27.4548875880467,36.466492701355,208.346969016682,0,5.37067092495087,21.4826836998035,1.56544872623219,0,508.333333333333,133.333333333333,14.3217891332023,48.3360383245579,0.659136305781976,1.89501687912318,0.01375,0.011,0.01375,0.01375,0,0,0,0
28/01/2012,0.0196710983325321,0.329002516367025,27.4683063952143,24.4278288870423,207.441373511089,0,4.4824887096316,17.9299548385264,1.33800620461513,0,508.333333333333,133.333333333333,11.9533032256843,40.3423983866844,0.563371033522159,1.61969172137621,0.01375,0.011,0.01375,0.01375,0,0,0,0
29/01/2012,0.0074891822898964,0.386113228590833,27.4793664145975,20.5443004558234,206.553001593623,0,3.14136020011823,12.5654408004729,0.820414166541885,0,508.333333333333,133.333333333333,8.37696053364862,28.2722418010641,0.34543754380711,0.99313293844544,0.01375,0.011,0.01375,0.01375,0,0,0,0
30/01/2012,0.00270049431168255,0.340549003556865,27.4880643721958,23.6426677581332,205.682116241223,0,4.07386794970977,16.2954717988391,1.12780347131333,0,508.333333333333,133.333333333333,10.8636478658927,36.664811547388,0.47486461950035,1.36523578106351,0.01375,0.011,0.01375,0.01375,0,0,0,0
31/01/2012,0.00570084350867881,0.404912970216888,27.4943976932292,19.2659180252516,204.828975254433,0,2.97264837138049,11.890593485522,0.770260038244315,0,508.333333333333,133.333333333333,7.92706232368131,26.7538353424244,0.32432001610287,0.93242004629575,0.01375,0.011,0.01375,0.01375,0,0,0,0
01/02/2012,0.024330293646646,0.286957992749147,27.4983645029001,27.286856493058,203.993831181091,0,4.40434248634542,17.6173699453817,1.23551938550863,0,508.333333333333,133.333333333333,11.7449132969211,39.6390823771088,0.520218688635214,1.49562872982624,0.01375,0.011,0.01375,0.01375,0,0,0,0
02/02/2012,0.220018928157825,0.144467920345731,27.4999636269489,36.9761814164903,203.176931241564,0,6.28216844602466,25.1286737840987,1.96640035061685,0,508.333333333333,133.333333333333,16.7524491893991,56.539516014222,0.827958042364991,2.38037937179935,0.01375,0.011,0.01375,0.01375,0,0,0,0
03/02/2012,0.495702759342893,0.140763837453907,27.4991945920008,37.2280590531343,202.37851725557,0,6.1210671150022,24.4842684600088,1.907346805163,0,508.333333333333,133.333333333333,16.3228456400059,55.0896040350198,0.803093391647577,2.30889350098678,0.01375,0.011,0.01375,0.01375,0,0,0,0
04/02/2012,0.642467330130015,0.14644334959964,27.4960576257065,36.8418522272245,201.59882557059,0,5.89677942519138,23.5871177007655,1.81854867923565,0,508.333333333333,133.333333333333,15.7247451338437,53.0710148267225,0.76570470704659,2.20140103275895,0.01375,0.011,0.01375,0.01375,0,0,0,0
05/02/2012,0.323678514793763,0.193091996629186,27.4905536566747,33.6697442292153,200.838086991908,0,4.92579134229615,19.7031653691846,1.44619886877851,0,508.333333333333,133.333333333333,13.1354435794564,44.3321220806653,0.608925839485689,1.75066178852136,0.01375,0.011,0.01375,0.01375,0,0,0,0
06/02/2012,0.0809403796903416,0.390493774701017,27.4826843141968,20.2464233203309,200.096526714289,0,3.84637508445694,15.3855003378278,1.1702495363227,0,508.333333333333,133.333333333333,10.2570002252185,34.6173757601125,0.492736646872717,1.41661785975906,0.01375,0.011,0.01375,0.01375,0,0,0,0
07/02/2012,0.0547082951544904,0.504934093725962,27.4724519277653,12.4644816266346,199.374364255309,0,2.23439111530255,8.93756446121018,0.584532699465855,0,508.333333333333,133.333333333333,5.95837630747346,20.1095200377229,0.246119031354044,0.707592215142877,0.01375,0.011,0.01375,0.01375,0,0,0,0
08/02/2012,0.0452586692213457,0.51584961700604,27.4598595263838,11.7222260435893,198.671813390382,0,1.8336414974537,7.33456598981479,0.42176165700331,0,508.333333333333,133.333333333333,4.88971065987653,16.5027734770833,0.177583855580341,0.51055358479348,0.01375,0.011,0.01375,0.01375,0,0,0,0
09/02/2012,0.0301576937163246,0.543223106586169,27.4449108376702,9.86082875214053,197.989082089472,0,1.35000096582276,5.40000386329103,0.267029988386999,0,508.333333333333,133.333333333333,3.60000257552735,12.1500086924048,0.112433679320842,0.32324682804742,0.01375,0.011,0.01375,0.01375,0,0,0,0
10/02/2012,0.0534208940242191,0.361411693971901,27.4276102867536,22.2240048099107,197.326372455532,0,3.48852602082866,13.9541040833146,0.958613562041765,0,508.333333333333,133.333333333333,9.30273605554309,31.3967341874579,0.403626762964954,1.16042694352424,0.01375,0.011,0.01375,0.01375,0,0,0,0
11/02/2012,0.0669547907054183,0.291485353016082,27.4079629949642,26.9789959949064,196.683880664676,0,3.84001242562026,15.360049702481,1.03105440244841,0,508.333333333333,133.333333333333,10.2400331349874,34.5601118305823,0.43412816945196,1.24811848717439,0.01375,0.011,0.01375,0.01375,0,0,0,0
12/02/2012,0.280458319065606,0.163742126057667,27.3859747783173,35.6655354280786,196.061796908109,0,6.13810040271633,24.5524016108653,1.93353048763989,0,508.333333333333,133.333333333333,16.3682677405769,55.242903624447,0.814118100058903,2.34058953766935,0.01375,0.011,0.01375,0.01375,0,0,0,0
13/02/2012,0.308550993664529,0.17146718383175,27.3616521457917,35.140231499441,195.460305335824,0,5.19788326094302,20.7915330437721,1.53935599815806,0,508.333333333333,133.333333333333,13.8610220291814,46.7809493484872,0.648149893961289,1.86343094513871,0.01375,0.011,0.01375,0.01375,0,0,0,0
14/02/2012,0.11691955409331,0.272334469067596,27.3350022974027,28.2812561034034,194.87958400209,0,4.21816238222004,16.8726495288802,1.20941664165533,0,508.333333333333,133.333333333333,11.2484330192534,37.9634614399804,0.509228059644348,1.4640306714775,0.01375,0.011,0.01375,0.01375,0,0,0,0
15/02/2012,0.0375813361799498,0.490043831660469,27.3060331220709,13.4770194470881,194.319804812745,0,2.38568069614527,9.54272278458109,0.629823752701882,0,508.333333333333,133.333333333333,6.36181518972073,21.4711262653075,0.265188948506056,0.76241822695491,0.01375,0.011,0.01375,0.01375,0,0,0,0
16/02/2012,0.0236570128267529,0.551435788432313,27.274753195287,9.30236638660269,193.781133474307,0,1.3079482998493,5.2317931993972,0.255674603589405,0,508.333333333333,133.333333333333,3.48786213293147,11.7715346986437,0.107652464669223,0.309500835924017,0.01375,0.011,0.01375,0.01375,0,0,0,0
17/02/2012,0.0205780644549014,0.6,27.2411717765731,6,193.263729444924,0,0.857142857142857,3.42857142857143,0.12258064516129,0,508.333333333333,133.333333333333,2.28571428571429,7.71428571428572,0.0516129032258065,0.148387096774194,0.01375,0.011,0.01375,0.01375,0,0,0,0
18/02/2012,0.0161841368004996,0.6,27.2052988067417,6,192.767745887169,0,0.857142857142857,3.42857142857143,0.12258064516129,0,508.333333333333,133.333333333333,2.28571428571429,7.71428571428572,0.0516129032258065,0.148387096774194,0.01375,0.011,0.01375,0.01375,0,0,0,0
19/02/2012,0.0120894765541517,0.6,27.1671449049533,6,192.293329622699,0,0.857142857142857,3.42857142857143,0.12258064516129,0,508.333333333333,133.333333333333,2.28571428571429,7.71428571428572,0.0516129032258065,0.148387096774194,0.01375,0.011,0.01375,0.01375,0,0,0,0
20/02/2012,0.131318972631833,0.191418559834902,27.1267213655722,33.7835379312267,191.840621088795,0,5.76572264288237,23.0628905715295,1.78028758932131,0,508.333333333333,133.333333333333,15.3752603810197,51.8915037859414,0.749594774451079,2.15508497654685,0.01375,0.011,0.01375,0.01375,0,0,0,0
21/02/2012,0.419788186259534,0.145746357614372,27.0840401548241,36.8892476822227,191.409754296791,0,5.97719881561755,23.9087952624702,1.84324505429649,0,508.333333333333,133.333333333333,15.9391968416468,53.7947893405579,0.776103180756418,2.2312966446747,0.01375,0.011,0.01375,0.01375,0,0,0,0
22/02/2012,0.252017942957502,0.184684827867277,27.0391139072529,34.2414317050251,191.000856792401,0,4.6912116083728,18.7648464334912,1.3369305290165,0,508.333333333333,133.333333333333,12.5098976223275,42.2209044753552,0.56291811748063,1.61838958775681,0.01375,0.011,0.01375,0.01375,0,0,0,0
23/02/2012,0.046302191078011,0.417725335928121,26.9919559219814,18.3946771568878,190.614049617962,0,3.49859859526029,13.9943943810411,1.03420097755603,0,508.333333333333,133.333333333333,9.32959625402743,31.4873873573426,0.435453043181485,1.25192749914677,0.01375,0.011,0.01375,0.01375,0,0,0,0
24/02/2012,0.0215101686502425,0.579085362556216,26.9425801587739,7.42219534617732,190.249447276606,0,1.20508478504205,4.8203391401682,0.238254559980071,0,508.333333333333,133.333333333333,3.2135594267788,10.8457630653784,0.100317709465293,0.288413414712717,0.01375,0.011,0.01375,0.01375,0,0,0,0
25/02/2012,0.0179056105494689,0.6,26.891001233904,6,189.907157698364,0,0.857142857142857,3.42857142857143,0.12258064516129,0,508.333333333333,133.333333333333,2.28571428571429,7.71428571428572,0.0516129032258065,0.148387096774194,0.01375,0.011,0.01375,0.01375,0,0,0,0
26/02/2012,0.0201912280931952,0.6,26.8372344158281,6,189.587282208215,0,0.874918430012611,3.49967372005045,0.128391155002586,0,508.333333333333,133.333333333333,2.33311581336696,7.8742658701135,0.0540594336852995,0.155420871845236,0.01375,0.011,0.01375,0.01375,0,0,0,0
27/02/2012,0.0151544788648067,0.6,26.7812956206654,6,189.28991549609,0,0.857142857142857,3.42857142857143,0.12258064516129,0,508.333333333333,133.333333333333,2.28571428571429,7.71428571428572,0.0516129032258065,0.148387096774194,0.01375,0.011,0.01375,0.01375,0,0,0,0
28/02/2012,0.0130336554946174,0.6,26.7232014074861,6,189.015145588848,0,0.857142857142857,3.42857142857143,0.12258064516129,0,508.333333333333,133.333333333333,2.28571428571429,7.71428571428572,0.0516129032258065,0.148387096774194,0.01375,0.011,0.01375,0.01375,0,0,0,0
29/02/2012,0.0144468691928646,0.6,26.6629689734102,6,188.763053824211,0,0.857142857142857,3.42857142857143,0.12258064516129,0,508.333333333333,133.333333333333,2.28571428571429,7.71428571428572,0.0516129032258065,0.148387096774194,0.01375,0.011,0.01375,0.01375,0,0,0,0
01/03/2012,0.0246793582968464,0.37169136709854,26.6006161485163,21.5249870372993,188.533714826692,0,3.27706713116052,13.1082685246421,0.86622335553905,0,508.333333333333,133.333333333333,8.73884568309472,29.4936041804447,0.364725623384863,1.04858616723148,0.01375,0.011,0.01375,0.01375,0,0,0,0
02/03/2012,0.254712350794134,0.151469696853589,26.5361613905638,36.500060613956,188.327196485501,0,6.12371433403376,24.494857336135,1.90306676158628,0,508.333333333333,133.333333333333,16.3299048907567,55.1134290063039,0.80129126803633,2.30371239560445,0.01375,0.011,0.01375,0.01375,0,0,0,0
03/03/2012,0.70439870137551,0.138771454684598,26.4696237795288,37.3635410814473,188.143559934448,0,6.01700177925349,24.068007117014,1.86311491464222,0,508.333333333333,133.333333333333,16.0453380780093,54.1530160132814,0.784469437744092,2.25534963351427,0.01375,0.011,0.01375,0.01375,0,0,0,0
04/03/2012,0.482434890162712,0.187028934594914,26.4010230119562,34.0820324475458,187.98285953385,0,4.68506097602129,18.7402439040852,1.34451328069316,0,508.333333333333,133.333333333333,12.4934959360568,42.1655487841916,0.566110855028701,1.62756870820752,0.01375,0.011,0.01375,0.01375,0,0,0,0
05/03/2012,0.125596127806799,0.362335968554036,26.3303793951287,22.1611541383256,187.845142854435,0,4.06716915021263,16.2686766008505,1.23357191985938,0,508.333333333333,133.333333333333,10.845784400567,36.6045223519137,0.519398703098685,1.49327127140872,0.01375,0.011,0.01375,0.01375,0,0,0,0
06/03/2012,0.0793220846889031,0.456592885287204,26.2577138410562,15.7516838004702,187.730450663264,0,2.59013077945546,10.3605231178218,0.685570482603543,0,508.333333333333,133.333333333333,6.90701541188123,23.3111770150992,0.288661255833071,0.829901110520079,0.01375,0.011,0.01375,0.01375,0,0,0,0
07/03/2012,0.0552938458513963,0.570686328673412,26.1830478602847,7.99332965020799,187.638816911658,0,1.40176506315734,5.60706025262937,0.301056199512189,0,508.333333333333,133.333333333333,3.73804016841958,12.6158855684161,0.126760505057764,0.364436452041071,0.01375,0.011,0.01375,0.01375,0,0,0,0
08/03/2012,0.653147013726784,0.178831223705579,26.1064035555288,34.6394767880206,187.570268725153,0,5.79519881666177,23.1807952666471,1.81096378211703,0,508.333333333333,133.333333333333,15.4538635110981,52.156789349956,0.762511066154537,2.1922193151943,0.01375,0.011,0.01375,0.01375,0,0,0,0
09/03/2012,0.688497769571649,0.207701800652995,26.0278036151292,32.6762775555963,187.524826395466,0,4.53239967173151,18.129598686926,1.30067868078474,0,508.333333333333,133.333333333333,12.0863991246174,40.7915970455836,0.547654181383047,1.57450577147626,0.01375,0.011,0.01375,0.01375,0,0,0,0
10/03/2012,0.251218708267389,0.366490966700579,25.9472713063363,21.8786142643606,187.502503374491,0,3.46388448488373,13.8555379395349,0.992793085462718,0,508.333333333333,133.333333333333,9.23702529302328,31.1749603639536,0.41801814124746,1.20180215608645,0.01375,0.011,0.01375,0.01375,0,0,0,0
11/03/2012,0.135036338368451,0.526383112797073,25.8648304684224,11.005948329799,187.503306270316,0,1.96094214608433,7.84376858433733,0.504907300497684,0,508.333333333333,133.333333333333,5.22917905622489,17.648479314759,0.212592547577972,0.61120357428667,0.01375,0.011,0.01375,0.01375,0,0,0,0
12/03/2012,0.104773214370534,0.575976056166119,25.7805055056248,7.63362818070393,187.527234845267,0,1.27551335671945,5.10205342687781,0.262313590917234,0,508.333333333333,133.333333333333,3.40136895125187,11.4796202104751,0.110447827754625,0.317537504794546,0.01375,0.011,0.01375,0.01375,0,0,0,0
13/03/2012,0.0827743307517037,0.599697624740215,25.6943213799221,6.0205615176654,187.574282015978,0,0.882583369753611,3.53033347901444,0.13075396500274,0,508.333333333333,133.333333333333,2.3535556526763,7.9432503277825,0.0550543010537851,0.158281115529632,0.01375,0.011,0.01375,0.01375,0,0,0,0
14/03/2012,0.0737847752260695,0.6,25.6063036036443,6,187.644433855488,0,0.880317564779589,3.52127025911836,0.13015603346405,0,508.333333333333,133.333333333333,2.34751350607891,7.92285808301631,0.0548025404059159,0.157557303667008,0.01375,0.011,0.01375,0.01375,0,0,0,0
15/03/2012,0.0622886480507672,0.6,25.516478231921,6,187.737669597364,0,0.870456941074741,3.48182776429896,0.126932775822895,0,508.333333333333,133.333333333333,2.32121850953264,7.83411246967267,0.0534453792938507,0.153655465469821,0.01375,0.011,0.01375,0.01375,0,0,0,0
16/03/2012,0.0540785341637307,0.6,25.4248718549683,6,187.853961641847,0,0.865110177492361,3.46044070996944,0.125185016544354,0,508.333333333333,133.333333333333,2.30696047331296,7.78599159743125,0.0527094806502542,0.151539756869481,0.01375,0.011,0.01375,0.01375,0,0,0,0
17/03/2012,0.0846025101839778,0.442367401074591,25.3315115902177,16.7190167269278,187.993275564026,0,2.58603487270624,10.344139490825,0.658670707311793,0,508.333333333333,133.333333333333,6.89609299388332,23.2743138543562,0.277335034657597,0.797338224640591,0.01375,0.011,0.01375,0.01375,0,0,0,0
18/03/2012,0.0884866437558178,0.366498671798106,25.2364250742888,21.8780903177288,188.155570124022,0,3.00077723592281,12.0031089436912,0.759245494149901,0,508.333333333333,133.333333333333,8.00207262912749,27.0069951233053,0.319682313326274,0.919086650813038,0.01375,0.011,0.01375,0.01375,0,0,0,0
19/03/2012,0.051405916081535,0.529046035364639,25.1396404548081,10.8248695952046,188.340797279202,0,1.55973081339526,6.23892325358104,0.331974297730544,0,508.333333333333,133.333333333333,4.15928216905402,14.0375773205573,0.139778651676019,0.401863623568554,0.01375,0.011,0.01375,0.01375,0,0,0,0
20/03/2012,0.0465772617881563,0.51651340566906,25.0411863820767,11.6770884145039,188.548902198397,0,1.65043061279493,6.6017224511797,0.358691039720982,0,508.333333333333,133.333333333333,4.40114830078647,14.8538755151543,0.151027806198308,0.434204942820136,0.01375,0.011,0.01375,0.01375,0,0,0,0
21/03/2012,0.0403465247126884,0.533991677863499,24.9410920005895,10.488565905282,188.779823278136,0,1.4861803673167,5.94472146926681,0.309613328669079,0,508.333333333333,133.333333333333,3.96314764617787,13.3756233058503,0.130363506808033,0.374795082073095,0.01375,0.011,0.01375,0.01375,0,0,0,0
22/03/2012,0.0362502117076575,0.599998488793766,24.8393869404073,6.0001027620239,189.033492160877,0,0.979093043396381,3.91637217358552,0.153626211559118,0,508.333333333333,133.333333333333,2.61091478239035,8.81183739056743,0.0646847206564706,0.185968571887353,0.01375,0.011,0.01375,0.01375,0,0,0,0
23/03/2012,0.0238996898877874,0.6,24.7361013083863,6,189.30983375525,0,0.857142857142857,3.42857142857143,0.12258064516129,0,508.333333333333,133.333333333333,2.28571428571429,7.71428571428572,0.0516129032258065,0.148387096774194,0.01375,0.011,0.01375,0.01375,0,0,0,0
24/03/2012,0.0247202973886933,0.6,24.6312656792653,6,189.608766258277,0,0.857142857142857,3.42857142857143,0.12258064516129,0,508.333333333333,133.333333333333,2.28571428571429,7.71428571428572,0.0516129032258065,0.148387096774194,0.01375,0.011,0.01375,0.01375,0,0,0,0
25/03/2012,0.0254856339149892,0.6,24.5249110866152,6,189.930201179595,0,0.861475819235676,3.4459032769427,0.123997011264749,0,508.333333333333,133.333333333333,2.29726885129514,7.75328237312108,0.0522092679009471,0.150101645215223,0.01375,0.011,0.01375,0.01375,0,0,0,0
26/03/2012,0.0232901753785724,0.6,24.4170690136522,6,190.274043367646,0,0.857142857142857,3.42857142857143,0.12258064516129,0,508.333333333333,133.333333333333,2.28571428571429,7.71428571428571,0.0516129032258065,0.148387096774194,0.01375,0.011,0.01375,0.01375,0,0,0,0
27/03/2012,0.0207725007188386,0.6,24.3077713839186,6,190.640191037846,0,0.857142857142857,3.42857142857143,0.12258064516129,0,508.333333333333,133.333333333333,2.28571428571429,7.71428571428572,0.0516129032258065,0.148387096774194,0.01375,0.011,0.01375,0.01375,0,0,0,0
28/03/2012,0.0218178150263297,0.6,24.1970505518319,6,191.028535802714,0,0.857142857142857,3.42857142857143,0.12258064516129,0,508.333333333333,133.333333333333,2.28571428571429,7.71428571428572,0.0516129032258065,0.148387096774194,0.01375,0.011,0.01375,0.01375,0,0,0,0
29/03/2012,0.0193679829982959,0.6,24.0849392931081,6,191.438962703959,0,0.857142857142857,3.42857142857143,0.12258064516129,0,508.333333333333,133.333333333333,2.28571428571429,7.71428571428572,0.0516129032258065,0.148387096774194,0.01375,0.011,0.01375,0.01375,0,0,0,0
30/03/2012,0.0316828806876632,0.450394624918657,23.9714707950588,16.1731655055314,191.871350246509,0,2.46652799701543,9.86611198806173,0.614380169627249,0,508.333333333333,133.333333333333,6.57740799204115,22.1987519731389,0.258686387211473,0.743723363232985,0.01375,0.011,0.01375,0.01375,0,0,0,0
31/03/2012,0.0373257751866846,0.375189540976154,23.8566786467673,21.2871112136216,192.325570434476,0,2.97454442948025,11.898177717921,0.754501396701401,0,508.333333333333,133.333333333333,7.932118478614,26.7708998653223,0.317684798611116,0.91334379600696,0.01375,0.011,0.01375,0.01375,0,0,0,0
01/04/2012,0.0170059259398854,0.6,23.7405968291455,6,192.801488809045,0,0.857142857142857,3.42857142857143,0.12258064516129,0,508.333333333333,133.333333333333,2.28571428571429,7.71428571428572,0.0516129032258065,0.148387096774194,0.01375,0.011,0.01375,0.01375,0,0,0,0
02/04/2012,0.0168847839667249,0.59643474386797,23.6232597048746,6.24243741697801,193.298964488279,0,0.872422526280127,3.48969010512051,0.126076896335926,0,508.333333333333,133.333333333333,2.32646007008034,7.85180273652114,0.0530850089835477,0.1526194008277,0.01375,0.011,0.01375,0.01375,0,0,0,0
03/04/2012,0.0164692664740666,0.592328898252986,23.5047020082334,6.52163491879696,193.817850208819,0,0.904230335566768,3.61692134226707,0.134971344172188,0,508.333333333333,133.333333333333,2.41128089484471,8.13807302010091,0.0568300396514477,0.163386363997912,0.01375,0.011,0.01375,0.01375,0,0,0,0
04/04/2012,0.0145570009944723,0.6,23.3849588348159,6,194.357992369482,0,0.857142857142857,3.42857142857143,0.12258064516129,0,508.333333333333,133.333333333333,2.28571428571429,7.71428571428571,0.0516129032258065,0.148387096774194,0.01375,0.011,0.01375,0.01375,0,0,0,0
05/04/2012,0.0128365567108726,0.6,23.2640656311426,6,194.919231076725,0,0.857142857142857,3.42857142857143,0.12258064516129,0,508.333333333333,133.333333333333,2.28571428571429,7.71428571428572,0.0516129032258065,0.148387096774194,0.01375,0.011,0.01375,0.01375,0,0,0,0
06/04/2012,0.0125733649473415,0.6,23.142058184167,6,195.501400191981,0,0.857142857142857,3.42857142857143,0.12258064516129,0,508.333333333333,133.333333333333,2.28571428571429,7.71428571428572,0.0516129032258065,0.148387096774194,0.01375,0.011,0.01375,0.01375,0,0,0,0
07/04/2012,0.0113046009820398,0.6,23.0189726106826,6,196.10432738084,0,0.857142857142857,3.42857142857143,0.12258064516129,0,508.333333333333,133.333333333333,2.28571428571429,7.71428571428572,0.0516129032258065,0.148387096774194,0.01375,0.011,0.01375,0.01375,0,0,0,0
08/04/2012,0.0138585600687866,0.6,22.8948453466311,6,196.727834164057,0,0.857142857142857,3.42857142857143,0.12258064516129,0,508.333333333333,133.333333333333,2.28571428571429,7.71428571428572,0.0516129032258065,0.148387096774194,0.01375,0.011,0.01375,0.01375,0,0,0,0
09/04/2012,0.0123226256361845,0.546524742476158,22.7697131363166,9.63631751162129,197.371735970394,0,1.27489514313077,5.09958057252308,0.24146088898471,0,508.333333333333,133.333333333333,3.39972038168206,11.4740562881769,0.101667742730404,0.292294760349912,0.01375,0.011,0.01375,0.01375,0,0,0,0
10/04/2012,0.0171587778483197,0.476863845751514,22.6436130215288,14.3732584888971,198.035842191253,0,2.05499804842225,8.21999219368902,0.481453577006916,0,508.333333333333,133.333333333333,5.47999479579268,18.4949824358003,0.202717295581859,0.582812224797845,0.01375,0.011,0.01375,0.01375,0,0,0,0
11/04/2012,0.0148059415666952,0.6,22.5165823305776,6,198.7199562371,0,0.857142857142857,3.42857142857143,0.12258064516129,0,508.333333333333,133.333333333333,2.28571428571429,7.71428571428572,0.0516129032258065,0.148387096774194,0.01375,0.011,0.01375,0.01375,0,0,0,0
12/04/2012,0.0149489577005315,0.590080833065007,22.3886586672431,6.67450335157949,199.42387559566,0,0.924984628077469,3.69993851230988,0.140978766141859,0,508.333333333333,133.333333333333,2.46662567487325,8.32486165269722,0.0593594804807828,0.170658506382251,0.01375,0.011,0.01375,0.01375,0,0,0,0
13/04/2012,0.0149054877843189,0.575544463600068,22.2598798996444,7.66297647519535,200.147391891864,0,1.07629312032112,4.30517248128448,0.186489480947481,0,508.333333333333,133.333333333333,2.87011498752299,9.68663808289009,0.0785218867147288,0.225750424304845,0.01375,0.011,0.01375,0.01375,0,0,0,0
14/04/2012,0.0128011077561487,0.6,22.1302841490292,6,200.890290949537,0,0.857142857142857,3.42857142857143,0.12258064516129,0,508.333333333333,133.333333333333,2.28571428571429,7.71428571428572,0.0516129032258064,0.148387096774194,0.01375,0.011,0.01375,0.01375,0,0,0,0
15/04/2012,0.0136354341413386,0.6,21.99990977849,6,201.652352854791,0,0.857142857142857,3.42857142857143,0.12258064516129,0,508.333333333333,133.333333333333,2.28571428571429,7.71428571428572,0.0516129032258065,0.148387096774194,0.01375,0.011,0.01375,0.01375,0,0,0,0
16/04/2012,0.0123916121558789,0.6,21.8687953816071,6,202.433352021133,0,0.857142857142857,3.42857142857143,0.12258064516129,0,508.333333333333,133.333333333333,2.28571428571429,7.71428571428572,0.0516129032258065,0.148387096774194,0.01375,0.011,0.01375,0.01375,0,0,0,0
17/04/2012,0.0146574350550271,0.576225252610529,21.7369797710241,7.61668282248404,203.233057256235,0,1.07892077720657,4.31568310882626,0.187523350373524,0,508.333333333333,133.333333333333,2.87712207255084,9.71028699485909,0.0789572001572734,0.227001950452161,0.01375,0.011,0.01375,0.01375,0,0,0,0
18/04/2012,0.274819118311469,0.143536116480385,21.604501966959,37.0395440793338,204.051231830379,0,6.35855820514688,25.4342328205875,1.99762378758861,0,508.333333333333,133.333333333333,16.956155213725,57.2270238463219,0.841104752668887,2.41817616392305,0.01375,0.011,0.01375,0.01375,0,0,0,0
19/04/2012,0.81585887717544,0.130239365727191,21.4714011856532,37.943723130551,204.887633546526,0,6.07314237898593,24.2925695159437,1.87520092571665,0,508.333333333333,133.333333333333,16.1950463439625,54.6582814108734,0.789558284512275,2.26998006797279,0.01375,0.011,0.01375,0.01375,0,0,0,0
20/04/2012,0.587417278664737,0.167424257854455,21.3377168277622,35.4151504658971,205.742014812022,0,4.87673971261299,19.506958850452,1.40940933313526,0,508.333333333333,133.333333333333,13.0046392336347,43.890657413517,0.593435508688529,1.70612708747952,0.01375,0.011,0.01375,0.01375,0,0,0,0
21/04/2012,0.152595681179143,0.319459147218222,21.203488466693,25.0767779891609,206.614122711881,0,4.55949564788377,18.2379825915351,1.40958393788607,0,508.333333333333,133.333333333333,12.1586550610234,41.035460830954,0.593509026478344,1.70633845112524,0.01375,0.011,0.01375,0.01375,0,0,0,0
22/04/2012,0.084687609070266,0.468974159408759,21.0687558368887,14.9097571602044,207.503699083657,0,2.7861041725189,11.1444166900756,0.792949302585923,0,508.333333333333,133.333333333333,7.42961112671708,25.0749375526701,0.333873390562494,0.95988599786717,0.01375,0.011,0.01375,0.01375,0,0,0,0
23/04/2012,0.0706098280058951,0.506548803538412,20.9335588220669,12.354681359388,208.410480593869,0,2.16251633074369,8.65006532297477,0.553832169094504,0,508.333333333333,133.333333333333,5.76671021531652,19.4626469766932,0.233192492250317,0.670428415219663,0.01375,0.011,0.01375,0.01375,0,0,0,0
24/04/2012,0.065289840653568,0.457209105850909,20.7979374434129,15.7097808021382,209.334198815945,0,2.37972402283879,9.51889609135516,0.597342167089577,0,508.333333333333,133.333333333333,6.34593072757011,21.4175162055491,0.251512491406138,0.723098412792646,0.01375,0.011,0.01375,0.01375,0,0,0,0
25/04/2012,0.0557412981890219,0.472143946274572,20.6619318477328,14.6942116533291,210.274580309692,0,2.07391140143812,8.29564560575246,0.488982255981362,0,508.333333333333,133.333333333333,5.53043040383497,18.665202612943,0.205887265676363,0.591925888819543,0.01375,0.011,0.01375,0.01375,0,0,0,0
26/04/2012,0.0408549734246223,0.590702670634416,20.525582295569,6.63221839685972,211.231346702231,0,1.0722833688311,4.28913347532439,0.189030352067088,0,508.333333333333,133.333333333333,2.85942231688293,9.65055031947989,0.0795917271861423,0.228826215660159,0.01375,0.011,0.01375,0.01375,0,0,0,0
27/04/2012,0.0368622004763132,0.597588147349294,20.3889291492823,6.16400598024801,212.204214770406,0,0.960210568619937,3.84084227447975,0.15174526584771,0,508.333333333333,133.333333333333,2.56056151631983,8.64189511757943,0.0638927435148252,0.183691637605122,0.01375,0.011,0.01375,0.01375,0,0,0,0
28/04/2012,0.0328106490402836,0.599718325664219,20.2520128611039,6.01915385483308,213.192896524626,0,0.892642976379409,3.57057190551764,0.132314933446335,0,508.333333333333,133.333333333333,2.38038127034509,8.03378678741468,0.0557115509247726,0.160170708908721,0.01375,0.011,0.01375,0.01375,0,0,0,0
29/04/2012,0.0289113533711406,0.6,20.1148739611606,6,214.19709929411,0,0.863666928332221,3.45466771332888,0.124713244775878,0,508.333333333333,133.333333333333,2.30311180888592,7.77300235498999,0.0525108399056329,0.150968664728695,0.01375,0.011,0.01375,0.01375,0,0,0,0
30/04/2012,0.0284508770847994,0.599919976309575,19.9775530454767,6.00544161094889,215.21652581353,0,0.912664030824627,3.65065612329851,0.136778918160876,0,508.333333333333,133.333333333333,2.43377074886567,8.21397627742164,0.0575911234361582,0.165574479878955,0.01375,0.011,0.01375,0.01375,0,0,0,0
01/05/2012,0.0252434099676274,0.6,19.8400907639575,6,216.250874311002,0,0.866388226157798,3.46555290463119,0.125602787290905,0,508.333333333333,133.333333333333,2.31036860308746,7.79749403542018,0.0528853841224865,0.152045479352149,0.01375,0.011,0.01375,0.01375,0,0,0,0
02/05/2012,0.0232385761919394,0.6,19.7025278083553,6,217.299838597422,0,0.862081111250183,3.44832444500073,0.124194870159814,0,508.333333333333,133.333333333333,2.29888296333382,7.75873000125165,0.0522925769093954,0.150341158614512,0.01375,0.011,0.01375,0.01375,0,0,0,0
03/05/2012,0.0221740079434966,0.591544672829267,19.5649049002241,6.57496224760983,218.363108157101,0,0.931736806747285,3.72694722698914,0.143930951848845,0,508.333333333333,133.333333333333,2.48463148465943,8.38563126072557,0.0606025060416191,0.174232204869655,0.01375,0.011,0.01375,0.01375,0,0,0,0
04/05/2012,0.021417545211921,0.57939250349717,19.427262778865,7.40130976219244,219.440368239687,0,1.05479062031415,4.21916248125659,0.18081043367123,0,508.333333333333,133.333333333333,2.8127749875044,9.49311558282734,0.0761307089142021,0.218875788128331,0.01375,0.011,0.01375,0.01375,0,0,0,0
05/05/2012,0.0185786553064843,0.6,19.289642189267,6,220.531299953336,0,0.857142857142857,3.42857142857143,0.12258064516129,0,508.333333333333,133.333333333333,2.28571428571429,7.71428571428572,0.0516129032258065,0.148387096774194,0.01375,0.011,0.01375,0.01375,0,0,0,0
06/05/2012,0.0189136619658857,0.6,19.1520838700448,6,221.635580359109,0,0.861287139543206,3.44514855817283,0.123935335322265,0,508.333333333333,133.333333333333,2.29676570544855,7.75158425588886,0.0521832990830588,0.150026984863794,0.01375,0.011,0.01375,0.01375,0,0,0,0
07/05/2012,0.0194554142910359,0.6,19.0146285413801,6,222.752882566574,0,0.946384132985127,3.78553653194051,0.14390143155891,0,508.333333333333,133.333333333333,2.52369102129367,8.51745719686614,0.0605900764458568,0.174196469781838,0.01375,0.011,0.01375,0.01375,0,0,0,0
08/05/2012,0.0171263633417097,0.6,18.8773168929669,6,223.882875830567,0,0.857142857142857,3.42857142857143,0.12258064516129,0,508.333333333333,133.333333333333,2.28571428571429,7.71428571428572,0.0516129032258065,0.148387096774194,0.01375,0.011,0.01375,0.01375,0,0,0,0
09/05/2012,0.0154728303667235,0.6,18.7401895719671,6,225.025225649104,0,0.857142857142857,3.42857142857143,0.12258064516129,0,508.333333333333,133.333333333333,2.28571428571429,7.71428571428572,0.0516129032258065,0.148387096774194,0.01375,0.011,0.01375,0.01375,0,0,0,0
10/05/2012,0.0149209538313361,0.6,18.6032871709775,6,226.179593862396,0,0.857142857142857,3.42857142857143,0.12258064516129,0,508.333333333333,133.333333333333,2.28571428571429,7.71428571428572,0.0516129032258065,0.148387096774194,0.01375,0.011,0.01375,0.01375,0,0,0,0
11/05/2012,0.0141235540338985,0.6,18.466650216014,6,227.345638752956,0,0.857142857142857,3.42857142857143,0.12258064516129,0,508.333333333333,133.333333333333,2.28571428571429,7.71428571428571,0.0516129032258065,0.148387096774194,0.01375,0.011,0.01375,0.01375,0,0,0,0
12/05/2012,0.0118536725832471,0.6,18.3303191545148,6,228.523015146753,0,0.857142857142857,3.42857142857143,0.12258064516129,0,508.333333333333,133.333333333333,2.28571428571429,7.71428571428572,0.0516129032258065,0.148387096774194,0.01375,0.011,0.01375,0.01375,0,0,0,0
13/05/2012,0.0130214945686148,0.6,18.1943343433671,6,229.71137451539,0,0.857142857142857,3.42857142857143,0.12258064516129,0,508.333333333333,133.333333333333,2.28571428571429,7.71428571428572,0.0516129032258064,0.148387096774194,0.01375,0.011,0.01375,0.01375,0,0,0,0
14/05/2012,0.0136514309869939,0.6,18.0587360369606,6,230.910365079275,0,0.857142857142857,3.42857142857143,0.12258064516129,0,508.333333333333,133.333333333333,2.28571428571429,7.71428571428572,0.0516129032258065,0.148387096774194,0.01375,0.011,0.01375,0.01375,0,0,0,0
15/05/2012,0.0133474600671058,0.6,17.9235643752715,6,232.119631911759,0,0.857142857142857,3.42857142857143,0.12258064516129,0,508.333333333333,133.333333333333,2.28571428571429,7.71428571428572,0.0516129032258065,0.148387096774194,0.01375,0.011,0.01375,0.01375,0,0,0,0
16/05/2012,0.0131836017090927,0.6,17.7888593719801,6,233.338817044198,0,0.857142857142857,3.42857142857143,0.12258064516129,0,508.333333333333,133.333333333333,2.28571428571429,7.71428571428572,0.0516129032258065,0.148387096774194,0.01375,0.011,0.01375,0.01375,0,0,0,0
17/05/2012,0.0133409267791756,0.6,17.6546609026259,6,234.567559571921,0,0.857142857142857,3.42857142857143,0.12258064516129,0,508.333333333333,133.333333333333,2.28571428571429,7.71428571428572,0.0516129032258065,0.148387096774194,0.01375,0.011,0.01375,0.01375,0,0,0,0
18/05/2012,0.0126041519907946,0.6,17.5210086928035,6,235.805495761065,0,0.857142857142857,3.42857142857143,0.12258064516129,0,508.333333333333,133.333333333333,2.28571428571429,7.71428571428572,0.0516129032258065,0.148387096774194,0.01375,0.011,0.01375,0.01375,0,0,0,0
19/05/2012,0.0125006843865371,0.6,17.3879423064033,6,237.052259156249,0,0.857142857142857,3.42857142857143,0.12258064516129,0,508.333333333333,133.333333333333,2.28571428571429,7.71428571428572,0.0516129032258065,0.148387096774194,0.01375,0.011,0.01375,0.01375,0,0,0,0
20/05/2012,0.0142737021188625,0.6,17.2555011338993,6,238.307480689051,0,0.998620284880658,3.99448113952263,0.155367234954331,0,508.333333333333,133.333333333333,2.66298742634842,8.98758256392592,0.0654177831386655,0.188076126523663,0.01375,0.011,0.01375,0.01375,0,0,0,0
21/05/2012,0.0122121899548766,0.6,17.123724380689,6,239.57078878726,0,0.857142857142857,3.42857142857143,0.12258064516129,0,508.333333333333,133.333333333333,2.28571428571429,7.71428571428572,0.0516129032258065,0.148387096774194,0.01375,0.011,0.01375,0.01375,0,0,0,0
22/05/2012,0.0110372959201975,0.6,16.9926510554879,6,240.841809484872,0,0.857142857142857,3.42857142857143,0.12258064516129,0,508.333333333333,133.333333333333,2.28571428571429,7.71428571428572,0.0516129032258065,0.148387096774194,0.01375,0.011,0.01375,0.01375,0,0,0,0
23/05/2012,0.00957424243276241,0.6,16.8623199587815,6,242.120166532788,0,0.857142857142857,3.42857142857143,0.12258064516129,0,508.333333333333,133.333333333333,2.28571428571429,7.71428571428572,0.0516129032258065,0.148387096774194,0.01375,0.011,0.01375,0.01375,0,0,0,0
24/05/2012,0.0142919831668288,0.6,16.7327696713403,6,243.405481510195,0,1.08288919422276,4.33155677689103,0.175565807353371,0,508.333333333333,133.333333333333,2.88770451792736,9.74600274800483,0.0739224452014195,0.212527029954081,0.01375,0.011,0.01375,0.01375,0,0,0,0
25/05/2012,0.028913174740407,0.323693851520663,16.6040385427983,24.7888180965949,244.697373936585,0,3.87245836262656,15.4898334505062,1.0578239437949,0,508.333333333333,133.333333333333,10.3265556336708,34.852125263639,0.445399555282061,1.28052372143593,0.01375,0.011,0.01375,0.01375,0,0,0,0
26/05/2012,0.0417224522881011,0.25820278855503,16.4761646803015,29.242210378258,245.995461384384,0,4.03359006959304,16.1343602783722,1.06905426988135,0,508.333333333333,133.333333333333,10.7562401855815,36.3023106263374,0.450128113634255,1.29411832669848,0.01375,0.011,0.01375,0.01375,0,0,0,0
27/05/2012,0.0109109391445235,0.6,16.3491859372266,6,247.299359592162,0,0.857142857142857,3.42857142857143,0.12258064516129,0,508.333333333333,133.333333333333,2.28571428571429,7.71428571428572,0.0516129032258065,0.148387096774194,0.01375,0.011,0.01375,0.01375,0,0,0,0
28/05/2012,0.0102740391288786,0.6,16.2231399019762,6,248.60868257838,0,0.857142857142857,3.42857142857143,0.12258064516129,0,508.333333333333,133.333333333333,2.28571428571429,7.71428571428572,0.0516129032258065,0.148387096774194,0.01375,0.011,0.01375,0.01375,0,0,0,0
29/05/2012,0.0145788333930294,0.545780977987448,16.0980638868514,9.68689349685355,249.92304275565,0,1.6106830476439,6.4427321905756,0.341867256600824,0,508.333333333333,133.333333333333,4.29515479371706,14.4961474287951,0.143944108042452,0.41383931062205,0.01375,0.011,0.01375,0.01375,0,0,0,0
30/05/2012,0.0208739976746569,0.417910000332176,15.9739949170069,18.382119977412,251.242051045467,0,2.82614246668832,11.3045698667533,0.715769904206958,0,508.333333333333,133.333333333333,7.53637991116885,25.4352822001949,0.301376801771351,0.866458305092633,0.01375,0.011,0.01375,0.01375,0,0,0,0
31/05/2012,0.0196012604017854,0.405341260062095,15.8509697194906,19.2367943157776,252.565316993389,0,2.71273091252435,10.8509236500974,0.675149073090876,0,508.333333333333,133.333333333333,7.23394910006492,24.4145782127191,0.284273293933,0.817285720057376,0.01375,0.011,0.01375,0.01375,0,0,0,0
01/06/2012,0.0124979923238261,0.6,15.7290247123716,6,253.892448884614,0,1.08089173694335,4.32356694777341,0.174750070898334,0,508.333333333333,133.333333333333,2.88237796518227,9.72802563249016,0.073578977220351,0.211539559508509,0.01375,0.011,0.01375,0.01375,0,0,0,0
02/06/2012,0.0157465829698871,0.508204477706512,15.6081959939597,12.2420955159572,255.223053859939,0,2.04089444654706,8.16357778618825,0.474959178710694,0,508.333333333333,133.333333333333,5.44238519079217,18.3680500189236,0.199982812088713,0.574950584755051,0.01375,0.011,0.01375,0.01375,0,0,0,0
03/06/2012,0.0333247000402503,0.308385337326587,15.4885193321197,25.8297970617921,256.556738032057,0,3.96421289386443,15.8568515754577,1.0771123012255,0,508.333333333333,133.333333333333,10.5712343836385,35.6779160447798,0.453520968937054,1.30387278569403,0.01375,0.011,0.01375,0.01375,0,0,0,0
04/06/2012,0.0565902271726055,0.218354283297809,15.370030153683,31.951908735749,257.89310660215,0,5.05582699270721,20.2233079708289,1.45652941892444,0,508.333333333333,133.333333333333,13.4822053138859,45.5024429343649,0.613275544810291,1.76316719132959,0.01375,0.011,0.01375,0.01375,0,0,0,0
05/06/2012,0.0461596517727145,0.247292707381796,15.2527635339609,29.9840958980379,259.231763976763,0,4.96950560886433,19.8780224354573,1.45852127006524,0,508.333333333333,133.333333333333,13.2520149569715,44.725550479779,0.614114218974839,1.76557837955266,0.01375,0.011,0.01375,0.01375,0,0,0,0
06/06/2012,0.239237345954076,0.145124346929917,15.1367541863612,36.9315444087656,260.572313884907,0,6.36570677694026,25.4628271077611,2.01696887320037,0,508.333333333333,133.333333333333,16.9752180718407,57.2913609924624,0.849250051873838,2.44159389913728,0.01375,0.011,0.01375,0.01375,0,0,0,0
07/06/2012,0.189315117927052,0.173757379236262,15.0220364521127,34.9844982119341,261.914359495362,0,4.74227452891879,18.9690981156752,1.34962634961071,0,508.333333333333,133.333333333333,12.6460654104501,42.6804707602691,0.568263726151879,1.63375821268665,0.01375,0.011,0.01375,0.01375,0,0,0,0
08/06/2012,0.0452014622316283,0.363685989486182,14.908644290099,22.0693527149396,263.257503534148,0,3.98514918658456,15.9405967463383,1.18463717603963,0,508.333333333333,133.333333333333,10.6270644975588,35.8663426792611,0.49879460043774,1.4340344762585,0.01375,0.011,0.01375,0.01375,0,0,0,0
09/06/2012,0.0266619112309222,0.507631468002448,14.7966112668063,12.2810601758335,264.601348402127,0,2.3817512766233,9.52700510649321,0.632290877280391,0,508.333333333333,133.333333333333,6.35133673766214,21.4357614896097,0.26622773780227,0.765404746181526,0.01375,0.011,0.01375,0.01375,0,0,0,0
10/06/2012,0.0186140677646099,0.577010613501248,14.6859705463869,7.5632782819151,265.945496292702,0,1.35555816194432,5.42223264777729,0.276537486820692,0,508.333333333333,133.333333333333,3.61482176518486,12.2000234574989,0.116436836556081,0.334755905098733,0.01375,0.011,0.01375,0.01375,0,0,0,0
11/06/2012,0.0440261543534476,0.319741574578872,14.576754880842,25.0575729286367,267.289549309573,0,3.99598743604166,15.9839497441666,1.14294540286682,0,508.333333333333,133.333333333333,10.6559664961111,35.9638869243749,0.481240169628136,1.38356548768089,0.01375,0.011,0.01375,0.01375,0,0,0,0
12/06/2012,0.356226928503819,0.156806875176278,14.4689966003261,36.1371324880131,268.633109584525,0,5.9948225220153,23.9792900880612,1.87123544019892,0,508.333333333333,133.333333333333,15.9861933920408,53.9534026981377,0.787888606399546,2.26517974339869,0.01375,0.011,0.01375,0.01375,0,0,0,0
13/06/2012,0.299758910998911,0.198924043944667,14.3627276035769,33.2731650117627,269.975779395208,0,4.57695215138166,18.3078086055266,1.30898853343109,0,508.333333333333,133.333333333333,12.2052057370178,41.192569362435,0.551153066707826,1.584565066785,0.01375,0.011,0.01375,0.01375,0,0,0,0
14/06/2012,0.123887729063523,0.306749140252221,14.2579793484726,25.941058462849,271.317161282863,0,4.29130326532751,17.16521306131,1.28177031348998,0,508.333333333333,133.333333333333,11.4434753742067,38.6217293879476,0.539692763574728,1.55161669527734,0.01375,0.011,0.01375,0.01375,0,0,0,0
15/06/2012,0.0825187475060032,0.408916899188687,14.1547828427194,18.9936508551693,272.656858169988,0,3.01908149173324,12.076325966933,0.833639684642514,0,508.333333333333,133.333333333333,8.05088397795531,27.1717334255992,0.351006183007374,1.0091427761462,0.01375,0.011,0.01375,0.01375,0,0,0,0
16/06/2012,0.0557130410284721,0.544504848659684,14.0531686346731,9.77367029114149,273.994473477875,0,1.75224272871184,7.00897091484737,0.421697492591221,0,508.333333333333,133.333333333333,4.67264727656492,15.7701845584066,0.177556838985777,0.510475912084109,0.01375,0.011,0.01375,0.01375,0,0,0,0
17/06/2012,0.0702521564685266,0.41373406590211,13.9531668042954,18.6660835186565,275.329611244008,0,2.96301570711929,11.8520628284772,0.808390703537434,0,508.333333333333,133.333333333333,7.90137521898479,26.6671413640737,0.340375033068393,0.97857822007163,0.01375,0.011,0.01375,0.01375,0,0,0,0
18/06/2012,0.0749482797108051,0.367824047105769,13.8548069542502,21.7879647968077,276.661876239276,0,3.13839040430351,12.553561617214,0.837961707456824,0,508.333333333333,133.333333333333,8.36904107814269,28.2455136387316,0.352825982087084,1.01437469850037,0.01375,0.011,0.01375,0.01375,0,0,0,0
19/06/2012,0.0432116584275916,0.563462055493553,13.7581182011404,8.48458022643839,277.99087408497,0,1.49028396804127,5.96113587216509,0.332239870458235,0,508.333333333333,133.333333333333,3.97409058144339,13.4125557123715,0.139890471771888,0.402185106344179,0.01375,0.011,0.01375,0.01375,0,0,0,0
20/06/2012,0.0374124635086078,0.588442941406892,13.6631291668888,6.78587998433135,279.316211369524,0,1.14041819035006,4.56167276140023,0.209463439688282,0,508.333333333333,133.333333333333,3.04111517426682,10.2637637131505,0.0881951325003294,0.253561005938447,0.01375,0.011,0.01375,0.01375,0,0,0,0
21/06/2012,0.0308954749733798,0.599179780846473,13.5698679702651,6.05577490243985,280.637495764978,0,0.903604907006955,3.61441962802782,0.135843719362147,0,508.333333333333,133.333333333333,2.40961308535188,8.13244416306259,0.0571973555209041,0.164442397122599,0.01375,0.011,0.01375,0.01375,0,0,0,0
22/06/2012,0.028266619639486,0.599715295579622,13.4783622185626,6.01935990058572,281.954336143113,0,0.89852526994679,3.59410107978716,0.133998460630087,0,508.333333333333,133.333333333333,2.39606738652477,8.08672742952111,0.0564204044758261,0.162208662868,0.01375,0.011,0.01375,0.01375,0,0,0,0
23/06/2012,0.0251350092615249,0.6,13.3886389994256,6,283.266342691233,0,0.871745135264714,3.48698054105886,0.127353862955962,0,508.333333333333,133.333333333333,2.32465369403924,7.84570621738243,0.0536226791393523,0.154165202525638,0.01375,0.011,0.01375,0.01375,0,0,0,0
24/06/2012,0.0235805963886258,0.599965637661596,13.3007248728309,6.00233663901149,284.573127027558,0,0.893768951641044,3.57507580656418,0.13239793346807,0,508.333333333333,133.333333333333,2.38338387104278,8.0439205647694,0.0557464983023452,0.160271182619242,0.01375,0.011,0.01375,0.01375,0,0,0,0
25/06/2012,0.0213833649113139,0.599997491011807,13.2146458632257,6.00017061119709,285.874302316194,0,0.876142559709591,3.50457023883837,0.128282846862012,0,508.333333333333,133.333333333333,2.33638015922558,7.88528303738632,0.0540138302576892,0.155289761990856,0.01375,0.011,0.01375,0.01375,0,0,0,0
26/06/2012,0.0216527304464077,0.594824600411391,13.1304274518233,6.35192717202538,287.169483381644,0,1.02580698198365,4.10322792793459,0.167226548886696,0,508.333333333333,133.333333333333,2.73548528528973,9.23226283785284,0.0704111784786087,0.202432138126,0.01375,0.011,0.01375,0.01375,0,0,0,0
27/06/2012,0.0282549512051271,0.497780648726292,13.0480945690608,12.9509158866121,288.458286822828,0,2.11003790987758,8.44015163951031,0.499341054143089,0,508.333333333333,133.333333333333,5.62676775967354,18.9903411888982,0.210248864902353,0.604465486594266,0.01375,0.011,0.01375,0.01375,0,0,0,0
28/06/2012,0.0272390292550116,0.452118050003519,12.9676715872185,16.0559725997607,289.740331126578,0,2.29091643729345,9.1636657491738,0.546238167937982,0,508.333333333333,133.333333333333,6.1091104994492,20.618247935641,0.22999501807915,0.661235676977557,0.01375,0.011,0.01375,0.01375,0,0,0,0
29/06/2012,0.0156555757535969,0.6,12.8891823132057,6,291.015236780576,0,0.859496941154623,3.43798776461849,0.123350152193094,0,508.333333333333,133.333333333333,2.291991843079,7.73547247039161,0.0519369061865657,0.149318605286376,0.01375,0.011,0.01375,0.01375,0,0,0,0
30/06/2012,0.0147377264855329,0.6,12.8126499815131,6,292.282626385693,0,0.857142857142857,3.42857142857143,0.12258064516129,0,508.333333333333,133.333333333333,2.28571428571429,7.71428571428571,0.0516129032258065,0.148387096774194,0.01375,0.011,0.01375,0.01375,0,0,0,0
01/07/2012,0.0133929166523327,0.6,12.738097247335,6,293.542124767712,0,0.857142857142857,3.42857142857143,0.12258064516129,0,508.333333333333,133.333333333333,2.28571428571429,7.71428571428572,0.0516129032258065,0.148387096774194,0.01375,0.011,0.01375,0.01375,0,0,0,0
02/07/2012,0.0135020023458124,0.6,12.6655461798626,6,294.793359088383,0,0.857142857142857,3.42857142857143,0.12258064516129,0,508.333333333333,133.333333333333,2.28571428571429,7.71428571428572,0.0516129032258065,0.148387096774194,0.01375,0.011,0.01375,0.01375,0,0,0,0
03/07/2012,0.0128922128610228,0.6,12.5950182557516,6,296.035958955797,0,0.857142857142857,3.42857142857143,0.12258064516129,0,508.333333333333,133.333333333333,2.28571428571429,7.71428571428572,0.0516129032258064,0.148387096774194,0.01375,0.011,0.01375,0.01375,0,0,0,0
04/07/2012,0.0119207554049719,0.6,12.526534352764,6,297.269556534024,0,0.857142857142857,3.42857142857143,0.12258064516129,0,508.333333333333,133.333333333333,2.28571428571429,7.71428571428571,0.0516129032258065,0.148387096774194,0.01375,0.011,0.01375,0.01375,0,0,0,0
05/07/2012,0.0114390792370467,0.6,12.4601147435886,6,298.493786652004,0,0.857142857142857,3.42857142857143,0.12258064516129,0,508.333333333333,133.333333333333,2.28571428571429,7.71428571428572,0.0516129032258065,0.148387096774194,0.01375,0.011,0.01375,0.01375,0,0,0,0
06/07/2012,0.0160733599970291,0.517631105915805,12.3957790898389,11.6010847977252,299.708286911643,0,1.85267847527805,7.41071390111221,0.420123630825121,0,508.333333333333,133.333333333333,4.94047593407481,16.6741062775025,0.176894160347419,0.508570710998831,0.01375,0.011,0.01375,0.01375,0,0,0,0
07/07/2012,0.0183857677976942,0.462963893918834,12.3335464362339,15.3184552135193,300.91269779509,0,2.22888634513695,8.9155453805478,0.52683661193336,0,508.333333333333,133.333333333333,5.9436969203652,20.0599771062326,0.221825941866678,0.637749582866699,0.01375,0.011,0.01375,0.01375,0,0,0,0
08/07/2012,0.0121089631472722,0.6,12.2734352049594,6,302.106662771168,0,0.965802342435807,3.86320936974323,0.147623551101511,0,508.333333333333,133.333333333333,2.57547291316215,8.69222108192226,0.0621572846743203,0.178702193438671,0.01375,0.011,0.01375,0.01375,0,0,0,0
09/07/2012,0.0110584913787296,0.6,12.2154631902157,6,303.289828400906,0,0.886594166492908,3.54637666597163,0.128565800250824,0,508.333333333333,133.333333333333,2.36425111064775,7.97934749843617,0.0541329685266628,0.155632284514155,0.01375,0.011,0.01375,0.01375,0,0,0,0
10/07/2012,0.0103795228859144,0.6,12.1596475529492,6,304.461844442171,0,0.857142857142857,3.42857142857143,0.12258064516129,0,508.333333333333,133.333333333333,2.28571428571429,7.71428571428572,0.0516129032258065,0.148387096774194,0.01375,0.011,0.01375,0.01375,0,0,0,0
11/07/2012,0.0172415491639951,0.431650603633784,12.1060048157731,17.4477589529027,305.622363953343,0,2.73693790268062,10.9477516107225,0.697382505442027,0,508.333333333333,133.333333333333,7.29850107381498,24.6324411241256,0.293634739133485,0.844199875008769,0.01375,0.011,0.01375,0.01375,0,0,0,0
12/07/2012,0.024374404332597,0.365722096314172,12.0545508580758,21.9308974506363,306.771043396021,0,3.12989763186077,12.5195905274431,0.794294047640748,0,508.333333333333,133.333333333333,8.34639368496205,28.1690786867469,0.334439599006631,0.961513847144064,0.01375,0.011,0.01375,0.01375,0,0,0,0
13/07/2012,0.0113282026449342,0.548738253851949,12.0053009113207,9.48579873806744,307.907542736714,0,1.4295781637082,5.71831265483279,0.29302707993689,0,508.333333333333,133.333333333333,3.81220843655519,12.8662034733738,0.123379823131322,0.354716991502551,0.01375,0.011,0.01375,0.01375,0,0,0,0
14/07/2012,0.0104112590439538,0.496588661459408,11.9582695545372,13.0319710207602,309.031525547499,0,1.87566692388399,7.50266769553595,0.427833721484472,0,508.333333333333,133.333333333333,5.00177846369063,16.8810023149559,0.180140514309252,0.517903978639098,0.01375,0.011,0.01375,0.01375,0,0,0,0
15/07/2012,0.00781107283251878,0.6,11.9134707100049,6,310.142659105614,0,0.857142857142857,3.42857142857143,0.12258064516129,0,508.333333333333,133.333333333333,2.28571428571429,7.71428571428572,0.0516129032258065,0.148387096774194,0.01375,0.011,0.01375,0.01375,0,0,0,0
16/07/2012,0.00890018460910134,0.6,11.8709176391324,6,311.240614491947,0,0.857142857142857,3.42857142857143,0.12258064516129,0,508.333333333333,133.333333333333,2.28571428571429,7.71428571428572,0.0516129032258065,0.148387096774194,0.01375,0.011,0.01375,0.01375,0,0,0,0
17/07/2012,0.00814791468087414,0.6,11.8306229385318,6,312.325066688404,0,0.857142857142857,3.42857142857143,0.12258064516129,0,508.333333333333,133.333333333333,2.28571428571429,7.71428571428572,0.0516129032258065,0.148387096774194,0.01375,0.011,0.01375,0.01375,0,0,0,0
18/07/2012,0.00740344198329298,0.6,11.7925985362894,6,313.395694674121,0,0.857142857142857,3.42857142857143,0.12258064516129,0,508.333333333333,133.333333333333,2.28571428571429,7.71428571428572,0.0516129032258065,0.148387096774194,0.01375,0.011,0.01375,0.01375,0,0,0,0
19/07/2012,0.00782780774952882,0.6,11.7568556884352,6,314.452181520497,0,0.857142857142857,3.42857142857143,0.12258064516129,0,508.333333333333,133.333333333333,2.28571428571429,7.71428571428572,0.0516129032258065,0.148387096774194,0.01375,0.011,0.01375,0.01375,0,0,0,0
20/07/2012,0.00802137227053581,0.6,11.7234049756106,6,315.494214485005,0,0.857142857142857,3.42857142857143,0.12258064516129,0,508.333333333333,133.333333333333,2.28571428571429,7.71428571428572,0.0516129032258065,0.148387096774194,0.01375,0.011,0.01375,0.01375,0,0,0,0
21/07/2012,0.00861635692864036,0.594339374139558,11.6922562999366,6.38492255851003,316.521485103776,0,0.927497895665455,3.70999158266182,0.140650790924121,0,508.333333333333,133.333333333333,2.47332772177455,8.3474810609891,0.0592213856522616,0.170261483750252,0.01375,0.011,0.01375,0.01375,0,0,0,0
22/07/2012,0.00749147987675349,0.588531577814877,11.6634188820821,6.77985270858838,317.533689282906,0,0.935245792878206,3.74098317151282,0.143778679508981,0,508.333333333333,133.333333333333,2.49398878100855,8.41721213590385,0.0605383913722023,0.174047875195082,0.01375,0.011,0.01375,0.01375,0,0,0,0
23/07/2012,0.0107772848461561,0.52188585877732,11.6369012585347,11.3117616031422,318.530527388481,0,1.80130496364567,7.20521985458266,0.403977802284887,0,508.333333333333,133.333333333333,4.80347990305511,16.211744672811,0.170095916751532,0.489025760660653,0.01375,0.011,0.01375,0.01375,0,0,0,0
24/07/2012,0.0137871335416603,0.461309492513966,11.6127112790737,15.4309545090503,319.511704335266,0,2.31528060683489,9.26112242733954,0.550801069686345,0,508.333333333333,133.333333333333,6.17408161822636,20.837525461514,0.231916239867935,0.666759189620312,0.01375,0.011,0.01375,0.01375,0,0,0,0
25/07/2012,0.00806808630227215,0.54229719143073,11.5908561044464,9.92379098271035,320.476929674065,0,1.38138894783838,5.5255557913535,0.27650286691333,0,508.333333333333,133.333333333333,3.68370386090233,12.4325005305454,0.116422259752981,0.33471399678982,0.01375,0.011,0.01375,0.01375,0,0,0,0
26/07/2012,0.00890350335485632,0.520425165130516,11.5713422042482,11.4110887711249,321.425917677694,0,1.63497770506268,6.53991082025072,0.35491038604649,0,508.333333333333,133.333333333333,4.35994054683381,14.7147993455641,0.149435952019575,0.429628362056277,0.01375,0.011,0.01375,0.01375,0,0,0,0
27/07/2012,0.00760051947997968,0.537029909919536,11.5541753550077,10.2819661254715,322.358387425568,0,1.45453689505374,5.81814758021495,0.299581859162778,0,508.333333333333,133.333333333333,3.87876505347663,13.0908320554836,0.126139730173801,0.362651724249679,0.01375,0.011,0.01375,0.01375,0,0,0,0
28/07/2012,0.00922513081362022,0.468940387883254,11.5393606384765,14.9120536239387,323.274062886852,0,2.16165302543131,8.64661210172523,0.514709761332917,0,508.333333333333,133.333333333333,5.76440806781682,19.4548772288818,0.216719899508596,0.623069711087215,0.01375,0.011,0.01375,0.01375,0,0,0,0
29/07/2012,0.00588055731474129,0.6,11.5269024401251,6,324.172673002179,0,0.857142857142857,3.42857142857143,0.12258064516129,0,508.333333333333,133.333333333333,2.28571428571429,7.71428571428571,0.0516129032258065,0.148387096774194,0.01375,0.011,0.01375,0.01375,0,0,0,0
30/07/2012,0.00457799348003409,0.6,11.5168044478446,6,325.053951763886,0,0.857142857142857,3.42857142857143,0.12258064516129,0,508.333333333333,133.333333333333,2.28571428571429,7.71428571428572,0.0516129032258065,0.148387096774194,0.01375,0.011,0.01375,0.01375,0,0,0,0
31/07/2012,0.00591997654343848,0.6,11.5090696508551,6,325.917638294759,0,0.857142857142857,3.42857142857143,0.12258064516129,0,508.333333333333,133.333333333333,2.28571428571429,7.71428571428572,0.0516129032258065,0.148387096774194,0.01375,0.011,0.01375,0.01375,0,0,0,0
01/08/2012,0.00522880353939509,0.6,11.5037003388204,6,326.763476925256,0,0.857142857142857,3.42857142857143,0.12258064516129,0,508.333333333333,133.333333333333,2.28571428571429,7.71428571428572,0.0516129032258065,0.148387096774194,0.01375,0.011,0.01375,0.01375,0,0,0,0
02/08/2012,0.00477655514258229,0.6,11.500698101171,6,327.591217269194,0,0.857142857142857,3.42857142857143,0.12258064516129,0,508.333333333333,133.333333333333,2.28571428571429,7.71428571428572,0.0516129032258065,0.148387096774194,0.01375,0.011,0.01375,0.01375,0,0,0,0
03/08/2012,0.0048295880565999,0.6,11.5000638266329,6,328.400614297865,0,0.857142857142857,3.42857142857143,0.12258064516129,0,508.333333333333,133.333333333333,2.28571428571429,7.71428571428572,0.0516129032258065,0.148387096774194,0.01375,0.011,0.01375,0.01375,0,0,0,0
04/08/2012,0.00501776307030981,0.6,11.5017977029648,6,329.191428412574,0,0.857142857142857,3.42857142857143,0.12258064516129,0,508.333333333333,133.333333333333,2.28571428571429,7.71428571428572,0.0516129032258065,0.148387096774194,0.01375,0.011,0.01375,0.01375,0,0,0,0
05/08/2012,0.00290600324306245,0.6,11.5058992169025,6,329.963425515561,0,0.857142857142857,3.42857142857143,0.12258064516129,0,508.333333333333,133.333333333333,2.28571428571429,7.71428571428572,0.0516129032258065,0.148387096774194,0.01375,0.011,0.01375,0.01375,0,0,0,0
06/08/2012,0.00240950678589601,0.6,11.5123671543109,6,330.716377079302,0,0.857142857142857,3.42857142857143,0.12258064516129,0,508.333333333333,133.333333333333,2.28571428571429,7.71428571428572,0.0516129032258065,0.148387096774194,0.01375,0.011,0.01375,0.01375,0,0,0,0
07/08/2012,0.00376506032061584,0.6,11.5211996005432,6,331.450060214155,0,0.857142857142857,3.42857142857143,0.12258064516129,0,508.333333333333,133.333333333333,2.28571428571429,7.71428571428572,0.0516129032258065,0.148387096774194,0.01375,0.011,0.01375,0.01375,0,0,0,0
08/08/2012,0.00216180772494695,0.6,11.532393941008,6,332.164257734344,0,0.857142857142857,3.42857142857143,0.12258064516129,0,508.333333333333,133.333333333333,2.28571428571429,7.71428571428572,0.0516129032258065,0.148387096774194,0.01375,0.011,0.01375,0.01375,0,0,0,0
09/08/2012,0.00198864381979821,0.6,11.5459468619428,6,332.858758222246,0,0.857142857142857,3.42857142857143,0.12258064516129,0,508.333333333333,133.333333333333,2.28571428571429,7.71428571428572,0.0516129032258065,0.148387096774194,0.01375,0.011,0.01375,0.01375,0,0,0,0
10/08/2012,0.00174492759537775,0.6,11.5618543513956,6,333.53335609098,0,0.857142857142857,3.42857142857143,0.12258064516129,0,508.333333333333,133.333333333333,2.28571428571429,7.71428571428572,0.0516129032258065,0.148387096774194,0.01375,0.011,0.01375,0.01375,0,0,0,0
11/08/2012,0.00223365862393593,0.6,11.5801117004118,6,334.187851645262,0,0.857142857142857,3.42857142857143,0.12258064516129,0,508.333333333333,133.333333333333,2.28571428571429,7.71428571428572,0.0516129032258065,0.148387096774194,0.01375,0.011,0.01375,0.01375,0,0,0,0
12/08/2012,0.00341224725811498,0.6,11.6007135044287,6,334.822051140518,0,0.857142857142857,3.42857142857143,0.12258064516129,0,508.333333333333,133.333333333333,2.28571428571429,7.71428571428572,0.0516129032258065,0.148387096774194,0.01375,0.011,0.01375,0.01375,0,0,0,0
13/08/2012,0.0036061320335226,0.6,11.6236536648752,6,335.43576684024,0,0.857142857142857,3.42857142857143,0.12258064516129,0,508.333333333333,133.333333333333,2.28571428571429,7.71428571428572,0.0516129032258065,0.148387096774194,0.01375,0.011,0.01375,0.01375,0,0,0,0
14/08/2012,0.00330746775025261,0.6,11.6489253909769,6,336.028817071558,0,0.857142857142857,3.42857142857143,0.12258064516129,0,508.333333333333,133.333333333333,2.28571428571429,7.71428571428572,0.0516129032258065,0.148387096774194,0.01375,0.011,0.01375,0.01375,0,0,0,0
15/08/2012,0.00190007473275406,0.6,11.6765212017667,6,336.601026279017,0,0.857142857142857,3.42857142857143,0.12258064516129,0,508.333333333333,133.333333333333,2.28571428571429,7.71428571428572,0.0516129032258065,0.148387096774194,0.01375,0.011,0.01375,0.01375,0,0,0,0
16/08/2012,0.00234442597721906,0.6,11.706432928299,6,337.152225076551,0,0.857142857142857,3.42857142857143,0.12258064516129,0,508.333333333333,133.333333333333,2.28571428571429,7.71428571428572,0.0516129032258065,0.148387096774194,0.01375,0.011,0.01375,0.01375,0,0,0,0
17/08/2012,0,0,11.7386517160679,0,337.682250297619,0,0,0,0,0,508.333333333333,133.333333333333,0,0,0,0,0.01375,0.011,0.01375,0.01375,0,0,0,0
18/08/2012,0.000965154606726012,0.6,11.7731680276286,6,338.190945043506,0,0.857142857142857,3.42857142857143,0.12258064516129,0,508.333333333333,133.333333333333,2.28571428571429,7.71428571428572,0.0516129032258065,0.148387096774194,0.01375,0.011,0.01375,0.01375,0,0,0,0
19/08/2012,0.00128044829820526,0.6,11.8099716454204,6,338.678158729775,0,0.857142857142857,3.42857142857143,0.12258064516129,0,508.333333333333,133.333333333333,2.28571428571429,7.71428571428572,0.0516129032258065,0.148387096774194,0.01375,0.011,0.01375,0.01375,0,0,0,0
20/08/2012,0.00228540430048704,0.6,11.8490516747915,6,339.143747130835,0,0.857142857142857,3.42857142857143,0.12258064516129,0,508.333333333333,133.333333333333,2.28571428571429,7.71428571428572,0.0516129032258065,0.148387096774194,0.01375,0.011,0.01375,0.01375,0,0,0,0
21/08/2012,0.00125634538509782,0.6,11.8903965472238,6,339.587572422639,0,0.857142857142857,3.42857142857143,0.12258064516129,0,508.333333333333,133.333333333333,2.28571428571429,7.71428571428572,0.0516129032258065,0.148387096774194,0.01375,0.011,0.01375,0.01375,0,0,0,0
22/08/2012,0,0,11.9339940237578,0,340.009503223483,0,0,0,0,0,508.333333333333,133.333333333333,0,0,0,0,0.01375,0.011,0.01375,0.01375,0,0,0,0
23/08/2012,0,0,11.9798311986152,0,340.409414632895,0,0,0,0,0,508.333333333333,133.333333333333,0,0,0,0,0.01375,0.011,0.01375,0.01375,0,0,0,0
24/08/2012,0.00590722210376562,0.278340829238205,12.0278945030197,27.872823611802,340.787188268613,0,4.82912577925326,19.316503117013,1.37000909089406,0,508.333333333333,133.333333333333,12.8776687446754,43.4621320132793,0.576845933008027,1.65843205739808,0.01375,0.011,0.01375,0.01375,0,0,0,0
25/08/2012,0.0159818497055451,0.235010998529372,12.0781697092131,30.8192521000027,341.142712301624,0,4.63173260311969,18.5269304124788,1.26960227902296,0,508.333333333333,133.333333333333,12.3512869416525,41.6855934280772,0.534569380641248,1.53688696934359,0.01375,0.011,0.01375,0.01375,0,0,0,0
26/08/2012,0.000704288602663946,0.6,12.1306419346675,6,341.47588148927,0,0.857142857142857,3.42857142857143,0.12258064516129,0,508.333333333333,133.333333333333,2.28571428571429,7.71428571428572,0.0516129032258065,0.148387096774194,0.01375,0.011,0.01375,0.01375,0,0,0,0
27/08/2012,0.00109090329568417,0.6,12.1852956464909,6,341.7865972064,0,0.857142857142857,3.42857142857143,0.12258064516129,0,508.333333333333,133.333333333333,2.28571428571429,7.71428571428572,0.0516129032258065,0.148387096774194,0.01375,0.011,0.01375,0.01375,0,0,0,0
28/08/2012,0.000882923947732559,0.6,12.2421146660246,6,342.07476747457,0,0.857142857142857,3.42857142857143,0.12258064516129,0,508.333333333333,133.333333333333,2.28571428571429,7.71428571428572,0.0516129032258065,0.148387096774194,0.01375,0.011,0.01375,0.01375,0,0,0,0
29/08/2012,0,0,12.3010821736331,0,342.340306989265,0,0,0,0,0,508.333333333333,133.333333333333,0,0,0,0,0.01375,0.011,0.01375,0.01375,0,0,0,0
30/08/2012,0,0,12.362180713683,0,342.583137145153,0,0,0,0,0,508.333333333333,133.333333333333,0,0,0,0,0.01375,0.011,0.01375,0.01375,0,0,0,0
31/08/2012,0,0,12.4253921997097,0,342.803186059355,0,0,0,0,0,508.333333333333,133.333333333333,0,0,0,0,0.01375,0.011,0.01375,0.01375,0,0,0,0
01/09/2012,0.00182639143667348,0.519630420073037,12.4906979197721,11.4651314350335,343.000388592724,0,1.61978571224699,6.47914284898797,0.348341087418742,0,508.333333333333,133.333333333333,4.31942856599198,14.5780714102229,0.146669931544734,0.421676053191109,0.01375,0.011,0.01375,0.01375,0,0,0,0
02/09/2012,0.00264496301275624,0.390768181004968,12.5580785419912,20.2277636916622,343.174686369124,0,3.42136779015118,13.6854711606047,0.919462324879662,0,508.333333333333,133.333333333333,9.12364744040316,30.7923101113607,0.387142031528279,1.1130333406438,0.01375,0.011,0.01375,0.01375,0,0,0,0
03/09/2012,0,0,12.6275141202729,0,343.326027792715,0,0,0,0,0,508.333333333333,133.333333333333,0,0,0,0,0.01375,0.011,0.01375,0.01375,0,0,0,0
04/09/2012,0,0,12.6989841002127,0,343.454368063225,0,0,0,0,0,508.333333333333,133.333333333333,0,0,0,0,0.01375,0.011,0.01375,0.01375,0,0,0,0
05/09/2012,0,0,12.7724673251798,0,343.559669189209,0,0,0,0,0,508.333333333333,133.333333333333,0,0,0,0,0.01375,0.011,0.01375,0.01375,0,0,0,0
06/09/2012,0,0,12.8479420425803,0,343.6418999993,0,0,0,0,0,508.333333333333,133.333333333333,0,0,0,0,0.01375,0.011,0.01375,0.01375,0,0,0,0
07/09/2012,0,0,12.9253859102962,0,343.701036151433,0,0,0,0,0,508.333333333333,133.333333333333,0,0,0,0,0.01375,0.011,0.01375,0.01375,0,0,0,0
08/09/2012,0,0,13.0047760032994,0,343.737060140052,0,0,0,0,0,508.333333333333,133.333333333333,0,0,0,0,0.01375,0.011,0.01375,0.01375,0,0,0,0
09/09/2012,0,0,13.0860888204375,0,343.749961301293,0,0,0,0,0,508.333333333333,133.333333333333,0,0,0,0,0.01375,0.011,0.01375,0.01375,0,0,0,0
10/09/2012,0,0,13.1693002913912,0,343.739735816136,0,0,0,0,0,508.333333333333,133.333333333333,0,0,0,0,0.01375,0.011,0.01375,0.01375,0,0,0,0
11/09/2012,0,0,13.2543857837993,0,343.706386711544,0,0,0,0,0,508.333333333333,133.333333333333,0,0,0,0,0.01375,0.011,0.01375,0.01375,0,0,0,0
12/09/2012,0,0,13.3413201105505,0,343.649923859559,0,0,0,0,0,508.333333333333,133.333333333333,0,0,0,0,0.01375,0.011,0.01375,0.01375,0,0,0,0
13/09/2012,0,0,13.4300775372393,0,343.570363974383,0,0,0,0,0,508.333333333333,133.333333333333,0,0,0,0,0.01375,0.011,0.01375,0.01375,0,0,0,0
14/09/2012,0,0,13.5206317897838,0,343.46773060743,0,0,0,0,0,508.333333333333,133.333333333333,0,0,0,0,0.01375,0.011,0.01375,0.01375,0,0,0,0
15/09/2012,0,0,13.6129560622039,0,343.342054140356,0,0,0,0,0,508.333333333333,133.333333333333,0,0,0,0,0.01375,0.011,0.01375,0.01375,0,0,0,0
16/09/2012,0,0,13.7070230245555,0,343.193371776061,0,0,0,0,0,508.333333333333,133.333333333333,0,0,0,0,0.01375,0.011,0.01375,0.01375,0,0,0,0
17/09/2012,0.000382873778828527,0.6,13.8028048310218,6,343.021727527679,0,0.857142857142857,3.42857142857143,0.12258064516129,0,508.333333333333,133.333333333333,2.28571428571429,7.71428571428572,0.0516129032258065,0.148387096774194,0.01375,0.011,0.01375,0.01375,0,0,0,0
18/09/2012,0.0049563762405624,0.268766838871523,13.9002731281556,28.5238549567364,342.827172205552,0,5.05563887641002,20.2225555056401,1.44676652154996,0,508.333333333333,133.333333333333,13.4817036704267,45.5007498876902,0.60916485117893,1.75134894713942,0.01375,0.011,0.01375,0.01375,0,0,0,0
19/09/2012,0.0349503333990594,0.171072586677857,13.9993990632724,35.1670641059057,342.609763402183,0,5.34938081647678,21.3975232659071,1.50624194414562,0,508.333333333333,133.333333333333,14.2650155106048,48.1444273482911,0.634207134377105,1.82334551133418,0.01375,0.011,0.01375,0.01375,0,0,0,0
20/09/2012,0.0352060575531207,0.156739134013235,14.100153292992,36.1417388871,342.369565475191,0,5.18720250575811,20.7488100230324,1.4256994048702,0,508.333333333333,133.333333333333,13.832540015355,46.684822551823,0.600294486261138,1.72584664800077,0.01375,0.011,0.01375,0.01375,0,0,0,0
21/09/2012,0,0,14.2025059919243,0,342.10664952826,0,0,0,0,0,508.333333333333,133.333333333333,0,0,0,0,0.01375,0.011,0.01375,0.01375,0,0,0,0
22/09/2012,0,0,14.3064268614986,0,341.821093390089,0,0,0,0,0,508.333333333333,133.333333333333,0,0,0,0,0.01375,0.011,0.01375,0.01375,0,0,0,0
23/09/2012,0,0,14.4118851389321,0,341.512981591355,0,0,0,0,0,508.333333333333,133.333333333333,0,0,0,0,0.01375,0.011,0.01375,0.01375,0,0,0,0
24/09/2012,0,0,14.5188496063369,0,341.182405339689,0,0,0,0,0,508.333333333333,133.333333333333,0,0,0,0,0.01375,0.011,0.01375,0.01375,0,0,0,0
25/09/2012,0,0,14.6272885999607,0,340.829462492675,0,0,0,0,0,508.333333333333,133.333333333333,0,0,0,0,0.01375,0.011,0.01375,0.01375,0,0,0,0
26/09/2012,0,0,14.7371700195604,0,340.454257528887,0,0,0,0,0,508.333333333333,133.333333333333,0,0,0,0,0.01375,0.011,0.01375,0.01375,0,0,0,0
27/09/2012,0,0,14.8484613379039,0,340.056901516956,0,0,0,0,0,508.333333333333,133.333333333333,0,0,0,0,0.01375,0.011,0.01375,0.01375,0,0,0,0
28/09/2012,0,0,14.9611296103994,0,339.637512082693,0,0,0,0,0,508.333333333333,133.333333333333,0,0,0,0,0.01375,0.011,0.01375,0.01375,0,0,0,0
29/09/2012,0.00543658367956337,0.169421498109213,15.0751414848473,35.2793381285735,339.19621337427,0,6.96764209965035,27.8705683986014,2.08372979507519,0,508.333333333333,133.333333333333,18.5803789324009,62.7087788968531,0.87735991371587,2.52240975193313,0.01375,0.011,0.01375,0.01375,0,0,0,0
30/09/2012,0.0185447804619073,0.173626005076643,15.1904632113135,34.9934316547883,338.73313602547,0,5.29629996132141,21.1851998452856,1.47365534434226,0,508.333333333333,133.333333333333,14.1234665635238,47.6666996518927,0.620486460775689,1.78389857473011,0.01375,0.011,0.01375,0.01375,0,0,0,0
01/10/2012,0,0,15.3070606521197,0,338.248417117015,0,0,0,0,0,508.333333333333,133.333333333333,0,0,0,0,0.01375,0.011,0.01375,0.01375,0,0,0,0
02/10/2012,0,0,15.4248992919492,0,337.742200135988,0,0,0,0,0,508.333333333333,133.333333333333,0,0,0,0,0.01375,0.011,0.01375,0.01375,0,0,0,0
03/10/2012,0,0,15.5439442480639,0,337.214634933357,0,0,0,0,0,508.333333333333,133.333333333333,0,0,0,0,0.01375,0.011,0.01375,0.01375,0,0,0,0
04/10/2012,0,0,15.6641602806307,0,336.665877679617,0,0,0,0,0,508.333333333333,133.333333333333,0,0,0,0,0.01375,0.011,0.01375,0.01375,0,0,0,0
05/10/2012,0,0,15.7855118031529,0,336.096090818561,0,0,0,0,0,508.333333333333,133.333333333333,0,0,0,0,0.01375,0.011,0.01375,0.01375,0,0,0,0
06/10/2012,0,0,15.9079628930047,0,335.50544301919,0,0,0,0,0,508.333333333333,133.333333333333,0,0,0,0,0.01375,0.011,0.01375,0.01375,0,0,0,0
07/10/2012,0,0,16.0314773020651,0,334.894109125787,0,0,0,0,0,508.333333333333,133.333333333333,0,0,0,0,0.01375,0.011,0.01375,0.01375,0,0,0,0
08/10/2012,0.000512022859193501,0.175307560913887,16.1560184674478,34.8790858578557,334.262270106158,0,7.49736376359526,29.989455054381,2.24852541637416,0,508.333333333333,133.333333333333,19.992970036254,67.4762738723573,0.94674754373649,2.72189918824241,0.01375,0.011,0.01375,0.01375,0,0,0,0
09/10/2012,0,0,16.2815495223251,0,333.610112998059,0,0,0,0,0,508.333333333333,133.333333333333,0,0,0,0,0.01375,0.011,0.01375,0.01375,0,0,0,0
10/10/2012,0,0,16.408033306841,0,332.937830853834,0,0,0,0,0,508.333333333333,133.333333333333,0,0,0,0,0.01375,0.011,0.01375,0.01375,0,0,0,0
11/10/2012,0.00141455632296482,0.247439771136568,16.5354323791111,29.9740955627134,332.245622683264,0,6.18394492868152,24.7357797147261,1.83000852148021,0,508.333333333333,133.333333333333,16.4905198098174,55.6555043581337,0.770529903781142,2.21527347337078,0.01375,0.011,0.01375,0.01375,0,0,0,0
12/10/2012,0.0151534241647638,0.235246342819881,16.6637090263067,30.8032486882481,331.533693394657,0,4.7674918594354,19.0699674377416,1.31534942330771,0,508.333333333333,133.333333333333,12.7133116251611,42.9074267349186,0.553831336129561,1.59226509137249,0.01375,0.011,0.01375,0.01375,0,0,0,0
13/10/2012,0.017032016475342,0.166081799225705,16.792825275818,35.5064376526521,330.802253734189,0,5.64713679810881,22.5885471924353,1.60121501855977,0,508.333333333333,133.333333333333,15.0590314616235,50.8242311829793,0.674195797288326,1.93831291720394,0.01375,0.011,0.01375,0.01375,0,0,0,0
14/10/2012,0.0164182271253759,0.160665851519742,16.9227429064953,35.8747220966576,330.051520223521,0,5.59202461734933,22.3680984693973,1.57220000838169,0,508.333333333333,133.333333333333,14.9120656462649,50.328221556144,0.661978950897554,1.90318948383047,0.01375,0.011,0.01375,0.01375,0,0,0,0
15/10/2012,0,0,17.053423459963,0,329.281715095704,0,0,0,0,0,508.333333333333,133.333333333333,0,0,0,0,0.01375,0.011,0.01375,0.01375,0,0,0,0
16/10/2012,0,0,17.1848282520041,0,328.49306622939,0,0,0,0,0,508.333333333333,133.333333333333,0,0,0,0,0.01375,0.011,0.01375,0.01375,0,0,0,0
17/10/2012,0,0,17.3169183840117,0,327.685807081381,0,0,0,0,0,508.333333333333,133.333333333333,0,0,0,0,0.01375,0.011,0.01375,0.01375,0,0,0,0
18/10/2012,0,0,17.4496547545038,0,326.860176617513,0,0,0,0,0,508.333333333333,133.333333333333,0,0,0,0,0.01375,0.011,0.01375,0.01375,0,0,0,0
19/10/2012,0,0,17.5829980706979,0,326.016419241926,0,0,0,0,0,508.333333333333,133.333333333333,0,0,0,0,0.01375,0.011,0.01375,0.01375,0,0,0,0
20/10/2012,0,0,17.7169088601428,0,325.154784724706,0,0,0,0,0,508.333333333333,133.333333333333,0,0,0,0,0.01375,0.011,0.01375,0.01375,0,0,0,0
21/10/2012,0,0,17.8513474824032,0,324.275528127956,0,0,0,0,0,508.333333333333,133.333333333333,0,0,0,0,0.01375,0.011,0.01375,0.01375,0,0,0,0
22/10/2012,0,0,17.986274140794,0,323.378909730285,0,0,0,0,0,508.333333333333,133.333333333333,0,0,0,0,0.01375,0.011,0.01375,0.01375,0,0,0,0
23/10/2012,0,0,18.1216488941613,0,322.465194949768,0,0,0,0,0,508.333333333333,133.333333333333,0,0,0,0,0.01375,0.011,0.01375,0.01375,0,0,0,0
24/10/2012,0,0,18.2574316687051,0,321.534654265367,0,0,0,0,0,508.333333333333,133.333333333333,0,0,0,0,0.01375,0.011,0.01375,0.01375,0,0,0,0
25/10/2012,0,0,18.393582269843,0,320.587563136873,0,0,0,0,0,508.333333333333,133.333333333333,0,0,0,0,0.01375,0.011,0.01375,0.01375,0,0,0,0
26/10/2012,0,0,18.5300603941077,0,319.624201923357,0,0,0,0,0,508.333333333333,133.333333333333,0,0,0,0,0.01375,0.011,0.01375,0.01375,0,0,0,0
27/10/2012,0,0,18.6668256410784,0,318.644855800181,0,0,0,0,0,508.333333333333,133.333333333333,0,0,0,0,0.01375,0.011,0.01375,0.01375,0,0,0,0
28/10/2012,0,0,18.8038375253397,0,317.64981467458,0,0,0,0,0,508.333333333333,133.333333333333,0,0,0,0,0.01375,0.011,0.01375,0.01375,0,0,0,0
29/10/2012,0,0,18.9410554884664,0,316.639373099842,0,0,0,0,0,508.333333333333,133.333333333333,0,0,0,0,0.01375,0.011,0.01375,0.01375,0,0,0,0
30/10/2012,0,0,19.0784389110296,0,315.613830188116,0,0,0,0,0,508.333333333333,133.333333333333,0,0,0,0,0.01375,0.011,0.01375,0.01375,0,0,0,0
31/10/2012,0,0,19.2159471246209,0,314.573489521866,0,0,0,0,0,508.333333333333,133.333333333333,0,0,0,0,0.01375,0.011,0.01375,0.01375,0,0,0,0
01/11/2012,0,0,19.353539423891,0,313.518659064006,0,0,0,0,0,508.333333333333,133.333333333333,0,0,0,0,0.01375,0.011,0.01375,0.01375,0,0,0,0
02/11/2012,0,0,19.4911750785997,0,312.449651066735,0,0,0,0,0,508.333333333333,133.333333333333,0,0,0,0,0.01375,0.011,0.01375,0.01375,0,0,0,0
03/11/2012,0,0,19.6288133456723,0,311.366781979106,0,0,0,0,0,508.333333333333,133.333333333333,0,0,0,0,0.01375,0.011,0.01375,0.01375,0,0,0,0
04/11/2012,0.000183770779547265,0.168739203314766,19.7664134812612,35.3257341745959,310.270372353347,0,7.55366397158772,30.2146558863509,2.26623879364147,0,508.333333333333,133.333333333333,20.1431039242339,67.9829757442895,0.954205807849039,2.74334169756599,0.01375,0.011,0.01375,0.01375,0,0,0,0
05/11/2012,0,0,19.9039347528061,0,309.160746749974,0,0,0,0,0,508.333333333333,133.333333333333,0,0,0,0,0.01375,0.011,0.01375,0.01375,0,0,0,0
06/11/2012,0,0,20.0413364510926,0,308.038233641712,0,0,0,0,0,508.333333333333,133.333333333333,0,0,0,0,0.01375,0.011,0.01375,0.01375,0,0,0,0
07/11/2012,0,0,20.178577902302,0,306.903165316262,0,0,0,0,0,508.333333333333,133.333333333333,0,0,0,0,0.01375,0.011,0.01375,0.01375,0,0,0,0
08/11/2012,0.00111438713388075,0.13926493477187,20.3156184800527,37.3299844355128,305.755877777935,0,7.80630055909826,31.225202236393,2.34572424042167,0,508.333333333333,133.333333333333,20.8168014909287,70.2567050318843,0.98767336438807,2.8395609226157,0.01375,0.011,0.01375,0.01375,0,0,0,0
09/11/2012,0.017496180411709,0.141203483941788,20.4524176174254,37.1981630919584,304.596710648189,0,6.18474026263818,24.7389610505527,1.78332666064396,0,508.333333333333,133.333333333333,16.4926407003685,55.6626623637436,0.750874383429037,2.15876385235848,0.01375,0.011,0.01375,0.01375,0,0,0,0
10/11/2012,0.0292875497858289,0.133695932878808,20.5889348189725,37.708676564241,303.42600706509,0,5.5409842403108,22.1639369612432,1.5400994459519,0,508.333333333333,133.333333333333,14.7759579741621,49.8688581627972,0.648462924611327,1.86433090825756,0.01375,0.011,0.01375,0.01375,0,0,0,0
11/11/2012,0.00439774847804677,0.113686613684343,20.7251296727055,39.0693102694647,302.244113581744,0,8.02554331127706,32.1021732451082,2.41470319664481,0,508.333333333333,133.333333333333,21.4014488300722,72.2298898014936,1.01671713542939,2.9230617643595,0.01375,0.011,0.01375,0.01375,0,0,0,0
12/11/2012,0,0,20.8609618620575,0,301.051380063702,0,0,0,0,0,508.333333333333,133.333333333333,0,0,0,0,0.01375,0.011,0.01375,0.01375,0,0,0,0
13/11/2012,0,0,20.996391177818,0,299.848159585395,0,0,0,0,0,508.333333333333,133.333333333333,0,0,0,0,0.01375,0.011,0.01375,0.01375,0,0,0,0
14/11/2012,0,0,21.1313775300357,0,298.634808325618,0,0,0,0,0,508.333333333333,133.333333333333,0,0,0,0,0.01375,0.011,0.01375,0.01375,0,0,0,0
15/11/2012,0,0,21.2658809598859,0,297.411685462092,0,0,0,0,0,508.333333333333,133.333333333333,0,0,0,0,0.01375,0.011,0.01375,0.01375,0,0,0,0
16/11/2012,0.00368690081956387,0.197532784993476,21.399861651499,33.3677706204436,296.17915306514,0,6.50382399163975,26.015295966559,1.92939722122484,0,508.333333333333,133.333333333333,17.3435306443727,58.5344159247577,0.812377777357827,2.33558610990375,0.01375,0.011,0.01375,0.01375,0,0,0,0
17/11/2012,0.0176411833577823,0.143455713634425,21.5332799437473,37.0450114728591,294.937575990505,0,5.96462963465015,23.8585185386006,1.70393410218041,0,508.333333333333,133.333333333333,15.9056790257337,53.6816667118513,0.717445937760171,2.06265707106049,0.01375,0.011,0.01375,0.01375,0,0,0,0
18/11/2012,0.0131061724751142,0.12374304778544,21.666096341985,38.38547275059,293.68732177135,0,6.82223168546375,27.288926741855,1.99164831353576,0,508.333333333333,133.333333333333,18.1926178279033,61.4000851691738,0.838588763594002,2.41094269533276,0.01375,0.011,0.01375,0.01375,0,0,0,0
19/11/2012,0,0,21.7982715297398,0,292.428760509454,0,0,0,0,0,508.333333333333,133.333333333333,0,0,0,0,0.01375,0.011,0.01375,0.01375,0,0,0,0
20/11/2012,0.00045601505112604,0.154727541928874,21.9297663803513,36.2785271488366,291.162264765657,0,7.67376392632394,30.6950557052957,2.30402508047568,0,508.333333333333,133.333333333333,20.4633704701972,69.0638753369154,0.970115823358182,2.78908299215477,0.01375,0.011,0.01375,0.01375,0,0,0,0
21/11/2012,0.00212795847733349,0.121771651560619,22.0605419685534,38.5195276938779,289.888209449576,0,7.95624298662327,31.8249719464931,2.3928996751462,0,508.333333333333,133.333333333333,21.2166479643287,71.6061868796094,1.00753670532472,2.89666802780856,0.01375,0.011,0.01375,0.01375,0,0,0,0
22/11/2012,0,0,22.1905595819968,0,288.606971708621,0,0,0,0,0,508.333333333333,133.333333333333,0,0,0,0,0.01375,0.011,0.01375,0.01375,0,0,0,0
23/11/2012,0,0,22.3197807327088,0,287.31893081635,0,0,0,0,0,508.333333333333,133.333333333333,0,0,0,0,0.01375,0.011,0.01375,0.01375,0,0,0,0
24/11/2012,0,0,22.4481671684868,0,286.024468060202,0,0,0,0,0,508.333333333333,133.333333333333,0,0,0,0,0.01375,0.011,0.01375,0.01375,0,0,0,0
25/11/2012,0,0,22.5756808842214,0,284.723966628621,0,0,0,0,0,508.333333333333,133.333333333333,0,0,0,0,0.01375,0.011,0.01375,0.01375,0,0,0,0
26/11/2012,0,0,22.7022841331467,0,283.417811497628,0,0,0,0,0,508.333333333333,133.333333333333,0,0,0,0,0.01375,0.011,0.01375,0.01375,0,0,0,0
27/11/2012,0,0,22.8279394380145,0,282.10638931686,0,0,0,0,0,508.333333333333,133.333333333333,0,0,0,0,0.01375,0.011,0.01375,0.01375,0,0,0,0
28/11/2012,0.00854589592832105,0.191764169321856,22.9526096021881,33.7600364861138,280.79008829511,0,5.63183310834124,22.527332433365,1.60828825761681,0,508.333333333333,133.333333333333,15.0182216222433,50.6864979750712,0.67717400320708,1.94687525922035,0.01375,0.011,0.01375,0.01375,0,0,0,0
29/11/2012,0.00544212060254869,0.110538512929711,23.0762577206533,39.2833811207796,279.469298085414,0,8.05252703203105,32.2101081281242,2.42319291351859,0,508.333333333333,133.333333333333,21.4734054187495,72.4727432882794,1.02029175306046,2.93333879004881,0.01375,0.011,0.01375,0.01375,0,0,0,0
30/11/2012,0.00112718926928069,0.130182815969089,23.1988471909432,37.947568514102,278.144409669701,0,7.88414729169352,31.5365891667741,2.37021666403175,0,508.333333333333,133.333333333333,21.0243927778494,70.9573256252417,0.997985963802841,2.86920964593317,0.01375,0.011,0.01375,0.01375,0,0,0,0
01/12/2012,0.00113441668517211,0.13097256068701,23.3203417239731,37.8938658732833,276.815815243058,0,7.8773780512542,31.5095122050168,2.36808690085697,0,508.333333333333,133.333333333333,21.0063414700112,70.8964024612878,0.997089221413459,2.8666315115637,0.01375,0.011,0.01375,0.01375,0,0,0,0
02/12/2012,0.00502397187560346,0.111307208012087,23.4407053547832,39.2311098551781,275.483908097629,0,8.04593821703926,32.183752868157,2.42111991645773,0,508.333333333333,133.333333333333,21.455835245438,72.4134439533533,1.01941891219273,2.93082937255409,0.01375,0.011,0.01375,0.01375,0,0,0,0
03/12/2012,0.00186184746817294,0.126285056217609,23.5599024531845,38.2126161772026,274.149082506192,0,7.91755666099193,31.6702266439677,2.38072804194219,0,508.333333333333,133.333333333333,21.1134844293118,71.2580099489273,1.00241180713355,2.88193394550897,0.01375,0.011,0.01375,0.01375,0,0,0,0
04/12/2012,0.00129326022819451,0.121776885074035,23.6778977343065,38.5191718149656,272.811733605447,0,7.95619812793685,31.8247925117474,2.39288556154228,0,508.333333333333,133.333333333333,21.2165283411649,71.6057831514316,1.00753076275464,2.8966509429196,0.01375,0.011,0.01375,0.01375,0,0,0,0
05/12/2012,0,0,23.794656269042,0,271.472257279049,0,0,0,0,0,508.333333333333,133.333333333333,0,0,0,0,0.01375,0.011,0.01375,0.01375,0,0,0,0
06/12/2012,0,0,23.9101434943871,0,270.131050040415,0,0,0,0,0,508.333333333333,133.333333333333,0,0,0,0,0.01375,0.011,0.01375,0.01375,0,0,0,0
07/12/2012,0,0,24.0243252236724,0,268.788508915348,0,0,0,0,0,508.333333333333,133.333333333333,0,0,0,0,0.01375,0.011,0.01375,0.01375,0,0,0,0
08/12/2012,0,0,24.137167656683,0,267.445031324511,0,0,0,0,0,508.333333333333,133.333333333333,0,0,0,0,0.01375,0.011,0.01375,0.01375,0,0,0,0
09/12/2012,0,0,24.2486373896641,0,266.101014965779,0,0,0,0,0,508.333333333333,133.333333333333,0,0,0,0,0.01375,0.011,0.01375,0.01375,0,0,0,0
10/12/2012,0.000479236623926804,0.149984708454783,24.3587014252095,36.6010398250748,264.756857696517,0,7.71441678467329,30.8576671386932,2.31681543139291,0,508.333333333333,133.333333333333,20.5717780924621,69.4297510620596,0.975501234270698,2.80456604852826,0.01375,0.011,0.01375,0.01375,0,0,0,0
11/12/2012,0.004317320131405,0.147970286131691,24.4673271820289,36.7380205430451,263.412957415799,0,6.64508519354639,26.5803407741855,1.94022265267886,0,508.333333333333,133.333333333333,17.7202271827904,59.8057667419175,0.816935853759521,2.34869057955862,0.01375,0.011,0.01375,0.01375,0,0,0,0
12/12/2012,0.00436672165087484,0.118650896881258,24.5744825045931,38.7317390120744,262.069711946626,0,8.01447211369839,32.0578884547936,2.41932344611601,0,508.333333333333,133.333333333333,21.371925636529,72.1302490232855,1.01866250362779,2.9286546979299,0.01375,0.011,0.01375,0.01375,0,0,0,0
13/12/2012,0.00732529933613839,0.10733487903344,24.680135672653,39.5012282257261,260.727518918163,0,8.07998675114194,32.3199470045678,2.43183239073563,0,508.333333333333,133.333333333333,21.5466313363785,72.7198807602775,1.02392942767816,2.94379710457471,0.01375,0.011,0.01375,0.01375,0,0,0,0
14/12/2012,0,0,24.7842554106286,0,259.386775648026,0,0,0,0,0,508.333333333333,133.333333333333,0,0,0,0,0.01375,0.011,0.01375,0.01375,0,0,0,0
15/12/2012,0,0,24.8868108968681,0,258.047879024676,0,0,0,0,0,508.333333333333,133.333333333333,0,0,0,0,0.01375,0.011,0.01375,0.01375,0,0,0,0
16/12/2012,0,0,24.9877717727713,0,256.711225389925,0,0,0,0,0,508.333333333333,133.333333333333,0,0,0,0,0.01375,0.011,0.01375,0.01375,0,0,0,0
17/12/2012,0,0,25.0871081517765,0,255.377210421614,0,0,0,0,0,508.333333333333,133.333333333333,0,0,0,0,0.01375,0.011,0.01375,0.01375,0,0,0,0
18/12/2012,0,0,25.1847906282074,0,254.046229016481,0,0,0,0,0,508.333333333333,133.333333333333,0,0,0,0,0.01375,0.011,0.01375,0.01375,0,0,0,0
19/12/2012,0,0,25.2807902859783,0,252.718675173266,0,0,0,0,0,508.333333333333,133.333333333333,0,0,0,0,0.01375,0.011,0.01375,0.01375,0,0,0,0
20/12/2012,0,0,25.3750787071532,0,251.394941876079,0,0,0,0,0,508.333333333333,133.333333333333,0,0,0,0,0.01375,0.011,0.01375,0.01375,0,0,0,0
21/12/2012,0,0,25.4676279803587,0,250.075420978066,0,0,0,0,0,508.333333333333,133.333333333333,0,0,0,0,0.01375,0.011,0.01375,0.01375,0,0,0,0
22/12/2012,0,0,25.5584107090458,0,248.760503085413,0,0,0,0,0,508.333333333333,133.333333333333,0,0,0,0,0.01375,0.011,0.01375,0.01375,0,0,0,0
23/12/2012,0,0,25.6474000196006,0,247.45057744172,0,0,0,0,0,508.333333333333,133.333333333333,0,0,0,0,0.01375,0.011,0.01375,0.01375,0,0,0,0
24/12/2012,0,0,25.7345695692986,0,246.146031812774,0,0,0,0,0,508.333333333333,133.333333333333,0,0,0,0,0.01375,0.011,0.01375,0.01375,0,0,0,0
25/12/2012,0.00823618942880621,0.130900965660398,25.8198935541034,37.8987343350929,244.847252371766,0,7.5721007694093,30.2884030776372,2.28815181975517,0,508.333333333333,133.333333333333,20.1922687184248,68.1489069246837,0.963432345160073,2.76986799233521,0.01375,0.011,0.01375,0.01375,0,0,0,0
26/12/2012,0.0675449602789106,0.119585960078103,25.9033467163048,38.668154714689,243.55462358497,0,5.71440139304204,22.8576055721682,1.61712813446541,0,508.333333333333,133.333333333333,15.2384037147788,51.4296125373784,0.680896056617015,1.95757616277392,0.01375,0.011,0.01375,0.01375,0,0,0,0
27/12/2012,0.0537143296002882,0.111904994926187,25.984904351996,39.1904603450193,242.268528097937,0,5.57005320363183,22.2802128145273,1.53813873286995,0,508.333333333333,133.333333333333,14.8534752096849,50.1304788326864,0.647637361208402,1.86195741347416,0.01375,0.011,0.01375,0.01375,0,0,0,0
28/12/2012,0,0,26.0645423183859,0,240.989346622224,0,0,0,0,0,508.333333333333,133.333333333333,0,0,0,0,0.01375,0.011,0.01375,0.01375,0,0,0,0
29/12/2012,0,0,26.1422370409468,0,239.717457822691,0,0,0,0,0,508.333333333333,133.333333333333,0,0,0,0,0.01375,0.011,0.01375,0.01375,0,0,0,0
30/12/2012,0,0,26.2179655203918,0,238.453238205414,0,0,0,0,0,508.333333333333,133.333333333333,0,0,0,0,0.01375,0.011,0.01375,0.01375,0,0,0,0
31/12/2012,0,0,26.2917053394842,0,237.197062006227,0,0,0,0,0,508.333333333333,133.333333333333,0,0,0,0,0.01375,0.011,0.01375,0.01375,0,0,0,0
01/01/2013,0,0,26.3051371179797,0,236.96541410873,0,0,0,0,0,508.333333333333,133.333333333333,0,0,0,0,0.01375,0.011,0.01375,0.01375,0,0,0,0
02/01/2013,0,0,26.3764918925008,0,235.719251726306,0,0,0,0,0,508.333333333333,133.333333333333,0,0,0,0,0.01375,0.011,0.01375,0.01375,0,0,0,0
03/01/2013,0,0,26.4458110794992,0,234.481942079986,0,0,0,0,0,508.333333333333,133.333333333333,0,0,0,0,0.01375,0.011,0.01375,0.01375,0,0,0,0
04/01/2013,0,0,26.5130741590243,0,233.253851439682,0,0,0,0,0,508.333333333333,133.333333333333,0,0,0,0,0.01375,0.011,0.01375,0.01375,0,0,0,0
05/01/2013,0,0,26.5782612197774,0,232.035343346284,0,0,0,0,0,508.333333333333,133.333333333333,0,0,0,0,0.01375,0.011,0.01375,0.01375,0,0,0,0
06/01/2013,0,0,26.6413529650052,0,230.826778504046,0,0,0,0,0,508.333333333333,133.333333333333,0,0,0,0,0.01375,0.011,0.01375,0.01375,0,0,0,0
07/01/2013,0,0,26.7023307182122,0,229.628514673805,0,0,0,0,0,508.333333333333,133.333333333333,0,0,0,0,0.01375,0.011,0.01375,0.01375,0,0,0,0
08/01/2013,0,0,26.7611764286895,0,228.440906567085,0,0,0,0,0,508.333333333333,133.333333333333,0,0,0,0,0.01375,0.011,0.01375,0.01375,0,0,0,0
09/01/2013,0,0,26.817872676858,0,227.264305741087,0,0,0,0,0,508.333333333333,133.333333333333,0,0,0,0,0.01375,0.011,0.01375,0.01375,0,0,0,0
10/01/2013,0,0,26.8724026794253,0,226.099060494622,0,0,0,0,0,508.333333333333,133.333333333333,0,0,0,0,0.01375,0.011,0.01375,0.01375,0,0,0,0
11/01/2013,0,0,26.9247502943533,0,224.945515765012,0,0,0,0,0,508.333333333333,133.333333333333,0,0,0,0,0.01375,0.011,0.01375,0.01375,0,0,0,0
12/01/2013,0,0,26.9749000256372,0,223.804013025974,0,0,0,0,0,508.333333333333,133.333333333333,0,0,0,0,0.01375,0.011,0.01375,0.01375,0,0,0,0
13/01/2013,0,0,27.0228370278924,0,222.674890186543,0,0,0,0,0,508.333333333333,133.333333333333,0,0,0,0,0.01375,0.011,0.01375,0.01375,0,0,0,0
14/01/2013,0.0035387188603913,0.124754532552282,27.0685471107489,38.3166917864448,221.55848149104,0,8.00548063283669,32.0219225313468,2.42764730910366,0,508.333333333333,133.333333333333,21.3479483542312,72.0493256955302,1.02216728804365,2.93873095312548,0.01375,0.011,0.01375,0.01375,0,0,0,0
15/01/2013,0.0115471947943548,0.113929362420289,27.1120167430522,39.0528033554204,220.45511742013,0,6.99018686000743,27.9607474400297,2.04641984104962,0,508.333333333333,133.333333333333,18.6404982933532,62.9116817400669,0.861650459389314,2.47724507074428,0.01375,0.011,0.01375,0.01375,0,0,0,0
16/01/2013,0,0,27.1532330568687,0,219.365124592991,0,0,0,0,0,508.333333333333,133.333333333333,0,0,0,0,0.01375,0.011,0.01375,0.01375,0,0,0,0
17/01/2013,0,0,27.1921838512949,0,218.28882567063,0,0,0,0,0,508.333333333333,133.333333333333,0,0,0,0,0.01375,0.011,0.01375,0.01375,0,0,0,0
18/01/2013,0,0,27.2288575960691,0,217.226539260369,0,0,0,0,0,508.333333333333,133.333333333333,0,0,0,0,0.01375,0.011,0.01375,0.01375,0,0,0,0
19/01/2013,0,0,27.2632434349846,0,216.178579821526,0,0,0,0,0,508.333333333333,133.333333333333,0,0,0,0,0.01375,0.011,0.01375,0.01375,0,0,0,0
20/01/2013,0.00430309707944693,0.140908717493144,27.2953311891033,37.2182072104662,215.145257572335,0,7.88435278820824,31.537411152833,2.40038069027034,0,508.333333333333,133.333333333333,21.0249407685553,70.9591750938742,1.01068660642962,2.90572399348515,0.01375,0.011,0.01375,0.01375,0,0,0,0
21/01/2013,0.00687389100080569,0.106575838450883,27.3251113597692,39.5528429853399,214.126878398107,0,8.08649281327814,32.3459712531126,2.43387935179052,0,508.333333333333,133.333333333333,21.5639808354084,72.7784353195033,1.02479130601706,2.94627500479905,0.01375,0.011,0.01375,0.01375,0,0,0,0
22/01/2013,2.29795188481824e-05,0.149885791577354,27.3525751314198,36.6077661727399,213.12374376069,0,7.71526464362268,30.8610585744907,2.31708218787526,0,508.333333333333,133.333333333333,20.5740390496605,69.4373817926041,0.975613552789585,2.80488896427006,0.01375,0.011,0.01375,0.01375,0,0,0,0
23/01/2013,0,0,27.3777143741959,0,212.136150609223,0,0,0,0,0,508.333333333333,133.333333333333,0,0,0,0,0.01375,0.011,0.01375,0.01375,0,0,0,0
24/01/2013,0.000414976056204831,0.140847836476495,27.4005216463481,37.2223471195983,211.164391292236,0,7.79273283020147,31.1709313208059,2.34145551195371,0,508.333333333333,133.333333333333,20.7806208805373,70.1345954718133,0.985876005033141,2.83439351447028,0.01375,0.011,0.01375,0.01375,0,0,0,0
25/01/2013,0,0,27.4209901964399,0,210.208753471109,0,0,0,0,0,508.333333333333,133.333333333333,0,0,0,0,0.01375,0.011,0.01375,0.01375,0,0,0,0
26/01/2013,0,0,27.4391139653462,0,209.269520034914,0,0,0,0,0,508.333333333333,133.333333333333,0,0,0,0,0.01375,0.011,0.01375,0.01375,0,0,0,0
27/01/2013,0.00760782383070733,0.158562254003643,27.4548875880467,36.0177667277523,208.346969016682,0,6.7163216591862,26.8652866367448,1.9955652976092,0,508.333333333333,133.333333333333,17.9101910911632,60.4468949326758,0.84023802004598,2.41568430763219,0.01375,0.011,0.01375,0.01375,0,0,0,0
28/01/2013,0.0349984898910113,0.119691965438109,27.4683063952143,38.6609463502086,207.441373511089,0,5.82544017349431,23.3017606939773,1.64613974939367,0,508.333333333333,133.333333333333,15.5345071293182,52.4289615614488,0.693111473428915,1.99269548610813,0.01375,0.011,0.01375,0.01375,0,0,0,0
29/01/2013,0.986284533776209,0.118859382857571,27.4793664145975,38.7175619656852,206.553001593623,0,7.03412909463086,28.1365163785234,2.26917524303992,0,508.333333333333,133.333333333333,18.7576775856823,63.3071618516778,0.955442207595757,2.7468963468378,0.01375,0.011,0.01375,0.01375,0,0,0,0
30/01/2013,0.582389070981707,0.157802589145168,27.4880643721958,36.0694239381286,205.682116241223,0,5.70584564802408,22.8233825920963,1.72233924584367,0,508.333333333333,133.333333333333,15.2155883947309,51.3526108322167,0.725195471934177,2.08493698181076,0.01375,0.011,0.01375,0.01375,0,0,0,0
31/01/2013,0.0938555539466392,0.346647634976407,27.4943976932292,23.2279608216043,204.828975254433,0,4.41747396463681,17.6698958585472,1.37696828413072,0,508.333333333333,133.333333333333,11.7799305723648,39.7572656817313,0.579776119633987,1.66685634394771,0.01375,0.011,0.01375,0.01375,0,0,0,0
01/02/2013,0.0438181658588178,0.561138776592567,27.4983645029001,8.64256319170545,203.993831181091,0,1.45247654968332,5.8099061987333,0.324006760440655,0,508.333333333333,133.333333333333,3.87327079915553,13.0722889471499,0.136423899132907,0.392218710007108,0.01375,0.011,0.01375,0.01375,0,0,0,0
02/02/2013,0.26330127352648,0.199471879635194,27.4999636269489,33.2359121848068,203.176931241564,0,5.82090414048753,23.2836165619501,1.82678244072353,0,508.333333333333,133.333333333333,15.5224110413001,52.3881372643878,0.769171553988853,2.21136821771795,0.01375,0.011,0.01375,0.01375,0,0,0,0
03/02/2013,0.210081537175969,0.228557976665603,27.4991945920008,31.258057586739,202.37851725557,0,4.5163529959733,18.0654119838932,1.28088897062174,0,508.333333333333,133.333333333333,12.0436079892621,40.6471769637597,0.539321671840733,1.55054980654211,0.01375,0.011,0.01375,0.01375,0,0,0,0
04/02/2013,0.0491904473262248,0.492300807322232,27.4960576257065,13.3235451020882,201.59882557059,0,2.06155252623563,8.24621010494252,0.503620475807027,0,508.333333333333,133.333333333333,5.49747340329501,18.5539727361207,0.21205072665559,0.609645839134823,0.01375,0.011,0.01375,0.01375,0,0,0,0
05/02/2013,0.0314563757952549,0.6,27.4905536566747,6,200.838086991908,0,0.857142857142857,3.42857142857143,0.12258064516129,0,508.333333333333,133.333333333333,2.28571428571429,7.71428571428572,0.0516129032258065,0.148387096774194,0.01375,0.011,0.01375,0.01375,0,0,0,0
06/02/2013,0.023282017585969,0.6,27.4826843141968,6,200.096526714289,0,0.857142857142857,3.42857142857143,0.12258064516129,0,508.333333333333,133.333333333333,2.28571428571429,7.71428571428572,0.0516129032258065,0.148387096774194,0.01375,0.011,0.01375,0.01375,0,0,0,0
07/02/2013,0.0186152188601555,0.6,27.4724519277653,6,199.374364255309,0,0.857142857142857,3.42857142857143,0.12258064516129,0,508.333333333333,133.333333333333,2.28571428571429,7.71428571428572,0.0516129032258065,0.148387096774194,0.01375,0.011,0.01375,0.01375,0,0,0,0
08/02/2013,0.0132259119956952,0.6,27.4598595263838,6,198.671813390382,0,0.857142857142857,3.42857142857143,0.12258064516129,0,508.333333333333,133.333333333333,2.28571428571429,7.71428571428572,0.0516129032258065,0.148387096774194,0.01375,0.011,0.01375,0.01375,0,0,0,0
09/02/2013,0.0146395341294019,0.6,27.4449108376702,6,197.989082089472,0,0.857142857142857,3.42857142857143,0.12258064516129,0,508.333333333333,133.333333333333,2.28571428571429,7.71428571428572,0.0516129032258065,0.148387096774194,0.01375,0.011,0.01375,0.01375,0,0,0,0
10/02/2013,0.00954230500018077,0.6,27.4276102867536,6,197.326372455532,0,0.857142857142857,3.42857142857143,0.12258064516129,0,508.333333333333,133.333333333333,2.28571428571429,7.71428571428572,0.0516129032258065,0.148387096774194,0.01375,0.011,0.01375,0.01375,0,0,0,0
11/02/2013,0.0239278813020457,0.426793995962265,27.4079629949642,17.778008274566,196.683880664676,0,2.67294108389331,10.6917643355732,0.677398926254681,0,508.333333333333,133.333333333333,7.12784289038215,24.0564697550398,0.285220600528287,0.820009226518825,0.01375,0.011,0.01375,0.01375,0,0,0,0
12/02/2013,0.0343258892449451,0.316537031845511,27.3859747783173,25.2754818345052,196.061796908109,0,3.53720985657859,14.1488394263143,0.924399250654428,0,508.333333333333,133.333333333333,9.43255961754289,31.8348887092073,0.389220737117654,1.11900961921325,0.01375,0.011,0.01375,0.01375,0,0,0,0
13/02/2013,0.0176567021006286,0.372621890922406,27.3616521457917,21.4617114172764,195.460305335824,0,3.04956458372839,12.1982583349136,0.780470313838142,0,508.333333333333,133.333333333333,8.13217222327572,27.4460812535556,0.328619079510797,0.94477985359354,0.01375,0.011,0.01375,0.01375,0,0,0,0
14/02/2013,0.0136637858589882,0.387175941916953,27.3350022974027,20.4720359496472,194.87958400209,0,2.99658097338147,11.9863238935259,0.769446553788809,0,508.333333333333,133.333333333333,7.99088259568392,26.9692287604332,0.32397749633213,0.931435301954874,0.01375,0.011,0.01375,0.01375,0,0,0,0
15/02/2013,0.00551261181479127,0.574052928095192,27.3060331220709,7.76440088952696,194.319804812745,0,0.96834459387775,3.873378375511,0.148025515674393,0,508.333333333333,133.333333333333,2.58225225034067,8.71510134489975,0.0623265329155337,0.179188782132159,0.01375,0.011,0.01375,0.01375,0,0,0,0
16/02/2013,0.00687432700732481,0.550837399633243,27.274753195287,9.34305682493947,193.781133474307,0,1.17138411980591,4.68553647922366,0.207531317484153,0,508.333333333333,133.333333333333,3.12369098614911,10.5424570782532,0.0873816073617486,0.251222121165027,0.01375,0.011,0.01375,0.01375,0,0,0,0
17/02/2013,0.00281176330112439,0.392258795090763,27.2411717765731,20.1264019338281,193.263729444924,0,3.36807237232471,13.4722894892988,0.904043714134411,0,508.333333333333,133.333333333333,8.98152632619922,30.3126513509224,0.380649984898699,1.09436870658376,0.01375,0.011,0.01375,0.01375,0,0,0,0
18/02/2013,0.00174342286048432,0.587158061354265,27.2052988067417,6.87325182791,192.767745887169,0,0.912179737053151,3.6487189482126,0.135174030155818,0,508.333333333333,133.333333333333,2.4324792988084,8.20961763347836,0.0569153811182391,0.163631720714937,0.01375,0.011,0.01375,0.01375,0,0,0,0
19/02/2013,0,0,27.1671449049533,0,192.293329622699,0,0,0,0,0,508.333333333333,133.333333333333,0,0,0,0,0.01375,0.011,0.01375,0.01375,0,0,0,0
20/02/2013,0,0,27.1267213655722,0,191.840621088795,0,0,0,0,0,508.333333333333,133.333333333333,0,0,0,0,0.01375,0.011,0.01375,0.01375,0,0,0,0
21/02/2013,0.0032126527040593,0.409021668157939,27.0840401548241,18.9865265652601,191.409754296791,0,2.88130970557994,11.5252388223198,0.739504710891321,0,508.333333333333,133.333333333333,7.68349254821318,25.9317873502195,0.311370404585819,0.895189913184231,0.01375,0.011,0.01375,0.01375,0,0,0,0
22/02/2013,0.0120639269788772,0.213129069233569,27.0391139072529,32.3072232921173,191.000856792401,0,5.30460902934539,21.2184361173815,1.49984168821836,0,508.333333333333,133.333333333333,14.1456240782544,47.7414812641085,0.631512289776152,1.81559783310644,0.01375,0.011,0.01375,0.01375,0,0,0,0
23/02/2013,0.26462412528943,0.136010588214771,26.9919559219814,37.5512800013956,190.614049617962,0,6.50074315843066,26.0029726337226,2.04438635229414,0,508.333333333333,133.333333333333,17.3353150891484,58.5066884258759,0.860794253597531,2.4747834790929,0.01375,0.011,0.01375,0.01375,0,0,0,0
24/02/2013,1.05961759827426,0.126881623025989,26.9425801587739,38.1720496342327,190.249447276606,0,6.50515661075065,26.0206264430026,2.05471389132244,0,508.333333333333,133.333333333333,17.3470842953351,58.5464094967558,0.865142691083134,2.48728523686401,0.01375,0.011,0.01375,0.01375,0,0,0,0
25/02/2013,0.671991146524684,0.159859887738128,26.891001233904,35.9295276338073,189.907157698364,0,5.22761261998139,20.9104504799255,1.54119654493193,0,508.333333333333,133.333333333333,13.9403003199504,47.0485135798325,0.648924861023972,1.86565897544392,0.01375,0.011,0.01375,0.01375,0,0,0,0
26/02/2013,0.140683491041415,0.319957113575782,26.8372344158281,25.0429162768469,189.587282208215,0,4.66892264549677,18.6756905819871,1.45490955792341,0,508.333333333333,133.333333333333,12.4504603879914,42.0203038094709,0.612593498073013,1.76120630695991,0.01375,0.011,0.01375,0.01375,0,0,0,0
27/02/2013,0.0610003962504435,0.511436519229941,26.7812956206654,12.022316692364,189.28991549609,0,2.18559031697535,8.74236126790139,0.58037365218213,0,508.333333333333,133.333333333333,5.8282408452676,19.6703128527781,0.244367853550371,0.702557578957315,0.01375,0.011,0.01375,0.01375,0,0,0,0
28/02/2013,0.0423956008456982,0.595948096115738,26.7232014074861,6.27552946412983,189.015145588848,0,0.930822349251346,3.72328939700538,0.14627066859613,0,508.333333333333,133.333333333333,2.48219293133692,8.37740114326212,0.0615876499352126,0.177064493563736,0.01375,0.011,0.01375,0.01375,0,0,0,0
01/03/2013,0.476845792938258,0.164816630200387,26.6629689734102,35.5924691463737,188.763053824211,0,6.11418367129045,24.4567346851618,1.92638232140647,0,508.333333333333,133.333333333333,16.3044897901079,55.0276530416141,0.811108345855357,2.33193649433415,0.01375,0.011,0.01375,0.01375,0,0,0,0
02/03/2013,0.710436359390642,0.157503065278872,26.6006161485163,36.0897915610367,188.533714826692,0,5.56245129994937,22.2498051997975,1.68362969626888,0,508.333333333333,133.333333333333,14.8332034665317,50.0620616995443,0.708896714218476,2.03807805337812,0.01375,0.011,0.01375,0.01375,0,0,0,0
03/03/2013,0.963971241819289,0.152234657207041,26.5361613905638,36.4480433099212,188.327196485501,0,5.91416661461855,23.6566664584742,1.83532772125902,0,508.333333333333,133.333333333333,15.7711109723161,53.2274995315669,0.772769566845903,2.22171250468197,0.01375,0.011,0.01375,0.01375,0,0,0,0
04/03/2013,0.793134103806265,0.169875582195683,26.4696237795288,35.2484604106936,188.143559934448,0,5.18739776939349,20.749591077574,1.54208272771204,0,508.333333333333,133.333333333333,13.8330607183826,46.6865799245414,0.649297990615597,1.86673172301984,0.01375,0.011,0.01375,0.01375,0,0,0,0
05/03/2013,0.283482058160208,0.275647916717733,26.4010230119562,28.0559416631942,187.98285953385,0,4.40588422195912,17.6235368878365,1.30360938077013,0,508.333333333333,133.333333333333,11.749024591891,39.6529579976321,0.548888160324264,1.57805346093226,0.01375,0.011,0.01375,0.01375,0,0,0,0
06/03/2013,0.111820729179397,0.45924182442007,26.3303793951287,15.5715559394352,187.845142854435,0,2.91786883390062,11.6714753356025,0.840322542854616,0,508.333333333333,133.333333333333,7.78098355706831,26.2608195051056,0.353820018044049,1.01723255187664,0.01375,0.011,0.01375,0.01375,0,0,0,0
07/03/2013,0.0713350293305216,0.564253750102434,26.2577138410562,8.43074499303453,187.730450663264,0,1.45401134670193,5.8160453868077,0.323068503400041,0,508.333333333333,133.333333333333,3.87736359120514,13.0861021203173,0.136028843536859,0.39108292516847,0.01375,0.011,0.01375,0.01375,0,0,0,0
08/03/2013,0.058311276173562,0.596130663411045,26.1830478602847,6.26311488804889,187.638816911658,0,0.96298650914603,3.85194603658412,0.155858823980363,0,508.333333333333,133.333333333333,2.56796402438941,8.66687858231427,0.065624767991732,0.188671207976229,0.01375,0.011,0.01375,0.01375,0,0,0,0
09/03/2013,0.0493185195352983,0.6,26.1064035555288,6,187.570268725153,0,0.878652101708232,3.51460840683293,0.129611624029972,0,508.333333333333,133.333333333333,2.34307227122195,7.90786891537409,0.0545733153810408,0.156898281720492,0.01375,0.011,0.01375,0.01375,0,0,0,0
10/03/2013,0.0456930440607855,0.6,26.0278036151292,6,187.524826395466,0,0.888018377345133,3.55207350938053,0.132673288324185,0,508.333333333333,133.333333333333,2.36804900625369,7.9921653961062,0.0558624371891305,0.16060450691875,0.01375,0.011,0.01375,0.01375,0,0,0,0
11/03/2013,0.0392333504823303,0.6,25.9472713063363,6,187.502503374491,0,0.879595370151187,3.51838148060475,0.129919961241433,0,508.333333333333,133.333333333333,2.3455876537365,7.91635833136068,0.05470314157534,0.157271532029103,0.01375,0.011,0.01375,0.01375,0,0,0,0
12/03/2013,0.0350372041671956,0.6,25.8648304684224,6,187.503306270316,0,0.877784261013464,3.51113704405386,0.129327942770607,0,508.333333333333,133.333333333333,2.34075802936924,7.90005834912118,0.0544538706402556,0.156554878090735,0.01375,0.011,0.01375,0.01375,0,0,0,0
13/03/2013,0.0294818870550586,0.6,25.7805055056248,6,187.527234845267,0,0.8605568701045,3.442227480418,0.123696623591763,0,508.333333333333,133.333333333333,2.29481832027867,7.7450118309405,0.0520827888807423,0.149738018032134,0.01375,0.011,0.01375,0.01375,0,0,0,0
14/03/2013,0.0299264625964169,0.6,25.6943213799221,6,187.574282015978,0,0.883717108709877,3.53486843483951,0.13126728223266,0,508.333333333333,133.333333333333,2.35657895655967,7.95345397838889,0.055270434624278,0.158902499544799,0.01375,0.011,0.01375,0.01375,0,0,0,0
15/03/2013,0.0278329683496147,0.6,25.6063036036443,6,187.644433855488,0,0.885413498211345,3.54165399284538,0.13182180095142,0,508.333333333333,133.333333333333,2.36110266189692,7.96872148390211,0.0555039161900714,0.159573759046455,0.01375,0.011,0.01375,0.01375,0,0,0,0
16/03/2013,0.0210254637424156,0.59198956869242,25.516478231921,6.54470932891542,187.737669597364,0,0.90514628290754,3.62058513163016,0.135070862028912,0,508.333333333333,133.333333333333,2.41372342108677,8.14631654616786,0.0568719419069103,0.163506832982367,0.01375,0.011,0.01375,0.01375,0,0,0,0
17/03/2013,0.0158473626369944,0.582267550586305,25.4248718549683,7.20580656013126,187.853961641847,0,0.975661914358821,3.90264765743528,0.15470983015133,0,508.333333333333,133.333333333333,2.60176510495686,8.78095722922939,0.0651409811163495,0.187280320709505,0.01375,0.011,0.01375,0.01375,0,0,0,0
18/03/2013,0.018525440657987,0.6,25.3315115902177,6,187.993275564026,0,0.857142857142857,3.42857142857143,0.12258064516129,0,508.333333333333,133.333333333333,2.28571428571429,7.71428571428572,0.0516129032258065,0.148387096774194,0.01375,0.011,0.01375,0.01375,0,0,0,0
19/03/2013,0.0174570497135855,0.6,25.2364250742888,6,188.155570124022,0,0.857142857142857,3.42857142857143,0.12258064516129,0,508.333333333333,133.333333333333,2.28571428571429,7.71428571428572,0.0516129032258065,0.148387096774194,0.01375,0.011,0.01375,0.01375,0,0,0,0
20/03/2013,0.0151199013567414,0.6,25.1396404548081,6,188.340797279202,0,0.857142857142857,3.42857142857143,0.12258064516129,0,508.333333333333,133.333333333333,2.28571428571429,7.71428571428572,0.0516129032258065,0.148387096774194,0.01375,0.011,0.01375,0.01375,0,0,0,0
21/03/2013,0.0135191811249792,0.6,25.0411863820767,6,188.548902198397,0,0.857142857142857,3.42857142857143,0.12258064516129,0,508.333333333333,133.333333333333,2.28571428571429,7.71428571428572,0.0516129032258065,0.148387096774194,0.01375,0.011,0.01375,0.01375,0,0,0,0
22/03/2013,0.0113105935561944,0.6,24.9410920005895,6,188.779823278136,0,0.857142857142857,3.42857142857143,0.12258064516129,0,508.333333333333,133.333333333333,2.28571428571429,7.71428571428572,0.0516129032258065,0.148387096774194,0.01375,0.011,0.01375,0.01375,0,0,0,0
23/03/2013,0.0128809630193604,0.578497065902679,24.8393869404073,7.46219951861783,189.033492160877,0,0.990542064990763,3.96216825996305,0.157965325859911,0,508.333333333333,133.333333333333,2.64144550664204,8.91487858491687,0.0665117161515414,0.191221183935682,0.01375,0.011,0.01375,0.01375,0,0,0,0
24/03/2013,0.0121196329596215,0.532757393236368,24.7361013083863,10.572497259927,189.30983375525,0,1.49505684895201,5.98022739580803,0.311915864972151,0,508.333333333333,133.333333333333,3.98681826387202,13.4555116405681,0.131332995777748,0.377582362861025,0.01375,0.011,0.01375,0.01375,0,0,0,0
25/03/2013,0.0116553812442945,0.58875083135358,24.6312656792653,6.76494346795659,189.608766258277,0,0.90674656013921,3.62698624055684,0.13409277248369,0,508.333333333333,133.333333333333,2.41799082703789,8.16071904125289,0.0564601147299746,0.162322829848677,0.01375,0.011,0.01375,0.01375,0,0,0,0
26/03/2013,0.011715523732991,0.6,24.5249110866152,6,189.930201179595,0,0.857142857142857,3.42857142857143,0.12258064516129,0,508.333333333333,133.333333333333,2.28571428571429,7.71428571428571,0.0516129032258065,0.148387096774194,0.01375,0.011,0.01375,0.01375,0,0,0,0
27/03/2013,0.00914824521837127,0.6,24.4170690136522,6,190.274043367646,0,0.857142857142857,3.42857142857143,0.12258064516129,0,508.333333333333,133.333333333333,2.28571428571429,7.71428571428572,0.0516129032258065,0.148387096774194,0.01375,0.011,0.01375,0.01375,0,0,0,0
28/03/2013,0.00718798260896355,0.6,24.3077713839186,6,190.640191037846,0,0.857142857142857,3.42857142857143,0.12258064516129,0,508.333333333333,133.333333333333,2.28571428571429,7.71428571428572,0.0516129032258065,0.148387096774194,0.01375,0.011,0.01375,0.01375,0,0,0,0
29/03/2013,0.0155654712867568,0.461889066992489,24.1970505518319,15.3915434445107,191.028535802714,0,2.26267963179492,9.05071852717967,0.548761566988975,0,508.333333333333,133.333333333333,6.03381235145311,20.3641166861543,0.231057501890095,0.664290317934022,0.01375,0.011,0.01375,0.01375,0,0,0,0
30/03/2013,0.0222793114015599,0.37529754417133,24.0849392931081,21.2797669963496,191.438962703959,0,3.05375404894017,12.2150161957607,0.782682683142543,0,508.333333333333,133.333333333333,8.14334413050713,27.4837864404616,0.329550603428439,0.947457984856763,0.01375,0.011,0.01375,0.01375,0,0,0,0
31/03/2013,0.00876188842113722,0.6,23.9714707950588,6,191.871350246509,0,0.857142857142857,3.42857142857143,0.12258064516129,0,508.333333333333,133.333333333333,2.28571428571429,7.71428571428572,0.0516129032258065,0.148387096774194,0.01375,0.011,0.01375,0.01375,0,0,0,0
01/04/2013,0.00960401241111801,0.595914111509433,23.8566786467673,6.27784041735857,192.325570434476,0,0.874653807816717,3.49861523126687,0.126587451939137,0,508.333333333333,133.333333333333,2.33241015417791,7.87188427035045,0.0532999797638471,0.15323744182106,0.01375,0.011,0.01375,0.01375,0,0,0,0
02/04/2013,0.00757036056469386,0.592045150137664,23.7405968291455,6.54092979063883,192.801488809045,0,0.891235070838582,3.56494028335433,0.130381530187581,0,508.333333333333,133.333333333333,2.37662685556955,8.02111563754724,0.0548974863947709,0.157830273384966,0.01375,0.011,0.01375,0.01375,0,0,0,0
03/04/2013,0.0113943408088581,0.6,23.6232597048746,6,193.298964488279,0,0.857142857142857,3.42857142857143,0.12258064516129,0,508.333333333333,133.333333333333,2.28571428571429,7.71428571428572,0.0516129032258065,0.148387096774194,0.01375,0.011,0.01375,0.01375,0,0,0,0
04/04/2013,0.0199346898292032,0.480547364447799,23.5047020082334,14.1227792175497,193.817850208819,0,2.33821281150398,9.35285124601593,0.567590185653091,0,508.333333333333,133.333333333333,6.23523416401062,21.0439153035359,0.238985341327617,0.6870828563169,0.01375,0.011,0.01375,0.01375,0,0,0,0
05/04/2013,0.0328280884679687,0.317147214463084,23.3849588348159,25.2339894165103,194.357992369482,0,3.78160027178165,15.1264010871266,1.01156504164301,0,508.333333333333,133.333333333333,10.0842673914177,34.0344024460348,0.425922122797056,1.22452610304154,0.01375,0.011,0.01375,0.01375,0,0,0,0
06/04/2013,0.0315673453533523,0.310398182986449,23.2640656311426,25.6929235569215,194.919231076725,0,3.56707586073038,14.2683034429215,0.930862011419968,0,508.333333333333,133.333333333333,9.51220229528102,32.1036827465735,0.39194189954525,1.12683296119259,0.01375,0.011,0.01375,0.01375,0,0,0,0
07/04/2013,0.00910243246711254,0.6,23.142058184167,6,195.501400191981,0,0.857142857142857,3.42857142857143,0.12258064516129,0,508.333333333333,133.333333333333,2.28571428571429,7.71428571428572,0.0516129032258065,0.148387096774194,0.01375,0.011,0.01375,0.01375,0,0,0,0
08/04/2013,0.00954957718001802,0.6,23.0189726106826,6,196.10432738084,0,0.857142857142857,3.42857142857143,0.12258064516129,0,508.333333333333,133.333333333333,2.28571428571429,7.71428571428572,0.0516129032258065,0.148387096774194,0.01375,0.011,0.01375,0.01375,0,0,0,0
09/04/2013,0.00914106606551571,0.6,22.8948453466311,6,196.727834164057,0,0.857142857142857,3.42857142857143,0.12258064516129,0,508.333333333333,133.333333333333,2.28571428571429,7.71428571428572,0.0516129032258065,0.148387096774194,0.01375,0.011,0.01375,0.01375,0,0,0,0
10/04/2013,0.0158636038495157,0.401432455923806,22.7697131363166,19.5025929971812,197.371735970394,0,2.95786020414661,11.8314408165864,0.766870429945558,0,508.333333333333,133.333333333333,7.88762721105762,26.6207418373195,0.322892812608656,0.928316836249885,0.01375,0.011,0.01375,0.01375,0,0,0,0
11/04/2013,0.0239442385472552,0.318759345536381,22.6436130215288,25.1243645035261,198.035842191253,0,3.58343024035145,14.3337209614058,0.941236462960153,0,508.333333333333,133.333333333333,9.55581397427053,32.250872163163,0.396310089667433,1.13939150779387,0.01375,0.011,0.01375,0.01375,0,0,0,0
12/04/2013,0.00794272576479497,0.582293147873932,22.5165823305776,7.20406594457262,198.7199562371,0,0.933029366254577,3.73211746501831,0.139944784020402,0,508.333333333333,133.333333333333,2.48807831001221,8.39726429629119,0.0589241195875377,0.169406843814171,0.01375,0.011,0.01375,0.01375,0,0,0,0
13/04/2013,0.00804297225784529,0.549031694682495,22.3886586672431,9.46584476159031,199.42387559566,0,1.30862758675177,5.23451034700709,0.254793389164133,0,508.333333333333,133.333333333333,3.48967356467139,11.7776482807659,0.107281427016477,0.308434102672371,0.01375,0.011,0.01375,0.01375,0,0,0,0
14/04/2013,0.00515985662737,0.6,22.2598798996444,6,200.147391891864,0,0.857142857142857,3.42857142857143,0.12258064516129,0,508.333333333333,133.333333333333,2.28571428571429,7.71428571428572,0.0516129032258065,0.148387096774194,0.01375,0.011,0.01375,0.01375,0,0,0,0
15/04/2013,0.00774621838637501,0.6,22.1302841490292,6,200.890290949537,0,0.857142857142857,3.42857142857143,0.12258064516129,0,508.333333333333,133.333333333333,2.28571428571429,7.71428571428572,0.0516129032258065,0.148387096774194,0.01375,0.011,0.01375,0.01375,0,0,0,0
16/04/2013,0.0255103105898466,0.339658892910849,21.99990977849,23.7031952820623,201.652352854791,0,3.76850150320786,15.0740060128314,1.02413612865428,0,508.333333333333,133.333333333333,10.0493373418876,33.9165135288707,0.431215212064961,1.23974373468676,0.01375,0.011,0.01375,0.01375,0,0,0,0
17/04/2013,0.033072443485697,0.267053286870234,21.8687953816071,28.6403764928241,202.433352021133,0,3.98994699459124,15.959787978365,1.05833974296363,0,508.333333333333,133.333333333333,10.6398586522433,35.9095229513212,0.445616733879425,1.28114810990335,0.01375,0.011,0.01375,0.01375,0,0,0,0
18/04/2013,0.0068500790431904,0.6,21.7369797710241,6,203.233057256235,0,0.857142857142857,3.42857142857143,0.12258064516129,0,508.333333333333,133.333333333333,2.28571428571429,7.71428571428572,0.0516129032258065,0.148387096774194,0.01375,0.011,0.01375,0.01375,0,0,0,0
19/04/2013,0.00542257767028693,0.6,21.604501966959,6,204.051231830379,0,0.857142857142857,3.42857142857143,0.12258064516129,0,508.333333333333,133.333333333333,2.28571428571429,7.71428571428572,0.0516129032258065,0.148387096774194,0.01375,0.011,0.01375,0.01375,0,0,0,0
20/04/2013,0.0175300421013437,0.388038500903687,21.4714011856532,20.4133819385493,204.887633546526,0,3.21399258169271,12.8559703267709,0.846982115145921,0,508.333333333333,133.333333333333,8.57064688451391,28.9259332352344,0.356624048482493,1.02529413938717,0.01375,0.011,0.01375,0.01375,0,0,0,0
21/04/2013,0.219855803357324,0.138296089740226,21.3377168277622,37.3958658976646,205.742014812022,0,6.53294502088602,26.1317800835441,2.06014702544806,0,508.333333333333,133.333333333333,17.4211867223627,58.7965051879742,0.867430326504448,2.49386218870029,0.01375,0.011,0.01375,0.01375,0,0,0,0
22/04/2013,0.159568377652133,0.167534408669364,21.203488466693,35.4076602104833,206.614122711881,0,5.19120801103433,20.7648320441373,1.50156660546411,0,508.333333333333,133.333333333333,13.8432213627582,46.720872099309,0.632238570721732,1.81768589082498,0.01375,0.011,0.01375,0.01375,0,0,0,0
23/04/2013,0.0246008284673015,0.397337409607113,21.0687558368887,19.7810561467163,207.503699083657,0,3.72692232406676,14.907689296267,1.09139336660085,0,508.333333333333,133.333333333333,9.93845953084469,33.5423009166008,0.459534049095094,1.32116039114839,0.01375,0.011,0.01375,0.01375,0,0,0,0
24/04/2013,0.01150389982376,0.575939607962878,20.9335588220669,7.63610665852431,208.410480593869,0,1.31512311026761,5.26049244107043,0.268702088624413,0,508.333333333333,133.333333333333,3.50699496071362,11.8361079924085,0.113137721526069,0.325270949387447,0.01375,0.011,0.01375,0.01375,0,0,0,0
25/04/2013,0.0101147240321811,0.6,20.7979374434129,6,209.334198815945,0,0.857142857142857,3.42857142857143,0.12258064516129,0,508.333333333333,133.333333333333,2.28571428571429,7.71428571428572,0.0516129032258065,0.148387096774194,0.01375,0.011,0.01375,0.01375,0,0,0,0
26/04/2013,0.00853856509587498,0.6,20.6619318477328,6,210.274580309692,0,0.857142857142857,3.42857142857143,0.12258064516129,0,508.333333333333,133.333333333333,2.28571428571429,7.71428571428572,0.0516129032258065,0.148387096774194,0.01375,0.011,0.01375,0.01375,0,0,0,0
27/04/2013,0.00831186700221156,0.6,20.525582295569,6,211.231346702231,0,0.857142857142857,3.42857142857143,0.12258064516129,0,508.333333333333,133.333333333333,2.28571428571429,7.71428571428572,0.0516129032258065,0.148387096774194,0.01375,0.011,0.01375,0.01375,0,0,0,0
28/04/2013,0.00434554212408572,0.6,20.3889291492823,6,212.204214770406,0,0.857142857142857,3.42857142857143,0.12258064516129,0,508.333333333333,133.333333333333,2.28571428571429,7.71428571428572,0.0516129032258065,0.148387096774194,0.01375,0.011,0.01375,0.01375,0,0,0,0
29/04/2013,0.00795414965519301,0.6,20.2520128611039,6,213.192896524626,0,0.857142857142857,3.42857142857143,0.12258064516129,0,508.333333333333,133.333333333333,2.28571428571429,7.71428571428572,0.0516129032258065,0.148387096774194,0.01375,0.011,0.01375,0.01375,0,0,0,0
30/04/2013,0.00909434935668428,0.6,20.1148739611606,6,214.19709929411,0,0.857142857142857,3.42857142857143,0.12258064516129,0,508.333333333333,133.333333333333,2.28571428571429,7.71428571428572,0.0516129032258065,0.148387096774194,0.01375,0.011,0.01375,0.01375,0,0,0,0
01/05/2013,0.00487415756869259,0.6,19.9775530454767,6,215.21652581353,0,0.857142857142857,3.42857142857143,0.12258064516129,0,508.333333333333,133.333333333333,2.28571428571429,7.71428571428572,0.0516129032258065,0.148387096774194,0.01375,0.011,0.01375,0.01375,0,0,0,0
02/05/2013,0.00673187211140104,0.6,19.8400907639575,6,216.250874311002,0,0.857142857142857,3.42857142857143,0.12258064516129,0,508.333333333333,133.333333333333,2.28571428571429,7.71428571428572,0.0516129032258065,0.148387096774194,0.01375,0.011,0.01375,0.01375,0,0,0,0
03/05/2013,0.00616807644369141,0.6,19.7025278083553,6,217.299838597422,0,0.857142857142857,3.42857142857143,0.12258064516129,0,508.333333333333,133.333333333333,2.28571428571429,7.71428571428572,0.0516129032258065,0.148387096774194,0.01375,0.011,0.01375,0.01375,0,0,0,0
04/05/2013,0.00388783909646073,0.6,19.5649049002241,6,218.363108157101,0,0.857142857142857,3.42857142857143,0.12258064516129,0,508.333333333333,133.333333333333,2.28571428571429,7.71428571428572,0.0516129032258065,0.148387096774194,0.01375,0.011,0.01375,0.01375,0,0,0,0
05/05/2013,0.00552817897489344,0.6,19.427262778865,6,219.440368239687,0,0.857142857142857,3.42857142857143,0.12258064516129,0,508.333333333333,133.333333333333,2.28571428571429,7.71428571428572,0.0516129032258065,0.148387096774194,0.01375,0.011,0.01375,0.01375,0,0,0,0
06/05/2013,0.0068313835800113,0.6,19.289642189267,6,220.531299953336,0,0.857142857142857,3.42857142857143,0.12258064516129,0,508.333333333333,133.333333333333,2.28571428571429,7.71428571428572,0.0516129032258065,0.148387096774194,0.01375,0.011,0.01375,0.01375,0,0,0,0
07/05/2013,0.00951441582272764,0.540798633306095,19.1520838700448,10.0256929351855,221.635580359109,0,1.57737792277395,6.3095116910958,0.333863488118445,0,508.333333333333,133.333333333333,4.2063411273972,14.1964013049656,0.140574100260398,0.404150538248644,0.01375,0.011,0.01375,0.01375,0,0,0,0
08/05/2013,0.0091402888021153,0.481566426985564,19.0146285413801,14.0534829649817,222.752882566574,0,2.01352575097414,8.05410300389655,0.469199187014449,0,508.333333333333,133.333333333333,5.3694020025977,18.1217317587672,0.197557552427137,0.567977963228018,0.01375,0.011,0.01375,0.01375,0,0,0,0
09/05/2013,0.00549656245974536,0.6,18.8773168929669,6,223.882875830567,0,0.857142857142857,3.42857142857143,0.12258064516129,0,508.333333333333,133.333333333333,2.28571428571429,7.71428571428571,0.0516129032258065,0.148387096774194,0.01375,0.011,0.01375,0.01375,0,0,0,0
10/05/2013,0.00623223583972914,0.6,18.7401895719671,6,225.025225649104,0,0.857142857142857,3.42857142857143,0.12258064516129,0,508.333333333333,133.333333333333,2.28571428571429,7.71428571428572,0.0516129032258065,0.148387096774194,0.01375,0.011,0.01375,0.01375,0,0,0,0
11/05/2013,0.00642286852016026,0.6,18.6032871709775,6,226.179593862396,0,0.857142857142857,3.42857142857143,0.12258064516129,0,508.333333333333,133.333333333333,2.28571428571429,7.71428571428571,0.0516129032258065,0.148387096774194,0.01375,0.011,0.01375,0.01375,0,0,0,0
12/05/2013,0.00581175787009383,0.6,18.466650216014,6,227.345638752956,0,0.857142857142857,3.42857142857143,0.12258064516129,0,508.333333333333,133.333333333333,2.28571428571429,7.71428571428572,0.0516129032258065,0.148387096774194,0.01375,0.011,0.01375,0.01375,0,0,0,0
13/05/2013,0.00603713482758726,0.6,18.3303191545148,6,228.523015146753,0,0.857142857142857,3.42857142857143,0.12258064516129,0,508.333333333333,133.333333333333,2.28571428571429,7.71428571428572,0.0516129032258065,0.148387096774194,0.01375,0.011,0.01375,0.01375,0,0,0,0
14/05/2013,0.00504000662896449,0.567197862074046,18.1943343433671,8.2305453789649,229.71137451539,0,1.0480732963802,4.19229318552082,0.172393753265993,0,508.333333333333,133.333333333333,2.79486212368054,9.43265966742184,0.0725868434804183,0.208687175006203,0.01375,0.011,0.01375,0.01375,0,0,0,0
15/05/2013,0.00503976952673826,0.503235768917081,18.0587360369606,12.5799677136385,230.910365079275,0,1.83067831290628,7.32271325162513,0.415507991024199,0,508.333333333333,133.333333333333,4.88180883441675,16.4761048161565,0.174950733062821,0.50298335755561,0.01375,0.011,0.01375,0.01375,0,0,0,0
16/05/2013,0.00323035832854626,0.6,17.9235643752715,6,232.119631911759,0,0.857142857142857,3.42857142857143,0.12258064516129,0,508.333333333333,133.333333333333,2.28571428571429,7.71428571428572,0.0516129032258065,0.148387096774194,0.01375,0.011,0.01375,0.01375,0,0,0,0
17/05/2013,0.00308912251161084,0.6,17.7888593719801,6,233.338817044198,0,0.857142857142857,3.42857142857143,0.12258064516129,0,508.333333333333,133.333333333333,2.28571428571429,7.71428571428571,0.0516129032258065,0.148387096774194,0.01375,0.011,0.01375,0.01375,0,0,0,0
18/05/2013,0.00295190761041079,0.6,17.6546609026259,6,234.567559571921,0,0.857142857142857,3.42857142857143,0.12258064516129,0,508.333333333333,133.333333333333,2.28571428571429,7.71428571428572,0.0516129032258065,0.148387096774194,0.01375,0.011,0.01375,0.01375,0,0,0,0
19/05/2013,0.00355842527253393,0.6,17.5210086928035,6,235.805495761065,0,0.857142857142857,3.42857142857143,0.12258064516129,0,508.333333333333,133.333333333333,2.28571428571429,7.71428571428572,0.0516129032258065,0.148387096774194,0.01375,0.011,0.01375,0.01375,0,0,0,0
20/05/2013,0.00350023945620516,0.6,17.3879423064033,6,237.052259156249,0,0.857142857142857,3.42857142857143,0.12258064516129,0,508.333333333333,133.333333333333,2.28571428571429,7.71428571428572,0.0516129032258065,0.148387096774194,0.01375,0.011,0.01375,0.01375,0,0,0,0
21/05/2013,0.00360044238585051,0.6,17.2555011338993,6,238.307480689051,0,0.857142857142857,3.42857142857143,0.12258064516129,0,508.333333333333,133.333333333333,2.28571428571429,7.71428571428572,0.0516129032258065,0.148387096774194,0.01375,0.011,0.01375,0.01375,0,0,0,0
22/05/2013,0.00638422930764996,0.6,17.123724380689,6,239.57078878726,0,1.0377355614846,4.15094224593839,0.163015496733533,0,508.333333333333,133.333333333333,2.7672948306256,9.33962005336139,0.0686381038878033,0.197334548677434,0.01375,0.011,0.01375,0.01375,0,0,0,0
23/05/2013,0.0223454216689479,0.299538677491203,16.9926510554879,26.4313699305982,240.841809484872,0,4.26854534424025,17.074181376961,1.18386099322495,0,508.333333333333,133.333333333333,11.3827875846407,38.4169080981622,0.498467786621033,1.43309488653547,0.01375,0.011,0.01375,0.01375,0,0,0,0
24/05/2013,0.169440423485972,0.133318257882553,16.8623199587815,37.7343584639864,242.120166532788,0,6.35991645690143,25.4396658276057,1.96697361417329,0,508.333333333333,133.333333333333,16.9597772184038,57.2392481121129,0.828199416494019,2.3810733224203,0.01375,0.011,0.01375,0.01375,0,0,0,0
25/05/2013,0.189155201912604,0.145380440106619,16.7327696713403,36.9141300727499,243.405481510195,0,5.69466999873564,22.7786799949426,1.69583226733007,0,508.333333333333,133.333333333333,15.185786663295,51.2520299886208,0.714034638875817,2.05284958676797,0.01375,0.011,0.01375,0.01375,0,0,0,0
26/05/2013,0.0577590106089203,0.250675962179627,16.6040385427983,29.7540345717853,244.697373936585,0,4.25538725398237,17.0215490159295,1.19381168967576,0,508.333333333333,133.333333333333,11.347699343953,38.2984852858413,0.502657553547691,1.44514046644961,0.01375,0.011,0.01375,0.01375,0,0,0,0
27/05/2013,0.0187044836692204,0.49017173470869,16.4761646803015,13.4683220398091,245.995461384384,0,2.58196608705109,10.3278643482044,0.686226935334575,0,508.333333333333,133.333333333333,6.88524289880292,23.2376947834598,0.288937656982979,0.830695763826064,0.01375,0.011,0.01375,0.01375,0,0,0,0
28/05/2013,0.0262480665072258,0.387055759520739,16.3491859372266,20.4802083525898,247.299359592162,0,3.35030756196781,13.4012302478712,0.907317838271593,0,508.333333333333,133.333333333333,8.93415349858081,30.1527680577103,0.382028563482776,1.09833212001298,0.01375,0.011,0.01375,0.01375,0,0,0,0
29/05/2013,0.0263485762408985,0.351854679253887,16.2231399019762,22.8738818107357,248.60868257838,0,3.45409422668243,13.8163769067297,0.920892372417872,0,508.333333333333,133.333333333333,9.21091793781981,31.0868480401419,0.387744156807525,1.11476445082163,0.01375,0.011,0.01375,0.01375,0,0,0,0
30/05/2013,0.0126647753493584,0.562989319651837,16.0980638868514,8.51672626367508,249.92304275565,0,1.58451021205675,6.338040848227,0.339740622532637,0,508.333333333333,133.333333333333,4.22536056548466,14.2605919085107,0.143048683171636,0.411264964118455,0.01375,0.011,0.01375,0.01375,0,0,0,0
31/05/2013,0.00682505738005857,0.6,15.9739949170069,6,251.242051045467,0,0.857142857142857,3.42857142857143,0.12258064516129,0,508.333333333333,133.333333333333,2.28571428571429,7.71428571428572,0.0516129032258065,0.148387096774194,0.01375,0.011,0.01375,0.01375,0,0,0,0
01/06/2013,0.00868619528287439,0.599462299874468,15.8509697194906,6.03656360853614,252.565316993389,0,0.936540347247269,3.74616138898908,0.140790123768322,0,508.333333333333,133.333333333333,2.49744092599272,8.42886312522542,0.0592800521129776,0.170430149824811,0.01375,0.011,0.01375,0.01375,0,0,0,0
02/06/2013,0.024910437570523,0.308843780792597,15.7290247123716,25.7986229061034,253.892448884614,0,4.15811129937673,16.6324451975069,1.16881366560911,0,508.333333333333,133.333333333333,11.088296798338,37.4230016943906,0.492132069730153,1.41487970047419,0.01375,0.011,0.01375,0.01375,0,0,0,0
03/06/2013,0.237842705129059,0.146961439131255,15.6081959939597,36.8066221390747,255.223053859939,0,6.23893737905035,24.9557495162014,1.95592443306926,0,508.333333333333,133.333333333333,16.6371663441343,56.1504364114532,0.823547129713373,2.36769799792595,0.01375,0.011,0.01375,0.01375,0,0,0,0
04/06/2013,0.164668586284041,0.185885817095264,15.4885193321197,34.1597644375221,256.556738032057,0,4.77536975921994,19.1014790368798,1.36801923791948,0,508.333333333333,133.333333333333,12.7343193579198,42.9783278329795,0.576008100176624,1.65602328800779,0.01375,0.011,0.01375,0.01375,0,0,0,0
05/06/2013,0.0344618404002595,0.433301388208171,15.370030153683,17.3355056018443,257.89310660215,0,3.37821260741846,13.5128504296739,0.989024482485238,0,508.333333333333,133.333333333333,9.0085669531159,30.4039134667662,0.416431361046416,1.19724016300845,0.01375,0.011,0.01375,0.01375,0,0,0,0
06/06/2013,0.0228079560990072,0.543937441898718,15.2527635339609,9.81225395088718,259.231763976763,0,1.90524847922404,7.62099391689615,0.460018094972548,0,508.333333333333,133.333333333333,5.0806626112641,17.1472363130164,0.193691829462125,0.55686400970361,0.01375,0.011,0.01375,0.01375,0,0,0,0
07/06/2013,0.0153390712734899,0.593279550342101,15.1367541863612,6.45699057673713,260.572313884907,0,1.063236517182,4.25294606872799,0.181075884009606,0,508.333333333333,133.333333333333,2.83529737915199,9.56912865463797,0.076242477477729,0.219197122748471,0.01375,0.011,0.01375,0.01375,0,0,0,0
08/06/2013,0.0159719288167064,0.596120580937552,15.0220364521127,6.26380049624644,261.914359495362,0,1.13750424958283,4.55001699833131,0.193459069385145,0,508.333333333333,133.333333333333,3.03334466555421,10.2375382462454,0.0814564502674294,0.23418729451886,0.01375,0.011,0.01375,0.01375,0,0,0,0
09/06/2013,0.0119391358560581,0.599908304453473,14.908644290099,6.00623529716387,263.257503534148,0,0.876048279910264,3.50419311964106,0.126394378424924,0,508.333333333333,133.333333333333,2.33612874642737,7.88443451919238,0.0532186856525995,0.153003721251224,0.01375,0.011,0.01375,0.01375,0,0,0,0
10/06/2013,0.0126741769440365,0.599721896643324,14.7966112668063,6.01891102825398,264.601348402127,0,1.05288649055391,4.21154596221563,0.167590664159984,0,508.333333333333,133.333333333333,2.80769730814375,9.47597841498517,0.0705644901726249,0.202872909246297,0.01375,0.011,0.01375,0.01375,0,0,0,0
11/06/2013,0.0106000932799633,0.576057373087432,14.6859705463869,7.62809863005463,265.945496292702,0,1.10820613870112,4.43282455480449,0.193472239773325,0,508.333333333333,133.333333333333,2.95521636986966,9.9738552483101,0.0814619956940314,0.23420323762034,0.01375,0.011,0.01375,0.01375,0,0,0,0
12/06/2013,0.0135671294871134,0.545364402882626,14.576754880842,9.71522060398143,267.289549309573,0,1.62264572096767,6.49058288387068,0.33245604511168,0,508.333333333333,133.333333333333,4.32705525591378,14.603811488709,0.139981492678602,0.402446791450981,0.01375,0.011,0.01375,0.01375,0,0,0,0
13/06/2013,0.0290943568214979,0.299215618246189,14.4689966003261,26.4533379592592,268.633109584525,0,4.27749605204775,17.109984208191,1.21053212394734,0,508.333333333333,133.333333333333,11.406656138794,38.4974644684298,0.50969773639888,1.46538099214678,0.01375,0.011,0.01375,0.01375,0,0,0,0
14/06/2013,0.0404099380287194,0.247508083298543,14.3627276035769,29.9694503356991,269.975779395208,0,4.34913134203775,17.396525368151,1.19197067843295,0,508.333333333333,133.333333333333,11.5976835787673,39.1421820783398,0.501882390919135,1.44291187389251,0.01375,0.011,0.01375,0.01375,0,0,0,0
15/06/2013,0.0109908484881964,0.548055963763768,14.2579793484726,9.53219446406378,271.317161282863,0,1.91669460738698,7.66677842954793,0.45529559154607,0,508.333333333333,133.333333333333,5.11118561969862,17.2502514664829,0.191703406966766,0.551147295029453,0.01375,0.011,0.01375,0.01375,0,0,0,0
16/06/2013,0.00640786850952257,0.6,14.1547828427194,6,272.656858169988,0,0.857142857142857,3.42857142857143,0.12258064516129,0,508.333333333333,133.333333333333,2.28571428571429,7.71428571428572,0.0516129032258065,0.148387096774194,0.01375,0.011,0.01375,0.01375,0,0,0,0
17/06/2013,0.00661974967986592,0.6,14.0531686346731,6,273.994473477875,0,0.857142857142857,3.42857142857143,0.12258064516129,0,508.333333333333,133.333333333333,2.28571428571429,7.71428571428571,0.0516129032258065,0.148387096774194,0.01375,0.011,0.01375,0.01375,0,0,0,0
18/06/2013,0.0067665320388364,0.599966824025993,13.9531668042954,6.00225596623244,275.329611244008,0,0.866341225837412,3.46536490334965,0.124410154602244,0,508.333333333333,133.333333333333,2.31024326889977,7.79707103253671,0.0523832229904184,0.150601766097453,0.01375,0.011,0.01375,0.01375,0,0,0,0
19/06/2013,0.00567586246392989,0.6,13.8548069542502,6,276.661876239276,0,0.857142857142857,3.42857142857143,0.12258064516129,0,508.333333333333,133.333333333333,2.28571428571429,7.71428571428572,0.0516129032258065,0.148387096774194,0.01375,0.011,0.01375,0.01375,0,0,0,0
20/06/2013,0.00672344476750862,0.599960971954911,13.7581182011404,6.00265390706606,277.99087408497,0,0.985108595096407,3.94043438038563,0.150868943080768,0,508.333333333333,133.333333333333,2.62695625359042,8.86597735586766,0.063523765507692,0.182630825834614,0.01375,0.011,0.01375,0.01375,0,0,0,0
21/06/2013,0.00695814896002119,0.599980851483864,13.6631291668888,6.00130209909729,279.316211369524,0,1.07981627455649,4.31926509822598,0.172825420373366,0,508.333333333333,133.333333333333,2.87951006548398,9.71834647100845,0.0727685980519436,0.209209719399338,0.01375,0.011,0.01375,0.01375,0,0,0,0
22/06/2013,0.00659919188111485,0.599994571542456,13.5698679702651,6.00036913511296,280.637495764978,0,1.07614272596523,4.30457090386092,0.171887554522169,0,508.333333333333,133.333333333333,2.86971393590728,9.68528453368707,0.072373707167229,0.208074408105783,0.01375,0.011,0.01375,0.01375,0,0,0,0
23/06/2013,0.0131647785093296,0.405787820158095,13.4783622185626,19.2064282292495,281.954336143113,0,3.20802654491089,12.8321061796436,0.839689242253634,0,508.333333333333,133.333333333333,8.55473745309571,28.872238904198,0.353553365159425,1.01646592483335,0.01375,0.011,0.01375,0.01375,0,0,0,0
24/06/2013,0.024268483666943,0.282920134861632,13.3886389994256,27.561430829409,283.266342691233,0,4.13303702664675,16.532148106587,1.11111464064353,0,508.333333333333,133.333333333333,11.021432071058,37.1973332398207,0.467837743428854,1.34503351235795,0.01375,0.011,0.01375,0.01375,0,0,0,0
25/06/2013,0.0171323904496122,0.29675200487549,13.3007248728309,26.6208636684667,284.573127027558,0,3.81559507598497,15.2623803039399,1.0103338137186,0,508.333333333333,133.333333333333,10.1749202026266,34.3403556838648,0.425403711039412,1.22303566923831,0.01375,0.011,0.01375,0.01375,0,0,0,0
26/06/2013,0.0306510843457341,0.241522744371338,13.2146458632257,30.376453382749,285.874302316194,0,4.92721253903022,19.7088501561209,1.43809155153726,0,508.333333333333,133.333333333333,13.1392334374139,44.344912851272,0.605512232226216,1.74084766765037,0.01375,0.011,0.01375,0.01375,0,0,0,0
27/06/2013,0.0819366058632302,0.171580342285937,13.1304274518233,35.1325367245563,287.169483381644,0,5.56615759180684,22.2646303672274,1.67595816301236,0,508.333333333333,133.333333333333,14.8430869114849,50.0954183262616,0.705666594952574,2.02879146048865,0.01375,0.011,0.01375,0.01375,0,0,0,0
28/06/2013,0.0467360350663821,0.233822890277269,13.0480945690608,30.9000434611457,288.458286822828,0,4.70536852042539,18.8214740817016,1.36449428590705,0,508.333333333333,133.333333333333,12.547649387801,42.3483166838285,0.574523909855601,1.65175624083485,0.01375,0.011,0.01375,0.01375,0,0,0,0
29/06/2013,0.38474860262261,0.137381078592478,12.9676715872185,37.4580866557115,289.740331126578,0,6.44807352763434,25.7922941105374,2.04516114261858,0,508.333333333333,133.333333333333,17.1948627403582,58.0326617487091,0.861120481102559,2.47572138316986,0.01375,0.011,0.01375,0.01375,0,0,0,0
30/06/2013,0.449291138253389,0.146860108270931,12.8891823132057,36.8135126375767,291.015236780576,0,5.49415090993082,21.9766036397233,1.64675431927511,0,508.333333333333,133.333333333333,14.6510690931489,49.4473581893774,0.693370239694785,1.99343943912251,0.01375,0.011,0.01375,0.01375,0,0,0,0
01/07/2013,0.162578121993316,0.229416441139511,12.8126499815131,31.1996820025133,292.282626385693,0,4.72082657063193,18.8833062825277,1.39192350732732,0,508.333333333333,133.333333333333,12.5888708550185,42.4874391356873,0.586073055716765,1.6849600351857,0.01375,0.011,0.01375,0.01375,0,0,0,0
02/07/2013,0.0504310705828598,0.443153163136261,12.738097247335,16.6655849067342,293.542124767712,0,3.16572065261073,12.6628826104429,0.91847661597669,0,508.333333333333,133.333333333333,8.44192174029527,28.4914858734965,0.386726996200712,1.11184011407705,0.01375,0.011,0.01375,0.01375,0,0,0,0
03/07/2013,0.0328839981392014,0.545897980871973,12.6655461798626,9.67893730070586,294.793359088383,0,1.79880289149506,7.19521156598023,0.432153855355729,0,508.333333333333,133.333333333333,4.79680771065349,16.1892260234555,0.181959518044518,0.523133614377988,0.01375,0.011,0.01375,0.01375,0,0,0,0
04/07/2013,0.0232991681999735,0.59294079527546,12.5950182557516,6.48002592126873,296.035958955797,0,1.03453636730354,4.13814546921417,0.175195623661189,0,508.333333333333,133.333333333333,2.75876364614278,9.31082730573188,0.0737665783836586,0.212078912853019,0.01375,0.011,0.01375,0.01375,0,0,0,0
05/07/2013,0.0177832726457897,0.6,12.526534352764,6,297.269556534024,0,0.857142857142857,3.42857142857143,0.12258064516129,0,508.333333333333,133.333333333333,2.28571428571429,7.71428571428572,0.0516129032258065,0.148387096774194,0.01375,0.011,0.01375,0.01375,0,0,0,0
06/07/2013,0.0170645370335188,0.6,12.4601147435886,6,298.493786652004,0,0.857142857142857,3.42857142857143,0.12258064516129,0,508.333333333333,133.333333333333,2.28571428571429,7.71428571428572,0.0516129032258065,0.148387096774194,0.01375,0.011,0.01375,0.01375,0,0,0,0
07/07/2013,0.0163612452757286,0.599904681575277,12.3957790898389,6.00648165288116,299.708286911643,0,0.891391589543937,3.56556635817575,0.130005189472338,0,508.333333333333,133.333333333333,2.37704423878383,8.02252430589543,0.0547390271462474,0.157374703045461,0.01375,0.011,0.01375,0.01375,0,0,0,0
08/07/2013,0.0142565588822183,0.599998970761281,12.3335464362339,6.00006998823287,300.91269779509,0,0.858277430307095,3.43310972122838,0.122799257676318,0,508.333333333333,133.333333333333,2.28873981415225,7.72449687276386,0.0517049506005549,0.148651732976595,0.01375,0.011,0.01375,0.01375,0,0,0,0
09/07/2013,0.0147086696174404,0.599954903265352,12.2734352049594,6.00306657795603,302.106662771168,0,1.01414080486451,4.05656321945803,0.158285887819305,0,508.333333333333,133.333333333333,2.70437547963868,9.12726724378056,0.0666466896081286,0.19160923262337,0.01375,0.011,0.01375,0.01375,0,0,0,0
10/07/2013,0.0142200526074662,0.599979367582934,12.2154631902157,6.00140300436049,303.289828400906,0,1.08290108863165,4.3316043545266,0.174151126896437,0,508.333333333333,133.333333333333,2.88773623635107,9.74610979768485,0.0733267902721841,0.210814522032529,0.01375,0.011,0.01375,0.01375,0,0,0,0
11/07/2013,0.0127707090315862,0.599994030601665,12.1596475529492,6.00040591908677,304.461844442171,0,1.06673430115497,4.26693720461987,0.170304203840007,0,508.333333333333,133.333333333333,2.84462480307991,9.6006087103947,0.0717070331957922,0.206157720437903,0.01375,0.011,0.01375,0.01375,0,0,0,0
12/07/2013,0.0104278178132886,0.599999413725363,12.1060048157731,6.00003986667534,305.622363953343,0,0.93643182962345,3.7457273184938,0.139940236466778,0,508.333333333333,133.333333333333,2.49715154566253,8.42788646661105,0.058922204828117,0.169401338880836,0.01375,0.011,0.01375,0.01375,0,0,0,0
13/07/2013,0.0113556320122499,0.599999444394482,12.0545508580758,6.00003778117526,306.771043396021,0,1.11672563537763,4.46690254151053,0.181786589046378,0,508.333333333333,133.333333333333,2.97793502767368,10.0505307183987,0.0765417217037382,0.220057449898247,0.01375,0.011,0.01375,0.01375,0,0,0,0
14/07/2013,0.00790976112448595,0.6,12.0053009113207,6,307.907542736714,0,0.857142857142857,3.42857142857143,0.12258064516129,0,508.333333333333,133.333333333333,2.28571428571429,7.71428571428572,0.0516129032258065,0.148387096774194,0.01375,0.011,0.01375,0.01375,0,0,0,0
15/07/2013,0.0140266503409729,0.500094556077226,11.9582695545372,12.7935701867487,309.031525547499,0,2.2131599000697,8.8526396002788,0.522688244234589,0,508.333333333333,133.333333333333,5.9017597335192,19.9184391006273,0.220079260730353,0.632727874599766,0.01375,0.011,0.01375,0.01375,0,0,0,0
16/07/2013,0.0157382220822103,0.405245701415552,11.9134707100049,19.2432923037425,310.142659105614,0,2.87361213579721,11.4944485431889,0.722752755241809,0,508.333333333333,133.333333333333,7.66296569545924,25.8625092221749,0.304316949575499,0.874911230029559,0.01375,0.011,0.01375,0.01375,0,0,0,0
17/07/2013,0.0106847774043795,0.446658375607683,11.8709176391324,16.4272304586775,311.240614491947,0,2.3641040766075,9.45641630643002,0.574923887840694,0,508.333333333333,133.333333333333,6.30427753762001,21.2769366894675,0.242073215932924,0.695960495807156,0.01375,0.011,0.01375,0.01375,0,0,0,0
18/07/2013,0.00860218752941776,0.507712952289447,11.8306229385318,12.2755192443176,312.325066688404,0,1.73835554636145,6.95342218544581,0.385393392163755,0,508.333333333333,133.333333333333,4.6356147902972,15.6451999172531,0.162270901963686,0.466528843145598,0.01375,0.011,0.01375,0.01375,0,0,0,0
19/07/2013,0.00609054277219488,0.582178527437613,11.7925985362894,7.21186013424233,313.395694674121,0,0.9514245933632,3.8056983734528,0.146152357915102,0,508.333333333333,133.333333333333,2.53713224896853,8.5628213402688,0.061537834911622,0.176921275370913,0.01375,0.011,0.01375,0.01375,0,0,0,0
20/07/2013,0.00304827834776943,0.55806072803707,11.7568556884352,8.85187049347925,314.452181520497,0,1.14868048971361,4.59472195885443,0.203170634024513,0,508.333333333333,133.333333333333,3.06314797256962,10.3381244074225,0.0855455301155842,0.245943399082305,0.01375,0.011,0.01375,0.01375,0,0,0,0
21/07/2013,0.00238664210135072,0.6,11.7234049756106,6,315.494214485005,0,0.857142857142857,3.42857142857143,0.12258064516129,0,508.333333333333,133.333333333333,2.28571428571429,7.71428571428572,0.0516129032258065,0.148387096774194,0.01375,0.011,0.01375,0.01375,0,0,0,0
22/07/2013,0.00255839248646494,0.6,11.6922562999366,6,316.521485103776,0,0.857142857142857,3.42857142857143,0.12258064516129,0,508.333333333333,133.333333333333,2.28571428571429,7.71428571428572,0.0516129032258065,0.148387096774194,0.01375,0.011,0.01375,0.01375,0,0,0,0
23/07/2013,0.00320495401087575,0.6,11.6634188820821,6,317.533689282906,0,0.857142857142857,3.42857142857143,0.12258064516129,0,508.333333333333,133.333333333333,2.28571428571429,7.71428571428572,0.0516129032258065,0.148387096774194,0.01375,0.011,0.01375,0.01375,0,0,0,0
24/07/2013,0.00434499394043142,0.6,11.6369012585347,6,318.530527388481,0,0.857142857142857,3.42857142857143,0.12258064516129,0,508.333333333333,133.333333333333,2.28571428571429,7.71428571428572,0.0516129032258065,0.148387096774194,0.01375,0.011,0.01375,0.01375,0,0,0,0
25/07/2013,0.00440092631048914,0.6,11.6127112790737,6,319.511704335266,0,0.857142857142857,3.42857142857143,0.12258064516129,0,508.333333333333,133.333333333333,2.28571428571429,7.71428571428572,0.0516129032258065,0.148387096774194,0.01375,0.011,0.01375,0.01375,0,0,0,0
26/07/2013,0.00360894436415813,0.6,11.5908561044464,6,320.476929674065,0,0.857142857142857,3.42857142857143,0.12258064516129,0,508.333333333333,133.333333333333,2.28571428571429,7.71428571428572,0.0516129032258065,0.148387096774194,0.01375,0.011,0.01375,0.01375,0,0,0,0
27/07/2013,0.00326031691195615,0.6,11.5713422042482,6,321.425917677694,0,0.857142857142857,3.42857142857143,0.12258064516129,0,508.333333333333,133.333333333333,2.28571428571429,7.71428571428572,0.0516129032258065,0.148387096774194,0.01375,0.011,0.01375,0.01375,0,0,0,0
28/07/2013,0.00440240610838404,0.6,11.5541753550077,6,322.358387425568,0,0.857142857142857,3.42857142857143,0.12258064516129,0,508.333333333333,133.333333333333,2.28571428571429,7.71428571428572,0.0516129032258065,0.148387096774194,0.01375,0.011,0.01375,0.01375,0,0,0,0
29/07/2013,0.00296304436364577,0.6,11.5393606384765,6,323.274062886852,0,0.857142857142857,3.42857142857143,0.12258064516129,0,508.333333333333,133.333333333333,2.28571428571429,7.71428571428572,0.0516129032258065,0.148387096774194,0.01375,0.011,0.01375,0.01375,0,0,0,0
30/07/2013,0.00393682359239428,0.6,11.5269024401251,6,324.172673002179,0,0.857142857142857,3.42857142857143,0.12258064516129,0,508.333333333333,133.333333333333,2.28571428571429,7.71428571428572,0.0516129032258065,0.148387096774194,0.01375,0.011,0.01375,0.01375,0,0,0,0
31/07/2013,0.00961956738159945,0.379078610724199,11.5168044478446,21.0226544707544,325.053951763886,0,3.43894335167337,13.7557734066935,0.917285671706538,0,508.333333333333,133.333333333333,9.17051560446231,30.9504901650603,0.3862255459817,1.11039844469739,0.01375,0.011,0.01375,0.01375,0,0,0,0
01/08/2013,0.0137811303058581,0.294260393907832,11.5090696508551,26.7902932142674,325.917638294759,0,3.8617548418009,15.4470193672036,1.02723580798897,0,508.333333333333,133.333333333333,10.2980129114691,34.7557935762081,0.432520340205882,1.24349597809191,0.01375,0.011,0.01375,0.01375,0,0,0,0
02/08/2013,0.00240233206681991,0.6,11.5037003388204,6,326.763476925256,0,0.857142857142857,3.42857142857143,0.12258064516129,0,508.333333333333,133.333333333333,2.28571428571429,7.71428571428572,0.0516129032258065,0.148387096774194,0.01375,0.011,0.01375,0.01375,0,0,0,0
03/08/2013,0.000992687917082677,0.6,11.500698101171,6,327.591217269194,0,0.857142857142857,3.42857142857143,0.12258064516129,0,508.333333333333,133.333333333333,2.28571428571429,7.71428571428572,0.0516129032258065,0.148387096774194,0.01375,0.011,0.01375,0.01375,0,0,0,0
04/08/2013,0,0,11.5000638266329,0,328.400614297865,0,0,0,0,0,508.333333333333,133.333333333333,0,0,0,0,0.01375,0.011,0.01375,0.01375,0,0,0,0
05/08/2013,0,0,11.5017977029648,0,329.191428412574,0,0,0,0,0,508.333333333333,133.333333333333,0,0,0,0,0.01375,0.011,0.01375,0.01375,0,0,0,0
06/08/2013,0,0,11.5058992169025,0,329.963425515561,0,0,0,0,0,508.333333333333,133.333333333333,0,0,0,0,0.01375,0.011,0.01375,0.01375,0,0,0,0
07/08/2013,0.000806728851510919,0.6,11.5123671543109,6,330.716377079302,0,0.857142857142857,3.42857142857143,0.12258064516129,0,508.333333333333,133.333333333333,2.28571428571429,7.71428571428572,0.0516129032258065,0.148387096774194,0.01375,0.011,0.01375,0.01375,0,0,0,0
08/08/2013,0.0155966181246726,0.297240152089085,11.5211996005432,26.5876696579422,331.450060214155,0,4.36957706915163,17.4783082766065,1.21413091598303,0,508.333333333333,133.333333333333,11.6522055177377,39.3261936223647,0.511213017256012,1.46973742461103,0.01375,0.011,0.01375,0.01375,0,0,0,0
09/08/2013,0.0209786745004466,0.216168117939891,11.532393941008,32.1005679800874,332.164257734344,0,4.60721379505799,18.428855180232,1.25101805823415,0,508.333333333333,133.333333333333,12.285903453488,41.464924155522,0.526744445572272,1.51439028102028,0.01375,0.011,0.01375,0.01375,0,0,0,0
10/08/2013,0.00048471612036786,0.221039547276445,11.5459468619428,31.7693107852017,332.858758222246,0,6.57914078897782,26.3165631559113,1.94950154946643,0,508.333333333333,133.333333333333,17.5443754372742,59.2122671008004,0.820842757670077,2.35992292830147,0.01375,0.011,0.01375,0.01375,0,0,0,0
11/08/2013,0.000363580023523,0.6,11.5618543513956,6,333.53335609098,0,0.857142857142857,3.42857142857143,0.12258064516129,0,508.333333333333,133.333333333333,2.28571428571429,7.71428571428572,0.0516129032258065,0.148387096774194,0.01375,0.011,0.01375,0.01375,0,0,0,0
12/08/2013,0,0,11.5801117004118,0,334.187851645262,0,0,0,0,0,508.333333333333,133.333333333333,0,0,0,0,0.01375,0.011,0.01375,0.01375,0,0,0,0
13/08/2013,0,0,11.6007135044287,0,334.822051140518,0,0,0,0,0,508.333333333333,133.333333333333,0,0,0,0,0.01375,0.011,0.01375,0.01375,0,0,0,0
14/08/2013,0,0,11.6236536648752,0,335.43576684024,0,0,0,0,0,508.333333333333,133.333333333333,0,0,0,0,0.01375,0.011,0.01375,0.01375,0,0,0,0
15/08/2013,8.89113451923308e-07,0.6,11.6489253909769,6,336.028817071558,0,0.857142857142857,3.42857142857143,0.12258064516129,0,508.333333333333,133.333333333333,2.28571428571429,7.71428571428572,0.0516129032258065,0.148387096774194,0.01375,0.011,0.01375,0.01375,0,0,0,0
16/08/2013,0,0,11.6765212017667,0,336.601026279017,0,0,0,0,0,508.333333333333,133.333333333333,0,0,0,0,0.01375,0.011,0.01375,0.01375,0,0,0,0
17/08/2013,0,0,11.706432928299,0,337.152225076551,0,0,0,0,0,508.333333333333,133.333333333333,0,0,0,0,0.01375,0.011,0.01375,0.01375,0,0,0,0
18/08/2013,0,0,11.7386517160679,0,337.682250297619,0,0,0,0,0,508.333333333333,133.333333333333,0,0,0,0,0.01375,0.011,0.01375,0.01375,0,0,0,0
19/08/2013,0,0,11.7731680276286,0,338.190945043506,0,0,0,0,0,508.333333333333,133.333333333333,0,0,0,0,0.01375,0.011,0.01375,0.01375,0,0,0,0
20/08/2013,0,0,11.8099716454204,0,338.678158729775,0,0,0,0,0,508.333333333333,133.333333333333,0,0,0,0,0.01375,0.011,0.01375,0.01375,0,0,0,0
21/08/2013,0,0,11.8490516747915,0,339.143747130835,0,0,0,0,0,508.333333333333,133.333333333333,0,0,0,0,0.01375,0.011,0.01375,0.01375,0,0,0,0
22/08/2013,0,0,11.8903965472238,0,339.587572422639,0,0,0,0,0,508.333333333333,133.333333333333,0,0,0,0,0.01375,0.011,0.01375,0.01375,0,0,0,0
23/08/2013,0,0,11.9339940237578,0,340.009503223483,0,0,0,0,0,508.333333333333,133.333333333333,0,0,0,0,0.01375,0.011,0.01375,0.01375,0,0,0,0
24/08/2013,0,0,11.9798311986152,0,340.409414632895,0,0,0,0,0,508.333333333333,133.333333333333,0,0,0,0,0.01375,0.011,0.01375,0.01375,0,0,0,0
25/08/2013,0,0,12.0278945030197,0,340.787188268613,0,0,0,0,0,508.333333333333,133.333333333333,0,0,0,0,0.01375,0.011,0.01375,0.01375,0,0,0,0
26/08/2013,0,0,12.0781697092131,0,341.142712301624,0,0,0,0,0,508.333333333333,133.333333333333,0,0,0,0,0.01375,0.011,0.01375,0.01375,0,0,0,0
27/08/2013,0,0,12.1306419346675,0,341.47588148927,0,0,0,0,0,508.333333333333,133.333333333333,0,0,0,0,0.01375,0.011,0.01375,0.01375,0,0,0,0
28/08/2013,0,0,12.1852956464909,0,341.7865972064,0,0,0,0,0,508.333333333333,133.333333333333,0,0,0,0,0.01375,0.011,0.01375,0.01375,0,0,0,0
29/08/2013,0,0,12.2421146660246,0,342.07476747457,0,0,0,0,0,508.333333333333,133.333333333333,0,0,0,0,0.01375,0.011,0.01375,0.01375,0,0,0,0
30/08/2013,0,0,12.3010821736331,0,342.340306989265,0,0,0,0,0,508.333333333333,133.333333333333,0,0,0,0,0.01375,0.011,0.01375,0.01375,0,0,0,0
31/08/2013,0,0,12.362180713683,0,342.583137145153,0,0,0,0,0,508.333333333333,133.333333333333,0,0,0,0,0.01375,0.011,0.01375,0.01375,0,0,0,0
01/09/2013,0,0,12.4253921997097,0,342.803186059355,0,0,0,0,0,508.333333333333,133.333333333333,0,0,0,0,0.01375,0.011,0.01375,0.01375,0,0,0,0
02/09/2013,0,0,12.4906979197721,0,343.000388592724,0,0,0,0,0,508.333333333333,133.333333333333,0,0,0,0,0.01375,0.011,0.01375,0.01375,0,0,0,0
03/09/2013,0,0,12.5580785419912,0,343.174686369124,0,0,0,0,0,508.333333333333,133.333333333333,0,0,0,0,0.01375,0.011,0.01375,0.01375,0,0,0,0
04/09/2013,0,0,12.6275141202729,0,343.326027792715,0,0,0,0,0,508.333333333333,133.333333333333,0,0,0,0,0.01375,0.011,0.01375,0.01375,0,0,0,0
05/09/2013,0,0,12.6989841002127,0,343.454368063225,0,0,0,0,0,508.333333333333,133.333333333333,0,0,0,0,0.01375,0.011,0.01375,0.01375,0,0,0,0
06/09/2013,0,0,12.7724673251798,0,343.559669189209,0,0,0,0,0,508.333333333333,133.333333333333,0,0,0,0,0.01375,0.011,0.01375,0.01375,0,0,0,0
07/09/2013,0,0,12.8479420425803,0,343.6418999993,0,0,0,0,0,508.333333333333,133.333333333333,0,0,0,0,0.01375,0.011,0.01375,0.01375,0,0,0,0
08/09/2013,0.00198748793208319,0.6,12.9253859102962,6,343.701036151433,0,1.2220228722791,4.88809148911641,0.203178736211997,0,508.333333333333,133.333333333333,3.25872765941094,10.9982058505119,0.0855489415629461,0.24595320699347,0.01375,0.011,0.01375,0.01375,0,0,0,0
09/09/2013,0,0,13.0047760032994,0,343.737060140052,0,0,0,0,0,508.333333333333,133.333333333333,0,0,0,0,0.01375,0.011,0.01375,0.01375,0,0,0,0
10/09/2013,0,0,13.0860888204375,0,343.749961301293,0,0,0,0,0,508.333333333333,133.333333333333,0,0,0,0,0.01375,0.011,0.01375,0.01375,0,0,0,0
11/09/2013,0,0,13.1693002913912,0,343.739735816136,0,0,0,0,0,508.333333333333,133.333333333333,0,0,0,0,0.01375,0.011,0.01375,0.01375,0,0,0,0
12/09/2013,0,0,13.2543857837993,0,343.706386711544,0,0,0,0,0,508.333333333333,133.333333333333,0,0,0,0,0.01375,0.011,0.01375,0.01375,0,0,0,0
13/09/2013,0,0,13.3413201105505,0,343.649923859559,0,0,0,0,0,508.333333333333,133.333333333333,0,0,0,0,0.01375,0.011,0.01375,0.01375,0,0,0,0
14/09/2013,0.00122311548650326,0.175079869407168,13.4300775372393,34.8945688803126,343.570363974383,0,7.56836573080816,30.2734629232326,2.28863920517575,0,508.333333333333,133.333333333333,20.1823086154884,68.1152915772734,0.963637560074,2.77045798521275,0.01375,0.011,0.01375,0.01375,0,0,0,0
15/09/2013,0.00429133756988697,0.182360329959468,13.5206317897838,34.3994975627562,343.46773060743,0,6.26934291703275,25.077371668131,1.82517436894532,0,508.333333333333,133.333333333333,16.718247778754,56.4240862532948,0.768494471134873,2.20942160451276,0.01375,0.011,0.01375,0.01375,0,0,0,0
16/09/2013,0,0,13.6129560622039,0,343.342054140356,0,0,0,0,0,508.333333333333,133.333333333333,0,0,0,0,0.01375,0.011,0.01375,0.01375,0,0,0,0
17/09/2013,0.0102461761350534,0.182489846568987,13.7070230245555,34.3906904333089,343.193371776061,0,6.04436870676692,24.1774748270677,1.76298970814954,0,508.333333333333,133.333333333333,16.1183165513784,54.3993183609023,0.742311456062964,2.13414543618102,0.01375,0.011,0.01375,0.01375,0,0,0,0
18/09/2013,0.0179560219275676,0.142489318684741,13.8028048310218,37.1107263294376,343.021727527679,0,6.07206079650262,24.2882431860105,1.73415441765429,0,508.333333333333,133.333333333333,16.192162124007,54.6485471685236,0.730170281117598,2.09923955821309,0.01375,0.011,0.01375,0.01375,0,0,0,0
19/09/2013,0,0,13.9002731281556,0,342.827172205552,0,0,0,0,0,508.333333333333,133.333333333333,0,0,0,0,0.01375,0.011,0.01375,0.01375,0,0,0,0
20/09/2013,0,0,13.9993990632724,0,342.609763402183,0,0,0,0,0,508.333333333333,133.333333333333,0,0,0,0,0.01375,0.011,0.01375,0.01375,0,0,0,0
21/09/2013,0,0,14.100153292992,0,342.369565475191,0,0,0,0,0,508.333333333333,133.333333333333,0,0,0,0,0.01375,0.011,0.01375,0.01375,0,0,0,0
22/09/2013,0,0,14.2025059919243,0,342.10664952826,0,0,0,0,0,508.333333333333,133.333333333333,0,0,0,0,0.01375,0.011,0.01375,0.01375,0,0,0,0
23/09/2013,0,0,14.3064268614986,0,341.821093390089,0,0,0,0,0,508.333333333333,133.333333333333,0,0,0,0,0.01375,0.011,0.01375,0.01375,0,0,0,0
24/09/2013,0,0,14.4118851389321,0,341.512981591355,0,0,0,0,0,508.333333333333,133.333333333333,0,0,0,0,0.01375,0.011,0.01375,0.01375,0,0,0,0
25/09/2013,0,0,14.5188496063369,0,341.182405339689,0,0,0,0,0,508.333333333333,133.333333333333,0,0,0,0,0.01375,0.011,0.01375,0.01375,0,0,0,0
26/09/2013,0,0,14.6272885999607,0,340.829462492675,0,0,0,0,0,508.333333333333,133.333333333333,0,0,0,0,0.01375,0.011,0.01375,0.01375,0,0,0,0
27/09/2013,0,0,14.7371700195604,0,340.454257528887,0,0,0,0,0,508.333333333333,133.333333333333,0,0,0,0,0.01375,0.011,0.01375,0.01375,0,0,0,0
28/09/2013,0,0,14.8484613379039,0,340.056901516956,0,0,0,0,0,508.333333333333,133.333333333333,0,0,0,0,0.01375,0.011,0.01375,0.01375,0,0,0,0
29/09/2013,0,0,14.9611296103994,0,339.637512082693,0,0,0,0,0,508.333333333333,133.333333333333,0,0,0,0,0.01375,0.011,0.01375,0.01375,0,0,0,0
30/09/2013,0,0,15.0751414848473,0,339.19621337427,0,0,0,0,0,508.333333333333,133.333333333333,0,0,0,0,0.01375,0.011,0.01375,0.01375,0,0,0,0
01/10/2013,0,0,15.1904632113135,0,338.73313602547,0,0,0,0,0,508.333333333333,133.333333333333,0,0,0,0,0.01375,0.011,0.01375,0.01375,0,0,0,0
02/10/2013,0,0,15.3070606521197,0,338.248417117015,0,0,0,0,0,508.333333333333,133.333333333333,0,0,0,0,0.01375,0.011,0.01375,0.01375,0,0,0,0
03/10/2013,0,0,15.4248992919492,0,337.742200135988,0,0,0,0,0,508.333333333333,133.333333333333,0,0,0,0,0.01375,0.011,0.01375,0.01375,0,0,0,0
04/10/2013,0.00146586659166617,0.138867642580998,15.5439442480639,37.3570003044921,337.214634933357,0,7.84770337616805,31.3908135046722,2.36853182655657,0,508.333333333333,133.333333333333,20.9272090031148,70.6293303855125,0.997276558550136,2.86717010583164,0.01375,0.011,0.01375,0.01375,0,0,0,0
05/10/2013,0.00437357130237394,0.109887771246605,15.6641602806307,39.3276315552308,336.665877679617,0,8.05810481788624,32.232419271545,2.42494781689625,0,508.333333333333,133.333333333333,21.4882795143633,72.5229433609762,1.02103065974579,2.93546314676915,0.01375,0.011,0.01375,0.01375,0,0,0,0
06/10/2013,0,0,15.7855118031529,0,336.096090818561,0,0,0,0,0,508.333333333333,133.333333333333,0,0,0,0,0.01375,0.011,0.01375,0.01375,0,0,0,0
07/10/2013,0,0,15.9079628930047,0,335.50544301919,0,0,0,0,0,508.333333333333,133.333333333333,0,0,0,0,0.01375,0.011,0.01375,0.01375,0,0,0,0
08/10/2013,0,0,16.0314773020651,0,334.894109125787,0,0,0,0,0,508.333333333333,133.333333333333,0,0,0,0,0.01375,0.011,0.01375,0.01375,0,0,0,0
09/10/2013,0,0,16.1560184674478,0,334.262270106158,0,0,0,0,0,508.333333333333,133.333333333333,0,0,0,0,0.01375,0.011,0.01375,0.01375,0,0,0,0
10/10/2013,0,0,16.2815495223251,0,333.610112998059,0,0,0,0,0,508.333333333333,133.333333333333,0,0,0,0,0.01375,0.011,0.01375,0.01375,0,0,0,0
11/10/2013,0,0,16.408033306841,0,332.937830853834,0,0,0,0,0,508.333333333333,133.333333333333,0,0,0,0,0.01375,0.011,0.01375,0.01375,0,0,0,0
12/10/2013,0,0,16.5354323791111,0,332.245622683264,0,0,0,0,0,508.333333333333,133.333333333333,0,0,0,0,0.01375,0.011,0.01375,0.01375,0,0,0,0
13/10/2013,0,0,16.6637090263067,0,331.533693394657,0,0,0,0,0,508.333333333333,133.333333333333,0,0,0,0,0.01375,0.011,0.01375,0.01375,0,0,0,0
14/10/2013,0.000169097058679669,0.144901719220396,16.792825275818,36.9466830930131,330.802253734189,0,7.75798526382518,31.0319410553007,2.33052310558629,0,508.333333333333,133.333333333333,20.6879607035338,69.8218673744266,0.981272886562647,2.82115954886761,0.01375,0.011,0.01375,0.01375,0,0,0,0
15/10/2013,0.0016091731622275,0.118206243631119,16.9227429064953,38.7619754330839,330.051520223521,0,7.98680362601898,31.9472145040759,2.40251477523995,0,508.333333333333,133.333333333333,21.2981430027173,71.8812326341709,1.01158516852208,2.90830735950099,0.01375,0.011,0.01375,0.01375,0,0,0,0
16/10/2013,0,0,17.053423459963,0,329.281715095704,0,0,0,0,0,508.333333333333,133.333333333333,0,0,0,0,0.01375,0.011,0.01375,0.01375,0,0,0,0
17/10/2013,0,0,17.1848282520041,0,328.49306622939,0,0,0,0,0,508.333333333333,133.333333333333,0,0,0,0,0.01375,0.011,0.01375,0.01375,0,0,0,0
18/10/2013,0,0,17.3169183840117,0,327.685807081381,0,0,0,0,0,508.333333333333,133.333333333333,0,0,0,0,0.01375,0.011,0.01375,0.01375,0,0,0,0
19/10/2013,0,0,17.4496547545038,0,326.860176617513,0,0,0,0,0,508.333333333333,133.333333333333,0,0,0,0,0.01375,0.011,0.01375,0.01375,0,0,0,0
20/10/2013,0,0,17.5829980706979,0,326.016419241926,0,0,0,0,0,508.333333333333,133.333333333333,0,0,0,0,0.01375,0.011,0.01375,0.01375,0,0,0,0
21/10/2013,0,0,17.7169088601428,0,325.154784724706,0,0,0,0,0,508.333333333333,133.333333333333,0,0,0,0,0.01375,0.011,0.01375,0.01375,0,0,0,0
22/10/2013,0,0,17.8513474824032,0,324.275528127956,0,0,0,0,0,508.333333333333,133.333333333333,0,0,0,0,0.01375,0.011,0.01375,0.01375,0,0,0,0
23/10/2013,0,0,17.986274140794,0,323.378909730285,0,0,0,0,0,508.333333333333,133.333333333333,0,0,0,0,0.01375,0.011,0.01375,0.01375,0,0,0,0
24/10/2013,0.00279634753243692,0.111397082315809,18.1216488941613,39.224998402525,322.465194949768,0,8.04516786586449,32.180671463458,2.42087754575479,0,508.333333333333,133.333333333333,21.4537809756386,72.4065107927804,1.01931686137044,2.93053597644,0.01375,0.011,0.01375,0.01375,0,0,0,0
25/10/2013,0,0,18.2574316687051,0,321.534654265367,0,0,0,0,0,508.333333333333,133.333333333333,0,0,0,0,0.01375,0.011,0.01375,0.01375,0,0,0,0
26/10/2013,0,0,18.393582269843,0,320.587563136873,0,0,0,0,0,508.333333333333,133.333333333333,0,0,0,0,0.01375,0.011,0.01375,0.01375,0,0,0,0
27/10/2013,0,0,18.5300603941077,0,319.624201923357,0,0,0,0,0,508.333333333333,133.333333333333,0,0,0,0,0.01375,0.011,0.01375,0.01375,0,0,0,0
28/10/2013,0,0,18.6668256410784,0,318.644855800181,0,0,0,0,0,508.333333333333,133.333333333333,0,0,0,0,0.01375,0.011,0.01375,0.01375,0,0,0,0
29/10/2013,0,0,18.8038375253397,0,317.64981467458,0,0,0,0,0,508.333333333333,133.333333333333,0,0,0,0,0.01375,0.011,0.01375,0.01375,0,0,0,0
30/10/2013,0.00561992140577383,0.130730318865392,18.9410554884664,37.9103383171533,316.639373099842,0,8.00804562753781,32.0321825101512,2.44229987974398,0,508.333333333333,133.333333333333,21.3547883401008,72.0724106478403,1.02833679147115,2.95646827547955,0.01375,0.011,0.01375,0.01375,0,0,0,0
31/10/2013,0.0140995094232602,0.121421119028844,19.0784389110296,38.5433639060386,315.613830188116,0,6.74707843434965,26.9883137373986,1.96386346100568,0,508.333333333333,133.333333333333,17.9922091582657,60.7237059091468,0.826889878318182,2.37730840016477,0.01375,0.011,0.01375,0.01375,0,0,0,0
01/11/2013,0,0,19.2159471246209,0,314.573489521866,0,0,0,0,0,508.333333333333,133.333333333333,0,0,0,0,0.01375,0.011,0.01375,0.01375,0,0,0,0
02/11/2013,0,0,19.353539423891,0,313.518659064006,0,0,0,0,0,508.333333333333,133.333333333333,0,0,0,0,0.01375,0.011,0.01375,0.01375,0,0,0,0
03/11/2013,0,0,19.4911750785997,0,312.449651066735,0,0,0,0,0,508.333333333333,133.333333333333,0,0,0,0,0.01375,0.011,0.01375,0.01375,0,0,0,0
04/11/2013,0,0,19.6288133456723,0,311.366781979106,0,0,0,0,0,508.333333333333,133.333333333333,0,0,0,0,0.01375,0.011,0.01375,0.01375,0,0,0,0
05/11/2013,0,0,19.7664134812612,0,310.270372353347,0,0,0,0,0,508.333333333333,133.333333333333,0,0,0,0,0.01375,0.011,0.01375,0.01375,0,0,0,0
06/11/2013,0,0,19.9039347528061,0,309.160746749974,0,0,0,0,0,508.333333333333,133.333333333333,0,0,0,0,0.01375,0.011,0.01375,0.01375,0,0,0,0
07/11/2013,0,0,20.0413364510926,0,308.038233641712,0,0,0,0,0,508.333333333333,133.333333333333,0,0,0,0,0.01375,0.011,0.01375,0.01375,0,0,0,0
08/11/2013,0,0,20.178577902302,0,306.903165316262,0,0,0,0,0,508.333333333333,133.333333333333,0,0,0,0,0.01375,0.011,0.01375,0.01375,0,0,0,0
09/11/2013,0,0,20.3156184800527,0,305.755877777935,0,0,0,0,0,508.333333333333,133.333333333333,0,0,0,0,0.01375,0.011,0.01375,0.01375,0,0,0,0
10/11/2013,0,0,20.4524176174254,0,304.596710648189,0,0,0,0,0,508.333333333333,133.333333333333,0,0,0,0,0.01375,0.011,0.01375,0.01375,0,0,0,0
11/11/2013,0.0296842327927869,0.149957672753017,20.5889348189725,36.6028782527949,303.42600706509,0,5.83985975138412,23.3594390055365,1.68824707458576,0,508.333333333333,133.333333333333,15.5729593370243,52.558737762457,0.710840873509794,2.04366751134066,0.01375,0.011,0.01375,0.01375,0,0,0,0
12/11/2013,0.0579620098427611,0.123954904724736,20.7251296727055,38.371066478718,302.244113581744,0,5.44301641512493,21.7720656604997,1.50532640008103,0,508.333333333333,133.333333333333,14.5147104403331,48.9871477361244,0.63382164213938,1.82223722115072,0.01375,0.011,0.01375,0.01375,0,0,0,0
13/11/2013,0.0181051948847972,0.116486030774025,20.8609618620575,38.8789499073663,301.051380063702,0,6.60942836412168,26.4377134564867,1.91207181043881,0,508.333333333333,133.333333333333,17.6251423043245,59.4848552770951,0.805082867553183,2.3146132442154,0.01375,0.011,0.01375,0.01375,0,0,0,0
14/11/2013,0.00493186127586981,0.106752320297595,20.996391177818,39.5408422197636,299.848159585395,0,8.0849801117349,32.3399204469396,2.43340342010068,0,508.333333333333,133.333333333333,21.5599469646264,72.7648210056141,1.0245909137266,2.94569887696398,0.01375,0.011,0.01375,0.01375,0,0,0,0
15/11/2013,0,0,21.1313775300357,0,298.634808325618,0,0,0,0,0,508.333333333333,133.333333333333,0,0,0,0,0.01375,0.011,0.01375,0.01375,0,0,0,0
16/11/2013,0.000415451205269872,0.138805020436066,21.2658809598859,37.3612586103475,297.411685462092,0,7.81024268197658,31.2409707279063,2.34696452553371,0,508.333333333333,133.333333333333,20.8273138186042,70.2921841377892,0.988195589698402,2.84106232038291,0.01375,0.011,0.01375,0.01375,0,0,0,0
17/11/2013,0.0126425256508515,0.154588006357708,21.399861651499,36.2880155676759,296.17915306514,0,5.95382788058044,23.8153115223218,1.70904443768401,0,508.333333333333,133.333333333333,15.8768743482145,53.584450925224,0.719597657972215,2.06884326667012,0.01375,0.011,0.01375,0.01375,0,0,0,0
18/11/2013,0.0872841207127955,0.12123173590269,21.5332799437473,38.5562419586171,294.937575990505,0,6.62255126152486,26.4902050460994,2.04882521638913,0,508.333333333333,133.333333333333,17.6601366973996,59.6029613537237,0.862663249005948,2.4801568408921,0.01375,0.011,0.01375,0.01375,0,0,0,0
19/11/2013,0.246435497175223,0.129314949466109,21.666096341985,38.0065834363046,293.68732177135,0,6.6657025888035,26.662810355214,2.10361996713358,0,508.333333333333,133.333333333333,17.775206903476,59.9913232992315,0.885734723003613,2.54648732863539,0.01375,0.011,0.01375,0.01375,0,0,0,0
20/11/2013,0.140138258871063,0.17203358041913,21.7982715297398,35.1017165314992,292.428760509454,0,5.66256087894935,22.6502435157974,1.70550563231159,0,508.333333333333,133.333333333333,15.1001623438649,50.9630479105441,0.718107634657511,2.06455944964034,0.01375,0.011,0.01375,0.01375,0,0,0,0
21/11/2013,0.00562962467980646,0.521424210650595,21.9297663803513,11.3431536757595,291.162264765657,0,2.04147372703829,8.16589490815318,0.529662012093738,0,508.333333333333,133.333333333333,5.44392993876879,18.3732635433446,0.223015584039469,0.641169804113473,0.01375,0.011,0.01375,0.01375,0,0,0,0
22/11/2013,0.015896500434538,0.397104674703505,22.0605419685534,19.7968821201616,289.888209449576,0,2.98970418159451,11.958816726378,0.778172333505582,0,508.333333333333,133.333333333333,7.97254448425203,26.9073376343506,0.327651508844455,0.941998087927809,0.01375,0.011,0.01375,0.01375,0,0,0,0
23/11/2013,0.0908817885538651,0.185248533706425,22.1905595819968,34.2030997079631,288.606971708621,0,5.84382113692719,23.3752845477088,1.78886514126327,0,508.333333333333,133.333333333333,15.5835230318058,52.5943902323447,0.753206375268744,2.16546832889764,0.01375,0.011,0.01375,0.01375,0,0,0,0
24/11/2013,0.052553880770573,0.237915799328613,22.3197807327088,30.6217256456543,287.31893081635,0,4.34549665109785,17.3819866043914,1.18013402904528,0,508.333333333333,133.333333333333,11.5879910695943,39.1094698598807,0.496898538545382,1.42858329831797,0.01375,0.011,0.01375,0.01375,0,0,0,0
25/11/2013,0.0106495663255164,0.405838762869644,22.4481671684868,19.2029641248642,286.024468060202,0,2.87826307824284,11.5130523129714,0.737526354344059,0,508.333333333333,133.333333333333,7.67536820864758,25.9043677041856,0.310537412355393,0.892795060521755,0.01375,0.011,0.01375,0.01375,0,0,0,0
26/11/2013,0.00396721011285554,0.575579773165518,22.5756808842214,7.66057542474479,284.723966628621,0,0.96180097214778,3.84720388859112,0.146528222444137,0,508.333333333333,133.333333333333,2.56480259239408,8.65620874933003,0.0616960936606894,0.177376269274482,0.01375,0.011,0.01375,0.01375,0,0,0,0
27/11/2013,0.000651577581166096,0.516895548265366,22.7022841331467,11.6511027179551,283.417811497628,0,1.61030448323827,6.4412179329531,0.345482465766301,0,508.333333333333,133.333333333333,4.2941452886354,14.4927403491445,0.145466301375284,0.418215616453943,0.01375,0.011,0.01375,0.01375,0,0,0,0
28/11/2013,0,0,22.8279394380145,0,282.10638931686,0,0,0,0,0,508.333333333333,133.333333333333,0,0,0,0,0.01375,0.011,0.01375,0.01375,0,0,0,0
29/11/2013,0.00354726435282706,0.566011341622798,22.9526096021881,8.31122876964972,280.79008829511,0,1.00280853590229,4.01123414360917,0.155911458537643,0,508.333333333333,133.333333333333,2.67415609573945,9.02527682312064,0.0656469299105865,0.188734923492936,0.01375,0.011,0.01375,0.01375,0,0,0,0
30/11/2013,0.0095371623868695,0.312055612443912,23.0762577206533,25.580218353814,279.469298085414,0,4.00104516232353,16.0041806492941,1.09037261910565,0,508.333333333333,133.333333333333,10.6694537661961,36.0094064609117,0.459104260676064,1.31992474944368,0.01375,0.011,0.01375,0.01375,0,0,0,0
01/12/2013,0.0106829654826054,0.237589218245662,23.1988471909432,30.643933159295,278.144409669701,0,4.92046979954895,19.6818791981958,1.37479333823616,0,508.333333333333,133.333333333333,13.1212527987972,44.2842281959405,0.57886035294154,1.66422351470693,0.01375,0.011,0.01375,0.01375,0,0,0,0
02/12/2013,0,0,23.3203417239731,0,276.815815243058,0,0,0,0,0,508.333333333333,133.333333333333,0,0,0,0,0.01375,0.011,0.01375,0.01375,0,0,0,0
03/12/2013,0,0,23.4407053547832,0,275.483908097629,0,0,0,0,0,508.333333333333,133.333333333333,0,0,0,0,0.01375,0.011,0.01375,0.01375,0,0,0,0
04/12/2013,0,0,23.5599024531845,0,274.149082506192,0,0,0,0,0,508.333333333333,133.333333333333,0,0,0,0,0.01375,0.011,0.01375,0.01375,0,0,0,0
05/12/2013,0,0,23.6778977343065,0,272.811733605447,0,0,0,0,0,508.333333333333,133.333333333333,0,0,0,0,0.01375,0.011,0.01375,0.01375,0,0,0,0
06/12/2013,0.00146111398709206,0.116174842273729,23.794656269042,38.9001107253864,271.472257279049,0,8.00421563765375,32.016862550615,2.4079930059973,0,508.333333333333,133.333333333333,21.3445750337433,72.0379407388838,1.01389179199886,2.91493890199673,0.01375,0.011,0.01375,0.01375,0,0,0,0
07/12/2013,0,0,23.9101434943871,0,270.131050040415,0,0,0,0,0,508.333333333333,133.333333333333,0,0,0,0,0.01375,0.011,0.01375,0.01375,0,0,0,0
08/12/2013,0,0,24.0243252236724,0,268.788508915348,0,0,0,0,0,508.333333333333,133.333333333333,0,0,0,0,0.01375,0.011,0.01375,0.01375,0,0,0,0
09/12/2013,0,0,24.137167656683,0,267.445031324511,0,0,0,0,0,508.333333333333,133.333333333333,0,0,0,0,0.01375,0.011,0.01375,0.01375,0,0,0,0
10/12/2013,0,0,24.2486373896641,0,266.101014965779,0,0,0,0,0,508.333333333333,133.333333333333,0,0,0,0,0.01375,0.011,0.01375,0.01375,0,0,0,0
11/12/2013,0,0,24.3587014252095,0,264.756857696517,0,0,0,0,0,508.333333333333,133.333333333333,0,0,0,0,0.01375,0.011,0.01375,0.01375,0,0,0,0
12/12/2013,0,0,24.4673271820289,0,263.412957415799,0,0,0,0,0,508.333333333333,133.333333333333,0,0,0,0,0.01375,0.011,0.01375,0.01375,0,0,0,0
13/12/2013,0,0,24.5744825045931,0,262.069711946626,0,0,0,0,0,508.333333333333,133.333333333333,0,0,0,0,0.01375,0.011,0.01375,0.01375,0,0,0,0
14/12/2013,0,0,24.680135672653,0,260.727518918163,0,0,0,0,0,508.333333333333,133.333333333333,0,0,0,0,0.01375,0.011,0.01375,0.01375,0,0,0,0
15/12/2013,0,0,24.7842554106286,0,259.386775648026,0,0,0,0,0,508.333333333333,133.333333333333,0,0,0,0,0.01375,0.011,0.01375,0.01375,0,0,0,0
16/12/2013,0,0,24.8868108968681,0,258.047879024676,0,0,0,0,0,508.333333333333,133.333333333333,0,0,0,0,0.01375,0.011,0.01375,0.01375,0,0,0,0
17/12/2013,0,0,24.9877717727713,0,256.711225389925,0,0,0,0,0,508.333333333333,133.333333333333,0,0,0,0,0.01375,0.011,0.01375,0.01375,0,0,0,0
18/12/2013,0,0,25.0871081517765,0,255.377210421614,0,0,0,0,0,508.333333333333,133.333333333333,0,0,0,0,0.01375,0.011,0.01375,0.01375,0,0,0,0
19/12/2013,0,0,25.1847906282074,0,254.046229016481,0,0,0,0,0,508.333333333333,133.333333333333,0,0,0,0,0.01375,0.011,0.01375,0.01375,0,0,0,0
20/12/2013,0,0,25.2807902859783,0,252.718675173266,0,0,0,0,0,508.333333333333,133.333333333333,0,0,0,0,0.01375,0.011,0.01375,0.01375,0,0,0,0
21/12/2013,0,0,25.3750787071532,0,251.394941876079,0,0,0,0,0,508.333333333333,133.333333333333,0,0,0,0,0.01375,0.011,0.01375,0.01375,0,0,0,0
22/12/2013,0,0,25.4676279803587,0,250.075420978066,0,0,0,0,0,508.333333333333,133.333333333333,0,0,0,0,0.01375,0.011,0.01375,0.01375,0,0,0,0
23/12/2013,0,0,25.5584107090458,0,248.760503085413,0,0,0,0,0,508.333333333333,133.333333333333,0,0,0,0,0.01375,0.011,0.01375,0.01375,0,0,0,0
24/12/2013,0,0,25.6474000196006,0,247.45057744172,0,0,0,0,0,508.333333333333,133.333333333333,0,0,0,0,0.01375,0.011,0.01375,0.01375,0,0,0,0
25/12/2013,0,0,25.7345695692986,0,246.146031812774,0,0,0,0,0,508.333333333333,133.333333333333,0,0,0,0,0.01375,0.011,0.01375,0.01375,0,0,0,0
26/12/2013,0.0141158510346183,0.152628427996708,25.8198935541034,36.4212668962239,244.847252371766,0,6.38168277205667,25.5267310882267,1.87159165177063,0,508.333333333333,133.333333333333,17.0178207254845,57.4351449485101,0.788038590219215,2.26561094688024,0.01375,0.011,0.01375,0.01375,0,0,0,0
27/12/2013,0.0273007061478061,0.127800277829252,25.9033467163048,38.1095811076109,243.55462358497,0,5.89997239294933,23.5998895717973,1.66483644864743,0,508.333333333333,133.333333333333,15.7332597145315,53.099751536544,0.700983767851549,2.0153283325732,0.01375,0.011,0.01375,0.01375,0,0,0,0
28/12/2013,0,0,25.984904351996,0,242.268528097937,0,0,0,0,0,508.333333333333,133.333333333333,0,0,0,0,0.01375,0.011,0.01375,0.01375,0,0,0,0
29/12/2013,0,0,26.0645423183859,0,240.989346622224,0,0,0,0,0,508.333333333333,133.333333333333,0,0,0,0,0.01375,0.011,0.01375,0.01375,0,0,0,0
30/12/2013,0,0,26.1422370409468,0,239.717457822691,0,0,0,0,0,508.333333333333,133.333333333333,0,0,0,0,0.01375,0.011,0.01375,0.01375,0,0,0,0
31/12/2013,0,0,26.2179655203918,0,238.453238205414,0,0,0,0,0,508.333333333333,133.333333333333,0,0,0,0,0.01375,0.011,0.01375,0.01375,0,0,0,0
01/01/2014,0,0,26.3051371179797,0,236.96541410873,0,0,0,0,0,508.333333333333,133.333333333333,0,0,0,0,0.01375,0.011,0.01375,0.01375,0,0,0,0
02/01/2014,0,0,26.3764918925008,0,235.719251726306,0,0,0,0,0,508.333333333333,133.333333333333,0,0,0,0,0.01375,0.011,0.01375,0.01375,0,0,0,0
03/01/2014,0,0,26.4458110794992,0,234.481942079986,0,0,0,0,0,508.333333333333,133.333333333333,0,0,0,0,0.01375,0.011,0.01375,0.01375,0,0,0,0
04/01/2014,0,0,26.5130741590243,0,233.253851439682,0,0,0,0,0,508.333333333333,133.333333333333,0,0,0,0,0.01375,0.011,0.01375,0.01375,0,0,0,0
05/01/2014,0,0,26.5782612197774,0,232.035343346284,0,0,0,0,0,508.333333333333,133.333333333333,0,0,0,0,0.01375,0.011,0.01375,0.01375,0,0,0,0
06/01/2014,0,0,26.6413529650052,0,230.826778504046,0,0,0,0,0,508.333333333333,133.333333333333,0,0,0,0,0.01375,0.011,0.01375,0.01375,0,0,0,0
07/01/2014,0,0,26.7023307182122,0,229.628514673805,0,0,0,0,0,508.333333333333,133.333333333333,0,0,0,0,0.01375,0.011,0.01375,0.01375,0,0,0,0
08/01/2014,0.00450547738061869,0.168938368264197,26.7611764286895,35.3121909580346,228.440906567085,0,6.84522208646936,27.3808883458774,2.03713320987711,0,508.333333333333,133.333333333333,18.2539255639183,61.6069987782242,0.857740298895627,2.46600335932493,0.01375,0.011,0.01375,0.01375,0,0,0,0
09/01/2014,0.00733691045276055,0.134932227733339,26.817872676858,37.624608514133,227.264305741087,0,6.72505722154923,26.9002288861969,1.96326020542987,0,508.333333333333,133.333333333333,17.9334859241313,60.5255149939431,0.826635875970472,2.37657814341511,0.01375,0.011,0.01375,0.01375,0,0,0,0
10/01/2014,0,0,26.8724026794253,0,226.099060494622,0,0,0,0,0,508.333333333333,133.333333333333,0,0,0,0,0.01375,0.011,0.01375,0.01375,0,0,0,0
11/01/2014,0,0,26.9247502943533,0,224.945515765012,0,0,0,0,0,508.333333333333,133.333333333333,0,0,0,0,0.01375,0.011,0.01375,0.01375,0,0,0,0
12/01/2014,0,0,26.9749000256372,0,223.804013025974,0,0,0,0,0,508.333333333333,133.333333333333,0,0,0,0,0.01375,0.011,0.01375,0.01375,0,0,0,0
13/01/2014,0,0,27.0228370278924,0,222.674890186543,0,0,0,0,0,508.333333333333,133.333333333333,0,0,0,0,0.01375,0.011,0.01375,0.01375,0,0,0,0
14/01/2014,0,0,27.0685471107489,0,221.55848149104,0,0,0,0,0,508.333333333333,133.333333333333,0,0,0,0,0.01375,0.011,0.01375,0.01375,0,0,0,0
15/01/2014,0,0,27.1120167430522,0,220.45511742013,0,0,0,0,0,508.333333333333,133.333333333333,0,0,0,0,0.01375,0.011,0.01375,0.01375,0,0,0,0
16/01/2014,0,0,27.1532330568687,0,219.365124592991,0,0,0,0,0,508.333333333333,133.333333333333,0,0,0,0,0.01375,0.011,0.01375,0.01375,0,0,0,0
17/01/2014,0,0,27.1921838512949,0,218.28882567063,0,0,0,0,0,508.333333333333,133.333333333333,0,0,0,0,0.01375,0.011,0.01375,0.01375,0,0,0,0
18/01/2014,0,0,27.2288575960691,0,217.226539260369,0,0,0,0,0,508.333333333333,133.333333333333,0,0,0,0,0.01375,0.011,0.01375,0.01375,0,0,0,0
19/01/2014,0,0,27.2632434349846,0,216.178579821526,0,0,0,0,0,508.333333333333,133.333333333333,0,0,0,0,0.01375,0.011,0.01375,0.01375,0,0,0,0
20/01/2014,0,0,27.2953311891033,0,215.145257572335,0,0,0,0,0,508.333333333333,133.333333333333,0,0,0,0,0.01375,0.011,0.01375,0.01375,0,0,0,0
21/01/2014,0.0190198775757545,0.152817423962381,27.3251113597692,36.4084151705581,214.126878398107,0,6.13810924295026,24.5524369718011,1.79327159427628,0,508.333333333333,133.333333333333,16.368291314534,55.2429831865524,0.755061723905802,2.17080245622918,0.01375,0.011,0.01375,0.01375,0,0,0,0
22/01/2014,0.0358605900850631,0.123991478781138,27.3525751314198,38.3685794428826,213.12374376069,0,5.40989010629898,21.6395604251959,1.48758643643214,0,508.333333333333,133.333333333333,14.4263736167973,48.6890109566909,0.6263521837609,1.80076252831259,0.01375,0.011,0.01375,0.01375,0,0,0,0
23/01/2014,0.000508188249152147,0.125917168763766,27.3777143741959,38.2376325240639,212.136150609223,0,7.92070998202487,31.6828399280995,2.38172015133385,0,508.333333333333,133.333333333333,21.1218932853996,71.2863898382238,1.00282953740372,2.88313492003571,0.01375,0.011,0.01375,0.01375,0,0,0,0
24/01/2014,0.000919390437063087,0.117711815172456,27.4005216463481,38.795596568273,211.164391292236,0,7.99104158423609,31.9641663369444,2.40384813714783,0,508.333333333333,133.333333333333,21.3094442246296,71.9193742581248,1.01214658406224,2.90992142917895,0.01375,0.011,0.01375,0.01375,0,0,0,0
25/01/2014,0.00146643835492811,0.111172287857392,27.4209901964399,39.2402844256973,210.208753471109,0,8.04709467550807,32.1883787020323,2.4214837656491,0,508.333333333333,133.333333333333,21.4589191346882,72.4238520795726,1.01957211185225,2.93126982157522,0.01375,0.011,0.01375,0.01375,0,0,0,0
26/01/2014,0.00606010515538953,0.131709364812514,27.4391139653462,37.8437631927491,209.269520034914,0,6.84169844235057,27.3667937694023,2.00310739988647,0,508.333333333333,133.333333333333,18.2445291796015,61.5752859811551,0.843413642057463,2.42481422091521,0.01375,0.011,0.01375,0.01375,0,0,0,0
27/01/2014,0,0,27.4548875880467,0,208.346969016682,0,0,0,0,0,508.333333333333,133.333333333333,0,0,0,0,0.01375,0.011,0.01375,0.01375,0,0,0,0
28/01/2014,0,0,27.4683063952143,0,207.441373511089,0,0,0,0,0,508.333333333333,133.333333333333,0,0,0,0,0.01375,0.011,0.01375,0.01375,0,0,0,0
29/01/2014,0,0,27.4793664145975,0,206.553001593623,0,0,0,0,0,508.333333333333,133.333333333333,0,0,0,0,0.01375,0.011,0.01375,0.01375,0,0,0,0
30/01/2014,0,0,27.4880643721958,0,205.682116241223,0,0,0,0,0,508.333333333333,133.333333333333,0,0,0,0,0.01375,0.011,0.01375,0.01375,0,0,0,0
31/01/2014,0,0,27.4943976932292,0,204.828975254433,0,0,0,0,0,508.333333333333,133.333333333333,0,0,0,0,0.01375,0.011,0.01375,0.01375,0,0,0,0
01/02/2014,0,0,27.4983645029001,0,203.993831181091,0,0,0,0,0,508.333333333333,133.333333333333,0,0,0,0,0.01375,0.011,0.01375,0.01375,0,0,0,0
02/02/2014,0,0,27.4999636269489,0,203.176931241564,0,0,0,0,0,508.333333333333,133.333333333333,0,0,0,0,0.01375,0.011,0.01375,0.01375,0,0,0,0
03/02/2014,0,0,27.4991945920008,0,202.37851725557,0,0,0,0,0,508.333333333333,133.333333333333,0,0,0,0,0.01375,0.011,0.01375,0.01375,0,0,0,0
04/02/2014,0,0,27.4960576257065,0,201.59882557059,0,0,0,0,0,508.333333333333,133.333333333333,0,0,0,0,0.01375,0.011,0.01375,0.01375,0,0,0,0
05/02/2014,0.00123239784276264,0.113460034450209,27.4905536566747,39.0847176573858,200.838086991908,0,8.02748541899821,32.1099416759928,2.41531422967621,0,508.333333333333,133.333333333333,21.4066277839952,72.2473687709839,1.01697441249525,2.92380143592383,0.01375,0.011,0.01375,0.01375,0,0,0,0
06/02/2014,0.00089547172942601,0.117183711324337,27.4826843141968,38.8315076299451,200.096526714289,0,7.99556818864854,31.9822727545942,2.40527231397695,0,508.333333333333,133.333333333333,21.3215151697295,71.9601136978369,1.01274623746398,2.91164543270894,0.01375,0.011,0.01375,0.01375,0,0,0,0
07/02/2014,0,0,27.4724519277653,0,199.374364255309,0,0,0,0,0,508.333333333333,133.333333333333,0,0,0,0,0.01375,0.011,0.01375,0.01375,0,0,0,0
08/02/2014,0,0,27.4598595263838,0,198.671813390382,0,0,0,0,0,508.333333333333,133.333333333333,0,0,0,0,0.01375,0.011,0.01375,0.01375,0,0,0,0
09/02/2014,0,0,27.4449108376702,0,197.989082089472,0,0,0,0,0,508.333333333333,133.333333333333,0,0,0,0,0.01375,0.011,0.01375,0.01375,0,0,0,0
10/02/2014,0,0,27.4276102867536,0,197.326372455532,0,0,0,0,0,508.333333333333,133.333333333333,0,0,0,0,0.01375,0.011,0.01375,0.01375,0,0,0,0
11/02/2014,0,0,27.4079629949642,0,196.683880664676,0,0,0,0,0,508.333333333333,133.333333333333,0,0,0,0,0.01375,0.011,0.01375,0.01375,0,0,0,0
12/02/2014,0,0,27.3859747783173,0,196.061796908109,0,0,0,0,0,508.333333333333,133.333333333333,0,0,0,0,0.01375,0.011,0.01375,0.01375,0,0,0,0
13/02/2014,0,0,27.3616521457917,0,195.460305335824,0,0,0,0,0,508.333333333333,133.333333333333,0,0,0,0,0.01375,0.011,0.01375,0.01375,0,0,0,0
14/02/2014,0,0,27.3350022974027,0,194.87958400209,0,0,0,0,0,508.333333333333,133.333333333333,0,0,0,0,0.01375,0.011,0.01375,0.01375,0,0,0,0
15/02/2014,0.000910516177768536,0.118526355203544,27.3060331220709,38.740207846159,194.319804812745,0,7.98405981254105,31.9362392501642,2.40165150661238,0,508.333333333333,133.333333333333,21.2908261667761,71.8565383128695,1.01122168699469,2.90726235010972,0.01375,0.011,0.01375,0.01375,0,0,0,0
16/02/2014,0.00904528949451353,0.1401668836513,27.274753195287,37.2686519117116,193.781133474307,0,6.61617532168861,26.4647012867544,1.94008990198187,0,508.333333333333,133.333333333333,17.6431341911696,59.5455778951975,0.816879958729208,2.34852988134647,0.01375,0.011,0.01375,0.01375,0,0,0,0
17/02/2014,0.0677844346258289,0.121478652767401,27.2411717765731,38.5394516118167,193.263729444924,0,5.80005408012457,23.2002163204983,1.65956874023925,0,508.333333333333,133.333333333333,15.4668108803322,52.2004867211211,0.698765785363895,2.0089516329212,0.01375,0.011,0.01375,0.01375,0,0,0,0
18/02/2014,0.0713102432291799,0.110305169807723,27.2052988067417,39.2992484530748,192.767745887169,0,5.38295504800233,21.5318201920093,1.47055221534374,0,508.333333333333,133.333333333333,14.3545467946729,48.446595432021,0.619179880144731,1.7801421554161,0.01375,0.011,0.01375,0.01375,0,0,0,0
19/02/2014,0,0,27.1671449049533,0,192.293329622699,0,0,0,0,0,508.333333333333,133.333333333333,0,0,0,0,0.01375,0.011,0.01375,0.01375,0,0,0,0
20/02/2014,0.102197907282991,0.115937239058507,27.1267213655722,38.9162677440216,191.840621088795,0,7.38928645051946,29.5571458020778,2.39016645739389,0,508.333333333333,133.333333333333,19.7047638680519,66.5035780546751,1.00638587679743,2.8933593957926,0.01375,0.011,0.01375,0.01375,0,0,0,0
21/02/2014,0.0739368646212382,0.145621440227441,27.0840401548241,36.897742064534,191.409754296791,0,5.8990614274387,23.5962457097548,1.74106440657933,0,508.333333333333,133.333333333333,15.7308304731699,53.0915528469483,0.733079750138664,2.10760428164866,0.01375,0.011,0.01375,0.01375,0,0,0,0
22/02/2014,0,0,27.0391139072529,0,191.000856792401,0,0,0,0,0,508.333333333333,133.333333333333,0,0,0,0,0.01375,0.011,0.01375,0.01375,0,0,0,0
23/02/2014,0,0,26.9919559219814,0,190.614049617962,0,0,0,0,0,508.333333333333,133.333333333333,0,0,0,0,0.01375,0.011,0.01375,0.01375,0,0,0,0
24/02/2014,0,0,26.9425801587739,0,190.249447276606,0,0,0,0,0,508.333333333333,133.333333333333,0,0,0,0,0.01375,0.011,0.01375,0.01375,0,0,0,0
25/02/2014,0,0,26.891001233904,0,189.907157698364,0,0,0,0,0,508.333333333333,133.333333333333,0,0,0,0,0.01375,0.011,0.01375,0.01375,0,0,0,0
26/02/2014,0,0,26.8372344158281,0,189.587282208215,0,0,0,0,0,508.333333333333,133.333333333333,0,0,0,0,0.01375,0.011,0.01375,0.01375,0,0,0,0
27/02/2014,0.00355643871758025,0.204016893968477,26.7812956206654,32.9268512101435,189.28991549609,0,6.37749273206289,25.5099709282516,1.88951012191351,0,508.333333333333,133.333333333333,17.006647285501,57.397434588566,0.79558320922674,2.28730172652688,0.01375,0.011,0.01375,0.01375,0,0,0,0
28/02/2014,0.0174661467402693,0.167314292911791,26.7232014074861,35.4226280819982,189.015145588848,0,5.36236635800095,21.4494654320038,1.49838706609489,0,508.333333333333,133.333333333333,14.2996436213359,48.2612972220085,0.630899817303112,1.81383697474645,0.01375,0.011,0.01375,0.01375,0,0,0,0
01/03/2014,0.0716171503332748,0.145004882546732,26.6629689734102,36.9396679868222,188.763053824211,0,6.16484231380654,24.6593692552262,1.86997757896482,0,508.333333333333,133.333333333333,16.4395795034841,55.4835808242588,0.787358980616765,2.2636570692732,0.01375,0.011,0.01375,0.01375,0,0,0,0
02/03/2014,0.116817604685438,0.146533095375946,26.6006161485163,36.8357495144357,188.533714826692,0,6.13180960072059,24.5272384028823,1.8693936372566,0,508.333333333333,133.333333333333,16.3514922685882,55.1862864064853,0.787113110423831,2.26295019246851,0.01375,0.011,0.01375,0.01375,0,0,0,0
03/03/2014,0.0427494778921287,0.250537899180646,26.5361613905638,29.7634228557161,188.327196485501,0,4.54390898434361,18.1756359373744,1.27615695227846,0,508.333333333333,133.333333333333,12.1170906249163,40.8951808590925,0.537329243064613,1.54482157381076,0.01375,0.011,0.01375,0.01375,0,0,0,0
04/03/2014,0.0105418527448341,0.39367654194403,26.4696237795288,20.029995147806,188.143559934448,0,2.94953037142771,11.7981214857108,0.757635044227417,0,508.333333333333,133.333333333333,7.86541432380722,26.5457733428494,0.319004229148386,0.917137158801611,0.01375,0.011,0.01375,0.01375,0,0,0,0
05/03/2014,0.00765682282588495,0.325429801799781,26.4010230119562,24.6707734776149,187.98285953385,0,3.87324490509871,15.4929796203948,1.04897394039273,0,508.333333333333,133.333333333333,10.3286530802632,34.8592041458883,0.441673238060099,1.26981055942278,0.01375,0.011,0.01375,0.01375,0,0,0,0
06/03/2014,0.00534805546711622,0.489112120204153,26.3303793951287,13.5403758261176,187.845142854435,0,1.88149461197333,7.5259784478933,0.427164341778635,0,508.333333333333,133.333333333333,5.0173189652622,16.9334515077599,0.179858670222583,0.517093676889927,0.01375,0.011,0.01375,0.01375,0,0,0,0
07/03/2014,0,0,26.2577138410562,0,187.730450663264,0,0,0,0,0,508.333333333333,133.333333333333,0,0,0,0,0.01375,0.011,0.01375,0.01375,0,0,0,0
08/03/2014,0,0,26.1830478602847,0,187.638816911658,0,0,0,0,0,508.333333333333,133.333333333333,0,0,0,0,0.01375,0.011,0.01375,0.01375,0,0,0,0
09/03/2014,0,0,26.1064035555288,0,187.570268725153,0,0,0,0,0,508.333333333333,133.333333333333,0,0,0,0,0.01375,0.011,0.01375,0.01375,0,0,0,0
10/03/2014,0,0,26.0278036151292,0,187.524826395466,0,0,0,0,0,508.333333333333,133.333333333333,0,0,0,0,0.01375,0.011,0.01375,0.01375,0,0,0,0
11/03/2014,0,0,25.9472713063363,0,187.502503374491,0,0,0,0,0,508.333333333333,133.333333333333,0,0,0,0,0.01375,0.011,0.01375,0.01375,0,0,0,0
12/03/2014,0,0,25.8648304684224,0,187.503306270316,0,0,0,0,0,508.333333333333,133.333333333333,0,0,0,0,0.01375,0.011,0.01375,0.01375,0,0,0,0
13/03/2014,0.09386454352236,0.139559459936496,25.7805055056248,37.3099567243183,187.527234845267,0,6.57282607364389,26.2913042945755,2.05096346410961,0,508.333333333333,133.333333333333,17.5275361963837,59.155434662795,0.863563563835627,2.48274524602743,0.01375,0.011,0.01375,0.01375,0,0,0,0
14/03/2014,0.0790416685576612,0.156579015992831,25.6943213799221,36.1526269124875,187.574282015978,0,5.0932279454598,20.3729117818392,1.39882989467543,0,508.333333333333,133.333333333333,13.5819411878928,45.8390515091382,0.588981008284392,1.69332039881763,0.01375,0.011,0.01375,0.01375,0,0,0,0
15/03/2014,0,0,25.6063036036443,0,187.644433855488,0,0,0,0,0,508.333333333333,133.333333333333,0,0,0,0,0.01375,0.011,0.01375,0.01375,0,0,0,0
16/03/2014,0,0,25.516478231921,0,187.737669597364,0,0,0,0,0,508.333333333333,133.333333333333,0,0,0,0,0.01375,0.011,0.01375,0.01375,0,0,0,0
17/03/2014,0.00249519640789685,0.235512074960078,25.4248718549683,30.7851789027147,187.853961641847,0,5.65163652114663,22.6065460845865,1.63658703185207,0,508.333333333333,133.333333333333,15.0710307230577,50.8647286903196,0.689089276569293,1.98113167013672,0.01375,0.011,0.01375,0.01375,0,0,0,0
18/03/2014,0.0066576437731832,0.19220525153332,25.3315115902177,33.7300428957342,187.993275564026,0,5.91792772535207,23.6717109014083,1.70641187272777,0,508.333333333333,133.333333333333,15.7811406009389,53.2613495281686,0.718489209569586,2.06565647751256,0.01375,0.011,0.01375,0.01375,0,0,0,0
19/03/2014,0,0,25.2364250742888,0,188.155570124022,0,0,0,0,0,508.333333333333,133.333333333333,0,0,0,0,0.01375,0.011,0.01375,0.01375,0,0,0,0
20/03/2014,0,0,25.1396404548081,0,188.340797279202,0,0,0,0,0,508.333333333333,133.333333333333,0,0,0,0,0.01375,0.011,0.01375,0.01375,0,0,0,0
21/03/2014,0,0,25.0411863820767,0,188.548902198397,0,0,0,0,0,508.333333333333,133.333333333333,0,0,0,0,0.01375,0.011,0.01375,0.01375,0,0,0,0
22/03/2014,0,0,24.9410920005895,0,188.779823278136,0,0,0,0,0,508.333333333333,133.333333333333,0,0,0,0,0.01375,0.011,0.01375,0.01375,0,0,0,0
23/03/2014,0,0,24.8393869404073,0,189.033492160877,0,0,0,0,0,508.333333333333,133.333333333333,0,0,0,0,0.01375,0.011,0.01375,0.01375,0,0,0,0
24/03/2014,0.00183203488850508,0.398358022138688,24.7361013083863,19.7116544945692,189.30983375525,0,3.58368989983761,14.3347595993504,0.980385544121311,0,508.333333333333,133.333333333333,9.55650639956697,32.2532090985385,0.412793913314236,1.18678250077843,0.01375,0.011,0.01375,0.01375,0,0,0,0
25/03/2014,0.0187478005740656,0.19716468302941,24.6312656792653,33.3928015540001,189.608766258277,0,5.36274504130782,21.4509801652313,1.52378636094441,0,508.333333333333,133.333333333333,14.3006534434875,48.2647053717704,0.64159425723975,1.84458348956428,0.01375,0.011,0.01375,0.01375,0,0,0,0
26/03/2014,0.0272217839410058,0.168528109770292,24.5249110866152,35.3400885356201,189.930201179595,0,4.95818071068133,19.8327228427253,1.34592047705484,0,508.333333333333,133.333333333333,13.2218152284836,44.623626396132,0.566703358759935,1.62927215643481,0.01375,0.011,0.01375,0.01375,0,0,0,0
27/03/2014,0.0502395474437407,0.153437250026045,24.4170690136522,36.3662669982289,190.274043367646,0,6.32678331289249,25.30713325157,1.94769750828489,0,508.333333333333,133.333333333333,16.8714221677133,56.9410498160324,0.82008316138311,2.35773908897644,0.01375,0.011,0.01375,0.01375,0,0,0,0
28/03/2014,0.127728034388703,0.14500618056812,24.3077713839186,36.9395797213679,190.640191037846,0,6.2795684584675,25.11827383387,1.94054324888449,0,508.333333333333,133.333333333333,16.7455158892467,56.5161161262075,0.817070841635576,2.34907866970228,0.01375,0.011,0.01375,0.01375,0,0,0,0
29/03/2014,0.147090284505438,0.164685572341517,24.1970505518319,35.6013810807768,191.028535802714,0,6.18506789328491,24.7402715731396,1.93389444297595,0,508.333333333333,133.333333333333,16.4935143820931,55.6656110395642,0.814271344410926,2.34103011518141,0.01375,0.011,0.01375,0.01375,0,0,0,0
30/03/2014,0.059827155113453,0.252492281515513,24.0849392931081,29.6305248569451,191.438962703959,0,4.50443980776914,18.0177592310765,1.27583396973868,0,508.333333333333,133.333333333333,12.0118394873844,40.5399582699222,0.537193250416284,1.54443059494682,0.01375,0.011,0.01375,0.01375,0,0,0,0
31/03/2014,0.191549216418801,0.169565530724661,23.9714707950588,35.269543910723,191.871350246509,0,6.34574517902586,25.3829807161034,2.01753387469906,0,508.333333333333,133.333333333333,16.921987144069,57.1117066112327,0.849487947241708,2.44227784831991,0.01375,0.011,0.01375,0.01375,0,0,0,0
01/04/2014,0.126394883686014,0.225909468901619,23.8566786467673,31.4381561146899,192.325570434476,0,4.86344422347461,19.4537768938984,1.42352472505376,0,508.333333333333,133.333333333333,12.9691845959323,43.7709980112715,0.599378831601584,1.72321414085456,0.01375,0.011,0.01375,0.01375,0,0,0,0
02/04/2014,0.0271586723917336,0.518842485534516,23.7405968291455,11.5187109836529,192.801488809045,0,2.15066026413113,8.60264105652453,0.559562997127682,0,508.333333333333,133.333333333333,5.73509403768302,19.3559423771802,0.235605472474813,0.677365733365088,0.01375,0.011,0.01375,0.01375,0,0,0,0
03/04/2014,0.0166765972231446,0.6,23.6232597048746,6,193.298964488279,0,0.857142857142857,3.42857142857143,0.12258064516129,0,508.333333333333,133.333333333333,2.28571428571429,7.71428571428572,0.0516129032258065,0.148387096774194,0.01375,0.011,0.01375,0.01375,0,0,0,0
04/04/2014,0.0182352225997358,0.560843012700031,23.5047020082334,8.66267513639788,193.817850208819,0,1.23417933817113,4.93671735268453,0.23314274049383,0,508.333333333333,133.333333333333,3.29114490178969,11.1076140435402,0.0981653644184547,0.282225422703057,0.01375,0.011,0.01375,0.01375,0,0,0,0
05/04/2014,0.0271681043602028,0.366721667292515,23.3849588348159,21.862926624109,194.357992369482,0,3.2242293091915,12.896917236766,0.843159033928803,0,508.333333333333,133.333333333333,8.59794482451066,29.0180637827235,0.355014330075285,1.02066619896645,0.01375,0.011,0.01375,0.01375,0,0,0,0
06/04/2014,0.0401708983491331,0.295729688042295,23.2640656311426,26.6903812131239,194.919231076725,0,3.86589339904124,15.463573596165,1.03010898041081,0,508.333333333333,133.333333333333,10.30904906411,34.7930405913712,0.433730097015079,1.24697402891835,0.01375,0.011,0.01375,0.01375,0,0,0,0
07/04/2014,0.050120490158362,0.259626462056955,23.142058184167,29.1454005801271,195.501400191981,0,4.96393131716099,19.855725268644,1.48685459845047,0,508.333333333333,133.333333333333,13.237150179096,44.6753818544489,0.62604404145283,1.79987661917689,0.01375,0.011,0.01375,0.01375,0,0,0,0
08/04/2014,0.0361236332767631,0.309327563010241,23.0189726106826,25.7657257153036,196.10432738084,0,4.09761444139118,16.3904577655647,1.16012126108983,0,508.333333333333,133.333333333333,10.9269718437098,36.8785299725207,0.48847210993256,1.40435731605611,0.01375,0.011,0.01375,0.01375,0,0,0,0
09/04/2014,0.0133054772258606,0.5354521807838,22.8948453466311,10.3892517067016,196.727834164057,0,1.67690728699245,6.7076291479698,0.372366079806862,0,508.333333333333,133.333333333333,4.4717527653132,15.0921655829321,0.156785717813416,0.45075893871357,0.01375,0.011,0.01375,0.01375,0,0,0,0
10/04/2014,0.0121259301267428,0.592739960534998,22.7697131363166,6.49368268362014,197.371735970394,0,1.17114958447417,4.68459833789669,0.206807517904366,0,508.333333333333,133.333333333333,3.12306555859779,10.5403462602675,0.0870768496439438,0.250345942726338,0.01375,0.011,0.01375,0.01375,0,0,0,0
11/04/2014,0.0134582851827565,0.45456516887745,22.6436130215288,15.8895685163334,198.035842191253,0,2.44497999585775,9.77991998343102,0.605292856443835,0,508.333333333333,133.333333333333,6.51994665562068,22.0048199627198,0.254860150081615,0.732722931484642,0.01375,0.011,0.01375,0.01375,0,0,0,0
12/04/2014,0.0188907236878887,0.329801817392722,22.5165823305776,24.3734764172949,198.7199562371,0,3.48546478222845,13.9418591289138,0.913119119482476,0,508.333333333333,133.333333333333,9.2945727526092,31.3691830400561,0.384471208203148,1.10535472358405,0.01375,0.011,0.01375,0.01375,0,0,0,0
13/04/2014,0.0110285319406578,0.401202081248234,22.3886586672431,19.5182584751201,199.42387559566,0,2.79659956383745,11.1863982553498,0.705913400200003,0,508.333333333333,133.333333333333,7.45759883689987,25.1693960745371,0.297226694821054,0.85452674761053,0.01375,0.011,0.01375,0.01375,0,0,0,0
14/04/2014,0.00489972256121575,0.6,22.2598798996444,6,200.147391891864,0,0.857142857142857,3.42857142857143,0.12258064516129,0,508.333333333333,133.333333333333,2.28571428571429,7.71428571428572,0.0516129032258065,0.148387096774194,0.01375,0.011,0.01375,0.01375,0,0,0,0
15/04/2014,0.0033012187697051,0.58533563239204,22.1302841490292,6.99717699734129,200.890290949537,0,0.919990146891258,3.67996058756503,0.136961186299419,0,508.333333333333,133.333333333333,2.45330705837669,8.27991132202132,0.0576678679155448,0.165795120257191,0.01375,0.011,0.01375,0.01375,0,0,0,0
16/04/2014,0.0108863541498775,0.339773759093238,21.99990977849,23.6953843816598,201.652352854791,0,3.71344705088134,14.8537882035254,1.00293226018609,0,508.333333333333,133.333333333333,9.9025254690169,33.421023457932,0.422287267446777,1.21407589390948,0.01375,0.011,0.01375,0.01375,0,0,0,0
17/04/2014,0.0143533922390745,0.262402019597558,21.8687953816071,28.9566626673661,202.433352021133,0,4.27981688677565,17.1192675471026,1.15973959309447,0,508.333333333333,133.333333333333,11.4128450314017,38.5183519809809,0.488311407618725,1.40389529690384,0.01375,0.011,0.01375,0.01375,0,0,0,0
18/04/2014,0.000251267775291984,0.6,21.7369797710241,6,203.233057256235,0,0.857142857142857,3.42857142857143,0.12258064516129,0,508.333333333333,133.333333333333,2.28571428571429,7.71428571428572,0.0516129032258065,0.148387096774194,0.01375,0.011,0.01375,0.01375,0,0,0,0
19/04/2014,0,0,21.604501966959,0,204.051231830379,0,0,0,0,0,508.333333333333,133.333333333333,0,0,0,0,0.01375,0.011,0.01375,0.01375,0,0,0,0
20/04/2014,0,0,21.4714011856532,0,204.887633546526,0,0,0,0,0,508.333333333333,133.333333333333,0,0,0,0,0.01375,0.011,0.01375,0.01375,0,0,0,0
21/04/2014,0,0,21.3377168277622,0,205.742014812022,0,0,0,0,0,508.333333333333,133.333333333333,0,0,0,0,0.01375,0.011,0.01375,0.01375,0,0,0,0
22/04/2014,0.00110590396978483,0.6,21.203488466693,6,206.614122711881,0,0.857142857142857,3.42857142857143,0.12258064516129,0,508.333333333333,133.333333333333,2.28571428571429,7.71428571428572,0.0516129032258065,0.148387096774194,0.01375,0.011,0.01375,0.01375,0,0,0,0
23/04/2014,0.000257355213270918,0.6,21.0687558368887,6,207.503699083657,0,0.857142857142857,3.42857142857143,0.12258064516129,0,508.333333333333,133.333333333333,2.28571428571429,7.71428571428572,0.0516129032258065,0.148387096774194,0.01375,0.011,0.01375,0.01375,0,0,0,0
24/04/2014,0,0,20.9335588220669,0,208.410480593869,0,0,0,0,0,508.333333333333,133.333333333333,0,0,0,0,0.01375,0.011,0.01375,0.01375,0,0,0,0
25/04/2014,0.00618772386087505,0.371024498442193,20.7979374434129,21.5703341059309,209.334198815945,0,3.65929151634549,14.637166065382,0.986834004564548,0,508.333333333333,133.333333333333,9.75811071025464,32.9336236471094,0.415509054553494,1.1945885318413,0.01375,0.011,0.01375,0.01375,0,0,0,0
26/04/2014,0.00990025193602773,0.284019303417217,20.6619318477328,27.4866873676293,210.274580309692,0,3.97981960373458,15.9192784149383,1.06432675583502,0,508.333333333333,133.333333333333,10.6128522766255,35.8183764336112,0.448137581404219,1.28839554653713,0.01375,0.011,0.01375,0.01375,0,0,0,0
27/04/2014,0.000896012099679655,0.6,20.525582295569,6,211.231346702231,0,0.857142857142857,3.42857142857143,0.12258064516129,0,508.333333333333,133.333333333333,2.28571428571429,7.71428571428572,0.0516129032258065,0.148387096774194,0.01375,0.011,0.01375,0.01375,0,0,0,0
28/04/2014,0.00124371895205522,0.56024831549443,20.3889291492823,8.70311454637874,212.204214770406,0,1.02750721930958,4.11002887723834,0.161562942224817,0,508.333333333333,133.333333333333,2.74001925149223,9.24756497378626,0.0680265019893965,0.195576193219515,0.01375,0.011,0.01375,0.01375,0,0,0,0
29/04/2014,0.000223928162007847,0.128896978905434,20.2520128611039,38.0350054344305,213.192896524626,0,7.89516875223913,31.5806750089565,2.37368427624212,0,508.333333333333,133.333333333333,21.0537833393044,71.0565187701522,0.999446011049313,2.87340728176678,0.01375,0.011,0.01375,0.01375,0,0,0,0
30/04/2014,0.000267446424815345,0.125592346254192,20.1148739611606,38.2597204547149,214.19709929411,0,7.92349417496406,31.6939766998563,2.38259612429515,0,508.333333333333,133.333333333333,21.1293177999042,71.3114475746766,1.00319836812427,2.88419530835728,0.01375,0.011,0.01375,0.01375,0,0,0,0
01/05/2014,0.00379347702601758,0.286414557320418,19.9775530454767,27.3238101022116,215.21652581353,0,4.48531190405636,17.9412476162255,1.24594145807068,0,508.333333333333,133.333333333333,11.9608317441503,40.3678071365073,0.524606929713973,1.50824492292767,0.01375,0.011,0.01375,0.01375,0,0,0,0
02/05/2014,0,0,19.8400907639575,0,216.250874311002,0,0,0,0,0,508.333333333333,133.333333333333,0,0,0,0,0.01375,0.011,0.01375,0.01375,0,0,0,0
03/05/2014,0,0,19.7025278083553,0,217.299838597422,0,0,0,0,0,508.333333333333,133.333333333333,0,0,0,0,0.01375,0.011,0.01375,0.01375,0,0,0,0
04/05/2014,7.54437123336882e-05,0.130205221468813,19.5649049002241,37.9460449401207,218.363108157101,0,7.88395524455304,31.5358209782121,2.3701562414583,0,508.333333333333,133.333333333333,21.0238806521414,70.9555972009773,0.997960522719284,2.86913650281794,0.01375,0.011,0.01375,0.01375,0,0,0,0
05/05/2014,0.00189984657864065,0.228775834769947,19.427262778865,31.2432432356436,219.440368239687,0,5.75572052696631,23.0228821078652,1.66775137579975,0,508.333333333333,133.333333333333,15.3485880719102,51.8014847426968,0.702211105599894,2.0188569285997,0.01375,0.011,0.01375,0.01375,0,0,0,0
06/05/2014,0,0,19.289642189267,0,220.531299953336,0,0,0,0,0,508.333333333333,133.333333333333,0,0,0,0,0.01375,0.011,0.01375,0.01375,0,0,0,0
07/05/2014,0,0,19.1520838700448,0,221.635580359109,0,0,0,0,0,508.333333333333,133.333333333333,0,0,0,0,0.01375,0.011,0.01375,0.01375,0,0,0,0
08/05/2014,0,0,19.0146285413801,0,222.752882566574,0,0,0,0,0,508.333333333333,133.333333333333,0,0,0,0,0.01375,0.011,0.01375,0.01375,0,0,0,0
09/05/2014,0.00241549304987294,0.357837092276202,18.8773168929669,22.4670777252182,223.882875830567,0,3.9731004099303,15.8924016397212,1.10347348307548,0,508.333333333333,133.333333333333,10.5949344264808,35.7579036893727,0.464620413926518,1.33578369003874,0.01375,0.011,0.01375,0.01375,0,0,0,0
10/05/2014,0.0039944581728801,0.24839665354075,18.7401895719671,29.909027559229,225.025225649104,0,4.97944312404247,19.9177724961699,1.40170210426321,0,508.333333333333,133.333333333333,13.2785149974466,44.8149881163822,0.590190359689772,1.69679728410809,0.01375,0.011,0.01375,0.01375,0,0,0,0
11/05/2014,0.000396499898194746,0.120207942591825,18.6032871709775,38.6258599037559,226.179593862396,0,7.96964620635578,31.8785848254231,2.39711664513946,0,508.333333333333,133.333333333333,21.2523898836154,71.726815857202,1.00931227163767,2.9017727809583,0.01375,0.011,0.01375,0.01375,0,0,0,0
12/05/2014,0.00371735003186536,0.234964152751747,18.466650216014,30.8224376128812,227.345638752956,0,5.23921144966633,20.9568457986653,1.48712594934077,0,508.333333333333,133.333333333333,13.9712305324435,47.1529030469969,0.626158294459273,1.80020509657041,0.01375,0.011,0.01375,0.01375,0,0,0,0
13/05/2014,0.00164201733317986,0.350727344769001,18.3303191545148,22.9505405557079,228.523015146753,0,4.22159939574508,16.8863975829803,1.18718277208969,0,508.333333333333,133.333333333333,11.2575983886535,37.9943945617057,0.499866430353552,1.43711598726646,0.01375,0.011,0.01375,0.01375,0,0,0,0
14/05/2014,0.00158635714001883,0.109001773732911,18.1943343433671,39.3878793861621,229.71137451539,0,8.06569908228934,32.2627963291574,2.42733715212673,0,508.333333333333,133.333333333333,21.5085308861049,72.591291740604,1.02203669563231,2.93835549994289,0.01375,0.011,0.01375,0.01375,0,0,0,0
15/05/2014,0,0,18.0587360369606,0,230.910365079275,0,0,0,0,0,508.333333333333,133.333333333333,0,0,0,0,0.01375,0.011,0.01375,0.01375,0,0,0,0
16/05/2014,0,0,17.9235643752715,0,232.119631911759,0,0,0,0,0,508.333333333333,133.333333333333,0,0,0,0,0.01375,0.011,0.01375,0.01375,0,0,0,0
17/05/2014,0,0,17.7888593719801,0,233.338817044198,0,0,0,0,0,508.333333333333,133.333333333333,0,0,0,0,0.01375,0.011,0.01375,0.01375,0,0,0,0
18/05/2014,0,0,17.6546609026259,0,234.567559571921,0,0,0,0,0,508.333333333333,133.333333333333,0,0,0,0,0.01375,0.011,0.01375,0.01375,0,0,0,0
19/05/2014,0,0,17.5210086928035,0,235.805495761065,0,0,0,0,0,508.333333333333,133.333333333333,0,0,0,0,0.01375,0.011,0.01375,0.01375,0,0,0,0
20/05/2014,0,0,17.3879423064033,0,237.052259156249,0,0,0,0,0,508.333333333333,133.333333333333,0,0,0,0,0.01375,0.011,0.01375,0.01375,0,0,0,0
21/05/2014,0,0,17.2555011338993,0,238.307480689051,0,0,0,0,0,508.333333333333,133.333333333333,0,0,0,0,0.01375,0.011,0.01375,0.01375,0,0,0,0
22/05/2014,0,0,17.123724380689,0,239.57078878726,0,0,0,0,0,508.333333333333,133.333333333333,0,0,0,0,0.01375,0.011,0.01375,0.01375,0,0,0,0
23/05/2014,0,0,16.9926510554879,0,240.841809484872,0,0,0,0,0,508.333333333333,133.333333333333,0,0,0,0,0.01375,0.011,0.01375,0.01375,0,0,0,0
24/05/2014,0,0,16.8623199587815,0,242.120166532788,0,0,0,0,0,508.333333333333,133.333333333333,0,0,0,0,0.01375,0.011,0.01375,0.01375,0,0,0,0
25/05/2014,0,0,16.7327696713403,0,243.405481510195,0,0,0,0,0,508.333333333333,133.333333333333,0,0,0,0,0.01375,0.011,0.01375,0.01375,0,0,0,0
26/05/2014,0,0,16.6040385427983,0,244.697373936585,0,0,0,0,0,508.333333333333,133.333333333333,0,0,0,0,0.01375,0.011,0.01375,0.01375,0,0,0,0
27/05/2014,0,0,16.4761646803015,0,245.995461384384,0,0,0,0,0,508.333333333333,133.333333333333,0,0,0,0,0.01375,0.011,0.01375,0.01375,0,0,0,0
28/05/2014,0,0,16.3491859372266,0,247.299359592162,0,0,0,0,0,508.333333333333,133.333333333333,0,0,0,0,0.01375,0.011,0.01375,0.01375,0,0,0,0
29/05/2014,0,0,16.2231399019762,0,248.60868257838,0,0,0,0,0,508.333333333333,133.333333333333,0,0,0,0,0.01375,0.011,0.01375,0.01375,0,0,0,0
30/05/2014,0,0,16.0980638868514,0,249.92304275565,0,0,0,0,0,508.333333333333,133.333333333333,0,0,0,0,0.01375,0.011,0.01375,0.01375,0,0,0,0
31/05/2014,0,0,15.9739949170069,0,251.242051045467,0,0,0,0,0,508.333333333333,133.333333333333,0,0,0,0,0.01375,0.011,0.01375,0.01375,0,0,0,0
01/06/2014,0,0,15.8509697194906,0,252.565316993389,0,0,0,0,0,508.333333333333,133.333333333333,0,0,0,0,0.01375,0.011,0.01375,0.01375,0,0,0,0
02/06/2014,0.00408730906595976,0.24573159110176,15.7290247123716,30.0902518050803,253.892448884614,0,5.50583162472036,22.0233264988814,1.59483516774905,0,508.333333333333,133.333333333333,14.6822176659209,49.5524846224832,0.67150954431539,1.93058993990675,0.01375,0.011,0.01375,0.01375,0,0,0,0
03/06/2014,0.00710921316528265,0.177403032891582,15.6081959939597,34.7365937633724,255.223053859939,0,5.66612878141429,22.6645151256572,1.6084040529506,0,508.333333333333,133.333333333333,15.1096767504381,50.9951590327287,0.677222759137096,1.94701543251915,0.01375,0.011,0.01375,0.01375,0,0,0,0
04/06/2014,0,0,15.4885193321197,0,256.556738032057,0,0,0,0,0,508.333333333333,133.333333333333,0,0,0,0,0.01375,0.011,0.01375,0.01375,0,0,0,0
05/06/2014,0.0028297837893427,0.340769948136736,15.370030153683,23.627643526702,257.89310660215,0,4.53772834880532,18.1509133952213,1.26824566071867,0,508.333333333333,133.333333333333,12.1006089301475,40.8395551392479,0.533998172934177,1.53524474718576,0.01375,0.011,0.01375,0.01375,0,0,0,0
06/06/2014,0.00588646849333244,0.225911517185932,15.2527635339609,31.4380168313566,259.231763976763,0,4.96323058565582,19.8529223426233,1.38355017767373,0,508.333333333333,133.333333333333,13.2352815617489,44.6690752709024,0.582547443231045,1.67482389928925,0.01375,0.011,0.01375,0.01375,0,0,0,0
07/06/2014,0.00119524638679348,0.123255654472529,15.1367541863612,38.418615495868,260.572313884907,0,7.7877335182666,31.1509340730664,2.33552482295782,0,508.333333333333,133.333333333333,20.7672893820443,70.0896016643994,0.983378872824346,2.82721425936999,0.01375,0.011,0.01375,0.01375,0,0,0,0
08/06/2014,0,0,15.0220364521127,0,261.914359495362,0,0,0,0,0,508.333333333333,133.333333333333,0,0,0,0,0.01375,0.011,0.01375,0.01375,0,0,0,0
09/06/2014,0,0,14.908644290099,0,263.257503534148,0,0,0,0,0,508.333333333333,133.333333333333,0,0,0,0,0.01375,0.011,0.01375,0.01375,0,0,0,0
10/06/2014,0.0113320128036707,0.233218876762532,14.7966112668063,30.9411163801478,264.601348402127,0,5.25317717040981,21.0127086816392,1.4997743425277,0,508.333333333333,133.333333333333,14.0084724544262,47.2785945336883,0.631483933695875,1.81551630937564,0.01375,0.011,0.01375,0.01375,0,0,0,0
11/06/2014,0.0184376414413202,0.170459237669139,14.6859705463869,35.2087718384985,265.945496292702,0,5.03435548667638,20.1374219467055,1.37639752996373,0,508.333333333333,133.333333333333,13.4249479644704,45.3091993800875,0.579535802089992,1.66616543100873,0.01375,0.011,0.01375,0.01375,0,0,0,0
12/06/2014,0.00176796897447481,0.221288059724753,14.576754880842,31.7524119387168,267.289549309573,0,5.70569568966339,22.8227827586536,1.64582086382709,0,508.333333333333,133.333333333333,15.215188505769,51.3512612069705,0.692977205821934,1.99230946673806,0.01375,0.011,0.01375,0.01375,0,0,0,0
13/06/2014,0,0,14.4689966003261,0,268.633109584525,0,0,0,0,0,508.333333333333,133.333333333333,0,0,0,0,0.01375,0.011,0.01375,0.01375,0,0,0,0
14/06/2014,0.00258426538450168,0.188016747148075,14.3627276035769,34.0148611939309,269.975779395208,0,6.91593562332223,27.6637424932889,2.07427657299164,0,508.333333333333,133.333333333333,18.4424949955259,62.2434206099001,0.873379609680693,2.51096637783199,0.01375,0.011,0.01375,0.01375,0,0,0,0
15/06/2014,0.0126526484575584,0.20517170616835,14.2579793484726,32.8483239805522,271.317161282863,0,4.8820286674164,19.5281146696656,1.3330077586711,0,508.333333333333,133.333333333333,13.0187431131104,43.9382580067476,0.561266424703619,1.61364097102291,0.01375,0.011,0.01375,0.01375,0,0,0,0
16/06/2014,0.00121137377409138,0.109543271610286,14.1547828427194,39.3510575305005,272.656858169988,0,8.06105767191183,32.2442306876473,2.42587685462516,0,508.333333333333,133.333333333333,21.4961537917649,72.5495190472065,1.02142183352638,2.93658777138836,0.01375,0.011,0.01375,0.01375,0,0,0,0
17/06/2014,0,0,14.0531686346731,0,273.994473477875,0,0,0,0,0,508.333333333333,133.333333333333,0,0,0,0,0.01375,0.011,0.01375,0.01375,0,0,0,0
18/06/2014,0,0,13.9531668042954,0,275.329611244008,0,0,0,0,0,508.333333333333,133.333333333333,0,0,0,0,0.01375,0.011,0.01375,0.01375,0,0,0,0
19/06/2014,0,0,13.8548069542502,0,276.661876239276,0,0,0,0,0,508.333333333333,133.333333333333,0,0,0,0,0.01375,0.011,0.01375,0.01375,0,0,0,0
20/06/2014,0,0,13.7581182011404,0,277.99087408497,0,0,0,0,0,508.333333333333,133.333333333333,0,0,0,0,0.01375,0.011,0.01375,0.01375,0,0,0,0
21/06/2014,0,0,13.6631291668888,0,279.316211369524,0,0,0,0,0,508.333333333333,133.333333333333,0,0,0,0,0.01375,0.011,0.01375,0.01375,0,0,0,0
22/06/2014,0,0,13.5698679702651,0,280.637495764978,0,0,0,0,0,508.333333333333,133.333333333333,0,0,0,0,0.01375,0.011,0.01375,0.01375,0,0,0,0
23/06/2014,0,0,13.4783622185626,0,281.954336143113,0,0,0,0,0,508.333333333333,133.333333333333,0,0,0,0,0.01375,0.011,0.01375,0.01375,0,0,0,0
24/06/2014,0,0,13.3886389994256,0,283.266342691233,0,0,0,0,0,508.333333333333,133.333333333333,0,0,0,0,0.01375,0.011,0.01375,0.01375,0,0,0,0
25/06/2014,0,0,13.3007248728309,0,284.573127027558,0,0,0,0,0,508.333333333333,133.333333333333,0,0,0,0,0.01375,0.011,0.01375,0.01375,0,0,0,0
26/06/2014,0,0,13.2146458632257,0,285.874302316194,0,0,0,0,0,508.333333333333,133.333333333333,0,0,0,0,0.01375,0.011,0.01375,0.01375,0,0,0,0
27/06/2014,0,0,13.1304274518233,0,287.169483381644,0,0,0,0,0,508.333333333333,133.333333333333,0,0,0,0,0.01375,0.011,0.01375,0.01375,0,0,0,0
28/06/2014,0,0,13.0480945690608,0,288.458286822828,0,0,0,0,0,508.333333333333,133.333333333333,0,0,0,0,0.01375,0.011,0.01375,0.01375,0,0,0,0
29/06/2014,0,0,12.9676715872185,0,289.740331126578,0,0,0,0,0,508.333333333333,133.333333333333,0,0,0,0,0.01375,0.011,0.01375,0.01375,0,0,0,0
30/06/2014,0,0,12.8891823132057,0,291.015236780576,0,0,0,0,0,508.333333333333,133.333333333333,0,0,0,0,0.01375,0.011,0.01375,0.01375,0,0,0,0
01/07/2014,0,0,12.8126499815131,0,292.282626385693,0,0,0,0,0,508.333333333333,133.333333333333,0,0,0,0,0.01375,0.011,0.01375,0.01375,0,0,0,0
02/07/2014,0,0,12.738097247335,0,293.542124767712,0,0,0,0,0,508.333333333333,133.333333333333,0,0,0,0,0.01375,0.011,0.01375,0.01375,0,0,0,0
03/07/2014,0,0,12.6655461798626,0,294.793359088383,0,0,0,0,0,508.333333333333,133.333333333333,0,0,0,0,0.01375,0.011,0.01375,0.01375,0,0,0,0
04/07/2014,0,0,12.5950182557516,0,296.035958955797,0,0,0,0,0,508.333333333333,133.333333333333,0,0,0,0,0.01375,0.011,0.01375,0.01375,0,0,0,0
05/07/2014,0,0,12.526534352764,0,297.269556534024,0,0,0,0,0,508.333333333333,133.333333333333,0,0,0,0,0.01375,0.011,0.01375,0.01375,0,0,0,0
06/07/2014,0,0,12.4601147435886,0,298.493786652004,0,0,0,0,0,508.333333333333,133.333333333333,0,0,0,0,0.01375,0.011,0.01375,0.01375,0,0,0,0
07/07/2014,0,0,12.3957790898389,0,299.708286911643,0,0,0,0,0,508.333333333333,133.333333333333,0,0,0,0,0.01375,0.011,0.01375,0.01375,0,0,0,0
08/07/2014,0,0,12.3335464362339,0,300.91269779509,0,0,0,0,0,508.333333333333,133.333333333333,0,0,0,0,0.01375,0.011,0.01375,0.01375,0,0,0,0
09/07/2014,0,0,12.2734352049594,0,302.106662771168,0,0,0,0,0,508.333333333333,133.333333333333,0,0,0,0,0.01375,0.011,0.01375,0.01375,0,0,0,0
10/07/2014,0,0,12.2154631902157,0,303.289828400906,0,0,0,0,0,508.333333333333,133.333333333333,0,0,0,0,0.01375,0.011,0.01375,0.01375,0,0,0,0
11/07/2014,0,0,12.1596475529492,0,304.461844442171,0,0,0,0,0,508.333333333333,133.333333333333,0,0,0,0,0.01375,0.011,0.01375,0.01375,0,0,0,0
12/07/2014,0,0,12.1060048157731,0,305.622363953343,0,0,0,0,0,508.333333333333,133.333333333333,0,0,0,0,0.01375,0.011,0.01375,0.01375,0,0,0,0
13/07/2014,0,0,12.0545508580758,0,306.771043396021,0,0,0,0,0,508.333333333333,133.333333333333,0,0,0,0,0.01375,0.011,0.01375,0.01375,0,0,0,0
14/07/2014,0,0,12.0053009113207,0,307.907542736714,0,0,0,0,0,508.333333333333,133.333333333333,0,0,0,0,0.01375,0.011,0.01375,0.01375,0,0,0,0
15/07/2014,0,0,11.9582695545372,0,309.031525547499,0,0,0,0,0,508.333333333333,133.333333333333,0,0,0,0,0.01375,0.011,0.01375,0.01375,0,0,0,0
16/07/2014,0.00015898418168996,0.124173655792256,11.9134707100049,38.3561914061266,310.142659105614,0,7.93565437892352,31.7426175156941,2.38642201212153,0,508.333333333333,133.333333333333,21.1617450104627,71.4208894103117,1.0048092682617,2.88882664625238,0.01375,0.011,0.01375,0.01375,0,0,0,0
17/07/2014,0.00108875926463187,0.108239452348018,11.8709176391324,39.4397172403348,311.240614491947,0,8.07223326558842,32.2889330623537,2.4293929607647,0,508.333333333333,133.333333333333,21.5259553749025,72.6500993902958,1.02290229926935,2.94084411039937,0.01375,0.011,0.01375,0.01375,0,0,0,0
18/07/2014,6.42345485620663e-05,0.122078774968718,11.8306229385318,38.4986433021272,312.325066688404,0,7.95361050026813,31.8144420010725,2.39207143266501,0,508.333333333333,133.333333333333,21.209628000715,71.5824945024132,1.00718797164842,2.89566541848922,0.01375,0.011,0.01375,0.01375,0,0,0,0
19/07/2014,0,0,11.7925985362894,0,313.395694674121,0,0,0,0,0,508.333333333333,133.333333333333,0,0,0,0,0.01375,0.011,0.01375,0.01375,0,0,0,0
20/07/2014,0,0,11.7568556884352,0,314.452181520497,0,0,0,0,0,508.333333333333,133.333333333333,0,0,0,0,0.01375,0.011,0.01375,0.01375,0,0,0,0
21/07/2014,0,0,11.7234049756106,0,315.494214485005,0,0,0,0,0,508.333333333333,133.333333333333,0,0,0,0,0.01375,0.011,0.01375,0.01375,0,0,0,0
22/07/2014,0,0,11.6922562999366,0,316.521485103776,0,0,0,0,0,508.333333333333,133.333333333333,0,0,0,0,0.01375,0.011,0.01375,0.01375,0,0,0,0
23/07/2014,0,0,11.6634188820821,0,317.533689282906,0,0,0,0,0,508.333333333333,133.333333333333,0,0,0,0,0.01375,0.011,0.01375,0.01375,0,0,0,0
24/07/2014,0,0,11.6369012585347,0,318.530527388481,0,0,0,0,0,508.333333333333,133.333333333333,0,0,0,0,0.01375,0.011,0.01375,0.01375,0,0,0,0
25/07/2014,0,0,11.6127112790737,0,319.511704335266,0,0,0,0,0,508.333333333333,133.333333333333,0,0,0,0,0.01375,0.011,0.01375,0.01375,0,0,0,0
26/07/2014,0.0101166335538135,0.182122715007622,11.5908561044464,34.4156553794817,320.476929674065,0,5.9919405643525,23.96776225741,1.74705210849163,0,508.333333333333,133.333333333333,15.9785081716067,53.9274650791725,0.735600887785948,2.1148525523846,0.01375,0.011,0.01375,0.01375,0,0,0,0
27/07/2014,0.0193181334958759,0.132239527597994,11.5713422042482,37.8077121233364,321.425917677694,0,5.49927452301681,21.9970980920672,1.52476150990044,0,508.333333333333,133.333333333333,14.6647320613782,49.4934707071513,0.642004846273869,1.84576393303737,0.01375,0.011,0.01375,0.01375,0,0,0,0
28/07/2014,0.00216595660164015,0.104930801234831,11.5541753550077,39.6647055160315,322.358387425568,0,8.10059313227288,32.4023725290915,2.4383156457022,0,508.333333333333,133.333333333333,21.601581686061,72.9053381904559,1.02665921924303,2.95164525532371,0.01375,0.011,0.01375,0.01375,0,0,0,0
29/07/2014,0,0,11.5393606384765,0,323.274062886852,0,0,0,0,0,508.333333333333,133.333333333333,0,0,0,0,0.01375,0.011,0.01375,0.01375,0,0,0,0
30/07/2014,0,0,11.5269024401251,0,324.172673002179,0,0,0,0,0,508.333333333333,133.333333333333,0,0,0,0,0.01375,0.011,0.01375,0.01375,0,0,0,0
31/07/2014,0,0,11.5168044478446,0,325.053951763886,0,0,0,0,0,508.333333333333,133.333333333333,0,0,0,0,0.01375,0.011,0.01375,0.01375,0,0,0,0
01/08/2014,0,0,11.5090696508551,0,325.917638294759,0,0,0,0,0,508.333333333333,133.333333333333,0,0,0,0,0.01375,0.011,0.01375,0.01375,0,0,0,0
02/08/2014,0,0,11.5037003388204,0,326.763476925256,0,0,0,0,0,508.333333333333,133.333333333333,0,0,0,0,0.01375,0.011,0.01375,0.01375,0,0,0,0
03/08/2014,0,0,11.500698101171,0,327.591217269194,0,0,0,0,0,508.333333333333,133.333333333333,0,0,0,0,0.01375,0.011,0.01375,0.01375,0,0,0,0
04/08/2014,0,0,11.5000638266329,0,328.400614297865,0,0,0,0,0,508.333333333333,133.333333333333,0,0,0,0,0.01375,0.011,0.01375,0.01375,0,0,0,0
05/08/2014,0,0,11.5017977029648,0,329.191428412574,0,0,0,0,0,508.333333333333,133.333333333333,0,0,0,0,0.01375,0.011,0.01375,0.01375,0,0,0,0
06/08/2014,0,0,11.5058992169025,0,329.963425515561,0,0,0,0,0,508.333333333333,133.333333333333,0,0,0,0,0.01375,0.011,0.01375,0.01375,0,0,0,0
07/08/2014,0,0,11.5123671543109,0,330.716377079302,0,0,0,0,0,508.333333333333,133.333333333333,0,0,0,0,0.01375,0.011,0.01375,0.01375,0,0,0,0
08/08/2014,0,0,11.5211996005432,0,331.450060214155,0,0,0,0,0,508.333333333333,133.333333333333,0,0,0,0,0.01375,0.011,0.01375,0.01375,0,0,0,0
09/08/2014,0,0,11.532393941008,0,332.164257734344,0,0,0,0,0,508.333333333333,133.333333333333,0,0,0,0,0.01375,0.011,0.01375,0.01375,0,0,0,0
10/08/2014,0,0,11.5459468619428,0,332.858758222246,0,0,0,0,0,508.333333333333,133.333333333333,0,0,0,0,0.01375,0.011,0.01375,0.01375,0,0,0,0
11/08/2014,0,0,11.5618543513956,0,333.53335609098,0,0,0,0,0,508.333333333333,133.333333333333,0,0,0,0,0.01375,0.011,0.01375,0.01375,0,0,0,0
12/08/2014,0,0,11.5801117004118,0,334.187851645262,0,0,0,0,0,508.333333333333,133.333333333333,0,0,0,0,0.01375,0.011,0.01375,0.01375,0,0,0,0
13/08/2014,0.00310544280376555,0.145594838480888,11.6007135044287,36.8995509832996,334.822051140518,0,7.88902548469519,31.5561019387807,2.40701308217271,0,508.333333333333,133.333333333333,21.0374012925205,71.0012293622567,1.01347919249377,2.9137526784196,0.01375,0.011,0.01375,0.01375,0,0,0,0
14/08/2014,0.00933260386937006,0.132075109314978,11.6236536648752,37.8188925665815,335.43576684024,0,5.91542021546542,23.6616808618617,1.6727127750519,0,508.333333333333,133.333333333333,15.7744539079078,53.2387819391888,0.704300115811326,2.02486283295756,0.01375,0.011,0.01375,0.01375,0,0,0,0
15/08/2014,0,0,11.6489253909769,0,336.028817071558,0,0,0,0,0,508.333333333333,133.333333333333,0,0,0,0,0.01375,0.011,0.01375,0.01375,0,0,0,0
16/08/2014,0,0,11.6765212017667,0,336.601026279017,0,0,0,0,0,508.333333333333,133.333333333333,0,0,0,0,0.01375,0.011,0.01375,0.01375,0,0,0,0
17/08/2014,0.0217195822989069,0.142745533925936,11.706432928299,37.0933036930364,337.152225076551,0,6.10492389518597,24.4196955807439,1.78344360160335,0,508.333333333333,133.333333333333,16.2797970538293,54.9443150566738,0.750923621727724,2.15890541246721,0.01375,0.011,0.01375,0.01375,0,0,0,0
18/08/2014,0.0410163805304457,0.114658617992796,11.7386517160679,39.0032139764898,337.682250297619,0,5.50908335077546,22.0363334031018,1.51960768411917,0,508.333333333333,133.333333333333,14.6908889354012,49.5817501569791,0.639834814365966,1.83952509130215,0.01375,0.011,0.01375,0.01375,0,0,0,0
19/08/2014,0.226445846543326,0.12163387267743,11.7731680276286,38.5288966579348,338.190945043506,0,6.87193246703065,27.4877298681226,2.18848720162093,0,508.333333333333,133.333333333333,18.3251532454151,61.8473922032759,0.921468295419339,2.6492213493306,0.01375,0.011,0.01375,0.01375,0,0,0,0
20/08/2014,0.171239464846517,0.146814817159426,11.8099716454204,36.816592433159,338.678158729775,0,5.75487370204215,23.0194948081686,1.71429295996385,0,508.333333333333,133.333333333333,15.3463298721124,51.7938633183794,0.721807562090041,2.07519674100887,0.01375,0.011,0.01375,0.01375,0,0,0,0
21/08/2014,0.021837733266398,0.348508430843979,11.8490516747915,23.1014267026094,339.143747130835,0,4.19484975734227,16.7793990293691,1.23918040123206,0,508.333333333333,133.333333333333,11.1862660195794,37.7536478160805,0.521760168939815,1.50006048570197,0.01375,0.011,0.01375,0.01375,0,0,0,0
22/08/2014,0.0882065692546801,0.175707830789574,11.8903965472238,34.851867506309,339.587572422639,0,6.30622243019366,25.2248897207747,1.99912101672473,0,508.333333333333,133.333333333333,16.8165931471831,56.756001871743,0.841735164936729,2.4199885991931,0.01375,0.011,0.01375,0.01375,0,0,0,0
23/08/2014,0.0586358451024585,0.250293407112284,11.9339940237578,29.7800483163647,340.009503223483,0,4.35261325246141,17.4104530098456,1.21465962671885,0,508.333333333333,133.333333333333,11.6069686732304,39.1735192721527,0.511435632302673,1.47037744287018,0.01375,0.011,0.01375,0.01375,0,0,0,0
24/08/2014,0.0820936119888397,0.202963985002436,11.9798311986152,32.9984490198344,340.409414632895,0,5.93322707936646,23.7329083174658,1.86671746701973,0,508.333333333333,133.333333333333,15.8219388783106,53.3990437142981,0.785986301903046,2.25971061797126,0.01375,0.011,0.01375,0.01375,0,0,0,0
25/08/2014,0.0468016347993145,0.294591268207636,12.0278945030197,26.7677937618807,340.787188268613,0,3.85984840809008,15.4393936323603,1.05198774674471,0,508.333333333333,133.333333333333,10.2929290882402,34.7386356728107,0.442942209155669,1.27345885132255,0.01375,0.011,0.01375,0.01375,0,0,0,0
26/08/2014,0.013323601060391,0.585854655767237,12.0781697092131,6.96188340782785,341.142712301624,0,1.16467398751064,4.65869595004257,0.217229386176052,0,508.333333333333,133.333333333333,3.10579730002838,10.4820658875958,0.0914650047057062,0.262961888528905,0.01375,0.011,0.01375,0.01375,0,0,0,0
27/08/2014,0.138025568009369,0.174131018154637,12.1306419346675,34.9590907654846,341.47588148927,0,6.28028562342618,25.1211424937047,1.99430114333518,0,508.333333333333,133.333333333333,16.7474283291365,56.5225706108356,0.839705744562179,2.41415401561627,0.01375,0.011,0.01375,0.01375,0,0,0,0
28/08/2014,0.253339784748177,0.163986757372923,12.1852956464909,35.6489004986413,341.7865972064,0,5.98569581886742,23.9427832754697,1.85864028829284,0,508.333333333333,133.333333333333,15.9618555169798,53.8712623698068,0.782585384544353,2.24993298056501,0.01375,0.011,0.01375,0.01375,0,0,0,0
29/08/2014,0.126246896080987,0.232443103570132,12.2421146660246,30.993868957231,342.07476747457,0,4.69993680550118,18.7997472220047,1.36861462358271,0,508.333333333333,133.333333333333,12.5331648146698,42.2994312495106,0.576258788876932,1.65674401802118,0.01375,0.011,0.01375,0.01375,0,0,0,0
30/08/2014,0.0375103195764044,0.465627391795505,12.3010821736331,15.1373373579057,342.340306989265,0,2.62297085717151,10.491883428686,0.700665924017464,0,508.333333333333,133.333333333333,6.99458895245736,23.6067377145436,0.295017231165248,0.848174539600087,0.01375,0.011,0.01375,0.01375,0,0,0,0
31/08/2014,0.019272881305207,0.590438262170648,12.362180713683,6.65019817239591,342.583137145153,0,0.898121733554364,3.59248693421746,0.131957317097171,0,508.333333333333,133.333333333333,2.3949912894783,8.08309560198928,0.0555609756198613,0.159737804907101,0.01375,0.011,0.01375,0.01375,0,0,0,0
01/09/2014,0.0141876122128213,0.594908013066014,12.4253921997097,6.34625511151105,342.803186059355,0,0.878965658288512,3.51586263315405,0.127574077509457,0,508.333333333333,133.333333333333,2.3439084221027,7.91069092459661,0.0537154010566136,0.154431778037764,0.01375,0.011,0.01375,0.01375,0,0,0,0
02/09/2014,0.0119657895666936,0.6,12.4906979197721,6,343.000388592724,0,0.857142857142857,3.42857142857143,0.12258064516129,0,508.333333333333,133.333333333333,2.28571428571429,7.71428571428572,0.0516129032258065,0.148387096774194,0.01375,0.011,0.01375,0.01375,0,0,0,0
03/09/2014,0.017078331387923,0.422983709329841,12.5580785419912,18.0371077655708,343.174686369124,0,2.63786650689056,10.5514660275622,0.664755827930502,0,508.333333333333,133.333333333333,7.03431068504149,23.740798562015,0.27989719070758,0.804704423284292,0.01375,0.011,0.01375,0.01375,0,0,0,0
04/09/2014,0.0263467925285665,0.330757501581091,12.6275141202729,24.3084898924858,343.326027792715,0,3.37005652600493,13.4802261040197,0.872338196200807,0,508.333333333333,133.333333333333,8.9868174026798,30.3305087340443,0.367300293137182,1.0559883427694,0.01375,0.011,0.01375,0.01375,0,0,0,0
05/09/2014,0.00875825336205594,0.58874735122945,12.6989841002127,6.76518011639738,343.454368063225,0,0.905368494730927,3.62147397892371,0.133615500729829,0,508.333333333333,133.333333333333,2.41431598594914,8.14831645257835,0.0562591582020334,0.161745079830846,0.01375,0.011,0.01375,0.01375,0,0,0,0
06/09/2014,0.0111318152081611,0.45683503180137,12.7724673251798,15.7352178375068,343.559669189209,0,2.26805345229741,9.07221380918963,0.548349184594776,0,508.333333333333,133.333333333333,6.04814253945975,20.4124810706767,0.2308838671978,0.663791118193676,0.01375,0.011,0.01375,0.01375,0,0,0,0
07/09/2014,0.0428905262293996,0.236239674076265,12.8479420425803,30.735702162814,343.6418999993,0,4.91938666784476,19.677546671379,1.42721425452639,0,508.333333333333,133.333333333333,13.118364447586,44.2744800106028,0.600932317695321,1.72768041337405,0.01375,0.011,0.01375,0.01375,0,0,0,0
08/09/2014,0.0475222976232866,0.206935287614647,12.9253859102962,32.728400442204,343.701036151433,0,5.01372860289012,20.0549144115605,1.44172335737568,0,508.333333333333,133.333333333333,13.3699429410403,45.1235574260111,0.607041413631867,1.74524406419162,0.01375,0.011,0.01375,0.01375,0,0,0,0
09/09/2014,0.00674198275951957,0.496540633491416,13.0047760032994,13.0352369225837,343.737060140052,0,1.8250467472855,7.30018698914201,0.411282205707624,0,508.333333333333,133.333333333333,4.86679132609468,16.4254207255695,0.173171455034789,0.497867933225018,0.01375,0.011,0.01375,0.01375,0,0,0,0
10/09/2014,0.0102350954423667,0.348575547732864,13.0860888204375,23.0968627541653,343.749961301293,0,3.63250438617179,14.5300175446872,0.982043113639113,0,508.333333333333,133.333333333333,9.68667836312477,32.6925394755461,0.413491837321732,1.18878903229998,0.01375,0.011,0.01375,0.01375,0,0,0,0
11/09/2014,0.0183985582217875,0.262986635092006,13.1693002913912,28.9169088137436,343.739735816136,0,4.28289110426459,17.1315644170583,1.16129674134104,0,508.333333333333,133.333333333333,11.4210429447056,38.5460199383813,0.488967048985703,1.40578026583389,0.01375,0.011,0.01375,0.01375,0,0,0,0
12/09/2014,0.00535355225695184,0.6,13.2543857837993,6,343.706386711544,0,0.857142857142857,3.42857142857143,0.12258064516129,0,508.333333333333,133.333333333333,2.28571428571429,7.71428571428572,0.0516129032258065,0.148387096774194,0.01375,0.011,0.01375,0.01375,0,0,0,0
13/09/2014,0.00417024045443671,0.6,13.3413201105505,6,343.649923859559,0,0.857142857142857,3.42857142857143,0.12258064516129,0,508.333333333333,133.333333333333,2.28571428571429,7.71428571428572,0.0516129032258065,0.148387096774194,0.01375,0.011,0.01375,0.01375,0,0,0,0
14/09/2014,1.21382332876347e-05,0.6,13.4300775372393,6,343.570363974383,0,0.857142857142857,3.42857142857143,0.12258064516129,0,508.333333333333,133.333333333333,2.28571428571429,7.71428571428572,0.0516129032258065,0.148387096774194,0.01375,0.011,0.01375,0.01375,0,0,0,0
15/09/2014,0.000686740678403265,0.6,13.5206317897838,6,343.46773060743,0,0.857142857142857,3.42857142857143,0.12258064516129,0,508.333333333333,133.333333333333,2.28571428571429,7.71428571428572,0.0516129032258065,0.148387096774194,0.01375,0.011,0.01375,0.01375,0,0,0,0
16/09/2014,0,0,13.6129560622039,0,343.342054140356,0,0,0,0,0,508.333333333333,133.333333333333,0,0,0,0,0.01375,0.011,0.01375,0.01375,0,0,0,0
17/09/2014,0,0,13.7070230245555,0,343.193371776061,0,0,0,0,0,508.333333333333,133.333333333333,0,0,0,0,0.01375,0.011,0.01375,0.01375,0,0,0,0
18/09/2014,0,0,13.8028048310218,0,343.021727527679,0,0,0,0,0,508.333333333333,133.333333333333,0,0,0,0,0.01375,0.011,0.01375,0.01375,0,0,0,0
19/09/2014,0,0,13.9002731281556,0,342.827172205552,0,0,0,0,0,508.333333333333,133.333333333333,0,0,0,0,0.01375,0.011,0.01375,0.01375,0,0,0,0
20/09/2014,0,0,13.9993990632724,0,342.609763402183,0,0,0,0,0,508.333333333333,133.333333333333,0,0,0,0,0.01375,0.011,0.01375,0.01375,0,0,0,0
21/09/2014,0,0,14.100153292992,0,342.369565475191,0,0,0,0,0,508.333333333333,133.333333333333,0,0,0,0,0.01375,0.011,0.01375,0.01375,0,0,0,0
22/09/2014,0,0,14.2025059919243,0,342.10664952826,0,0,0,0,0,508.333333333333,133.333333333333,0,0,0,0,0.01375,0.011,0.01375,0.01375,0,0,0,0
23/09/2014,0,0,14.3064268614986,0,341.821093390089,0,0,0,0,0,508.333333333333,133.333333333333,0,0,0,0,0.01375,0.011,0.01375,0.01375,0,0,0,0
24/09/2014,0,0,14.4118851389321,0,341.512981591355,0,0,0,0,0,508.333333333333,133.333333333333,0,0,0,0,0.01375,0.011,0.01375,0.01375,0,0,0,0
25/09/2014,0,0,14.5188496063369,0,341.182405339689,0,0,0,0,0,508.333333333333,133.333333333333,0,0,0,0,0.01375,0.011,0.01375,0.01375,0,0,0,0
26/09/2014,0.00470600315435356,0.235606011298333,14.6272885999607,30.7787912317134,340.829462492675,0,5.56203591871785,22.2481436748714,1.61369679873196,0,508.333333333333,133.333333333333,14.8320957832476,50.0583232684607,0.679451283676616,1.95342244057027,0.01375,0.011,0.01375,0.01375,0,0,0,0
27/09/2014,0.0108999417900258,0.191741284745325,14.7371700195604,33.7615926373179,340.454257528887,0,5.35925661233588,21.4370264493435,1.50680235466121,0,508.333333333333,133.333333333333,14.291350966229,48.2333095110229,0.634443096699457,1.82402390301094,0.01375,0.011,0.01375,0.01375,0,0,0,0
28/09/2014,0,0,14.8484613379039,0,340.056901516956,0,0,0,0,0,508.333333333333,133.333333333333,0,0,0,0,0.01375,0.011,0.01375,0.01375,0,0,0,0
29/09/2014,0,0,14.9611296103994,0,339.637512082693,0,0,0,0,0,508.333333333333,133.333333333333,0,0,0,0,0.01375,0.011,0.01375,0.01375,0,0,0,0
30/09/2014,0,0,15.0751414848473,0,339.19621337427,0,0,0,0,0,508.333333333333,133.333333333333,0,0,0,0,0.01375,0.011,0.01375,0.01375,0,0,0,0
01/10/2014,0,0,15.1904632113135,0,338.73313602547,0,0,0,0,0,508.333333333333,133.333333333333,0,0,0,0,0.01375,0.011,0.01375,0.01375,0,0,0,0
02/10/2014,0,0,15.3070606521197,0,338.248417117015,0,0,0,0,0,508.333333333333,133.333333333333,0,0,0,0,0.01375,0.011,0.01375,0.01375,0,0,0,0
03/10/2014,0,0,15.4248992919492,0,337.742200135988,0,0,0,0,0,508.333333333333,133.333333333333,0,0,0,0,0.01375,0.011,0.01375,0.01375,0,0,0,0
04/10/2014,0,0,15.5439442480639,0,337.214634933357,0,0,0,0,0,508.333333333333,133.333333333333,0,0,0,0,0.01375,0.011,0.01375,0.01375,0,0,0,0
05/10/2014,0,0,15.6641602806307,0,336.665877679617,0,0,0,0,0,508.333333333333,133.333333333333,0,0,0,0,0.01375,0.011,0.01375,0.01375,0,0,0,0
06/10/2014,0,0,15.7855118031529,0,336.096090818561,0,0,0,0,0,508.333333333333,133.333333333333,0,0,0,0,0.01375,0.011,0.01375,0.01375,0,0,0,0
07/10/2014,0,0,15.9079628930047,0,335.50544301919,0,0,0,0,0,508.333333333333,133.333333333333,0,0,0,0,0.01375,0.011,0.01375,0.01375,0,0,0,0
08/10/2014,0,0,16.0314773020651,0,334.894109125787,0,0,0,0,0,508.333333333333,133.333333333333,0,0,0,0,0.01375,0.011,0.01375,0.01375,0,0,0,0
09/10/2014,0,0,16.1560184674478,0,334.262270106158,0,0,0,0,0,508.333333333333,133.333333333333,0,0,0,0,0.01375,0.011,0.01375,0.01375,0,0,0,0
10/10/2014,0,0,16.2815495223251,0,333.610112998059,0,0,0,0,0,508.333333333333,133.333333333333,0,0,0,0,0.01375,0.011,0.01375,0.01375,0,0,0,0
11/10/2014,0,0,16.408033306841,0,332.937830853834,0,0,0,0,0,508.333333333333,133.333333333333,0,0,0,0,0.01375,0.011,0.01375,0.01375,0,0,0,0
12/10/2014,0,0,16.5354323791111,0,332.245622683264,0,0,0,0,0,508.333333333333,133.333333333333,0,0,0,0,0.01375,0.011,0.01375,0.01375,0,0,0,0
13/10/2014,0,0,16.6637090263067,0,331.533693394657,0,0,0,0,0,508.333333333333,133.333333333333,0,0,0,0,0.01375,0.011,0.01375,0.01375,0,0,0,0
14/10/2014,0.00502326742483556,0.125508076998089,16.792825275818,38.2654507641299,330.802253734189,0,8.04393671599823,32.1757468639929,2.45130850205499,0,508.333333333333,133.333333333333,21.4504979093286,72.3954304439841,1.0321298956021,2.96737344985604,0.01375,0.011,0.01375,0.01375,0,0,0,0
15/10/2014,0.0471960483965442,0.143867322618801,16.9227429064953,37.0170220619215,330.051520223521,0,5.45526380974453,21.8210552389781,1.52833452303634,0,508.333333333333,133.333333333333,14.5473701593188,49.0973742877008,0.643509272857408,1.85008915946505,0.01375,0.011,0.01375,0.01375,0,0,0,0
16/10/2014,0.0331248247889217,0.137653809486069,17.053423459963,37.4395409549473,329.281715095704,0,5.43559579891891,21.7423831956757,1.50440428987968,0,508.333333333333,133.333333333333,14.4949221304504,48.9203621902702,0.633433385212496,1.82112098248593,0.01375,0.011,0.01375,0.01375,0,0,0,0
17/10/2014,0,0,17.1848282520041,0,328.49306622939,0,0,0,0,0,508.333333333333,133.333333333333,0,0,0,0,0.01375,0.011,0.01375,0.01375,0,0,0,0
18/10/2014,0,0,17.3169183840117,0,327.685807081381,0,0,0,0,0,508.333333333333,133.333333333333,0,0,0,0,0.01375,0.011,0.01375,0.01375,0,0,0,0
19/10/2014,0,0,17.4496547545038,0,326.860176617513,0,0,0,0,0,508.333333333333,133.333333333333,0,0,0,0,0.01375,0.011,0.01375,0.01375,0,0,0,0
20/10/2014,0,0,17.5829980706979,0,326.016419241926,0,0,0,0,0,508.333333333333,133.333333333333,0,0,0,0,0.01375,0.011,0.01375,0.01375,0,0,0,0
21/10/2014,0.000398851755568046,0.110579148162867,17.7169088601428,39.280617924925,325.154784724706,0,8.05217873003257,32.2087149201303,2.42308332947046,0,508.333333333333,133.333333333333,21.4724766134202,72.4696085702931,1.02024561240862,2.93320613567477,0.01375,0.011,0.01375,0.01375,0,0,0,0
22/10/2014,0.00173555737748053,0.10410200028709,17.8513474824032,39.7210639804779,324.275528127956,0,8.10769714039637,32.4307885615855,2.44055073470965,0,508.333333333333,133.333333333333,21.6205257077237,72.9692742635674,1.02760030935143,2.95435088938537,0.01375,0.011,0.01375,0.01375,0,0,0,0
23/10/2014,0,0,17.986274140794,0,323.378909730285,0,0,0,0,0,508.333333333333,133.333333333333,0,0,0,0,0.01375,0.011,0.01375,0.01375,0,0,0,0
24/10/2014,0,0,18.1216488941613,0,322.465194949768,0,0,0,0,0,508.333333333333,133.333333333333,0,0,0,0,0.01375,0.011,0.01375,0.01375,0,0,0,0
25/10/2014,0,0,18.2574316687051,0,321.534654265367,0,0,0,0,0,508.333333333333,133.333333333333,0,0,0,0,0.01375,0.011,0.01375,0.01375,0,0,0,0
26/10/2014,0,0,18.393582269843,0,320.587563136873,0,0,0,0,0,508.333333333333,133.333333333333,0,0,0,0,0.01375,0.011,0.01375,0.01375,0,0,0,0
27/10/2014,0,0,18.5300603941077,0,319.624201923357,0,0,0,0,0,508.333333333333,133.333333333333,0,0,0,0,0.01375,0.011,0.01375,0.01375,0,0,0,0
28/10/2014,0,0,18.6668256410784,0,318.644855800181,0,0,0,0,0,508.333333333333,133.333333333333,0,0,0,0,0.01375,0.011,0.01375,0.01375,0,0,0,0
29/10/2014,0,0,18.8038375253397,0,317.64981467458,0,0,0,0,0,508.333333333333,133.333333333333,0,0,0,0,0.01375,0.011,0.01375,0.01375,0,0,0,0
30/10/2014,0,0,18.9410554884664,0,316.639373099842,0,0,0,0,0,508.333333333333,133.333333333333,0,0,0,0,0.01375,0.011,0.01375,0.01375,0,0,0,0
31/10/2014,0,0,19.0784389110296,0,315.613830188116,0,0,0,0,0,508.333333333333,133.333333333333,0,0,0,0,0.01375,0.011,0.01375,0.01375,0,0,0,0
01/11/2014,0,0,19.2159471246209,0,314.573489521866,0,0,0,0,0,508.333333333333,133.333333333333,0,0,0,0,0.01375,0.011,0.01375,0.01375,0,0,0,0
02/11/2014,0.000800553221071019,0.104995893223255,19.353539423891,39.6602792608186,313.518659064006,0,8.10003520094353,32.4001408037741,2.43814010730761,0,508.333333333333,133.333333333333,21.6000938691827,72.9003168084917,1.02658530834005,2.95143276147763,0.01375,0.011,0.01375,0.01375,0,0,0,0
03/11/2014,0.00437371556866821,0.101924824747905,19.4911750785997,39.8691119171424,312.449651066735,0,8.12635864501796,32.5054345800718,2.44642208551855,0,508.333333333333,133.333333333333,21.6702897200479,73.1372278051616,1.03007245706044,2.96145831404877,0.01375,0.011,0.01375,0.01375,0,0,0,0
04/11/2014,0,0,19.6288133456723,0,311.366781979106,0,0,0,0,0,508.333333333333,133.333333333333,0,0,0,0,0.01375,0.011,0.01375,0.01375,0,0,0,0
05/11/2014,0,0,19.7664134812612,0,310.270372353347,0,0,0,0,0,508.333333333333,133.333333333333,0,0,0,0,0.01375,0.011,0.01375,0.01375,0,0,0,0
06/11/2014,0.00517872883468835,0.12505155446893,19.9039347528061,38.2964942961128,309.160746749974,0,8.05636763334534,32.2254705333814,2.45741222656986,0,508.333333333333,133.333333333333,21.4836470222542,72.5073087001081,1.03469988487152,2.97476216900561,0.01375,0.011,0.01375,0.01375,0,0,0,0
07/11/2014,0.0154470401014466,0.131248986303611,20.0413364510926,37.8750689313545,308.038233641712,0,6.2171162655209,24.8684650620836,1.78023727511329,0,508.333333333333,133.333333333333,16.5789767080557,55.9540463896881,0.749573589521386,2.15502406987398,0.01375,0.011,0.01375,0.01375,0,0,0,0
08/11/2014,0,0,20.178577902302,0,306.903165316262,0,0,0,0,0,508.333333333333,133.333333333333,0,0,0,0,0.01375,0.011,0.01375,0.01375,0,0,0,0
09/11/2014,0,0,20.3156184800527,0,305.755877777935,0,0,0,0,0,508.333333333333,133.333333333333,0,0,0,0,0.01375,0.011,0.01375,0.01375,0,0,0,0
10/11/2014,0,0,20.4524176174254,0,304.596710648189,0,0,0,0,0,508.333333333333,133.333333333333,0,0,0,0,0.01375,0.011,0.01375,0.01375,0,0,0,0
11/11/2014,0,0,20.5889348189725,0,303.42600706509,0,0,0,0,0,508.333333333333,133.333333333333,0,0,0,0,0.01375,0.011,0.01375,0.01375,0,0,0,0
12/11/2014,0,0,20.7251296727055,0,302.244113581744,0,0,0,0,0,508.333333333333,133.333333333333,0,0,0,0,0.01375,0.011,0.01375,0.01375,0,0,0,0
13/11/2014,0,0,20.8609618620575,0,301.051380063702,0,0,0,0,0,508.333333333333,133.333333333333,0,0,0,0,0.01375,0.011,0.01375,0.01375,0,0,0,0
14/11/2014,0,0,20.996391177818,0,299.848159585395,0,0,0,0,0,508.333333333333,133.333333333333,0,0,0,0,0.01375,0.011,0.01375,0.01375,0,0,0,0
15/11/2014,0,0,21.1313775300357,0,298.634808325618,0,0,0,0,0,508.333333333333,133.333333333333,0,0,0,0,0.01375,0.011,0.01375,0.01375,0,0,0,0
16/11/2014,0,0,21.2658809598859,0,297.411685462092,0,0,0,0,0,508.333333333333,133.333333333333,0,0,0,0,0.01375,0.011,0.01375,0.01375,0,0,0,0
17/11/2014,0,0,21.399861651499,0,296.17915306514,0,0,0,0,0,508.333333333333,133.333333333333,0,0,0,0,0.01375,0.011,0.01375,0.01375,0,0,0,0
18/11/2014,0,0,21.5332799437473,0,294.937575990505,0,0,0,0,0,508.333333333333,133.333333333333,0,0,0,0,0.01375,0.011,0.01375,0.01375,0,0,0,0
19/11/2014,0,0,21.666096341985,0,293.68732177135,0,0,0,0,0,508.333333333333,133.333333333333,0,0,0,0,0.01375,0.011,0.01375,0.01375,0,0,0,0
20/11/2014,0,0,21.7982715297398,0,292.428760509454,0,0,0,0,0,508.333333333333,133.333333333333,0,0,0,0,0.01375,0.011,0.01375,0.01375,0,0,0,0
21/11/2014,0,0,21.9297663803513,0,291.162264765657,0,0,0,0,0,508.333333333333,133.333333333333,0,0,0,0,0.01375,0.011,0.01375,0.01375,0,0,0,0
22/11/2014,0,0,22.0605419685534,0,289.888209449576,0,0,0,0,0,508.333333333333,133.333333333333,0,0,0,0,0.01375,0.011,0.01375,0.01375,0,0,0,0
23/11/2014,0,0,22.1905595819968,0,288.606971708621,0,0,0,0,0,508.333333333333,133.333333333333,0,0,0,0,0.01375,0.011,0.01375,0.01375,0,0,0,0
24/11/2014,0,0,22.3197807327088,0,287.31893081635,0,0,0,0,0,508.333333333333,133.333333333333,0,0,0,0,0.01375,0.011,0.01375,0.01375,0,0,0,0
25/11/2014,0.000921156388632105,0.104397736975948,22.4481671684868,39.7009538856355,286.024468060202,0,8.10516225449187,32.4206490179675,2.43975319963906,0,508.333333333333,133.333333333333,21.6137660119783,72.9464602904269,1.02726450511118,2.95338545219465,0.01375,0.011,0.01375,0.01375,0,0,0,0
26/11/2014,0.00339368831939386,0.102097367131196,22.5756808842214,39.8573790350787,284.723966628621,0,8.12487971030403,32.4995188412161,2.445956777672,0,508.333333333333,133.333333333333,21.6663458941441,73.1239173927363,1.02987653796716,2.96089504665558,0.01375,0.011,0.01375,0.01375,0,0,0,0
27/11/2014,0,0,22.7022841331467,0,283.417811497628,0,0,0,0,0,508.333333333333,133.333333333333,0,0,0,0,0.01375,0.011,0.01375,0.01375,0,0,0,0
28/11/2014,0,0,22.8279394380145,0,282.10638931686,0,0,0,0,0,508.333333333333,133.333333333333,0,0,0,0,0.01375,0.011,0.01375,0.01375,0,0,0,0
29/11/2014,0,0,22.9526096021881,0,280.79008829511,0,0,0,0,0,508.333333333333,133.333333333333,0,0,0,0,0.01375,0.011,0.01375,0.01375,0,0,0,0
30/11/2014,0,0,23.0762577206533,0,279.469298085414,0,0,0,0,0,508.333333333333,133.333333333333,0,0,0,0,0.01375,0.011,0.01375,0.01375,0,0,0,0
01/12/2014,0.004168783695665,0.118012801990841,23.1988471909432,38.7751294646228,278.144409669701,0,8.08404469205462,32.3361787682185,2.45771402780459,0,508.333333333333,133.333333333333,21.5574525121457,72.7564022284916,1.03482695907561,2.97512750734239,0.01375,0.011,0.01375,0.01375,0,0,0,0
02/12/2014,0.0262821736121856,0.119445230909525,23.3203417239731,38.6777242981523,276.815815243058,0,6.17841130715953,24.7136452286381,1.76458380867436,0,508.333333333333,133.333333333333,16.4757634857587,55.6057017644358,0.742982656283942,2.13607513681633,0.01375,0.011,0.01375,0.01375,0,0,0,0
03/12/2014,0.0202148328339847,0.114084900551099,23.4407053547832,39.0422267625253,275.483908097629,0,6.58254540693203,26.3301816277281,1.90145650081855,0,508.333333333333,133.333333333333,17.5534544184854,59.2429086623883,0.800613263502547,2.30176313256982,0.01375,0.011,0.01375,0.01375,0,0,0,0
04/12/2014,0.01078356041224,0.133750361409065,23.5599024531845,37.7049754241836,274.149082506192,0,6.33879616783232,25.3551846713293,1.82860694892647,0,508.333333333333,133.333333333333,16.9034564475529,57.0491655104909,0.76993976796904,2.21357683291099,0.01375,0.011,0.01375,0.01375,0,0,0,0
05/12/2014,0.00627165190151746,0.101175432073977,23.6778977343065,39.9200706189695,272.811733605447,0,8.13278201079448,32.5311280431779,2.44844302834244,0,508.333333333333,133.333333333333,21.6874186954519,73.1950380971503,1.03092338035471,2.96390471851979,0.01375,0.011,0.01375,0.01375,0,0,0,0
06/12/2014,0.00455500667815839,0.108922663477783,23.794656269042,39.3932588835108,271.472257279049,0,8.09656041686974,32.386241667479,2.44481660992593,0,508.333333333333,133.333333333333,21.5908277783193,72.8690437518277,1.02939646733723,2.95951484359455,0.01375,0.011,0.01375,0.01375,0,0,0,0
07/12/2014,0.101267009545909,0.113925933512743,23.9101434943871,39.0530365211335,270.131050040415,0,7.02043646825816,28.0817458730326,2.21321860932507,0,508.333333333333,133.333333333333,18.7211639153551,63.1839282143234,0.931881519715818,2.67915936918298,0.01375,0.011,0.01375,0.01375,0,0,0,0
08/12/2014,0.0634052734637788,0.118051733661026,24.0243252236724,38.7724821110502,268.788508915348,0,5.72080514457515,22.8832205783006,1.61250596494195,0,508.333333333333,133.333333333333,15.2554803855337,51.4872463011764,0.67894987997556,1.95198090492973,0.01375,0.011,0.01375,0.01375,0,0,0,0
09/12/2014,0.0984312915614964,0.140935448841488,24.137167656683,37.2163894787788,267.445031324511,0,6.75091680216023,27.0036672086409,2.1455072645258,0,508.333333333333,133.333333333333,18.0024448057606,60.7582512194421,0.903371479800337,2.59719300442597,0.01375,0.011,0.01375,0.01375,0,0,0,0
10/12/2014,0.0496461475612647,0.218800045565579,24.2486373896641,31.9215969015407,266.101014965779,0,4.69600173985344,18.7840069594138,1.31158151487176,0,508.333333333333,133.333333333333,12.5226713062758,42.264015658681,0.552244848367055,1.58770393905528,0.01375,0.011,0.01375,0.01375,0,0,0,0
11/12/2014,0.00634797962027844,0.44941705473677,24.3587014252095,16.2396402778996,264.756857696517,0,2.34411466568535,9.37645866274138,0.572982076525827,0,508.333333333333,133.333333333333,6.25097244182759,21.0970319911681,0.241255611168769,0.693609882110212,0.01375,0.011,0.01375,0.01375,0,0,0,0
12/12/2014,0.118378387590922,0.159844823655973,24.4673271820289,35.9305519913939,263.412957415799,0,6.43765136903671,25.7506054761468,2.03388806172155,0,508.333333333333,133.333333333333,17.1670703174312,57.9388623213304,0.856373920724865,2.46207502208399,0.01375,0.011,0.01375,0.01375,0,0,0,0
13/12/2014,0.080580146658977,0.215025544829708,24.5744825045931,32.1782629515798,262.069711946626,0,4.90888814535577,19.6355525814231,1.41265985848849,0,508.333333333333,133.333333333333,13.0903683876154,44.1799933082019,0.594804150942522,1.71006193395975,0.01375,0.011,0.01375,0.01375,0,0,0,0
14/12/2014,0.00485719552048467,0.6,24.680135672653,6,260.727518918163,0,0.857142857142857,3.42857142857143,0.12258064516129,0,508.333333333333,133.333333333333,2.28571428571429,7.71428571428572,0.0516129032258065,0.148387096774194,0.01375,0.011,0.01375,0.01375,0,0,0,0
15/12/2014,0.0010904103446652,0.6,24.7842554106286,6,259.386775648026,0,0.857142857142857,3.42857142857143,0.12258064516129,0,508.333333333333,133.333333333333,2.28571428571429,7.71428571428572,0.0516129032258065,0.148387096774194,0.01375,0.011,0.01375,0.01375,0,0,0,0
16/12/2014,0.00138482753236335,0.6,24.8868108968681,6,258.047879024676,0,0.857142857142857,3.42857142857143,0.12258064516129,0,508.333333333333,133.333333333333,2.28571428571429,7.71428571428572,0.0516129032258065,0.148387096774194,0.01375,0.011,0.01375,0.01375,0,0,0,0
17/12/2014,0.000489135848578444,0.6,24.9877717727713,6,256.711225389925,0,0.857142857142857,3.42857142857143,0.12258064516129,0,508.333333333333,133.333333333333,2.28571428571429,7.71428571428572,0.0516129032258065,0.148387096774194,0.01375,0.011,0.01375,0.01375,0,0,0,0
18/12/2014,0.000101768765352151,0.6,25.0871081517765,6,255.377210421614,0,0.857142857142857,3.42857142857143,0.12258064516129,0,508.333333333333,133.333333333333,2.28571428571429,7.71428571428572,0.0516129032258065,0.148387096774194,0.01375,0.011,0.01375,0.01375,0,0,0,0
19/12/2014,0,0,25.1847906282074,0,254.046229016481,0,0,0,0,0,508.333333333333,133.333333333333,0,0,0,0,0.01375,0.011,0.01375,0.01375,0,0,0,0
20/12/2014,0,0,25.2807902859783,0,252.718675173266,0,0,0,0,0,508.333333333333,133.333333333333,0,0,0,0,0.01375,0.011,0.01375,0.01375,0,0,0,0
21/12/2014,0,0,25.3750787071532,0,251.394941876079,0,0,0,0,0,508.333333333333,133.333333333333,0,0,0,0,0.01375,0.011,0.01375,0.01375,0,0,0,0
22/12/2014,0,0,25.4676279803587,0,250.075420978066,0,0,0,0,0,508.333333333333,133.333333333333,0,0,0,0,0.01375,0.011,0.01375,0.01375,0,0,0,0
23/12/2014,0.00260764267048794,0.336517826752899,25.5584107090458,23.9167877808029,248.760503085413,0,3.98480021798309,15.9392008719323,1.09704144068293,0,508.333333333333,133.333333333333,10.6261339146216,35.8632019618478,0.461912185550706,1.32799753345828,0.01375,0.011,0.01375,0.01375,0,0,0,0
24/12/2014,0.00648875616854571,0.191125356427598,25.6474000196006,33.8034757629233,247.45057744172,0,5.84651830739639,23.3860732295856,1.68062999253106,0,508.333333333333,133.333333333333,15.5907154863904,52.6186647665675,0.70763368106571,2.03444683306392,0.01375,0.011,0.01375,0.01375,0,0,0,0
25/12/2014,0.00189908045496353,0.103537755840678,25.7345695692986,39.7594326028339,246.146031812774,0,8.11253352136561,32.4501340854625,2.44207237457159,0,508.333333333333,133.333333333333,21.6334227236416,73.0128016922905,1.02824099981962,2.9561928744814,0.01375,0.011,0.01375,0.01375,0,0,0,0
26/12/2014,0.0313251282540858,0.145304727745936,25.8198935541034,36.9192785132764,244.847252371766,0,6.19700807937974,24.788032317519,1.80714144667918,0,508.333333333333,133.333333333333,16.525354878346,55.7730727144176,0.760901661759654,2.18759227755901,0.01375,0.011,0.01375,0.01375,0,0,0,0
27/12/2014,0.0758584531020117,0.133724099397438,25.9033467163048,37.7067612409742,243.55462358497,0,5.18725720729661,20.7490288291864,1.41394335810122,0,508.333333333333,133.333333333333,13.8326858861243,46.6853148656695,0.595344571832091,1.71161564401726,0.01375,0.011,0.01375,0.01375,0,0,0,0
28/12/2014,0,0,25.984904351996,0,242.268528097937,0,0,0,0,0,508.333333333333,133.333333333333,0,0,0,0,0.01375,0.011,0.01375,0.01375,0,0,0,0
29/12/2014,0,0,26.0645423183859,0,240.989346622224,0,0,0,0,0,508.333333333333,133.333333333333,0,0,0,0,0.01375,0.011,0.01375,0.01375,0,0,0,0
30/12/2014,0,0,26.1422370409468,0,239.717457822691,0,0,0,0,0,508.333333333333,133.333333333333,0,0,0,0,0.01375,0.011,0.01375,0.01375,0,0,0,0
31/12/2014,0,0,26.2179655203918,0,238.453238205414,0,0,0,0,0,508.333333333333,133.333333333333,0,0,0,0,0.01375,0.011,0.01375,0.01375,0,0,0,0
01/01/2015,0,0,26.3051371179797,0,236.96541410873,0,0,0,0,0,508.333333333333,133.333333333333,0,0,0,0,0.01375,0.011,0.01375,0.01375,0,0,0,0
02/01/2015,0,0,26.3764918925008,0,235.719251726306,0,0,0,0,0,508.333333333333,133.333333333333,0,0,0,0,0.01375,0.011,0.01375,0.01375,0,0,0,0
03/01/2015,0,0,26.4458110794992,0,234.481942079986,0,0,0,0,0,508.333333333333,133.333333333333,0,0,0,0,0.01375,0.011,0.01375,0.01375,0,0,0,0
04/01/2015,0,0,26.5130741590243,0,233.253851439682,0,0,0,0,0,508.333333333333,133.333333333333,0,0,0,0,0.01375,0.011,0.01375,0.01375,0,0,0,0
05/01/2015,0,0,26.5782612197774,0,232.035343346284,0,0,0,0,0,508.333333333333,133.333333333333,0,0,0,0,0.01375,0.011,0.01375,0.01375,0,0,0,0
06/01/2015,0.00105348059116002,0.103894973427508,26.6413529650052,39.7351418069295,230.826778504046,0,8.10947165633565,32.4378866253426,2.44110903940195,0,508.333333333333,133.333333333333,21.6252577502284,72.9852449070208,1.02783538501135,2.95502673190762,0.01375,0.011,0.01375,0.01375,0,0,0,0
07/01/2015,0,0,26.7023307182122,0,229.628514673805,0,0,0,0,0,508.333333333333,133.333333333333,0,0,0,0,0.01375,0.011,0.01375,0.01375,0,0,0,0
08/01/2015,0,0,26.7611764286895,0,228.440906567085,0,0,0,0,0,508.333333333333,133.333333333333,0,0,0,0,0.01375,0.011,0.01375,0.01375,0,0,0,0
09/01/2015,0,0,26.817872676858,0,227.264305741087,0,0,0,0,0,508.333333333333,133.333333333333,0,0,0,0,0.01375,0.011,0.01375,0.01375,0,0,0,0
10/01/2015,0.00221072369805362,0.10227073896281,26.8724026794253,39.8455897505289,226.099060494622,0,8.12339366603306,32.4935746641322,2.44548923299062,0,508.333333333333,133.333333333333,21.6623831094215,73.1105429942975,1.02967967704868,2.96032907151496,0.01375,0.011,0.01375,0.01375,0,0,0,0
11/01/2015,0.0439206859057762,0.149194512900199,26.9247502943533,36.6547731227865,224.945515765012,0,5.41338013514005,21.6535205405602,1.5184920753198,0,508.333333333333,133.333333333333,14.4356803603735,48.7204212162605,0.639365084345178,1.83817461749239,0.01375,0.011,0.01375,0.01375,0,0,0,0
12/01/2015,0.0492328527288595,0.133765340442958,26.9749000256372,37.7039568498789,223.804013025974,0,5.44785346174912,21.7914138469965,1.51456159543913,0,508.333333333333,133.333333333333,14.527609231331,49.0306811557421,0.637710145448054,1.83341666816316,0.01375,0.011,0.01375,0.01375,0,0,0,0
13/01/2015,0.0251013268322841,0.132623703711654,27.0228370278924,37.7815881476076,222.674890186543,0,5.69684520949945,22.7873808379978,1.59503869098218,0,508.333333333333,133.333333333333,15.1915872253319,51.2716068854951,0.671595238308288,1.93083631013633,0.01375,0.011,0.01375,0.01375,0,0,0,0
14/01/2015,0.000152783047764034,0.104178587277971,27.0685471107489,39.715856065098,221.55848149104,0,8.10704068047454,32.4281627218981,2.44034419688909,0,508.333333333333,133.333333333333,21.6187751479321,72.9633661242708,1.02751334605856,2.95410086991837,0.01375,0.011,0.01375,0.01375,0,0,0,0
15/01/2015,0,0,27.1120167430522,0,220.45511742013,0,0,0,0,0,508.333333333333,133.333333333333,0,0,0,0,0.01375,0.011,0.01375,0.01375,0,0,0,0
16/01/2015,0,0,27.1532330568687,0,219.365124592991,0,0,0,0,0,508.333333333333,133.333333333333,0,0,0,0,0.01375,0.011,0.01375,0.01375,0,0,0,0
17/01/2015,0,0,27.1921838512949,0,218.28882567063,0,0,0,0,0,508.333333333333,133.333333333333,0,0,0,0,0.01375,0.011,0.01375,0.01375,0,0,0,0
18/01/2015,0,0,27.2288575960691,0,217.226539260369,0,0,0,0,0,508.333333333333,133.333333333333,0,0,0,0,0.01375,0.011,0.01375,0.01375,0,0,0,0
19/01/2015,0.00116923089503334,0.120759624989788,27.2632434349846,38.5883455006944,216.178579821526,0,8.00140074172715,32.0056029669086,2.41649886567515,0,508.333333333333,133.333333333333,21.3370686446057,72.0126066755444,1.01747320660006,2.92523546897518,0.01375,0.011,0.01375,0.01375,0,0,0,0
20/01/2015,0.00973305718903405,0.132401690567814,27.2953311891033,37.7966850413886,215.145257572335,0,6.72498061760287,26.8999224704115,1.96640254828194,0,508.333333333333,133.333333333333,17.933281646941,60.5248255584258,0.827958967697659,2.38038203213077,0.01375,0.011,0.01375,0.01375,0,0,0,0
21/01/2015,0.00691704928475803,0.100938352423523,27.3251113597692,39.9361920352004,214.126878398107,0,8.13481412208409,32.5392564883364,2.4490823786256,0,508.333333333333,133.333333333333,21.6928376588909,73.2133270987568,1.03119258047394,2.96467866886256,0.01375,0.011,0.01375,0.01375,0,0,0,0
22/01/2015,0,0,27.3525751314198,0,213.12374376069,0,0,0,0,0,508.333333333333,133.333333333333,0,0,0,0,0.01375,0.011,0.01375,0.01375,0,0,0,0
23/01/2015,0,0,27.3777143741959,0,212.136150609223,0,0,0,0,0,508.333333333333,133.333333333333,0,0,0,0,0.01375,0.011,0.01375,0.01375,0,0,0,0
24/01/2015,0,0,27.4005216463481,0,211.164391292236,0,0,0,0,0,508.333333333333,133.333333333333,0,0,0,0,0.01375,0.011,0.01375,0.01375,0,0,0,0
25/01/2015,0.000280323894234677,0.104045916960246,27.4209901964399,39.7248776467033,210.208753471109,0,8.10817785462646,32.4327114185058,2.44070197877817,0,508.333333333333,133.333333333333,21.6218076123372,72.9736006916381,1.02766399106449,2.95453397431042,0.01375,0.011,0.01375,0.01375,0,0,0,0
26/01/2015,0.0015533440398408,0.103380795217922,27.4391139653462,39.7701059251813,209.269520034914,0,8.1138788981321,32.4555155925284,2.44249566192844,0,508.333333333333,133.333333333333,21.6370103950189,73.0249100831889,1.02841922607513,2.95670527496601,0.01375,0.011,0.01375,0.01375,0,0,0,0
27/01/2015,0.0177753265369219,0.142061159730598,27.4548875880467,37.1398411383193,208.346969016682,0,6.17368236981422,24.6947294792569,1.78909756100188,0,508.333333333333,133.333333333333,16.4631529861713,55.563141328328,0.753304236211318,2.16574967910754,0.01375,0.011,0.01375,0.01375,0,0,0,0
28/01/2015,0.25974546269575,0.126838507209113,27.4683063952143,38.1749815097803,207.441373511089,0,6.61418158680038,26.4567263472015,2.07757360159919,0,508.333333333333,133.333333333333,17.637817564801,59.5276342812034,0.874767832252291,2.51495751772534,0.01375,0.011,0.01375,0.01375,0,0,0,0
29/01/2015,0.177636390496987,0.152889040189721,27.4793664145975,36.403545267099,206.553001593623,0,5.74404261204053,22.9761704481621,1.71130415801458,0,508.333333333333,133.333333333333,15.3174469654414,51.6963835083648,0.720549119164032,2.07157871759659,0.01375,0.011,0.01375,0.01375,0,0,0,0
30/01/2015,0.0223256250453991,0.320307136488763,27.4880643721958,25.0191147187641,205.682116241223,0,4.00590743919979,16.0236297567992,1.11986793397809,0,508.333333333333,133.333333333333,10.6824198378661,36.0531669527982,0.471523340622353,1.35562960428927,0.01375,0.011,0.01375,0.01375,0,0,0,0
31/01/2015,0.00303573606030213,0.6,27.4943976932292,6,204.828975254433,0,0.857142857142857,3.42857142857143,0.12258064516129,0,508.333333333333,133.333333333333,2.28571428571429,7.71428571428572,0.0516129032258065,0.148387096774194,0.01375,0.011,0.01375,0.01375,0,0,0,0
01/02/2015,0.00160054199943975,0.6,27.4983645029001,6,203.993831181091,0,0.857142857142857,3.42857142857143,0.12258064516129,0,508.333333333333,133.333333333333,2.28571428571429,7.71428571428572,0.0516129032258065,0.148387096774194,0.01375,0.011,0.01375,0.01375,0,0,0,0
02/02/2015,0.0114974388615287,0.295668840605856,27.4999636269489,26.6945188388018,203.176931241564,0,4.26267834432451,17.050713377298,1.17983986213328,0,508.333333333333,133.333333333333,11.367142251532,38.3641050989206,0.49677467879296,1.42822720152976,0.01375,0.011,0.01375,0.01375,0,0,0,0
03/02/2015,0.0262009707545703,0.221692973076603,27.4991945920008,31.724877830791,202.37851725557,0,4.63581545136578,18.5432618054631,1.26480792116546,0,508.333333333333,133.333333333333,12.3621745369754,41.722339062292,0.532550703648615,1.53108327298977,0.01375,0.011,0.01375,0.01375,0,0,0,0
04/02/2015,0.00291976463380454,0.404599993272915,27.4960576257065,19.2872004574417,201.59882557059,0,3.0770423079147,12.3081692316588,0.808146139693583,0,508.333333333333,133.333333333333,8.20544615443919,27.6933807712323,0.340272058818351,0.978282169102759,0.01375,0.011,0.01375,0.01375,0,0,0,0
05/02/2015,0.0172160104616612,0.263295312366033,27.4905536566747,28.8959187591098,200.838086991908,0,4.59255124243874,18.370204969755,1.2849844431806,0,508.333333333333,133.333333333333,12.24680331317,41.3329611819487,0.5410460813392,1.5555074838502,0.01375,0.011,0.01375,0.01375,0,0,0,0
06/02/2015,0.0238146124155395,0.1887199542226,27.4826843141968,33.9670431128632,200.096526714289,0,5.09723534662469,20.3889413864987,1.41158981782581,0,508.333333333333,133.333333333333,13.5926275909992,45.8751181196222,0.594353607505606,1.70876662157862,0.01375,0.011,0.01375,0.01375,0,0,0,0
07/02/2015,0,0,27.4724519277653,0,199.374364255309,0,0,0,0,0,508.333333333333,133.333333333333,0,0,0,0,0.01375,0.011,0.01375,0.01375,0,0,0,0
08/02/2015,0,0,27.4598595263838,0,198.671813390382,0,0,0,0,0,508.333333333333,133.333333333333,0,0,0,0,0.01375,0.011,0.01375,0.01375,0,0,0,0
09/02/2015,0,0,27.4449108376702,0,197.989082089472,0,0,0,0,0,508.333333333333,133.333333333333,0,0,0,0,0.01375,0.011,0.01375,0.01375,0,0,0,0
10/02/2015,0,0,27.4276102867536,0,197.326372455532,0,0,0,0,0,508.333333333333,133.333333333333,0,0,0,0,0.01375,0.011,0.01375,0.01375,0,0,0,0
11/02/2015,0,0,27.4079629949642,0,196.683880664676,0,0,0,0,0,508.333333333333,133.333333333333,0,0,0,0,0.01375,0.011,0.01375,0.01375,0,0,0,0
12/02/2015,0,0,27.3859747783173,0,196.061796908109,0,0,0,0,0,508.333333333333,133.333333333333,0,0,0,0,0.01375,0.011,0.01375,0.01375,0,0,0,0
13/02/2015,0.00371883757121817,0.228998540341266,27.3616521457917,31.2280992567939,195.460305335824,0,5.77496683554621,23.0998673421848,1.68607264760043,0,508.333333333333,133.333333333333,15.3999115614566,51.9747015199159,0.709925325305444,2.04103531025315,0.01375,0.011,0.01375,0.01375,0,0,0,0
14/02/2015,0.00796879938091279,0.166973528942809,27.3350022974027,35.445800031889,194.87958400209,0,6.0691131308333,24.2764525233332,1.74697387630752,0,508.333333333333,133.333333333333,16.1843016822221,54.6220181774997,0.735567947918956,2.114757850267,0.01375,0.011,0.01375,0.01375,0,0,0,0
15/02/2015,2.01628668705488e-05,0.106850092768818,27.3060331220709,39.5341936917204,194.319804812745,0,8.08414206198156,32.3365682479262,2.43313974982345,0,508.333333333333,133.333333333333,21.5577121652842,72.757278557834,1.0244798946625,2.9453796971547,0.01375,0.011,0.01375,0.01375,0,0,0,0
16/02/2015,0,0,27.274753195287,0,193.781133474307,0,0,0,0,0,508.333333333333,133.333333333333,0,0,0,0,0.01375,0.011,0.01375,0.01375,0,0,0,0
17/02/2015,0,0,27.2411717765731,0,193.263729444924,0,0,0,0,0,508.333333333333,133.333333333333,0,0,0,0,0.01375,0.011,0.01375,0.01375,0,0,0,0
18/02/2015,0,0,27.2052988067417,0,192.767745887169,0,0,0,0,0,508.333333333333,133.333333333333,0,0,0,0,0.01375,0.011,0.01375,0.01375,0,0,0,0
19/02/2015,0,0,27.1671449049533,0,192.293329622699,0,0,0,0,0,508.333333333333,133.333333333333,0,0,0,0,0.01375,0.011,0.01375,0.01375,0,0,0,0
20/02/2015,0,0,27.1267213655722,0,191.840621088795,0,0,0,0,0,508.333333333333,133.333333333333,0,0,0,0,0.01375,0.011,0.01375,0.01375,0,0,0,0
21/02/2015,0.00163081542855146,0.128963774150054,27.0840401548241,38.0304633577964,191.409754296791,0,7.95732161728315,31.8292864691326,2.40938576876403,0,508.333333333333,133.333333333333,21.2195243127551,71.6158945555483,1.01447821842696,2.91662487797751,0.01375,0.011,0.01375,0.01375,0,0,0,0
22/02/2015,0.0085374103060587,0.163792705657825,27.0391139072529,35.6620960152679,191.000856792401,0,5.86452454423898,23.4580981769559,1.67209732279145,0,508.333333333333,133.333333333333,15.6387321179706,52.7807208981508,0.704040978017454,2.02411781180018,0.01375,0.011,0.01375,0.01375,0,0,0,0
23/02/2015,0.00147149681045951,0.103082809725425,26.9919559219814,39.7903689386711,190.614049617962,0,8.11643305949636,32.4657322379854,2.44329926151466,0,508.333333333333,133.333333333333,21.6438214919903,73.0478975354673,1.02875758379565,2.95767805341249,0.01375,0.011,0.01375,0.01375,0,0,0,0
24/02/2015,0.00196095340944368,0.102568863504967,26.9425801587739,39.8253172816622,190.249447276606,0,8.12083831281457,32.4833532512583,2.44468525841886,0,508.333333333333,133.333333333333,21.6555688341722,73.0875448153311,1.02934116143952,2.95935583913862,0.01375,0.011,0.01375,0.01375,0,0,0,0
25/02/2015,0,0,26.891001233904,0,189.907157698364,0,0,0,0,0,508.333333333333,133.333333333333,0,0,0,0,0.01375,0.011,0.01375,0.01375,0,0,0,0
26/02/2015,0.000595099514710993,0.113104765916521,26.8372344158281,39.1088759176766,189.587282208215,0,8.04080330221173,32.1632132088469,2.42214874885736,0,508.333333333333,133.333333333333,21.4421421392313,72.3672297199056,1.01985210478204,2.93207480124838,0.01375,0.011,0.01375,0.01375,0,0,0,0
27/02/2015,0.00231025144106844,0.102227983545814,26.7812956206654,39.8484971188847,189.28991549609,0,8.12376014103588,32.4950405641435,2.4456045346958,0,508.333333333333,133.333333333333,21.6633603760957,73.1138412693229,1.02972822513508,2.96046864726334,0.01375,0.011,0.01375,0.01375,0,0,0,0
28/02/2015,0,0,26.7232014074861,0,189.015145588848,0,0,0,0,0,508.333333333333,133.333333333333,0,0,0,0,0.01375,0.011,0.01375,0.01375,0,0,0,0
01/03/2015,0,0,26.6629689734102,0,188.763053824211,0,0,0,0,0,508.333333333333,133.333333333333,0,0,0,0,0.01375,0.011,0.01375,0.01375,0,0,0,0
02/03/2015,0.000837609946727176,0.104295583172416,26.6006161485163,39.7079003442757,188.533714826692,0,8.10603785852215,32.4241514340886,2.44002868538019,0,508.333333333333,133.333333333333,21.6161009560591,72.9543407266993,1.02738049910745,2.95371893493392,0.01375,0.011,0.01375,0.01375,0,0,0,0
03/03/2015,0.00315606020120849,0.101649462385961,26.5361613905638,39.8878365577546,188.327196485501,0,8.12871889383462,32.5148755753385,2.44716467563012,0,508.333333333333,133.333333333333,21.6765837168923,73.1584700445116,1.0303851265811,2.96235723892067,0.01375,0.011,0.01375,0.01375,0,0,0,0
04/03/2015,0,0,26.4696237795288,0,188.143559934448,0,0,0,0,0,508.333333333333,133.333333333333,0,0,0,0,0.01375,0.011,0.01375,0.01375,0,0,0,0
05/03/2015,0,0,26.4010230119562,0,187.98285953385,0,0,0,0,0,508.333333333333,133.333333333333,0,0,0,0,0.01375,0.011,0.01375,0.01375,0,0,0,0
06/03/2015,0,0,26.3303793951287,0,187.845142854435,0,0,0,0,0,508.333333333333,133.333333333333,0,0,0,0,0.01375,0.011,0.01375,0.01375,0,0,0,0
07/03/2015,0,0,26.2577138410562,0,187.730450663264,0,0,0,0,0,508.333333333333,133.333333333333,0,0,0,0,0.01375,0.011,0.01375,0.01375,0,0,0,0
08/03/2015,0,0,26.1830478602847,0,187.638816911658,0,0,0,0,0,508.333333333333,133.333333333333,0,0,0,0,0.01375,0.011,0.01375,0.01375,0,0,0,0
09/03/2015,0,0,26.1064035555288,0,187.570268725153,0,0,0,0,0,508.333333333333,133.333333333333,0,0,0,0,0.01375,0.011,0.01375,0.01375,0,0,0,0
10/03/2015,0,0,26.0278036151292,0,187.524826395466,0,0,0,0,0,508.333333333333,133.333333333333,0,0,0,0,0.01375,0.011,0.01375,0.01375,0,0,0,0
11/03/2015,0,0,25.9472713063363,0,187.502503374491,0,0,0,0,0,508.333333333333,133.333333333333,0,0,0,0,0.01375,0.011,0.01375,0.01375,0,0,0,0
12/03/2015,0.0317461224452719,0.135351466991497,25.8648304684224,37.5961002445782,187.503306270316,0,6.18018849748808,24.7207539899523,1.80472100735701,0,508.333333333333,133.333333333333,16.4805026599682,55.6216964773928,0.759882529413477,2.18466227206375,0.01375,0.011,0.01375,0.01375,0,0,0,0
13/03/2015,0.113599604258935,0.118392243704316,25.7805055056248,38.7493274281065,187.527234845267,0,5.90044230325219,23.6017692130088,1.71756758322487,0,508.333333333333,133.333333333333,15.7345128086725,53.1039807292698,0.723186350831522,2.07916075864063,0.01375,0.011,0.01375,0.01375,0,0,0,0
14/03/2015,0.0395137358363158,0.129204682390558,25.6943213799221,38.014081597442,187.574282015978,0,5.52361212520237,22.0944485008095,1.53523230965977,0,508.333333333333,133.333333333333,14.729632333873,49.7125091268214,0.64641360406727,1.8584391116934,0.01375,0.011,0.01375,0.01375,0,0,0,0
15/03/2015,0.00169008259668491,0.102348734196919,25.6063036036443,39.8402860746095,187.644433855488,0,8.12272513545498,32.4909005418199,2.44527889745605,0,508.333333333333,133.333333333333,21.6606003612133,73.1045262190948,1.02959111471834,2.96007445481522,0.01375,0.011,0.01375,0.01375,0,0,0,0
16/03/2015,0,0,25.516478231921,0,187.737669597364,0,0,0,0,0,508.333333333333,133.333333333333,0,0,0,0,0.01375,0.011,0.01375,0.01375,0,0,0,0
17/03/2015,0,0,25.4248718549683,0,187.853961641847,0,0,0,0,0,508.333333333333,133.333333333333,0,0,0,0,0.01375,0.011,0.01375,0.01375,0,0,0,0
18/03/2015,0,0,25.3315115902177,0,187.993275564026,0,0,0,0,0,508.333333333333,133.333333333333,0,0,0,0,0.01375,0.011,0.01375,0.01375,0,0,0,0
19/03/2015,0,0,25.2364250742888,0,188.155570124022,0,0,0,0,0,508.333333333333,133.333333333333,0,0,0,0,0.01375,0.011,0.01375,0.01375,0,0,0,0
20/03/2015,0,0,25.1396404548081,0,188.340797279202,0,0,0,0,0,508.333333333333,133.333333333333,0,0,0,0,0.01375,0.011,0.01375,0.01375,0,0,0,0
21/03/2015,0.000461584578640174,0.104837009502235,25.0411863820767,39.671083353848,188.548902198397,0,8.10139706140941,32.4055882456376,2.43856858082623,0,508.333333333333,133.333333333333,21.6037254970918,72.9125735526847,1.02676571824262,2.95195143994754,0.01375,0.011,0.01375,0.01375,0,0,0,0
22/03/2015,0.00646513358031671,0.159986156431464,24.9410920005895,35.9209413626605,188.779823278136,0,6.02631325597108,24.1052530238843,1.72905536457121,0,508.333333333333,133.333333333333,16.0701686825895,54.2368193037397,0.728023311398406,2.09306702027042,0.01375,0.011,0.01375,0.01375,0,0,0,0
23/03/2015,0.00301489793933006,0.101525779916044,24.8393869404073,39.896246965709,189.033492160877,0,8.12977902929105,32.5191161171642,2.44749821932318,0,508.333333333333,133.333333333333,21.6794107447761,73.1680112636194,1.03052556603081,2.96276100233859,0.01375,0.011,0.01375,0.01375,0,0,0,0
24/03/2015,0.00144227395833654,0.102784724452453,24.7361013083863,39.8106387372332,189.30983375525,0,8.11898807612183,32.4759523044873,2.44410313018629,0,508.333333333333,133.333333333333,21.6506348696582,73.0708926850965,1.02909605481528,2.95865115759393,0.01375,0.011,0.01375,0.01375,0,0,0,0
25/03/2015,0.00798301520556076,0.134042363150995,24.6312656792653,37.6851193057323,189.608766258277,0,7.34306317571379,29.3722527028552,2.2074540490688,0,508.333333333333,133.333333333333,19.5815018019034,66.0875685814241,0.929454336450019,2.67218121729381,0.01375,0.011,0.01375,0.01375,0,0,0,0
26/03/2015,0.0181483703733824,0.119958526903007,24.5249110866152,38.6428201705955,189.930201179595,0,6.37004112987971,25.4801645195188,1.82873876800821,0,508.333333333333,133.333333333333,16.9867763463459,57.3303701689174,0.769995270740299,2.21373640337836,0.01375,0.011,0.01375,0.01375,0,0,0,0
27/03/2015,0,0,24.4170690136522,0,190.274043367646,0,0,0,0,0,508.333333333333,133.333333333333,0,0,0,0,0.01375,0.011,0.01375,0.01375,0,0,0,0
28/03/2015,0,0,24.3077713839186,0,190.640191037846,0,0,0,0,0,508.333333333333,133.333333333333,0,0,0,0,0.01375,0.011,0.01375,0.01375,0,0,0,0
29/03/2015,0,0,24.1970505518319,0,191.028535802714,0,0,0,0,0,508.333333333333,133.333333333333,0,0,0,0,0.01375,0.011,0.01375,0.01375,0,0,0,0
30/03/2015,0,0,24.0849392931081,0,191.438962703959,0,0,0,0,0,508.333333333333,133.333333333333,0,0,0,0,0.01375,0.011,0.01375,0.01375,0,0,0,0
31/03/2015,0.0110842036913143,0.1700828610787,23.9714707950588,35.2343654466484,191.871350246509,0,6.12378604690074,24.495144187603,1.79065651244532,0,508.333333333333,133.333333333333,16.3300961250687,55.1140744221067,0.753960636819083,2.16763683085486,0.01375,0.011,0.01375,0.01375,0,0,0,0
01/04/2015,0.0219852847843233,0.127190482331417,23.8566786467673,38.1510472014636,192.325570434476,0,5.66987214351819,22.6794885740727,1.58264516891271,0,508.333333333333,133.333333333333,15.1196590493818,51.0288492916637,0.666376913226405,1.91583362552591,0.01375,0.011,0.01375,0.01375,0,0,0,0
02/04/2015,0.00291474911939894,0.10142998815867,23.7405968291455,39.9027608052104,192.801488809045,0,8.13060010149711,32.5224004059884,2.44775654806243,0,508.333333333333,133.333333333333,21.681600270659,73.175400913474,1.03063433602628,2.96307371607557,0.01375,0.011,0.01375,0.01375,0,0,0,0
03/04/2015,0.000147389662754904,0.109189711986458,23.6232597048746,39.3750995849208,193.298964488279,0,8.06408818297321,32.2563527318929,2.42683032509458,0,508.333333333333,133.333333333333,21.5042351545952,72.5767936467589,1.02182329477667,2.93774197248292,0.01375,0.011,0.01375,0.01375,0,0,0,0
04/04/2015,0.15372998803302,0.12829706954006,23.5047020082334,38.0757992712759,193.817850208819,0,6.82326324768032,27.2930529907213,2.17105842927611,0,508.333333333333,133.333333333333,18.1953686604809,61.4093692291229,0.914129864958361,2.62812336175529,0.01375,0.011,0.01375,0.01375,0,0,0,0
05/04/2015,0.32723193716901,0.139566657202235,23.3849588348159,37.309467310248,194.357992369482,0,6.38182747637454,25.5273099054982,1.99625493011131,0,508.333333333333,133.333333333333,17.0182066036655,57.4364472873709,0.840528391625815,2.41651912592422,0.01375,0.011,0.01375,0.01375,0,0,0,0
06/04/2015,0.163409323919892,0.197807217293852,23.2640656311426,33.3491092240181,194.919231076725,0,5.3040228188745,21.216091275498,1.58933289355127,0,508.333333333333,133.333333333333,14.144060850332,47.7362053698705,0.669192797284744,1.92392929219364,0.01375,0.011,0.01375,0.01375,0,0,0,0
07/04/2015,0.028923082902793,0.422466695445665,23.142058184167,18.0722647096948,195.501400191981,0,3.04740288430214,12.1896115372086,0.842978722396384,0,508.333333333333,133.333333333333,8.12640769147239,27.4266259587193,0.354938409430057,1.02044792711141,0.01375,0.011,0.01375,0.01375,0,0,0,0
08/04/2015,0.0258302047135278,0.408958795165782,23.0189726106826,18.9908019287268,196.10432738084,0,2.66675101539866,10.6670040615947,0.664065178484271,0,508.333333333333,133.333333333333,7.1113360410631,24.000759138588,0.279606390940746,0.803868373954644,0.01375,0.011,0.01375,0.01375,0,0,0,0
09/04/2015,0.0128450789907288,0.590439454926873,22.8948453466311,6.65011706497263,196.727834164057,0,0.898116621741973,3.59246648696789,0.13195614742655,0,508.333333333333,133.333333333333,2.39497765797859,8.08304959567776,0.0555604831269685,0.159736388990035,0.01375,0.011,0.01375,0.01375,0,0,0,0
10/04/2015,0.0120095259350421,0.6,22.7697131363166,6,197.371735970394,0,0.857142857142857,3.42857142857143,0.12258064516129,0,508.333333333333,133.333333333333,2.28571428571429,7.71428571428572,0.0516129032258065,0.148387096774194,0.01375,0.011,0.01375,0.01375,0,0,0,0
11/04/2015,0.0101649118879876,0.595627049847223,22.6436130215288,6.2973606103888,198.035842191253,0,0.875884072083328,3.50353628833331,0.126868957569174,0,508.333333333333,133.333333333333,2.33569085888887,7.88295664874995,0.0534185084501787,0.153578211794264,0.01375,0.011,0.01375,0.01375,0,0,0,0
12/04/2015,0.00761229453334847,0.590604535800239,22.5165823305776,6.63889156558377,198.7199562371,0,0.897409132284691,3.58963652913877,0.131794261666863,0,508.333333333333,133.333333333333,2.39309101942584,8.07668219056222,0.0554923207018369,0.159540422017781,0.01375,0.011,0.01375,0.01375,0,0,0,0
13/04/2015,0.00618773866677731,0.59407121215941,22.3886586672431,6.40315757316011,199.42387559566,0,0.882551947888242,3.53020779155297,0.128394682269482,0,508.333333333333,133.333333333333,2.35347186103531,7.94296753099418,0.0540609188503081,0.155425141694636,0.01375,0.011,0.01375,0.01375,0,0,0,0
14/04/2015,0.00385068187259627,0.587460230570183,22.2598798996444,6.85270432122756,200.147391891864,0,0.910884726127787,3.64353890451115,0.134877709376337,0,508.333333333333,133.333333333333,2.42902593634077,8.19796253515009,0.0567906144742471,0.16327301661346,0.01375,0.011,0.01375,0.01375,0,0,0,0
15/04/2015,0.001632371329469,0.6,22.1302841490292,6,200.890290949537,0,0.857142857142857,3.42857142857143,0.12258064516129,0,508.333333333333,133.333333333333,2.28571428571429,7.71428571428572,0.0516129032258065,0.148387096774194,0.01375,0.011,0.01375,0.01375,0,0,0,0
16/04/2015,0.0168884751224052,0.278403244591195,21.99990977849,27.8685793677987,201.652352854791,0,4.40334520332743,17.6133808133097,1.22407386222919,0,508.333333333333,133.333333333333,11.7422538755398,39.6301068299469,0.515399520938607,1.4817736226985,0.01375,0.011,0.01375,0.01375,0,0,0,0
17/04/2015,0.0311683940973499,0.211754536054433,21.8687953816071,32.4006915482985,202.433352021133,0,4.508990436744,18.035961746976,1.21396168891276,0,508.333333333333,133.333333333333,12.023974497984,40.580913930696,0.511141763752739,1.46953257078913,0.01375,0.011,0.01375,0.01375,0,0,0,0
18/04/2015,0.000569110265730073,0.107718664341843,21.7369797710241,39.4751308247547,203.233057256235,0,8.07669716278421,32.3067886511368,2.43079740842006,0,508.333333333333,133.333333333333,21.5378591007579,72.6902744650578,1.02349364565055,2.94254423124534,0.01375,0.011,0.01375,0.01375,0,0,0,0
19/04/2015,0.00239795849429782,0.457284583529958,21.604501966959,15.7046483199629,204.051231830379,0,2.18870998994432,8.75483995977727,0.51963219952363,0,508.333333333333,133.333333333333,5.83655997318485,19.6983899094989,0.218792505062581,0.629028452054921,0.01375,0.011,0.01375,0.01375,0,0,0,0
20/04/2015,0.0207268458135203,0.275418775412774,21.4714011856532,28.0715232719314,204.887633546526,0,4.35418771556291,17.4167508622517,1.19173827563975,0,508.333333333333,133.333333333333,11.6111672415011,39.1876894400662,0.501784537111474,1.44263054419549,0.01375,0.011,0.01375,0.01375,0,0,0,0
21/04/2015,2.19900089004985,0.114361996451427,21.3377168277622,39.023384241303,205.742014812022,0,7.0670195847505,28.268078339002,2.28954037448641,0,508.333333333333,133.333333333333,18.8453855593347,63.6031762627545,0.964016999783751,2.77154887437828,0.01375,0.011,0.01375,0.01375,0,0,0,0
22/04/2015,3.30071000910408,0.123572460722298,21.203488466693,38.3970726708837,206.614122711881,0,6.36982888174148,25.4793155269659,2.00206058982008,0,508.333333333333,133.333333333333,16.9862103513106,57.3284599356733,0.842972879924246,2.42354702978221,0.01375,0.011,0.01375,0.01375,0,0,0,0
23/04/2015,1.41270770056086,0.165890596350388,21.0687558368887,35.5194394481736,207.503699083657,0,4.7602640353789,19.0410561415156,1.36080289322497,0,508.333333333333,133.333333333333,12.6940374276771,42.8423763184101,0.572969639252618,1.64728771285128,0.01375,0.011,0.01375,0.01375,0,0,0,0
24/04/2015,0.342341347275164,0.335846387364382,20.9335588220669,23.962445659222,208.410480593869,0,3.84552255193489,15.3820902077396,1.1287084035203,0,508.333333333333,133.333333333333,10.2547268051597,34.609702967414,0.475245643587496,1.36633122531405,0.01375,0.011,0.01375,0.01375,0,0,0,0
25/04/2015,0.169883516297601,0.500875184264186,20.7979374434129,12.7404874700353,209.334198815945,0,2.28215977393898,9.12863909575593,0.617044764518259,0,508.333333333333,133.333333333333,6.08575939717062,20.5394379654508,0.259808321902425,0.746948925469472,0.01375,0.011,0.01375,0.01375,0,0,0,0
26/04/2015,0.136335348454357,0.537989105628032,20.6619318477328,10.2167408172938,210.274580309692,0,1.69020261437528,6.7608104575011,0.395295237934948,0,508.333333333333,133.333333333333,4.5072069716674,15.2118235293775,0.166440100183136,0.478515288026517,0.01375,0.011,0.01375,0.01375,0,0,0,0
27/04/2015,0.114998648308681,0.537560600555039,20.525582295569,10.2458791622574,211.231346702231,0,1.49926096919828,5.99704387679314,0.314801689362031,0,508.333333333333,133.333333333333,3.99802925119543,13.4933487227846,0.132548079731382,0.381075729227722,0.01375,0.011,0.01375,0.01375,0,0,0,0
28/04/2015,0.0854894700930025,0.599710708261319,20.3889291492823,6.01967183823033,212.204214770406,0,0.896178229234703,3.58471291693881,0.134729855020025,0,508.333333333333,133.333333333333,2.38980861129254,8.06560406311233,0.0567283600084317,0.163094035024241,0.01375,0.011,0.01375,0.01375,0,0,0,0
29/04/2015,0.0756101408262397,0.59984942885476,20.2520128611039,6.0102388378763,213.192896524626,0,0.901430726824875,3.6057229072995,0.135949336660036,0,508.333333333333,133.333333333333,2.403815271533,8.11287654142387,0.0572418259621205,0.164570249641096,0.01375,0.011,0.01375,0.01375,0,0,0,0
30/04/2015,0.0743550671182193,0.565924403043896,20.1148739611606,8.31714059301506,214.19709929411,0,1.29482580523318,5.17930322093272,0.25364966252074,0,508.333333333333,133.333333333333,3.45286881395515,11.6534322470986,0.106799857903469,0.307049591472475,0.01375,0.011,0.01375,0.01375,0,0,0,0
01/05/2015,0.0831649878674059,0.475988495699844,19.9775530454767,14.4327822924106,215.21652581353,0,2.17627460511337,8.70509842045348,0.525845733277695,0,508.333333333333,133.333333333333,5.80339894696898,19.5864714460203,0.221408729801135,0.636550098178263,0.01375,0.011,0.01375,0.01375,0,0,0,0
02/05/2015,0.183617897849417,0.26572147121923,19.8400907639575,28.7309399570924,216.250874311002,0,4.71749210467989,18.8699684187195,1.42075523615264,0,508.333333333333,133.333333333333,12.579978945813,42.457428942119,0.598212731011637,1.71986160165846,0.01375,0.011,0.01375,0.01375,0,0,0,0
03/05/2015,0.612017657267249,0.163133867915969,19.7025278083553,35.7068969817141,217.299838597422,0,5.73843332436733,22.9537332974693,1.7719803400331,0,508.333333333333,133.333333333333,15.3024888649796,51.645899919306,0.746096985277095,2.14502883267165,0.01375,0.011,0.01375,0.01375,0,0,0,0
04/05/2015,0.466790907643814,0.203428912959413,19.5649049002241,32.9668339187599,218.363108157101,0,4.31035302450904,17.2414120980362,1.203183748371,0,508.333333333333,133.333333333333,11.4942747320241,38.7931772205814,0.506603683524631,1.45648559013332,0.01375,0.011,0.01375,0.01375,0,0,0,0
05/05/2015,0.108647895270167,0.444741062780331,19.427262778865,16.5576077309375,219.440368239687,0,3.08610173261961,12.3444069304784,0.899812585343497,0,508.333333333333,133.333333333333,8.22960462031895,27.7749155935765,0.378868456986735,1.08924681383686,0.01375,0.011,0.01375,0.01375,0,0,0,0
06/05/2015,0.0739766529844816,0.553417182304269,19.289642189267,9.16763160330972,220.531299953336,0,1.62560998552526,6.50243994210105,0.382222120061363,0,508.333333333333,133.333333333333,4.3349599614007,14.6304898697274,0.160935629499521,0.462689934811123,0.01375,0.011,0.01375,0.01375,0,0,0,0
07/05/2015,0.0591025278215745,0.592663108082095,19.1520838700448,6.49890865041757,221.635580359109,0,1.03923415954722,4.15693663818887,0.180122630390163,0,508.333333333333,133.333333333333,2.77129109212591,9.35310743592495,0.0758411075327004,0.218043184156514,0.01375,0.011,0.01375,0.01375,0,0,0,0
08/05/2015,0.0547989804253842,0.597118462386808,19.0146285413801,6.19594455769706,222.752882566574,0,0.996370574284224,3.9854822971369,0.163410579540387,0,508.333333333333,133.333333333333,2.65698819809126,8.96733516855802,0.0688044545433207,0.197812806812047,0.01375,0.011,0.01375,0.01375,0,0,0,0
09/05/2015,0.0455297259489143,0.6,18.8773168929669,6,223.882875830567,0,0.88908110177606,3.55632440710424,0.133020673514509,0,508.333333333333,133.333333333333,2.37088293806949,8.00172991598454,0.0560087046376881,0.161025025833353,0.01375,0.011,0.01375,0.01375,0,0,0,0
10/05/2015,0.0370802121178831,0.6,18.7401895719671,6,225.025225649104,0,0.865387460197594,3.46154984079038,0.125275655192086,0,508.333333333333,133.333333333333,2.30769989386025,7.78848714177835,0.0527476442914046,0.151649477337788,0.01375,0.011,0.01375,0.01375,0,0,0,0
11/05/2015,0.0349508551371978,0.6,18.6032871709775,6,226.179593862396,0,0.872150573586392,3.48860229434557,0.12748639333208,0,508.333333333333,133.333333333333,2.32573486289705,7.84935516227753,0.0536784814029812,0.154325634033571,0.01375,0.011,0.01375,0.01375,0,0,0,0
12/05/2015,0.0317380505981038,0.6,18.466650216014,6,227.345638752956,0,0.868668599285449,3.4746743971418,0.126348199582095,0,508.333333333333,133.333333333333,2.31644959809453,7.81801739356904,0.053199241929303,0.152947820546746,0.01375,0.011,0.01375,0.01375,0,0,0,0
13/05/2015,0.0290788993282848,0.6,18.3303191545148,6,228.523015146753,0,0.865425643427156,3.46170257370862,0.125288136591857,0,508.333333333333,133.333333333333,2.30780171580575,7.7888307908444,0.0527528996176239,0.151664586400669,0.01375,0.011,0.01375,0.01375,0,0,0,0
14/05/2015,0.0289371386389375,0.6,18.1943343433671,6,229.71137451539,0,0.879110892026033,3.51644356810413,0.129761594198372,0,508.333333333333,133.333333333333,2.34429571206942,7.9119980282343,0.0546364607151038,0.157079824555923,0.01375,0.011,0.01375,0.01375,0,0,0,0
15/05/2015,0.0274508237731268,0.6,18.0587360369606,6,230.910365079275,0,0.880514014739482,3.52205605895793,0.130220249364918,0,508.333333333333,133.333333333333,2.34803737263862,7.92462613265534,0.0548295786799656,0.157635038704901,0.01375,0.011,0.01375,0.01375,0,0,0,0
16/05/2015,0.0256016808997955,0.6,17.9235643752715,6,232.119631911759,0,0.876855164965662,3.50742065986265,0.129024238256057,0,508.333333333333,133.333333333333,2.33828043990843,7.89169648469096,0.0543259950551817,0.156187235783647,0.01375,0.011,0.01375,0.01375,0,0,0,0
17/05/2015,0.0276358673619702,0.588216870466193,17.7888593719801,6.80125280829887,233.338817044198,0,1.09595258107389,4.38381032429558,0.189222658642104,0,508.333333333333,133.333333333333,2.92254021619705,9.86357322966505,0.0796726983756225,0.229059007829915,0.01375,0.011,0.01375,0.01375,0,0,0,0
18/05/2015,0.0299401894040118,0.577092894095577,17.6546609026259,7.55768320150074,234.567559571921,0,1.29643885762241,5.18575543048966,0.241111067233467,0,508.333333333333,133.333333333333,3.45717028699311,11.6679497186017,0.10152044936146,0.291871291914197,0.01375,0.011,0.01375,0.01375,0,0,0,0
19/05/2015,0.0256328377679066,0.6,17.5210086928035,6,235.805495761065,0,1.0378628808207,4.15145152328278,0.16710151901403,0,508.333333333333,133.333333333333,2.76763434885519,9.34076592738626,0.0703585343216967,0.202280786174878,0.01375,0.011,0.01375,0.01375,0,0,0,0
20/05/2015,0.0250768830499913,0.546072670673483,17.3879423064033,9.66705839420318,237.052259156249,0,1.47323073371495,5.89292293485981,0.306583952712344,0,508.333333333333,133.333333333333,3.92861528990654,13.2590766034346,0.129087980089408,0.371127942757048,0.01375,0.011,0.01375,0.01375,0,0,0,0
21/05/2015,0.027869056432504,0.475814015625176,17.2555011338993,14.444646937488,238.307480689051,0,2.04501738705061,8.18006954820244,0.477050864718305,0,508.333333333333,133.333333333333,5.45337969880163,18.4051564834555,0.200863521986655,0.577482625711633,0.01375,0.011,0.01375,0.01375,0,0,0,0
22/05/2015,0.0231960673876974,0.48176579281489,17.123724380689,14.0399260885875,239.57078878726,0,1.96566720634975,7.862668825399,0.452178723176856,0,508.333333333333,133.333333333333,5.24177921693267,17.6910048571478,0.190391041337624,0.547374243845668,0.01375,0.011,0.01375,0.01375,0,0,0,0
23/05/2015,0.0525621863347546,0.326042428234261,16.9926510554879,24.6291148800702,240.841809484872,0,3.75472476923123,15.0188990769249,1.01490750916388,0,508.333333333333,133.333333333333,10.0125993846166,33.7925229230811,0.427329477542687,1.22857224793522,0.01375,0.011,0.01375,0.01375,0,0,0,0
24/05/2015,0.0547455102756059,0.291736274517872,16.8623199587815,26.9619333327847,242.120166532788,0,3.69379918058207,14.7751967223283,0.965872156740865,0,508.333333333333,133.333333333333,9.85013114821886,33.2441926252387,0.406683013364575,1.16921366342315,0.01375,0.011,0.01375,0.01375,0,0,0,0
25/05/2015,0.0206741925539783,0.6,16.7327696713403,6,243.405481510195,0,1.03306949156258,4.13227796625031,0.164767484428002,0,508.333333333333,133.333333333333,2.75485197750021,9.2976254240632,0.0693757829170535,0.199455375886529,0.01375,0.011,0.01375,0.01375,0,0,0,0
26/05/2015,0.0173919955069559,0.6,16.6040385427983,6,244.697373936585,0,0.857687044095127,3.43074817638051,0.122758529928484,0,508.333333333333,133.333333333333,2.28716545092034,7.71918339685614,0.0516878020751511,0.148602430966059,0.01375,0.011,0.01375,0.01375,0,0,0,0
27/05/2015,0.0179534961206359,0.6,16.4761646803015,6,245.995461384384,0,0.922600988357561,3.69040395343025,0.1377876818093,0,508.333333333333,133.333333333333,2.46026930228683,8.30340889521805,0.0580158660249682,0.166795614821784,0.01375,0.011,0.01375,0.01375,0,0,0,0
28/05/2015,0.0170946748948765,0.6,16.3491859372266,6,247.299359592162,0,0.88873480715455,3.5549392286182,0.129454991987208,0,508.333333333333,133.333333333333,2.36995948574547,7.99861326439095,0.0545073650472455,0.156708674510831,0.01375,0.011,0.01375,0.01375,0,0,0,0
29/05/2015,0.0192900583852963,0.571064297255382,16.2231399019762,7.967627786634,248.60868257838,0,1.28044154007803,5.12176616031211,0.243456279394877,0,508.333333333333,133.333333333333,3.41451077354141,11.5239738607022,0.102507907113632,0.294710232951693,0.01375,0.011,0.01375,0.01375,0,0,0,0
30/05/2015,0.0188208822538681,0.544486565127946,16.0980638868514,9.77491357129968,249.92304275565,0,1.39893979387584,5.59575917550335,0.282103306304218,0,508.333333333333,133.333333333333,3.73050611700223,12.5904581448825,0.118780339496513,0.341493476052475,0.01375,0.011,0.01375,0.01375,0,0,0,0
31/05/2015,0.0228745061848909,0.530686067641118,15.9739949170069,10.713347400404,251.242051045467,0,1.81124816081171,7.24499264324685,0.403616219393067,0,508.333333333333,133.333333333333,4.8299950954979,16.3012334473054,0.169943671323396,0.488588055054765,0.01375,0.011,0.01375,0.01375,0,0,0,0
01/06/2015,0.0195498447379167,0.465868075610395,15.8509697194906,15.1209708584931,252.565316993389,0,2.11999720433605,8.4799888173442,0.498786082228721,0,508.333333333333,133.333333333333,5.65332587822947,19.0799748390245,0.210015192517356,0.6037936784874,0.01375,0.011,0.01375,0.01375,0,0,0,0
02/06/2015,0.0166058847648198,0.545779071854406,15.7290247123716,9.68702311390043,253.892448884614,0,1.3661664752891,5.46466590115639,0.273402577046955,0,508.333333333333,133.333333333333,3.64311060077092,12.2954982776019,0.115116874546087,0.330961014319999,0.01375,0.011,0.01375,0.01375,0,0,0,0
03/06/2015,0.015821384049773,0.6,15.6081959939597,6,255.223053859939,0,0.937173442519739,3.74869377007896,0.140484639360237,0,508.333333333333,133.333333333333,2.49912918005264,8.43456098267766,0.0591514270990471,0.17006035290976,0.01375,0.011,0.01375,0.01375,0,0,0,0
04/06/2015,0.0141318285507239,0.6,15.4885193321197,6,256.556738032057,0,0.857142857142857,3.42857142857143,0.12258064516129,0,508.333333333333,133.333333333333,2.28571428571429,7.71428571428572,0.0516129032258065,0.148387096774194,0.01375,0.011,0.01375,0.01375,0,0,0,0
05/06/2015,0.0221013961844924,0.477466515129569,15.370030153683,14.3322769711893,257.89310660215,0,2.27967675996041,9.11870703984166,0.553699453683567,0,508.333333333333,133.333333333333,6.07913802656111,20.5170908396437,0.233136612077291,0.670267759722212,0.01375,0.011,0.01375,0.01375,0,0,0,0
06/06/2015,0.0244084943372678,0.411603975030899,15.2527635339609,18.8109296978989,259.231763976763,0,2.6177795437336,10.4711181749344,0.647082361703418,0,508.333333333333,133.333333333333,6.98074544995628,23.5600158936024,0.272455731243544,0.78331022732519,0.01375,0.011,0.01375,0.01375,0,0,0,0
07/06/2015,0.0132771068137976,0.6,15.1367541863612,6,260.572313884907,0,0.857142857142857,3.42857142857143,0.12258064516129,0,508.333333333333,133.333333333333,2.28571428571429,7.71428571428572,0.0516129032258065,0.148387096774194,0.01375,0.011,0.01375,0.01375,0,0,0,0
08/06/2015,0.0114133505890867,0.6,15.0220364521127,6,261.914359495362,0,0.857142857142857,3.42857142857143,0.12258064516129,0,508.333333333333,133.333333333333,2.28571428571429,7.71428571428572,0.0516129032258065,0.148387096774194,0.01375,0.011,0.01375,0.01375,0,0,0,0
09/06/2015,0.0119102945901541,0.6,14.908644290099,6,263.257503534148,0,0.857142857142857,3.42857142857143,0.12258064516129,0,508.333333333333,133.333333333333,2.28571428571429,7.71428571428572,0.0516129032258065,0.148387096774194,0.01375,0.011,0.01375,0.01375,0,0,0,0
10/06/2015,0.0154437464914096,0.6,14.7966112668063,6,264.601348402127,0,1.04242378609717,4.16969514438867,0.165478858605488,0,508.333333333333,133.333333333333,2.77979676292578,9.38181407487451,0.0696753088865211,0.200316513048748,0.01375,0.011,0.01375,0.01375,0,0,0,0
11/06/2015,0.0159622818288468,0.558940299757686,14.6859705463869,8.79205961647733,265.945496292702,0,1.40978260946559,5.63913043786236,0.282476956452669,0,508.333333333333,133.333333333333,3.75942029190824,12.6880434851903,0.118937665874808,0.341945789390073,0.01375,0.011,0.01375,0.01375,0,0,0,0
12/06/2015,0.0158063250329881,0.522801120675074,14.576754880842,11.2495237940949,267.289549309573,0,1.58439945252872,6.33759781011489,0.338557617186762,0,508.333333333333,133.333333333333,4.22506520674326,14.2595950727585,0.142550575657584,0.409832905015554,0.01375,0.011,0.01375,0.01375,0,0,0,0
13/06/2015,0.0131625687162162,0.6,14.4689966003261,6,268.633109584525,0,0.908545159027545,3.63418063611018,0.133789013889996,0,508.333333333333,133.333333333333,2.42278709074012,8.1769064312479,0.056332216374735,0.161955122077363,0.01375,0.011,0.01375,0.01375,0,0,0,0
14/06/2015,0.0117041979926985,0.6,14.3627276035769,6,269.975779395208,0,0.857142857142857,3.42857142857143,0.12258064516129,0,508.333333333333,133.333333333333,2.28571428571429,7.71428571428572,0.0516129032258065,0.148387096774194,0.01375,0.011,0.01375,0.01375,0,0,0,0
15/06/2015,0.0151744632109148,0.6,14.2579793484726,6,271.317161282863,0,1.10709070752304,4.42836283009214,0.180945814811161,0,508.333333333333,133.333333333333,2.9522418867281,9.96381636770733,0.0761877114994364,0.21903967056088,0.01375,0.011,0.01375,0.01375,0,0,0,0
16/06/2015,0.0169808953769978,0.534079415093134,14.1547828427194,10.4825997736669,272.656858169988,0,1.74623505521861,6.98494022087444,0.383641389337208,0,508.333333333333,133.333333333333,4.6566268139163,15.7161154969675,0.161533216563035,0.464407997618725,0.01375,0.011,0.01375,0.01375,0,0,0,0
17/06/2015,0.0349029369211293,0.330939025409327,14.0531686346731,24.2961462721658,273.994473477875,0,3.75013836661918,15.0005534664767,1.01284152066443,0,508.333333333333,133.333333333333,10.0003689776511,33.7512452995726,0.42645958764818,1.22607131448852,0.01375,0.011,0.01375,0.01375,0,0,0,0
18/06/2015,0.0378346768347613,0.287330749301385,13.9531668042954,27.2615090475058,275.329611244008,0,3.79639167463552,15.1855666985421,0.997952131026773,0,508.333333333333,133.333333333333,10.1237111323614,34.1675250717197,0.420190370958641,1.20804731650609,0.01375,0.011,0.01375,0.01375,0,0,0,0
19/06/2015,0.191317410376068,0.152172126993239,13.8548069542502,36.4522953644598,276.661876239276,0,6.29068695553724,25.162747822149,1.98573864198977,0,508.333333333333,133.333333333333,16.775165214766,56.6161825998352,0.836100480837797,2.40378888240867,0.01375,0.011,0.01375,0.01375,0,0,0,0
20/06/2015,0.148321590025129,0.184687173455526,13.7581182011404,34.2412722050242,277.99087408497,0,4.65956150525898,18.6382460210359,1.31734059249336,0,508.333333333333,133.333333333333,12.4254973473573,41.9360535473308,0.554669723155097,1.5946754540709,0.01375,0.011,0.01375,0.01375,0,0,0,0
21/06/2015,0.0371669517543335,0.391181431416512,13.6631291668888,20.1996626636772,279.316211369524,0,3.47001262391075,13.880050495643,0.988998477303612,0,508.333333333333,133.333333333333,9.25336699709534,31.2301136151968,0.416420411496258,1.19720868305174,0.01375,0.011,0.01375,0.01375,0,0,0,0
22/06/2015,0.0208372945165938,0.550166160508731,13.5698679702651,9.38870108540629,280.637495764978,0,1.76645579635016,7.06582318540065,0.417327922518448,0,508.333333333333,133.333333333333,4.7105487902671,15.8981021671515,0.175717020007767,0.505186432522331,0.01375,0.011,0.01375,0.01375,0,0,0,0
23/06/2015,0.015438828396283,0.596461816975342,13.4783622185626,6.24059644567677,281.954336143113,0,0.956828041916701,3.8273121676668,0.151107761293587,0,508.333333333333,133.333333333333,2.5515414451112,8.61145237725031,0.0636243205446682,0.182919921565921,0.01375,0.011,0.01375,0.01375,0,0,0,0
24/06/2015,0.0154594386963105,0.598635995721378,13.3886389994256,6.0927522909463,283.266342691233,0,0.940719373105867,3.76287749242347,0.143663648329162,0,508.333333333333,133.333333333333,2.50858499494898,8.46647435795281,0.0604899571912262,0.173908626924775,0.01375,0.011,0.01375,0.01375,0,0,0,0
25/06/2015,0.0147482454563552,0.599640258056532,13.3007248728309,6.02446245215585,284.573127027558,0,0.917740503137481,3.67096201254992,0.136605273628831,0,508.333333333333,133.333333333333,2.44730800836662,8.25966452823733,0.0575180099489816,0.165364278603322,0.01375,0.011,0.01375,0.01375,0,0,0,0
26/06/2015,0.015726007366381,0.525974759433479,13.2146458632257,11.0337163585234,285.874302316194,0,1.60978755028741,6.43915020114964,0.349131529132,0,508.333333333333,133.333333333333,4.29276680076642,14.4880879525867,0.14700274910821,0.422632903686105,0.01375,0.011,0.01375,0.01375,0,0,0,0
27/06/2015,0.0177645190096522,0.462720309492703,13.1304274518233,15.3350189544962,287.169483381644,0,2.15128021488442,8.60512085953769,0.508479694969592,0,508.333333333333,133.333333333333,5.7367472396918,19.3615219339598,0.214096713671407,0.615528051805296,0.01375,0.011,0.01375,0.01375,0,0,0,0
28/06/2015,0.0137733610896301,0.599977058678288,13.0480945690608,6.00156000987644,288.458286822828,0,0.981764427216414,3.92705770886566,0.150828510798826,0,508.333333333333,133.333333333333,2.6180384725771,8.83587984494773,0.0635067413889793,0.182581881493315,0.01375,0.011,0.01375,0.01375,0,0,0,0
29/06/2015,0.012918594347848,0.599994812684597,12.9676715872185,6.0003527374474,289.740331126578,0,0.950818532751203,3.80327413100481,0.143592722048826,0,508.333333333333,133.333333333333,2.53551608733654,8.55736679476083,0.0604600934942426,0.173822768795947,0.01375,0.011,0.01375,0.01375,0,0,0,0
30/06/2015,0.0135127801104567,0.599996913197617,12.8891823132057,6.00020990256203,291.015236780576,0,1.04025259250381,4.16101037001524,0.164337301570372,0,508.333333333333,133.333333333333,2.77400691334349,9.36227333253429,0.0691946532927882,0.198934628216766,0.01375,0.011,0.01375,0.01375,0,0,0,0
01/07/2015,0.0121108334431456,0.552022727456778,12.8126499815131,9.26245453293911,292.282626385693,0,1.32371762800862,5.29487051203448,0.261556561543752,0,508.333333333333,133.333333333333,3.52991367468965,11.9134586520776,0.110129078544738,0.316621100816121,0.01375,0.011,0.01375,0.01375,0,0,0,0
02/07/2015,0.0117349454113019,0.499439110250286,12.738097247335,12.8381405029806,293.542124767712,0,1.81886980047144,7.27547920188577,0.409672108088326,0,508.333333333333,133.333333333333,4.85031946792385,16.369828204243,0.172493519195084,0.495918867685868,0.01375,0.011,0.01375,0.01375,0,0,0,0
03/07/2015,0.0107600648554095,0.6,12.6655461798626,6,294.793359088383,0,0.880890326174029,3.52356130469612,0.127272216673876,0,508.333333333333,133.333333333333,2.34904086979741,7.92801293556626,0.0535883017574214,0.154066367552586,0.01375,0.011,0.01375,0.01375,0,0,0,0
04/07/2015,0.0106796852861238,0.6,12.5950182557516,6,296.035958955797,0,0.904021184374397,3.61608473749759,0.132628493405266,0,508.333333333333,133.333333333333,2.41072315833173,8.13619065936958,0.0558435761706383,0.160550281490585,0.01375,0.011,0.01375,0.01375,0,0,0,0
05/07/2015,0.00892130106051161,0.6,12.526534352764,6,297.269556534024,0,0.857142857142857,3.42857142857143,0.12258064516129,0,508.333333333333,133.333333333333,2.28571428571429,7.71428571428572,0.0516129032258065,0.148387096774194,0.01375,0.011,0.01375,0.01375,0,0,0,0
06/07/2015,0.00725891217614368,0.6,12.4601147435886,6,298.493786652004,0,0.857142857142857,3.42857142857143,0.12258064516129,0,508.333333333333,133.333333333333,2.28571428571429,7.71428571428572,0.0516129032258065,0.148387096774194,0.01375,0.011,0.01375,0.01375,0,0,0,0
07/07/2015,0.00935411212364399,0.6,12.3957790898389,6,299.708286911643,0,0.857142857142857,3.42857142857143,0.12258064516129,0,508.333333333333,133.333333333333,2.28571428571429,7.71428571428572,0.0516129032258065,0.148387096774194,0.01375,0.011,0.01375,0.01375,0,0,0,0
08/07/2015,0.00926324845421526,0.6,12.3335464362339,6,300.91269779509,0,0.857142857142857,3.42857142857143,0.12258064516129,0,508.333333333333,133.333333333333,2.28571428571429,7.71428571428572,0.0516129032258065,0.148387096774194,0.01375,0.011,0.01375,0.01375,0,0,0,0
09/07/2015,0.00817783391489558,0.6,12.2734352049594,6,302.106662771168,0,0.857142857142857,3.42857142857143,0.12258064516129,0,508.333333333333,133.333333333333,2.28571428571429,7.71428571428572,0.0516129032258065,0.148387096774194,0.01375,0.011,0.01375,0.01375,0,0,0,0
10/07/2015,0.00853124725414228,0.6,12.2154631902157,6,303.289828400906,0,0.857142857142857,3.42857142857143,0.12258064516129,0,508.333333333333,133.333333333333,2.28571428571429,7.71428571428572,0.0516129032258065,0.148387096774194,0.01375,0.011,0.01375,0.01375,0,0,0,0
11/07/2015,0.0112699070697615,0.479658866031858,12.1596475529492,14.1831971098337,304.461844442171,0,2.10388938290729,8.41555753162918,0.501762803877261,0,508.333333333333,133.333333333333,5.61037168775279,18.9350044461657,0.211268549000952,0.607397078377737,0.01375,0.011,0.01375,0.01375,0,0,0,0
12/07/2015,0.0155522551960303,0.358654018414953,12.1060048157731,22.4115267477832,305.622363953343,0,3.20800520898176,12.832020835927,0.828907566559037,0,508.333333333333,133.333333333333,8.5546805572847,28.8720468808359,0.349013712235384,1.00341442267673,0.01375,0.011,0.01375,0.01375,0,0,0,0
13/07/2015,0.0159569776614504,0.355155129620359,12.0545508580758,22.6494511858156,306.771043396021,0,3.3020578056642,13.2082312226568,0.861757073054187,0,508.333333333333,133.333333333333,8.80548748177121,29.7185202509778,0.362845083391237,1.04317961474981,0.01375,0.011,0.01375,0.01375,0,0,0,0
14/07/2015,0.0150720443557172,0.351259403473099,12.0053009113207,22.9143605638293,307.907542736714,0,3.30158304020591,13.2063321608236,0.858175686118504,0,508.333333333333,133.333333333333,8.80422144054908,29.7142473618532,0.361337130997265,1.03884425161714,0.01375,0.011,0.01375,0.01375,0,0,0,0
15/07/2015,0.00979174100688849,0.528165263058329,11.9582695545372,10.8847621120336,309.031525547499,0,1.53868515520298,6.15474062081191,0.325221724305976,0,508.333333333333,133.333333333333,4.1031604138746,13.8481663968268,0.136935462865674,0.393689455738813,0.01375,0.011,0.01375,0.01375,0,0,0,0
16/07/2015,0.00925690954255358,0.531694978109937,11.9134707100049,10.6447414885243,310.142659105614,0,1.5558181808069,6.22327272322759,0.333050290171387,0,508.333333333333,133.333333333333,4.14884848215173,14.0023636272621,0.140231701124795,0.403166140733784,0.01375,0.011,0.01375,0.01375,0,0,0,0
17/07/2015,0.0134643653540316,0.405742371414622,11.8709176391324,19.2095187438057,311.240614491947,0,2.79252614041122,11.1701045616449,0.706522284975744,0,508.333333333333,133.333333333333,7.44673637442993,25.132735263701,0.297483067358208,0.855263818654848,0.01375,0.011,0.01375,0.01375,0,0,0,0
18/07/2015,0.0165464821370278,0.377523277644691,11.8306229385318,21.128417120161,312.325066688404,0,3.09976923057691,12.3990769223076,0.796184181832385,0,508.333333333333,133.333333333333,8.26605128153841,27.8979230751922,0.335235444982057,0.963801904323414,0.01375,0.011,0.01375,0.01375,0,0,0,0
19/07/2015,0.0125509400719071,0.423433159238462,11.7925985362894,18.0065451717846,313.395694674121,0,2.55432390289519,10.2172956115808,0.630639268970269,0,508.333333333333,133.333333333333,6.81153040772052,22.9889151260567,0.265532323776955,0.763405430858746,0.01375,0.011,0.01375,0.01375,0,0,0,0
20/07/2015,0.00705310973250373,0.6,11.7568556884352,6,314.452181520497,0,0.857142857142857,3.42857142857143,0.12258064516129,0,508.333333333333,133.333333333333,2.28571428571429,7.71428571428572,0.0516129032258065,0.148387096774194,0.01375,0.011,0.01375,0.01375,0,0,0,0
21/07/2015,0.00593231109351291,0.6,11.7234049756106,6,315.494214485005,0,0.857142857142857,3.42857142857143,0.12258064516129,0,508.333333333333,133.333333333333,2.28571428571429,7.71428571428572,0.0516129032258065,0.148387096774194,0.01375,0.011,0.01375,0.01375,0,0,0,0
22/07/2015,0.00870242177484474,0.593392868330238,11.6922562999366,6.44928495354379,316.521485103776,0,1.11490241730528,4.4596096692211,0.185882767856553,0,508.333333333333,133.333333333333,2.97307311281407,10.0341217557475,0.0782664285711801,0.225015982142143,0.01375,0.011,0.01375,0.01375,0,0,0,0
23/07/2015,0.0144394796348828,0.416930086063703,11.6634188820821,18.4487541476682,317.533689282906,0,2.96653037043559,11.8661214817424,0.766305710306182,0,508.333333333333,133.333333333333,7.91074765449491,26.6987733339203,0.322655035918393,0.927633228265379,0.01375,0.011,0.01375,0.01375,0,0,0,0
24/07/2015,0.015221290508846,0.341363616481867,11.6369012585347,23.587274079233,318.530527388481,0,3.36852262651721,13.4740905060688,0.876684165265445,0,508.333333333333,133.333333333333,8.98272700404589,30.3167036386549,0.369130174848608,1.06124925268975,0.01375,0.011,0.01375,0.01375,0,0,0,0
25/07/2015,0.00352554920955075,0.591542995305946,11.6127112790737,6.57507631919564,319.511704335266,0,0.893387162974515,3.57354865189806,0.130873965893523,0,508.333333333333,133.333333333333,2.38236576793204,8.04048446677064,0.0551048277446415,0.158426379765844,0.01375,0.011,0.01375,0.01375,0,0,0,0
26/07/2015,0.002818836924688,0.583757883700354,11.5908561044464,7.10446390837591,320.476929674065,0,0.926751926998482,3.70700770799393,0.138508397919653,0,508.333333333333,133.333333333333,2.47133847199595,8.34076734298633,0.0583193254398537,0.167668060639579,0.01375,0.011,0.01375,0.01375,0,0,0,0
27/07/2015,0.0040628557446301,0.6,11.5713422042482,6,321.425917677694,0,0.857142857142857,3.42857142857143,0.12258064516129,0,508.333333333333,133.333333333333,2.28571428571429,7.71428571428572,0.0516129032258065,0.148387096774194,0.01375,0.011,0.01375,0.01375,0,0,0,0
28/07/2015,0.00523032605899162,0.6,11.5541753550077,6,322.358387425568,0,0.857142857142857,3.42857142857143,0.12258064516129,0,508.333333333333,133.333333333333,2.28571428571429,7.71428571428572,0.0516129032258065,0.148387096774194,0.01375,0.011,0.01375,0.01375,0,0,0,0
29/07/2015,0.00565954469536509,0.6,11.5393606384765,6,323.274062886852,0,0.857142857142857,3.42857142857143,0.12258064516129,0,508.333333333333,133.333333333333,2.28571428571429,7.71428571428572,0.0516129032258065,0.148387096774194,0.01375,0.011,0.01375,0.01375,0,0,0,0
30/07/2015,0.00313007040132327,0.6,11.5269024401251,6,324.172673002179,0,0.857142857142857,3.42857142857143,0.12258064516129,0,508.333333333333,133.333333333333,2.28571428571429,7.71428571428572,0.0516129032258065,0.148387096774194,0.01375,0.011,0.01375,0.01375,0,0,0,0
31/07/2015,0.00411793156055797,0.6,11.5168044478446,6,325.053951763886,0,0.857142857142857,3.42857142857143,0.12258064516129,0,508.333333333333,133.333333333333,2.28571428571429,7.71428571428572,0.0516129032258065,0.148387096774194,0.01375,0.011,0.01375,0.01375,0,0,0,0
01/08/2015,0.00288711085821031,0.6,11.5090696508551,6,325.917638294759,0,0.857142857142857,3.42857142857143,0.12258064516129,0,508.333333333333,133.333333333333,2.28571428571429,7.71428571428572,0.0516129032258065,0.148387096774194,0.01375,0.011,0.01375,0.01375,0,0,0,0
02/08/2015,0,0,11.5037003388204,0,326.763476925256,0,0,0,0,0,508.333333333333,133.333333333333,0,0,0,0,0.01375,0.011,0.01375,0.01375,0,0,0,0
03/08/2015,0,0,11.500698101171,0,327.591217269194,0,0,0,0,0,508.333333333333,133.333333333333,0,0,0,0,0.01375,0.011,0.01375,0.01375,0,0,0,0
04/08/2015,0.00452921104940127,0.567717822794312,11.5000638266329,8.19518804998675,328.400614297865,0,1.11202094024877,4.44808376099508,0.195068145474347,0,508.333333333333,133.333333333333,2.96538917399672,10.0081884622389,0.0821339559891986,0.236135123468946,0.01375,0.011,0.01375,0.01375,0,0,0,0
05/08/2015,0.0031607291574116,0.6,11.5017977029648,6,329.191428412574,0,0.857142857142857,3.42857142857143,0.12258064516129,0,508.333333333333,133.333333333333,2.28571428571429,7.71428571428572,0.0516129032258065,0.148387096774194,0.01375,0.011,0.01375,0.01375,0,0,0,0
06/08/2015,0.00273892274817375,0.6,11.5058992169025,6,329.963425515561,0,0.857142857142857,3.42857142857143,0.12258064516129,0,508.333333333333,133.333333333333,2.28571428571429,7.71428571428572,0.0516129032258065,0.148387096774194,0.01375,0.011,0.01375,0.01375,0,0,0,0
07/08/2015,0.00325483911247201,0.6,11.5123671543109,6,330.716377079302,0,0.857142857142857,3.42857142857143,0.12258064516129,0,508.333333333333,133.333333333333,2.28571428571429,7.71428571428572,0.0516129032258065,0.148387096774194,0.01375,0.011,0.01375,0.01375,0,0,0,0
08/08/2015,0.00331146591788482,0.6,11.5211996005432,6,331.450060214155,0,0.857142857142857,3.42857142857143,0.12258064516129,0,508.333333333333,133.333333333333,2.28571428571429,7.71428571428571,0.0516129032258065,0.148387096774194,0.01375,0.011,0.01375,0.01375,0,0,0,0
09/08/2015,0.00308825761696,0.6,11.532393941008,6,332.164257734344,0,0.857142857142857,3.42857142857143,0.12258064516129,0,508.333333333333,133.333333333333,2.28571428571429,7.71428571428572,0.0516129032258065,0.148387096774194,0.01375,0.011,0.01375,0.01375,0,0,0,0
10/08/2015,0.00126406802491329,0.6,11.5459468619428,6,332.858758222246,0,0.857142857142857,3.42857142857143,0.12258064516129,0,508.333333333333,133.333333333333,2.28571428571429,7.71428571428572,0.0516129032258065,0.148387096774194,0.01375,0.011,0.01375,0.01375,0,0,0,0
11/08/2015,0.00121014095233488,0.6,11.5618543513956,6,333.53335609098,0,0.857142857142857,3.42857142857143,0.12258064516129,0,508.333333333333,133.333333333333,2.28571428571429,7.71428571428572,0.0516129032258065,0.148387096774194,0.01375,0.011,0.01375,0.01375,0,0,0,0
12/08/2015,0.00049884675954931,0.6,11.5801117004118,6,334.187851645262,0,0.857142857142857,3.42857142857143,0.12258064516129,0,508.333333333333,133.333333333333,2.28571428571429,7.71428571428572,0.0516129032258065,0.148387096774194,0.01375,0.011,0.01375,0.01375,0,0,0,0
13/08/2015,0.00100267953382175,0.6,11.6007135044287,6,334.822051140518,0,0.857142857142857,3.42857142857143,0.12258064516129,0,508.333333333333,133.333333333333,2.28571428571429,7.71428571428572,0.0516129032258065,0.148387096774194,0.01375,0.011,0.01375,0.01375,0,0,0,0
14/08/2015,0.00356351102285804,0.6,11.6236536648752,6,335.43576684024,0,0.857142857142857,3.42857142857143,0.12258064516129,0,508.333333333333,133.333333333333,2.28571428571429,7.71428571428572,0.0516129032258065,0.148387096774194,0.01375,0.011,0.01375,0.01375,0,0,0,0
15/08/2015,0.00320583601728971,0.6,11.6489253909769,6,336.028817071558,0,0.857142857142857,3.42857142857143,0.12258064516129,0,508.333333333333,133.333333333333,2.28571428571429,7.71428571428572,0.0516129032258064,0.148387096774194,0.01375,0.011,0.01375,0.01375,0,0,0,0
16/08/2015,0.000762276149566899,0.6,11.6765212017667,6,336.601026279017,0,0.857142857142857,3.42857142857143,0.12258064516129,0,508.333333333333,133.333333333333,2.28571428571429,7.71428571428572,0.0516129032258065,0.148387096774194,0.01375,0.011,0.01375,0.01375,0,0,0,0
17/08/2015,0,0,11.706432928299,0,337.152225076551,0,0,0,0,0,508.333333333333,133.333333333333,0,0,0,0,0.01375,0.011,0.01375,0.01375,0,0,0,0
18/08/2015,0.00100979620846619,0.6,11.7386517160679,6,337.682250297619,0,0.857142857142857,3.42857142857143,0.12258064516129,0,508.333333333333,133.333333333333,2.28571428571429,7.71428571428572,0.0516129032258065,0.148387096774194,0.01375,0.011,0.01375,0.01375,0,0,0,0
19/08/2015,0.00195229836006435,0.6,11.7731680276286,6,338.190945043506,0,0.857142857142857,3.42857142857143,0.12258064516129,0,508.333333333333,133.333333333333,2.28571428571429,7.71428571428572,0.0516129032258065,0.148387096774194,0.01375,0.011,0.01375,0.01375,0,0,0,0
20/08/2015,0.00100498071368007,0.6,11.8099716454204,6,338.678158729775,0,0.857142857142857,3.42857142857143,0.12258064516129,0,508.333333333333,133.333333333333,2.28571428571429,7.71428571428572,0.0516129032258065,0.148387096774194,0.01375,0.011,0.01375,0.01375,0,0,0,0
21/08/2015,0.0004085539646487,0.6,11.8490516747915,6,339.143747130835,0,0.857142857142857,3.42857142857143,0.12258064516129,0,508.333333333333,133.333333333333,2.28571428571429,7.71428571428572,0.0516129032258065,0.148387096774194,0.01375,0.011,0.01375,0.01375,0,0,0,0
22/08/2015,0,0,11.8903965472238,0,339.587572422639,0,0,0,0,0,508.333333333333,133.333333333333,0,0,0,0,0.01375,0.011,0.01375,0.01375,0,0,0,0
23/08/2015,0.0153041425510675,0.287794788252836,11.9339940237578,27.2299543988072,340.009503223483,0,4.40443914664187,17.6177565865675,1.22719892709376,0,508.333333333333,133.333333333333,11.7451710577117,39.6399523197768,0.516715337723687,1.4855565959556,0.01375,0.011,0.01375,0.01375,0,0,0,0
24/08/2015,0.0231899434498981,0.206839133117136,11.9798311986152,32.7349389480348,340.409414632895,0,4.6973519780647,18.7894079122588,1.27827235894237,0,508.333333333333,133.333333333333,12.5262719415059,42.2761678025823,0.538219940607314,1.54738232924603,0.01375,0.011,0.01375,0.01375,0,0,0,0
25/08/2015,0.0216921072768334,0.218246073157562,12.0278945030197,31.9592670252858,340.787188268613,0,4.92467261397617,19.6986904559047,1.3758951888551,0,508.333333333333,133.333333333333,13.1324603039365,44.3220535257855,0.579324290044251,1.66555733387722,0.01375,0.011,0.01375,0.01375,0,0,0,0
26/08/2015,0.0340038715526426,0.184694351435972,12.0781697092131,34.2407841023539,341.142712301624,0,4.85522357458971,19.4208942983588,1.32441096522118,0,508.333333333333,133.333333333333,12.9472628655726,43.6970121713074,0.557646722198391,1.60323432632037,0.01375,0.011,0.01375,0.01375,0,0,0,0
27/08/2015,0.0148304871978696,0.255189805849958,12.1306419346675,29.4470932022028,341.47588148927,0,4.24432176410953,16.9772870564381,1.14240330314581,0,508.333333333333,133.333333333333,11.3181913709588,38.1988958769858,0.481011917114026,1.38290926170282,0.01375,0.011,0.01375,0.01375,0,0,0,0
28/08/2015,0.0016196289974039,0.486933920080699,12.1852956464909,13.6884934345125,341.7865972064,0,2.11620588852812,8.46482355411249,0.507155065291631,0,508.333333333333,133.333333333333,5.64321570274166,19.0458529967531,0.213538974859634,0.613924552721447,0.01375,0.011,0.01375,0.01375,0,0,0,0
29/08/2015,0.000926355792403487,0.530088814822473,12.2421146660246,10.7539605920718,342.07476747457,0,1.57286612927592,6.29146451710369,0.337671636663336,0,508.333333333333,133.333333333333,4.19430967806913,14.1557951634833,0.142177531226668,0.40876040227667,0.01375,0.011,0.01375,0.01375,0,0,0,0
30/08/2015,0,0,12.3010821736331,0,342.340306989265,0,0,0,0,0,508.333333333333,133.333333333333,0,0,0,0,0.01375,0.011,0.01375,0.01375,0,0,0,0
31/08/2015,0,0,12.362180713683,0,342.583137145153,0,0,0,0,0,508.333333333333,133.333333333333,0,0,0,0,0.01375,0.011,0.01375,0.01375,0,0,0,0
01/09/2015,0,0,12.4253921997097,0,342.803186059355,0,0,0,0,0,508.333333333333,133.333333333333,0,0,0,0,0.01375,0.011,0.01375,0.01375,0,0,0,0
02/09/2015,0,0,12.4906979197721,0,343.000388592724,0,0,0,0,0,508.333333333333,133.333333333333,0,0,0,0,0.01375,0.011,0.01375,0.01375,0,0,0,0
03/09/2015,0.000601723578881772,0.307774969561767,12.5580785419912,25.8713020697999,343.174686369124,0,5.04522508701542,20.1809003480617,1.44953524914109,0,508.333333333333,133.333333333333,13.4539335653744,45.4070257831388,0.610330631217301,1.75470056474974,0.01375,0.011,0.01375,0.01375,0,0,0,0
04/09/2015,0.00507063615556954,0.300489385513405,12.6275141202729,26.3667217850885,343.326027792715,0,4.25380930613888,17.0152372245555,1.16941668972454,0,508.333333333333,133.333333333333,11.343491483037,38.2842837552499,0.492385974620857,1.41560967703497,0.01375,0.011,0.01375,0.01375,0,0,0,0
05/09/2015,0.00150956528681518,0.288926003217544,12.6989841002127,27.153031781207,343.454368063225,0,5.07421906369851,20.296876254794,1.45291616653611,0,508.333333333333,133.333333333333,13.5312508365294,45.6679715732866,0.611754175383627,1.75879325422793,0.01375,0.011,0.01375,0.01375,0,0,0,0
06/09/2015,0.00754464796369061,0.372232303868232,12.7724673251798,21.4882033369602,343.559669189209,0,3.33564135111,13.34256540444,0.873264487896754,0,508.333333333333,133.333333333333,8.89504360295999,30.02077215999,0.36769031069337,1.05710964324344,0.01375,0.011,0.01375,0.01375,0,0,0,0
07/09/2015,0.00125262963233629,0.136831972623381,12.8479420425803,37.4954258616101,343.6418999993,0,7.82715452037102,31.3086180814841,2.35228538995759,0,508.333333333333,133.333333333333,20.8724120543227,70.4443906833392,0.990435953666355,2.84750336679077,0.01375,0.011,0.01375,0.01375,0,0,0,0
08/09/2015,0,0,12.9253859102962,0,343.701036151433,0,0,0,0,0,508.333333333333,133.333333333333,0,0,0,0,0.01375,0.011,0.01375,0.01375,0,0,0,0
09/09/2015,0,0,13.0047760032994,0,343.737060140052,0,0,0,0,0,508.333333333333,133.333333333333,0,0,0,0,0.01375,0.011,0.01375,0.01375,0,0,0,0
10/09/2015,0,0,13.0860888204375,0,343.749961301293,0,0,0,0,0,508.333333333333,133.333333333333,0,0,0,0,0.01375,0.011,0.01375,0.01375,0,0,0,0
11/09/2015,0,0,13.1693002913912,0,343.739735816136,0,0,0,0,0,508.333333333333,133.333333333333,0,0,0,0,0.01375,0.011,0.01375,0.01375,0,0,0,0
12/09/2015,0,0,13.2543857837993,0,343.706386711544,0,0,0,0,0,508.333333333333,133.333333333333,0,0,0,0,0.01375,0.011,0.01375,0.01375,0,0,0,0
13/09/2015,0,0,13.3413201105505,0,343.649923859559,0,0,0,0,0,508.333333333333,133.333333333333,0,0,0,0,0.01375,0.011,0.01375,0.01375,0,0,0,0
14/09/2015,0,0,13.4300775372393,0,343.570363974383,0,0,0,0,0,508.333333333333,133.333333333333,0,0,0,0,0.01375,0.011,0.01375,0.01375,0,0,0,0
15/09/2015,0,0,13.5206317897838,0,343.46773060743,0,0,0,0,0,508.333333333333,133.333333333333,0,0,0,0,0.01375,0.011,0.01375,0.01375,0,0,0,0
16/09/2015,0,0,13.6129560622039,0,343.342054140356,0,0,0,0,0,508.333333333333,133.333333333333,0,0,0,0,0.01375,0.011,0.01375,0.01375,0,0,0,0
17/09/2015,0,0,13.7070230245555,0,343.193371776061,0,0,0,0,0,508.333333333333,133.333333333333,0,0,0,0,0.01375,0.011,0.01375,0.01375,0,0,0,0
18/09/2015,0.0120236109194433,0.200369121813883,13.8028048310218,33.174899716656,343.021727527679,0,5.57611278926185,22.3044511570474,1.60409753044881,0,508.333333333333,133.333333333333,14.8696341046983,50.1850151033567,0.675409486504763,1.94180227370119,0.01375,0.011,0.01375,0.01375,0,0,0,0
19/09/2015,0.0293040632107273,0.161759122065831,13.9002731281556,35.8003796995235,342.827172205552,0,5.14162080958244,20.5664832383297,1.41258523479959,0,508.333333333333,133.333333333333,13.7109888255532,46.2745872862419,0.594772730441934,1.70997160002056,0.01375,0.011,0.01375,0.01375,0,0,0,0
20/09/2015,0.0103180388541894,0.240538190090231,13.9993990632724,30.4434030738643,342.609763402183,0,4.55514872345864,18.2205948938346,1.24531307951434,0,508.333333333333,133.333333333333,12.1470632625564,40.9963385111278,0.524342349269198,1.50748425414894,0.01375,0.011,0.01375,0.01375,0,0,0,0
21/09/2015,0.00128474604827386,0.137061527481923,14.100153292992,37.4798161312292,342.369565475191,0,7.8251869072978,31.3007476291912,2.35166633233907,0,508.333333333333,133.333333333333,20.8671650861275,70.4266821656802,0.990175297826977,2.84675398125256,0.01375,0.011,0.01375,0.01375,0,0,0,0
22/09/2015,0,0,14.2025059919243,0,342.10664952826,0,0,0,0,0,508.333333333333,133.333333333333,0,0,0,0,0.01375,0.011,0.01375,0.01375,0,0,0,0
23/09/2015,0.000478799212260011,0.157178891611735,14.3064268614986,36.111835370402,341.821093390089,0,7.6527523576137,30.6110094304548,2.29741434391158,0,508.333333333333,133.333333333333,20.4073396203032,68.8747712185233,0.967332355331191,2.78108052157718,0.01375,0.011,0.01375,0.01375,0,0,0,0
24/09/2015,0.000849779078338232,0.14874608396147,14.4118851389321,36.68526629062,341.512981591355,0,7.72503356604454,30.9001342641782,2.32015572196197,0,508.333333333333,133.333333333333,20.6000895094521,69.5253020944009,0.976907672405041,2.80860955816449,0.01375,0.011,0.01375,0.01375,0,0,0,0
25/09/2015,0.00376106729243116,0.224165127085316,14.5188496063369,31.5567713581985,341.182405339689,0,5.94354481204022,23.7741792481609,1.74207519793432,0,508.333333333333,133.333333333333,15.8494528321073,53.491903308362,0.733505346498662,2.10882787118365,0.01375,0.011,0.01375,0.01375,0,0,0,0
26/09/2015,0.0116176157438572,0.189085985036323,14.6272885999607,33.94215301753,340.829462492675,0,5.29593257659657,21.1837303063863,1.48185875421629,0,508.333333333333,133.333333333333,14.1224868709242,47.6633931893692,0.623940528091069,1.79382901826182,0.01375,0.011,0.01375,0.01375,0,0,0,0
27/09/2015,0.00137885000686316,0.135972161872059,14.7371700195604,37.5538929927,340.454257528887,0,7.83452432681092,31.3380973072437,2.35460410540309,0,508.333333333333,133.333333333333,20.8920648714958,70.5107189412983,0.991412254906565,2.85031023285637,0.01375,0.011,0.01375,0.01375,0,0,0,0
28/09/2015,0,0,14.8484613379039,0,340.056901516956,0,0,0,0,0,508.333333333333,133.333333333333,0,0,0,0,0.01375,0.011,0.01375,0.01375,0,0,0,0
29/09/2015,0,0,14.9611296103994,0,339.637512082693,0,0,0,0,0,508.333333333333,133.333333333333,0,0,0,0,0.01375,0.011,0.01375,0.01375,0,0,0,0
30/09/2015,0,0,15.0751414848473,0,339.19621337427,0,0,0,0,0,508.333333333333,133.333333333333,0,0,0,0,0.01375,0.011,0.01375,0.01375,0,0,0,0
01/10/2015,0,0,15.1904632113135,0,338.73313602547,0,0,0,0,0,508.333333333333,133.333333333333,0,0,0,0,0.01375,0.011,0.01375,0.01375,0,0,0,0
02/10/2015,0.000797615570095318,0.13651101781503,15.3070606521197,37.517250788578,338.248417117015,0,7.82990556158546,31.3196222463418,2.35315093260205,0,508.333333333333,133.333333333333,20.8797481642279,70.4691500542691,0.990800392674547,2.84855112893932,0.01375,0.011,0.01375,0.01375,0,0,0,0
03/10/2015,0,0,15.4248992919492,0,337.742200135988,0,0,0,0,0,508.333333333333,133.333333333333,0,0,0,0,0.01375,0.011,0.01375,0.01375,0,0,0,0
04/10/2015,0,0,15.5439442480639,0,337.214634933357,0,0,0,0,0,508.333333333333,133.333333333333,0,0,0,0,0.01375,0.011,0.01375,0.01375,0,0,0,0
05/10/2015,0,0,15.6641602806307,0,336.665877679617,0,0,0,0,0,508.333333333333,133.333333333333,0,0,0,0,0.01375,0.011,0.01375,0.01375,0,0,0,0
06/10/2015,0,0,15.7855118031529,0,336.096090818561,0,0,0,0,0,508.333333333333,133.333333333333,0,0,0,0,0.01375,0.011,0.01375,0.01375,0,0,0,0
07/10/2015,0,0,15.9079628930047,0,335.50544301919,0,0,0,0,0,508.333333333333,133.333333333333,0,0,0,0,0.01375,0.011,0.01375,0.01375,0,0,0,0
08/10/2015,0,0,16.0314773020651,0,334.894109125787,0,0,0,0,0,508.333333333333,133.333333333333,0,0,0,0,0.01375,0.011,0.01375,0.01375,0,0,0,0
09/10/2015,0,0,16.1560184674478,0,334.262270106158,0,0,0,0,0,508.333333333333,133.333333333333,0,0,0,0,0.01375,0.011,0.01375,0.01375,0,0,0,0
10/10/2015,0,0,16.2815495223251,0,333.610112998059,0,0,0,0,0,508.333333333333,133.333333333333,0,0,0,0,0.01375,0.011,0.01375,0.01375,0,0,0,0
11/10/2015,0,0,16.408033306841,0,332.937830853834,0,0,0,0,0,508.333333333333,133.333333333333,0,0,0,0,0.01375,0.011,0.01375,0.01375,0,0,0,0
12/10/2015,0.00242993530074136,0.124876120209106,16.5354323791111,38.3084238257808,332.245622683264,0,7.95777632050474,31.831105282019,2.40062666793291,0,508.333333333333,133.333333333333,21.2207368546793,71.6199868845427,1.01079017597175,2.90602175591879,0.01375,0.011,0.01375,0.01375,0,0,0,0
13/10/2015,0.0176042048139525,0.17358032575324,16.6637090263067,34.9965378487797,331.533693394657,0,5.06348590818643,20.2539436327457,1.39057761386491,0,508.333333333333,133.333333333333,13.5026290884972,45.5713731736779,0.585506363732593,1.6833307957312,0.01375,0.011,0.01375,0.01375,0,0,0,0
14/10/2015,0,0,16.792825275818,0,330.802253734189,0,0,0,0,0,508.333333333333,133.333333333333,0,0,0,0,0.01375,0.011,0.01375,0.01375,0,0,0,0
15/10/2015,1.37222053400681e-05,0.164654625881871,16.9227429064953,35.6034854400328,330.051520223521,0,7.58867463529825,30.354698541193,2.27725397665405,0,508.333333333333,133.333333333333,20.2364656941287,68.2980717176843,0.958843779643812,2.75667586647596,0.01375,0.011,0.01375,0.01375,0,0,0,0
16/10/2015,0,0,17.053423459963,0,329.281715095704,0,0,0,0,0,508.333333333333,133.333333333333,0,0,0,0,0.01375,0.011,0.01375,0.01375,0,0,0,0
17/10/2015,0,0,17.1848282520041,0,328.49306622939,0,0,0,0,0,508.333333333333,133.333333333333,0,0,0,0,0.01375,0.011,0.01375,0.01375,0,0,0,0
18/10/2015,0,0,17.3169183840117,0,327.685807081381,0,0,0,0,0,508.333333333333,133.333333333333,0,0,0,0,0.01375,0.011,0.01375,0.01375,0,0,0,0
19/10/2015,0,0,17.4496547545038,0,326.860176617513,0,0,0,0,0,508.333333333333,133.333333333333,0,0,0,0,0.01375,0.011,0.01375,0.01375,0,0,0,0
20/10/2015,0,0,17.5829980706979,0,326.016419241926,0,0,0,0,0,508.333333333333,133.333333333333,0,0,0,0,0.01375,0.011,0.01375,0.01375,0,0,0,0
21/10/2015,0.000494356781425136,0.159388136356939,17.7169088601428,35.9616067277281,325.154784724706,0,7.63381597408338,30.5352638963335,2.29145650969548,0,508.333333333333,133.333333333333,20.3568425975557,68.7043437667504,0.964823793555992,2.77386840647348,0.01375,0.011,0.01375,0.01375,0,0,0,0
22/10/2015,0.00280901665558778,0.117975576896728,17.8513474824032,38.7776607710225,324.275528127956,0,7.98878076945662,31.9551230778265,2.40313683133657,0,508.333333333333,133.333333333333,21.3034153852177,71.8990269251096,1.01184708687855,2.90906037477584,0.01375,0.011,0.01375,0.01375,0,0,0,0
23/10/2015,0.0121778523245391,0.173613887438922,17.986274140794,34.9942556541533,323.378909730285,0,5.68794870384066,22.7517948153627,1.62299191358158,0,508.333333333333,133.333333333333,15.1678632102418,51.191538334566,0.683365016244875,1.96467442170402,0.01375,0.011,0.01375,0.01375,0,0,0,0
24/10/2015,0.0114979394433438,0.141454258511537,18.1216488941613,37.1811104212155,322.465194949768,0,6.3277722585447,25.3110890341788,1.82462961477998,0,508.333333333333,133.333333333333,16.8740593561192,56.9499503269023,0.768265100959991,2.20876216525997,0.01375,0.011,0.01375,0.01375,0,0,0,0
25/10/2015,0,0,18.2574316687051,0,321.534654265367,0,0,0,0,0,508.333333333333,133.333333333333,0,0,0,0,0.01375,0.011,0.01375,0.01375,0,0,0,0
26/10/2015,0,0,18.393582269843,0,320.587563136873,0,0,0,0,0,508.333333333333,133.333333333333,0,0,0,0,0.01375,0.011,0.01375,0.01375,0,0,0,0
27/10/2015,0.00836075385093973,0.17882575243662,18.5300603941077,34.6398488343099,319.624201923357,0,6.0655282818482,24.2621131273928,1.76662814012551,0,508.333333333333,133.333333333333,16.1747420849285,54.5897545366338,0.743843427421268,2.13854985383615,0.01375,0.011,0.01375,0.01375,0,0,0,0
28/10/2015,0.0162722318474556,0.147464461348338,18.6668256410784,36.772416628313,318.644855800181,0,5.6764739481351,22.7058957925404,1.59534697320304,0,508.333333333333,133.333333333333,15.1372638616936,51.0882655332159,0.671725041348647,1.93120949387736,0.01375,0.011,0.01375,0.01375,0,0,0,0
29/10/2015,0.00023321451120149,0.148939627611466,18.8038375253397,36.6721053224203,317.64981467458,0,7.72337462047315,30.8934984818926,2.31963377844134,0,508.333333333333,133.333333333333,20.5956656545951,69.5103715842584,0.976687906712142,2.80797773179741,0.01375,0.011,0.01375,0.01375,0,0,0,0
30/10/2015,0,0,18.9410554884664,0,316.639373099842,0,0,0,0,0,508.333333333333,133.333333333333,0,0,0,0,0.01375,0.011,0.01375,0.01375,0,0,0,0
31/10/2015,0,0,19.0784389110296,0,315.613830188116,0,0,0,0,0,508.333333333333,133.333333333333,0,0,0,0,0.01375,0.011,0.01375,0.01375,0,0,0,0
01/11/2015,0,0,19.2159471246209,0,314.573489521866,0,0,0,0,0,508.333333333333,133.333333333333,0,0,0,0,0.01375,0.011,0.01375,0.01375,0,0,0,0
02/11/2015,0.0195804941847184,0.13282968792523,19.353539423891,37.7675812210843,313.518659064006,0,6.61421638539659,26.4568655415864,1.94514002419411,0,508.333333333333,133.333333333333,17.6379103610576,59.5279474685693,0.819006325976467,2.35464318718234,0.01375,0.011,0.01375,0.01375,0,0,0,0
03/11/2015,0.0547798910237265,0.123947495435644,19.4911750785997,38.3715703103762,312.449651066735,0,5.24697008492705,20.9878803397082,1.42927531690416,0,508.333333333333,133.333333333333,13.9919202264721,47.2227307643435,0.60180013343333,1.73017538362082,0.01375,0.011,0.01375,0.01375,0,0,0,0
04/11/2015,0.0116564559926629,0.222752863141798,19.6288133456723,31.6528053063578,311.366781979106,0,5.2559253600882,21.0237014403528,1.49501412937222,0,508.333333333333,133.333333333333,14.0158009602352,47.3033282407938,0.629479633419884,1.80975394608217,0.01375,0.011,0.01375,0.01375,0,0,0,0
05/11/2015,0.020664434325765,0.151282779262131,19.7664134812612,36.5127710101751,310.270372353347,0,5.6280006309053,22.5120025236212,1.58790607726737,0,508.333333333333,133.333333333333,15.0080016824141,50.6520056781477,0.668592032533628,1.92220209353418,0.01375,0.011,0.01375,0.01375,0,0,0,0
06/11/2015,0.0774532390819218,0.122883002451739,19.9039347528061,38.4439558332817,309.160746749974,0,7.04549213816674,28.181968552667,2.24482203745286,0,508.333333333333,133.333333333333,18.7879790351113,63.4094292435007,0.94518822629594,2.71741615060083,0.01375,0.011,0.01375,0.01375,0,0,0,0
07/11/2015,0.149711689284249,0.127291506003018,20.0413364510926,38.1441775917948,308.038233641712,0,6.73268782826393,26.9307513130557,2.13241825763576,0,508.333333333333,133.333333333333,17.9538342087038,60.5941904543754,0.897860319004532,2.58134841713803,0.01375,0.011,0.01375,0.01375,0,0,0,0
08/11/2015,0.110226700817265,0.166156433205471,20.178577902302,35.501362542028,306.903165316262,0,5.24286488594664,20.9714595437866,1.52868708183295,0,508.333333333333,133.333333333333,13.980973029191,47.1857839735198,0.643657718666504,1.8505159411662,0.01375,0.011,0.01375,0.01375,0,0,0,0
09/11/2015,0.0180248680754971,0.2835849720684,20.3156184800527,27.5162218993488,305.755877777935,0,4.23688765314075,16.947550612563,1.18149495046809,0,508.333333333333,133.333333333333,11.298367075042,38.1319888782668,0.497471558091828,1.43023072951401,0.01375,0.011,0.01375,0.01375,0,0,0,0
10/11/2015,0,0,20.4524176174254,0,304.596710648189,0,0,0,0,0,508.333333333333,133.333333333333,0,0,0,0,0.01375,0.011,0.01375,0.01375,0,0,0,0
11/11/2015,0.00444273141852847,0.584469294650215,20.5889348189725,7.0560879637854,303.42600706509,0,0.923703022927651,3.69481209171061,0.137810756213983,0,508.333333333333,133.333333333333,2.4632080611404,8.31332720634886,0.0580255815637823,0.166823546995874,0.01375,0.011,0.01375,0.01375,0,0,0,0
12/11/2015,0.0044403095873949,0.558210733859312,20.7251296727055,8.84167009756678,302.244113581744,0,1.15374119636622,4.61496478546488,0.205186577151157,0,508.333333333333,133.333333333333,3.07664319030992,10.383670767296,0.0863943482741712,0.248383751288242,0.01375,0.011,0.01375,0.01375,0,0,0,0
13/11/2015,0.00109455031082595,0.125810214289795,20.8609618620575,38.2449054282939,301.051380063702,0,7.9216267346589,31.6865069386356,2.38200858339913,0,508.333333333333,133.333333333333,21.1243379590904,71.2946406119301,1.00295098248385,2.88348407464106,0.01375,0.011,0.01375,0.01375,0,0,0,0
14/11/2015,0.017118790840392,0.230310243489562,20.996391177818,31.1389034427098,299.848159585395,0,4.67588424277583,18.7035369711033,1.28460235327422,0,508.333333333333,133.333333333333,12.4690246474022,42.0829581849825,0.540885201378621,1.55504495396353,0.01375,0.011,0.01375,0.01375,0,0,0,0
15/11/2015,0.0412322345375132,0.187193791672346,21.1313775300357,34.0708221662805,298.634808325618,0,5.20066797944289,20.8026719177716,1.48049862419586,0,508.333333333333,133.333333333333,13.868447945181,46.806011814986,0.623367841766676,1.79218254507919,0.01375,0.011,0.01375,0.01375,0,0,0,0
16/11/2015,0.0610011147159412,0.153068229810724,21.2658809598859,36.3913603728708,297.411685462092,0,5.76944878163706,23.0777951265482,1.70373477334427,0,508.333333333333,133.333333333333,15.3851967510322,51.9250390347335,0.717362009829167,2.06241577825885,0.01375,0.011,0.01375,0.01375,0,0,0,0
17/11/2015,0.0097971573311646,0.242929220037816,21.399861651499,30.2808130374285,296.17915306514,0,4.81292400052823,19.2516960021129,1.33902987991295,0,508.333333333333,133.333333333333,12.8344640014086,43.316316004754,0.563802054700191,1.62093090726305,0.01375,0.011,0.01375,0.01375,0,0,0,0
18/11/2015,0,0,21.5332799437473,0,294.937575990505,0,0,0,0,0,508.333333333333,133.333333333333,0,0,0,0,0.01375,0.011,0.01375,0.01375,0,0,0,0
19/11/2015,0,0,21.666096341985,0,293.68732177135,0,0,0,0,0,508.333333333333,133.333333333333,0,0,0,0,0.01375,0.011,0.01375,0.01375,0,0,0,0
20/11/2015,0,0,21.7982715297398,0,292.428760509454,0,0,0,0,0,508.333333333333,133.333333333333,0,0,0,0,0.01375,0.011,0.01375,0.01375,0,0,0,0
21/11/2015,0,0,21.9297663803513,0,291.162264765657,0,0,0,0,0,508.333333333333,133.333333333333,0,0,0,0,0.01375,0.011,0.01375,0.01375,0,0,0,0
22/11/2015,0,0,22.0605419685534,0,289.888209449576,0,0,0,0,0,508.333333333333,133.333333333333,0,0,0,0,0.01375,0.011,0.01375,0.01375,0,0,0,0
23/11/2015,0,0,22.1905595819968,0,288.606971708621,0,0,0,0,0,508.333333333333,133.333333333333,0,0,0,0,0.01375,0.011,0.01375,0.01375,0,0,0,0
24/11/2015,0,0,22.3197807327088,0,287.31893081635,0,0,0,0,0,508.333333333333,133.333333333333,0,0,0,0,0.01375,0.011,0.01375,0.01375,0,0,0,0
25/11/2015,0,0,22.4481671684868,0,286.024468060202,0,0,0,0,0,508.333333333333,133.333333333333,0,0,0,0,0.01375,0.011,0.01375,0.01375,0,0,0,0
26/11/2015,0,0,22.5756808842214,0,284.723966628621,0,0,0,0,0,508.333333333333,133.333333333333,0,0,0,0,0.01375,0.011,0.01375,0.01375,0,0,0,0
27/11/2015,0,0,22.7022841331467,0,283.417811497628,0,0,0,0,0,508.333333333333,133.333333333333,0,0,0,0,0.01375,0.011,0.01375,0.01375,0,0,0,0
28/11/2015,0,0,22.8279394380145,0,282.10638931686,0,0,0,0,0,508.333333333333,133.333333333333,0,0,0,0,0.01375,0.011,0.01375,0.01375,0,0,0,0
29/11/2015,0,0,22.9526096021881,0,280.79008829511,0,0,0,0,0,508.333333333333,133.333333333333,0,0,0,0,0.01375,0.011,0.01375,0.01375,0,0,0,0
30/11/2015,0,0,23.0762577206533,0,279.469298085414,0,0,0,0,0,508.333333333333,133.333333333333,0,0,0,0,0.01375,0.011,0.01375,0.01375,0,0,0,0
01/12/2015,0,0,23.1988471909432,0,278.144409669701,0,0,0,0,0,508.333333333333,133.333333333333,0,0,0,0,0.01375,0.011,0.01375,0.01375,0,0,0,0
02/12/2015,0,0,23.3203417239731,0,276.815815243058,0,0,0,0,0,508.333333333333,133.333333333333,0,0,0,0,0.01375,0.011,0.01375,0.01375,0,0,0,0
03/12/2015,0,0,23.4407053547832,0,275.483908097629,0,0,0,0,0,508.333333333333,133.333333333333,0,0,0,0,0.01375,0.011,0.01375,0.01375,0,0,0,0
04/12/2015,0,0,23.5599024531845,0,274.149082506192,0,0,0,0,0,508.333333333333,133.333333333333,0,0,0,0,0.01375,0.011,0.01375,0.01375,0,0,0,0
05/12/2015,0,0,23.6778977343065,0,272.811733605447,0,0,0,0,0,508.333333333333,133.333333333333,0,0,0,0,0.01375,0.011,0.01375,0.01375,0,0,0,0
06/12/2015,0,0,23.794656269042,0,271.472257279049,0,0,0,0,0,508.333333333333,133.333333333333,0,0,0,0,0.01375,0.011,0.01375,0.01375,0,0,0,0
07/12/2015,0,0,23.9101434943871,0,270.131050040415,0,0,0,0,0,508.333333333333,133.333333333333,0,0,0,0,0.01375,0.011,0.01375,0.01375,0,0,0,0
08/12/2015,0,0,24.0243252236724,0,268.788508915348,0,0,0,0,0,508.333333333333,133.333333333333,0,0,0,0,0.01375,0.011,0.01375,0.01375,0,0,0,0
09/12/2015,0,0,24.137167656683,0,267.445031324511,0,0,0,0,0,508.333333333333,133.333333333333,0,0,0,0,0.01375,0.011,0.01375,0.01375,0,0,0,0
10/12/2015,0.00375386914055443,0.11031680873455,24.2486373896641,39.2984570060506,266.101014965779,0,8.05442735370385,32.2177094148154,2.4237907996707,0,508.333333333333,133.333333333333,21.4784729432103,72.4898461833347,1.02054349459819,2.93406254696979,0.01375,0.011,0.01375,0.01375,0,0,0,0
11/12/2015,0.00506650265839963,0.107080766614148,24.3587014252095,39.5185078702379,264.756857696517,0,8.08216485759302,32.3286594303721,2.43251767455023,0,508.333333333333,133.333333333333,21.552439620248,72.7394837183371,1.02421796823168,2.94462665866607,0.01375,0.011,0.01375,0.01375,0,0,0,0
12/12/2015,0.00463193674436525,0.108614532454505,24.4673271820289,39.4142117930937,263.412957415799,0,8.0690182932471,32.2760731729884,2.42838145441301,0,508.333333333333,133.333333333333,21.5173821153256,72.6211646392239,1.02247640185811,2.93961965534207,0.01375,0.011,0.01375,0.01375,0,0,0,0
13/12/2015,0,0,24.5744825045931,0,262.069711946626,0,0,0,0,0,508.333333333333,133.333333333333,0,0,0,0,0.01375,0.011,0.01375,0.01375,0,0,0,0
14/12/2015,0,0,24.680135672653,0,260.727518918163,0,0,0,0,0,508.333333333333,133.333333333333,0,0,0,0,0.01375,0.011,0.01375,0.01375,0,0,0,0
15/12/2015,0,0,24.7842554106286,0,259.386775648026,0,0,0,0,0,508.333333333333,133.333333333333,0,0,0,0,0.01375,0.011,0.01375,0.01375,0,0,0,0
16/12/2015,0.000776460337184322,0.164581423418575,24.8868108968681,35.6084632075369,258.047879024676,0,7.63064847653365,30.5225939061346,2.301103301474,0,508.333333333333,133.333333333333,20.3483959374231,68.6758362888028,0.968885600620631,2.78554610178431,0.01375,0.011,0.01375,0.01375,0,0,0,0
17/12/2015,0.0386422851086663,0.132895129332065,24.9877717727713,37.7631312054196,256.711225389925,0,6.03723267370305,24.1489306948122,1.74521018099669,0,508.333333333333,133.333333333333,16.0992871298748,54.3350940633275,0.734825339367027,2.1126228506802,0.01375,0.011,0.01375,0.01375,0,0,0,0
18/12/2015,0.0564022724734727,0.117431502431838,25.0871081517765,38.814657834635,255.377210421614,0,5.61657341780951,22.466293671238,1.55786350404109,0,508.333333333333,133.333333333333,14.9775291141587,50.5491607602856,0.655942528017302,1.88583476804974,0.01375,0.011,0.01375,0.01375,0,0,0,0
19/12/2015,0,0,25.1847906282074,0,254.046229016481,0,0,0,0,0,508.333333333333,133.333333333333,0,0,0,0,0.01375,0.011,0.01375,0.01375,0,0,0,0
20/12/2015,0,0,25.2807902859783,0,252.718675173266,0,0,0,0,0,508.333333333333,133.333333333333,0,0,0,0,0.01375,0.011,0.01375,0.01375,0,0,0,0
21/12/2015,0,0,25.3750787071532,0,251.394941876079,0,0,0,0,0,508.333333333333,133.333333333333,0,0,0,0,0.01375,0.011,0.01375,0.01375,0,0,0,0
22/12/2015,0.287615199183459,0.127711899036482,25.4676279803587,38.1155908655192,250.075420978066,0,6.72055524579719,26.8822209831887,2.1334189055173,0,508.333333333333,133.333333333333,17.9214806554592,60.4849972121747,0.898281644428335,2.58255972773146,0.01375,0.011,0.01375,0.01375,0,0,0,0
23/12/2015,0.585474089712911,0.134761254867055,25.5584107090458,37.6362346690403,248.760503085413,0,6.23064891867685,24.9225956747074,1.93216498552866,0,508.333333333333,133.333333333333,16.6150637831383,56.0758402680917,0.813543151801541,2.33893656142943,0.01375,0.011,0.01375,0.01375,0,0,0,0
24/12/2015,0.292246322514743,0.181332352681736,25.6474000196006,34.469400017642,247.45057744172,0,5.32688740616032,21.3075496246413,1.59594641530967,0,508.333333333333,133.333333333333,14.2050330830942,47.9419866554428,0.671977438025124,1.93193513432223,0.01375,0.011,0.01375,0.01375,0,0,0,0
25/12/2015,0.0647144301920056,0.371684133236001,25.7345695692986,21.5254789399519,246.146031812774,0,4.00436882573516,16.0174753029406,1.21620898767606,0,508.333333333333,133.333333333333,10.6783168686271,36.0393194316164,0.512087994810973,1.47225298508155,0.01375,0.011,0.01375,0.01375,0,0,0,0
26/12/2015,0.024010533992415,0.596615659905643,25.8198935541034,6.23013512641624,244.847252371766,0,0.871647171832956,3.48658868733183,0.125899481898982,0,508.333333333333,133.333333333333,2.32439245822122,7.84482454649661,0.0530103081679924,0.152404635982978,0.01375,0.011,0.01375,0.01375,0,0,0,0
27/12/2015,0.0353921971361689,0.442368156278935,25.9033467163048,16.7189653730324,243.55462358497,0,2.4596989700748,9.83879588029921,0.61273990342574,0,508.333333333333,133.333333333333,6.5591972535328,22.1372907306732,0.257995748810838,0.741737777831158,0.01375,0.011,0.01375,0.01375,0,0,0,0
28/12/2015,0.0428035686674971,0.352188857558278,25.984904351996,22.8511576860371,242.268528097937,0,3.16773742673525,12.670949706941,0.811729971373171,0,508.333333333333,133.333333333333,8.44729980462733,28.5096368406172,0.341781040578177,0.98262049166226,0.01375,0.011,0.01375,0.01375,0,0,0,0
29/12/2015,0.0113498701886609,0.59436400838429,26.0645423183859,6.38324742986825,240.989346622224,0,0.881297106924469,3.52518842769788,0.128107553068309,0,508.333333333333,133.333333333333,2.35012561846525,7.93167396232023,0.053940022344551,0.155077564240584,0.01375,0.011,0.01375,0.01375,0,0,0,0
30/12/2015,0.00701608294335835,0.6,26.1422370409468,6,239.717457822691,0,0.857142857142857,3.42857142857143,0.12258064516129,0,508.333333333333,133.333333333333,2.28571428571429,7.71428571428572,0.0516129032258065,0.148387096774194,0.01375,0.011,0.01375,0.01375,0,0,0,0
31/12/2015,0.00696528190624629,0.6,26.2179655203918,6,238.453238205414,0,0.857142857142857,3.42857142857143,0.12258064516129,0,508.333333333333,133.333333333333,2.28571428571429,7.71428571428572,0.0516129032258065,0.148387096774194,0.01375,0.011,0.01375,0.01375,0,0,0,0
01/01/2016,0.00431431886658067,0.6,26.3051371179797,6,236.96541410873,0,0.857142857142857,3.42857142857143,0.12258064516129,0,508.333333333333,133.333333333333,2.28571428571429,7.71428571428572,0.0516129032258065,0.148387096774194,0.01375,0.011,0.01375,0.01375,0,0,0,0
02/01/2016,0.00247115175030525,0.6,26.3764918925008,6,235.719251726306,0,0.857142857142857,3.42857142857143,0.12258064516129,0,508.333333333333,133.333333333333,2.28571428571429,7.71428571428572,0.0516129032258065,0.148387096774194,0.01375,0.011,0.01375,0.01375,0,0,0,0
03/01/2016,0.00410596533886693,0.545124410759772,26.4458110794992,9.73154006833549,234.481942079986,0,1.14538845992751,4.58155383971005,0.195262380914524,0,508.333333333333,133.333333333333,3.05436922647337,10.3084961393476,0.0822157393324313,0.23637025058074,0.01375,0.011,0.01375,0.01375,0,0,0,0
04/01/2016,0.0464474066606109,0.22931056064933,26.5130741590243,31.2068818758455,233.253851439682,0,4.80797377719229,19.2318951087692,1.35181251411065,0,508.333333333333,133.333333333333,12.8212634058461,43.2717639947306,0.569184216467643,1.63640462234447,0.01375,0.011,0.01375,0.01375,0,0,0,0
05/01/2016,1.35239263049467,0.119089213631514,26.5782612197774,38.701933473057,232.035343346284,0,6.7980475029572,27.1921900118288,2.17583451123233,0,508.333333333333,133.333333333333,18.1281266745525,61.1824275266148,0.916140846834664,2.63390493464966,0.01375,0.011,0.01375,0.01375,0,0,0,0
06/01/2016,2.38185393337752,0.125198258026932,26.6413529650052,38.2865184541686,230.826778504046,0,6.26501248203577,25.0600499281431,1.95913459525459,0,508.333333333333,133.333333333333,16.7066999520954,56.385112338322,0.824898776949303,2.37158398372924,0.01375,0.011,0.01375,0.01375,0,0,0,0
07/01/2016,1.31722178857199,0.156683888373863,26.7023307182122,36.1454955905773,229.628514673805,0,5.18341855496238,20.7336742198495,1.53117952590439,0,508.333333333333,133.333333333333,13.8224494798997,46.6507669946614,0.644707168801847,1.85353311030531,0.01375,0.011,0.01375,0.01375,0,0,0,0
08/01/2016,0.449925454962195,0.251372366971252,26.7611764286895,29.7066790459549,228.440906567085,0,4.39874991890695,17.5949996756278,1.2839629969357,0,508.333333333333,133.333333333333,11.7299997837519,39.5887492701625,0.540615998709767,1.55427099629058,0.01375,0.011,0.01375,0.01375,0,0,0,0
09/01/2016,0.16081675086388,0.454106069715958,26.817872676858,15.9207872593149,227.264305741087,0,2.95466156851479,11.8186462740592,0.857559851038438,0,508.333333333333,133.333333333333,7.87909751603945,26.5919541166332,0.361077832016185,1.03809876704653,0.01375,0.011,0.01375,0.01375,0,0,0,0
10/01/2016,0.10110069159406,0.56271027950335,26.8724026794253,8.53570099377222,226.099060494622,0,1.45379945196704,5.81519780786817,0.325645307088568,0,508.333333333333,133.333333333333,3.87679853857878,13.0841950677034,0.137113813510976,0.394202213844056,0.01375,0.011,0.01375,0.01375,0,0,0,0
11/01/2016,0.0724316422604075,0.6,26.9247502943533,6,224.945515765012,0,0.858763954470662,3.43505581788265,0.123110552244788,0,508.333333333333,133.333333333333,2.29003721192177,7.72887559023596,0.0518360219978054,0.149028563243691,0.01375,0.011,0.01375,0.01375,0,0,0,0
12/01/2016,0.0674046821963344,0.594644357968462,26.9749000256372,6.3641836581446,223.804013025974,0,0.916854652280443,3.66741860912177,0.140212288898823,0,508.333333333333,133.333333333333,2.44494573941452,8.25169187052399,0.0590367532205569,0.169730665509101,0.01375,0.011,0.01375,0.01375,0,0,0,0
13/01/2016,0.0602450461184928,0.586200278536719,27.0228370278924,6.93838105950308,222.674890186543,0,1.00254788358512,4.01019153434047,0.165829170422341,0,508.333333333333,133.333333333333,2.67346102289365,9.02293095226606,0.0698228085988806,0.200740574721782,0.01375,0.011,0.01375,0.01375,0,0,0,0
14/01/2016,0.0429609534054505,0.6,27.0685471107489,6,221.55848149104,0,0.857142857142857,3.42857142857143,0.12258064516129,0,508.333333333333,133.333333333333,2.28571428571429,7.71428571428571,0.0516129032258065,0.148387096774194,0.01375,0.011,0.01375,0.01375,0,0,0,0
15/01/2016,0.0833975361552184,0.393478125451893,27.1120167430522,20.0434874692713,220.45511742013,0,3.03296205475012,12.1318482190005,0.794929672011533,0,508.333333333333,133.333333333333,8.08789881266699,27.2966584927511,0.334707230320646,0.962283287171856,0.01375,0.011,0.01375,0.01375,0,0,0,0
16/01/2016,0.124882878247671,0.295723437387631,27.1532330568687,26.6908062576411,219.365124592991,0,3.87314842887177,15.4925937154871,1.04204122428344,0,508.333333333333,133.333333333333,10.3283958103247,34.8583358598459,0.43875419969829,1.26141832413259,0.01375,0.011,0.01375,0.01375,0,0,0,0
17/01/2016,0.0554218390999639,0.443802923830471,27.1921838512949,16.621401179528,218.28882567063,0,2.63839158452447,10.5535663380979,0.683400200220809,0,508.333333333333,133.333333333333,7.03571089206524,23.7455242607202,0.287747452724551,0.827273926583084,0.01375,0.011,0.01375,0.01375,0,0,0,0
18/01/2016,0.0277664418443882,0.593537722387703,27.2288575960691,6.43943487763622,217.226539260369,0,0.898917831234709,3.59567132493884,0.133704703566054,0,508.333333333333,133.333333333333,2.39711421662589,8.09026048111238,0.0562967172909701,0.161853062211539,0.01375,0.011,0.01375,0.01375,0,0,0,0
19/01/2016,0.0209274804621146,0.6,27.2632434349846,6,216.178579821526,0,0.857142857142857,3.42857142857143,0.12258064516129,0,508.333333333333,133.333333333333,2.28571428571429,7.71428571428572,0.0516129032258065,0.148387096774194,0.01375,0.011,0.01375,0.01375,0,0,0,0
20/01/2016,0.0160263575430868,0.6,27.2953311891033,6,215.145257572335,0,0.857142857142857,3.42857142857143,0.12258064516129,0,508.333333333333,133.333333333333,2.28571428571429,7.71428571428572,0.0516129032258065,0.148387096774194,0.01375,0.011,0.01375,0.01375,0,0,0,0
21/01/2016,0.0175022121317869,0.6,27.3251113597692,6,214.126878398107,0,0.857142857142857,3.42857142857143,0.12258064516129,0,508.333333333333,133.333333333333,2.28571428571429,7.71428571428572,0.0516129032258065,0.148387096774194,0.01375,0.011,0.01375,0.01375,0,0,0,0
22/01/2016,0.0855830554752002,0.270768662235526,27.3525751314198,28.3877309679842,213.12374376069,0,4.60838841195607,18.4335536478243,1.33860435145953,0,508.333333333333,133.333333333333,12.2890357652162,41.4754957076046,0.563622884825066,1.62041579387206,0.01375,0.011,0.01375,0.01375,0,0,0,0
23/01/2016,0.524017015570628,0.142870391508973,27.3777143741959,37.0848133773898,212.136150609223,0,6.1058372323129,24.4233489292516,1.89649877278325,0,508.333333333333,133.333333333333,16.2822326195011,54.9525350908161,0.79852579906663,2.29576167231656,0.01375,0.011,0.01375,0.01375,0,0,0,0
24/01/2016,0.38762288935763,0.185174771131317,27.4005216463481,34.2081155630705,211.164391292236,0,4.5963281543653,18.3853126174612,1.30199472347015,0,508.333333333333,133.333333333333,12.2568750783075,41.3669533892877,0.548208304619012,1.57609887577966,0.01375,0.011,0.01375,0.01375,0,0,0,0
25/01/2016,0.0862421668510074,0.392982420610006,27.4209901964399,20.0771953985196,210.208753471109,0,3.69801008083906,14.7920403233562,1.10157862055939,0,508.333333333333,133.333333333333,9.86136021557082,33.2820907275515,0.463822577077636,1.3334899090982,0.01375,0.011,0.01375,0.01375,0,0,0,0
26/01/2016,0.0438846458825999,0.552088955261954,27.4391139653462,9.2579510421871,209.269520034914,0,1.56930029826448,6.27720119305793,0.360546276026322,0,508.333333333333,133.333333333333,4.18480079537196,14.1237026843803,0.151808958326872,0.436450755189758,0.01375,0.011,0.01375,0.01375,0,0,0,0
27/01/2016,0.0419754680559273,0.583764467128533,27.4548875880467,7.10401623525975,208.346969016682,0,1.1718788999482,4.6875155997928,0.220525499164372,0,508.333333333333,133.333333333333,3.12501039986187,10.5469100995338,0.0928528417534199,0.266951920041082,0.01375,0.011,0.01375,0.01375,0,0,0,0
28/01/2016,0.0361484545548138,0.556218072971098,27.4683063952143,8.97717103796534,207.441373511089,0,1.27331528198093,5.09326112792371,0.246289740325256,0,508.333333333333,133.333333333333,3.3955074186158,11.4598375378283,0.103700943294844,0.298140211972678,0.01375,0.011,0.01375,0.01375,0,0,0,0
29/01/2016,0.0405148338116185,0.507017557437993,27.4793664145975,12.3228060942165,206.553001593623,0,1.73035443020675,6.92141772082701,0.382167575069618,0,508.333333333333,133.333333333333,4.61427848055134,15.5731898718608,0.160912663187208,0.462623906663222,0.01375,0.011,0.01375,0.01375,0,0,0,0
30/01/2016,0.0340608825280544,0.478964813611087,27.4880643721958,14.2303926744461,205.682116241223,0,2.04824068917499,8.19296275669995,0.482205942295643,0,508.333333333333,133.333333333333,5.4619751711333,18.4341662025749,0.203034080966587,0.583722982778937,0.01375,0.011,0.01375,0.01375,0,0,0,0
31/01/2016,0.0460281204886059,0.351116150552858,27.4943976932292,22.9241017624056,204.828975254433,0,3.22424490999807,12.8969796399923,0.830664969877225,0,508.333333333333,133.333333333333,8.59798642666153,29.0182041899827,0.349753671527253,1.00554180564085,0.01375,0.011,0.01375,0.01375,0,0,0,0
01/02/2016,0.0362010813071527,0.412936307989027,27.4983645029001,18.7203310567462,203.993831181091,0,2.64807394060085,10.5922957624034,0.658448014956773,0,508.333333333333,133.333333333333,7.06153050826893,23.8326654654076,0.277241269455483,0.797068649684514,0.01375,0.011,0.01375,0.01375,0,0,0,0
02/02/2016,0.0155190363603596,0.6,27.4999636269489,6,203.176931241564,0,0.857142857142857,3.42857142857143,0.12258064516129,0,508.333333333333,133.333333333333,2.28571428571429,7.71428571428572,0.0516129032258065,0.148387096774194,0.01375,0.011,0.01375,0.01375,0,0,0,0
03/02/2016,0.0151818345675239,0.6,27.4991945920008,6,202.37851725557,0,0.857142857142857,3.42857142857143,0.12258064516129,0,508.333333333333,133.333333333333,2.28571428571429,7.71428571428572,0.0516129032258065,0.148387096774194,0.01375,0.011,0.01375,0.01375,0,0,0,0
04/02/2016,0.0302407907222355,0.413807174931132,27.4960576257065,18.661112104683,201.59882557059,0,2.773964087886,11.095856351544,0.708422926838027,0,508.333333333333,133.333333333333,7.397237567696,24.965676790974,0.298283337616011,0.857564595646032,0.01375,0.011,0.01375,0.01375,0,0,0,0
05/02/2016,0.0392743654230409,0.324083461849987,27.4905536566747,24.7623245942009,200.838086991908,0,3.52312908497961,14.0925163399184,0.92255635156571,0,508.333333333333,133.333333333333,9.39501089327897,31.7081617648165,0.388444779606615,1.11677874136902,0.01375,0.011,0.01375,0.01375,0,0,0,0
06/02/2016,0.0155914276137917,0.585932002897452,27.4826843141968,6.95662380297324,200.096526714289,0,0.948422551830732,3.79369020732293,0.147104323850888,0,508.333333333333,133.333333333333,2.52912680488195,8.53580296647659,0.061938662674058,0.178073655187917,0.01375,0.011,0.01375,0.01375,0,0,0,0
07/02/2016,0.0120759272117808,0.592662365123968,27.4724519277653,6.4989591715702,199.374364255309,0,0.888589863754425,3.5543594550177,0.129776261297787,0,508.333333333333,133.333333333333,2.3695729700118,7.99730877378982,0.0546426363359102,0.157097579465742,0.01375,0.011,0.01375,0.01375,0,0,0,0
08/02/2016,0.00892431076416228,0.6,27.4598595263838,6,198.671813390382,0,0.857142857142857,3.42857142857143,0.12258064516129,0,508.333333333333,133.333333333333,2.28571428571429,7.71428571428572,0.0516129032258065,0.148387096774194,0.01375,0.011,0.01375,0.01375,0,0,0,0
09/02/2016,0.0087077085566893,0.6,27.4449108376702,6,197.989082089472,0,0.857142857142857,3.42857142857143,0.12258064516129,0,508.333333333333,133.333333333333,2.28571428571429,7.71428571428572,0.0516129032258065,0.148387096774194,0.01375,0.011,0.01375,0.01375,0,0,0,0
10/02/2016,0.00612033615195493,0.6,27.4276102867536,6,197.326372455532,0,0.857142857142857,3.42857142857143,0.12258064516129,0,508.333333333333,133.333333333333,2.28571428571429,7.71428571428572,0.0516129032258065,0.148387096774194,0.01375,0.011,0.01375,0.01375,0,0,0,0
11/02/2016,0.010999448102812,0.6,27.4079629949642,6,196.683880664676,0,0.857142857142857,3.42857142857143,0.12258064516129,0,508.333333333333,133.333333333333,2.28571428571429,7.71428571428572,0.0516129032258065,0.148387096774194,0.01375,0.011,0.01375,0.01375,0,0,0,0
12/02/2016,0.00653788366645731,0.6,27.3859747783173,6,196.061796908109,0,0.857142857142857,3.42857142857143,0.12258064516129,0,508.333333333333,133.333333333333,2.28571428571429,7.71428571428572,0.0516129032258065,0.148387096774194,0.01375,0.011,0.01375,0.01375,0,0,0,0
13/02/2016,0.0040455635122162,0.6,27.3616521457917,6,195.460305335824,0,0.857142857142857,3.42857142857143,0.12258064516129,0,508.333333333333,133.333333333333,2.28571428571429,7.71428571428572,0.0516129032258065,0.148387096774194,0.01375,0.011,0.01375,0.01375,0,0,0,0
14/02/2016,0.0042962355555131,0.6,27.3350022974027,6,194.87958400209,0,0.857142857142857,3.42857142857143,0.12258064516129,0,508.333333333333,133.333333333333,2.28571428571429,7.71428571428572,0.0516129032258065,0.148387096774194,0.01375,0.011,0.01375,0.01375,0,0,0,0
15/02/2016,0.00470646516898912,0.6,27.3060331220709,6,194.319804812745,0,0.857142857142857,3.42857142857143,0.12258064516129,0,508.333333333333,133.333333333333,2.28571428571429,7.71428571428572,0.0516129032258065,0.148387096774194,0.01375,0.011,0.01375,0.01375,0,0,0,0
16/02/2016,0.00257349774504712,0.6,27.274753195287,6,193.781133474307,0,0.857142857142857,3.42857142857143,0.12258064516129,0,508.333333333333,133.333333333333,2.28571428571429,7.71428571428572,0.0516129032258065,0.148387096774194,0.01375,0.011,0.01375,0.01375,0,0,0,0
17/02/2016,0.00570514278937026,0.6,27.2411717765731,6,193.263729444924,0,0.857142857142857,3.42857142857143,0.12258064516129,0,508.333333333333,133.333333333333,2.28571428571429,7.71428571428572,0.0516129032258065,0.148387096774194,0.01375,0.011,0.01375,0.01375,0,0,0,0
18/02/2016,0.00600275603925407,0.6,27.2052988067417,6,192.767745887169,0,0.857142857142857,3.42857142857143,0.12258064516129,0,508.333333333333,133.333333333333,2.28571428571429,7.71428571428572,0.0516129032258065,0.148387096774194,0.01375,0.011,0.01375,0.01375,0,0,0,0
19/02/2016,0.00306924980759199,0.6,27.1671449049533,6,192.293329622699,0,0.857142857142857,3.42857142857143,0.12258064516129,0,508.333333333333,133.333333333333,2.28571428571429,7.71428571428572,0.0516129032258065,0.148387096774194,0.01375,0.011,0.01375,0.01375,0,0,0,0
20/02/2016,0.00420345184213802,0.6,27.1267213655722,6,191.840621088795,0,0.857142857142857,3.42857142857143,0.12258064516129,0,508.333333333333,133.333333333333,2.28571428571429,7.71428571428572,0.0516129032258065,0.148387096774194,0.01375,0.011,0.01375,0.01375,0,0,0,0
21/02/2016,0.00853692153439179,0.536147533886999,27.0840401548241,10.3419676956841,191.409754296791,0,1.36457739991134,5.45830959964534,0.267740410742423,0,508.333333333333,133.333333333333,3.63887306643023,12.281196599202,0.112732804523125,0.324106813003986,0.01375,0.011,0.01375,0.01375,0,0,0,0
22/02/2016,0.00672988976048034,0.425789521969578,27.0391139072529,17.8463125060687,191.000856792401,0,2.81800056843863,11.2720022737545,0.72529376673436,0,508.333333333333,133.333333333333,7.51466818250301,25.3620051159477,0.305386849151309,0.877987191310015,0.01375,0.011,0.01375,0.01375,0,0,0,0
23/02/2016,0.00257664363736407,0.6,26.9919559219814,6,190.614049617962,0,0.857142857142857,3.42857142857143,0.12258064516129,0,508.333333333333,133.333333333333,2.28571428571429,7.71428571428572,0.0516129032258065,0.148387096774194,0.01375,0.011,0.01375,0.01375,0,0,0,0
24/02/2016,0.00167524403166978,0.6,26.9425801587739,6,190.249447276606,0,0.857142857142857,3.42857142857143,0.12258064516129,0,508.333333333333,133.333333333333,2.28571428571429,7.71428571428571,0.0516129032258065,0.148387096774194,0.01375,0.011,0.01375,0.01375,0,0,0,0
25/02/2016,0,0,26.891001233904,0,189.907157698364,0,0,0,0,0,508.333333333333,133.333333333333,0,0,0,0,0.01375,0.011,0.01375,0.01375,0,0,0,0
26/02/2016,0.00467999777932109,0.6,26.8372344158281,6,189.587282208215,0,0.857142857142857,3.42857142857143,0.12258064516129,0,508.333333333333,133.333333333333,2.28571428571429,7.71428571428572,0.0516129032258065,0.148387096774194,0.01375,0.011,0.01375,0.01375,0,0,0,0
27/02/2016,0.00256544080056509,0.6,26.7812956206654,6,189.28991549609,0,0.857142857142857,3.42857142857143,0.12258064516129,0,508.333333333333,133.333333333333,2.28571428571429,7.71428571428572,0.0516129032258065,0.148387096774194,0.01375,0.011,0.01375,0.01375,0,0,0,0
28/02/2016,0.00444941552736842,0.6,26.7232014074861,6,189.015145588848,0,0.857142857142857,3.42857142857143,0.12258064516129,0,508.333333333333,133.333333333333,2.28571428571429,7.71428571428572,0.0516129032258065,0.148387096774194,0.01375,0.011,0.01375,0.01375,0,0,0,0
29/02/2016,0.00468978357881964,0.6,26.6629689734102,6,188.763053824211,0,0.857142857142857,3.42857142857143,0.12258064516129,0,508.333333333333,133.333333333333,2.28571428571429,7.71428571428572,0.0516129032258065,0.148387096774194,0.01375,0.011,0.01375,0.01375,0,0,0,0
01/03/2016,0.00369335018907928,0.594045065206644,26.6006161485163,6.40493556594821,188.533714826692,0,0.88266400625724,3.53065602502896,0.128420323152194,0,508.333333333333,133.333333333333,2.35377068335264,7.94397605631516,0.0540717150114502,0.155456180657919,0.01375,0.011,0.01375,0.01375,0,0,0,0
02/03/2016,0.00249389882346827,0.588505031200963,26.5361613905638,6.78165787833452,188.327196485501,0,0.90640700913873,3.62562803655492,0.133853130693249,0,508.333333333333,133.333333333333,2.41708535770328,8.15766308224857,0.0563592129234734,0.162032737154986,0.01375,0.011,0.01375,0.01375,0,0,0,0
03/03/2016,0.000363213519010077,0.6,26.4696237795288,6,188.143559934448,0,0.857142857142857,3.42857142857143,0.12258064516129,0,508.333333333333,133.333333333333,2.28571428571429,7.71428571428572,0.0516129032258065,0.148387096774194,0.01375,0.011,0.01375,0.01375,0,0,0,0
04/03/2016,0.000971281733759961,0.6,26.4010230119562,6,187.98285953385,0,0.857142857142857,3.42857142857143,0.12258064516129,0,508.333333333333,133.333333333333,2.28571428571429,7.71428571428572,0.0516129032258065,0.148387096774194,0.01375,0.011,0.01375,0.01375,0,0,0,0
05/03/2016,0.000553897819317624,0.6,26.3303793951287,6,187.845142854435,0,0.857142857142857,3.42857142857143,0.12258064516129,0,508.333333333333,133.333333333333,2.28571428571429,7.71428571428572,0.0516129032258065,0.148387096774194,0.01375,0.011,0.01375,0.01375,0,0,0,0
06/03/2016,0,0,26.2577138410562,0,187.730450663264,0,0,0,0,0,508.333333333333,133.333333333333,0,0,0,0,0.01375,0.011,0.01375,0.01375,0,0,0,0
07/03/2016,0.000140915924081805,0.6,26.1830478602847,6,187.638816911658,0,0.857142857142857,3.42857142857143,0.12258064516129,0,508.333333333333,133.333333333333,2.28571428571429,7.71428571428572,0.0516129032258065,0.148387096774194,0.01375,0.011,0.01375,0.01375,0,0,0,0
08/03/2016,0,0,26.1064035555288,0,187.570268725153,0,0,0,0,0,508.333333333333,133.333333333333,0,0,0,0,0.01375,0.011,0.01375,0.01375,0,0,0,0
09/03/2016,0,0,26.0278036151292,0,187.524826395466,0,0,0,0,0,508.333333333333,133.333333333333,0,0,0,0,0.01375,0.011,0.01375,0.01375,0,0,0,0
10/03/2016,0.000917751849950954,0.6,25.9472713063363,6,187.502503374491,0,0.857142857142857,3.42857142857143,0.12258064516129,0,508.333333333333,133.333333333333,2.28571428571429,7.71428571428572,0.0516129032258065,0.148387096774194,0.01375,0.011,0.01375,0.01375,0,0,0,0
11/03/2016,0.00370676791666975,0.6,25.8648304684224,6,187.503306270316,0,0.857142857142857,3.42857142857143,0.12258064516129,0,508.333333333333,133.333333333333,2.28571428571429,7.71428571428572,0.0516129032258065,0.148387096774194,0.01375,0.011,0.01375,0.01375,0,0,0,0
12/03/2016,2.84625628223679e-05,0.584542447836678,25.7805055056248,7.05111354710588,187.527234845267,0,0.923389509271379,3.69355803708551,0.137739018895645,0,508.333333333333,133.333333333333,2.46237202472368,8.31050558344241,0.0579953763771135,0.166736707084201,0.01375,0.011,0.01375,0.01375,0,0,0,0
13/03/2016,0,0,25.6943213799221,0,187.574282015978,0,0,0,0,0,508.333333333333,133.333333333333,0,0,0,0,0.01375,0.011,0.01375,0.01375,0,0,0,0
14/03/2016,0.00175547226846208,0.6,25.6063036036443,6,187.644433855488,0,0.857142857142857,3.42857142857143,0.12258064516129,0,508.333333333333,133.333333333333,2.28571428571429,7.71428571428572,0.0516129032258065,0.148387096774194,0.01375,0.011,0.01375,0.01375,0,0,0,0
15/03/2016,0.00445229807536737,0.578077910230005,25.516478231921,7.49070210435965,187.737669597364,0,0.951094670442835,3.80437868177134,0.144078436419608,0,508.333333333333,133.333333333333,2.53625245451423,8.55985203398552,0.060664604808256,0.174410738823736,0.01375,0.011,0.01375,0.01375,0,0,0,0
16/03/2016,0.0180342666023239,0.306919100579528,25.4248718549683,25.9295011605921,187.853961641847,0,3.98270494684126,15.9308197873651,1.08463741372842,0,508.333333333333,133.333333333333,10.62054652491,35.8443445215714,0.456689437359335,1.31298213240809,0.01375,0.011,0.01375,0.01375,0,0,0,0
17/03/2016,0.0345660528538813,0.224809996747201,25.3315115902177,31.5129202211903,187.993275564026,0,4.53537527758176,18.1415011103271,1.2318690446738,0,508.333333333333,133.333333333333,12.0943340735514,40.8183774982359,0.518681703020547,1.49120989618407,0.01375,0.011,0.01375,0.01375,0,0,0,0
18/03/2016,0.0224049730992196,0.280033394334762,25.2364250742888,27.7577291852362,188.155570124022,0,3.96024889844982,15.8409955937993,1.05465223056059,0,508.333333333333,133.333333333333,10.5606637291995,35.6422400860484,0.444064097078142,1.27668427909966,0.01375,0.011,0.01375,0.01375,0,0,0,0
19/03/2016,0.00620739073835414,0.387318828754201,25.1396404548081,20.4623196447143,188.340797279202,0,3.17562378283209,12.7024951313284,0.831948194341935,0,508.333333333333,133.333333333333,8.46833008755223,28.5806140454888,0.350293976565025,1.00709518262445,0.01375,0.011,0.01375,0.01375,0,0,0,0
20/03/2016,0.00534549688774657,0.375750099499729,25.0411863820767,21.2489932340184,188.548902198397,0,3.46960031291581,13.8784012516632,0.930348715086322,0,508.333333333333,133.333333333333,9.25226750110883,31.2264028162423,0.391725774773188,1.12621160247292,0.01375,0.011,0.01375,0.01375,0,0,0,0
21/03/2016,0.00979472087669724,0.426180262011174,24.9410920005895,17.8197421832402,188.779823278136,0,2.69485689573526,10.7794275829411,0.684650600255997,0,508.333333333333,133.333333333333,7.18628505529404,24.2537120616174,0.288273936949894,0.828787568730944,0.01375,0.011,0.01375,0.01375,0,0,0,0
22/03/2016,0.0140199850414484,0.309338546571533,24.8393869404073,25.7649788331358,189.033492160877,0,3.83045772713234,15.3218309085294,1.02401464306506,0,508.333333333333,133.333333333333,10.2145539390196,34.4741195441911,0.431164060237921,1.23959667318402,0.01375,0.011,0.01375,0.01375,0,0,0,0
23/03/2016,0.00416815483426114,0.424736664196337,24.7361013083863,17.9179068346491,189.30983375525,0,2.87461707123514,11.4984682849405,0.744468006095986,0,508.333333333333,133.333333333333,7.6656455232937,25.8715536411162,0.313460213093047,0.901198112642509,0.01375,0.011,0.01375,0.01375,0,0,0,0
24/03/2016,0.00055013424794415,0.6,24.6312656792653,6,189.608766258277,0,0.857142857142857,3.42857142857143,0.12258064516129,0,508.333333333333,133.333333333333,2.28571428571429,7.71428571428572,0.0516129032258065,0.148387096774194,0.01375,0.011,0.01375,0.01375,0,0,0,0
25/03/2016,0.00490659535348273,0.6,24.5249110866152,6,189.930201179595,0,0.857142857142857,3.42857142857143,0.12258064516129,0,508.333333333333,133.333333333333,2.28571428571429,7.71428571428572,0.0516129032258065,0.148387096774194,0.01375,0.011,0.01375,0.01375,0,0,0,0
26/03/2016,0.00250004394999142,0.6,24.4170690136522,6,190.274043367646,0,0.857142857142857,3.42857142857143,0.12258064516129,0,508.333333333333,133.333333333333,2.28571428571429,7.71428571428571,0.0516129032258065,0.148387096774194,0.01375,0.011,0.01375,0.01375,0,0,0,0
27/03/2016,0.00049855908022222,0.6,24.3077713839186,6,190.640191037846,0,0.857142857142857,3.42857142857143,0.12258064516129,0,508.333333333333,133.333333333333,2.28571428571429,7.71428571428572,0.0516129032258065,0.148387096774194,0.01375,0.011,0.01375,0.01375,0,0,0,0
28/03/2016,0.00178675085766264,0.6,24.1970505518319,6,191.028535802714,0,0.857142857142857,3.42857142857143,0.12258064516129,0,508.333333333333,133.333333333333,2.28571428571429,7.71428571428572,0.0516129032258065,0.148387096774194,0.01375,0.011,0.01375,0.01375,0,0,0,0
29/03/2016,0.00520491885182846,0.581093097370436,24.0849392931081,7.28566937881038,191.438962703959,0,0.938172439840991,3.75268975936396,0.14112160773996,0,508.333333333333,133.333333333333,2.50179317290931,8.44355195856892,0.0594196243115621,0.170831419895741,0.01375,0.011,0.01375,0.01375,0,0,0,0
30/03/2016,0.00070414246350178,0.511139833596108,23.9714707950588,12.0424913154647,191.871350246509,0,1.80843092206955,7.23372368827818,0.411236282982451,0,508.333333333333,133.333333333333,4.82248245885212,16.2758782986259,0.173152119150506,0.497812342557703,0.01375,0.011,0.01375,0.01375,0,0,0,0
31/03/2016,0.00038959494983092,0.575228987417707,23.8566786467673,7.6844288555959,192.325570434476,0,0.963304339638397,3.85321735855359,0.146872218790377,0,508.333333333333,133.333333333333,2.56881157236906,8.66973905674557,0.0618409342275273,0.177792685904141,0.01375,0.011,0.01375,0.01375,0,0,0,0
01/04/2016,0,0,23.7405968291455,0,192.801488809045,0,0,0,0,0,508.333333333333,133.333333333333,0,0,0,0,0.01375,0.011,0.01375,0.01375,0,0,0,0
02/04/2016,0,0,23.6232597048746,0,193.298964488279,0,0,0,0,0,508.333333333333,133.333333333333,0,0,0,0,0.01375,0.011,0.01375,0.01375,0,0,0,0
03/04/2016,0.00146576230846135,0.6,23.5047020082334,6,193.817850208819,0,0.857142857142857,3.42857142857143,0.12258064516129,0,508.333333333333,133.333333333333,2.28571428571429,7.71428571428571,0.0516129032258065,0.148387096774194,0.01375,0.011,0.01375,0.01375,0,0,0,0
04/04/2016,0.00327247732997249,0.572076838482283,23.3849588348159,7.89877498320477,194.357992369482,0,0.976813549361645,3.90725419744658,0.149963358391568,0,508.333333333333,133.333333333333,2.60483613163105,8.79132194425481,0.0631424666911865,0.181534591737161,0.01375,0.011,0.01375,0.01375,0,0,0,0
05/04/2016,0.00021836248039527,0.191593561909853,23.2640656311426,33.77163779013,194.919231076725,0,7.35776946934412,29.4310778773765,2.20460574917214,0,508.333333333333,133.333333333333,19.6207185849176,66.2199252240971,0.928255052283006,2.66873327531364,0.01375,0.011,0.01375,0.01375,0,0,0,0
06/04/2016,0,0,23.142058184167,0,195.501400191981,0,0,0,0,0,508.333333333333,133.333333333333,0,0,0,0,0.01375,0.011,0.01375,0.01375,0,0,0,0
07/04/2016,0.00291568113377478,0.6,23.0189726106826,6,196.10432738084,0,0.857142857142857,3.42857142857143,0.12258064516129,0,508.333333333333,133.333333333333,2.28571428571429,7.71428571428572,0.0516129032258065,0.148387096774194,0.01375,0.011,0.01375,0.01375,0,0,0,0
08/04/2016,0.00499498688751935,0.591394472779033,22.8948453466311,6.58517585102575,196.727834164057,0,0.894023688089858,3.57609475235943,0.131019613790884,0,508.333333333333,133.333333333333,2.38406316823962,8.04621319280872,0.0551661531751089,0.158602690378438,0.01375,0.011,0.01375,0.01375,0,0,0,0
09/04/2016,0.00144103339214617,0.5834810573502,22.7697131363166,7.12328810018642,197.371735970394,0,0.927938325642001,3.711753302568,0.138779866340449,0,508.333333333333,133.333333333333,2.474502201712,8.35144493077801,0.0584336279328207,0.16799668030686,0.01375,0.011,0.01375,0.01375,0,0,0,0
10/04/2016,0,0,22.6436130215288,0,198.035842191253,0,0,0,0,0,508.333333333333,133.333333333333,0,0,0,0,0.01375,0.011,0.01375,0.01375,0,0,0,0
11/04/2016,0,0,22.5165823305776,0,198.7199562371,0,0,0,0,0,508.333333333333,133.333333333333,0,0,0,0,0.01375,0.011,0.01375,0.01375,0,0,0,0
12/04/2016,0.00198959282597285,0.6,22.3886586672431,6,199.42387559566,0,0.857142857142857,3.42857142857143,0.12258064516129,0,508.333333333333,133.333333333333,2.28571428571429,7.71428571428572,0.0516129032258065,0.148387096774194,0.01375,0.011,0.01375,0.01375,0,0,0,0
13/04/2016,0.00243761378423809,0.6,22.2598798996444,6,200.147391891864,0,0.857142857142857,3.42857142857143,0.12258064516129,0,508.333333333333,133.333333333333,2.28571428571429,7.71428571428572,0.0516129032258065,0.148387096774194,0.01375,0.011,0.01375,0.01375,0,0,0,0
14/04/2016,0.00276006560863823,0.560033150703587,22.1302841490292,8.7177457521561,200.890290949537,0,1.09283765465946,4.37135061863785,0.184339105415773,0,508.333333333333,133.333333333333,2.91423374575857,9.83553889193517,0.0776164654382203,0.223147338134884,0.01375,0.011,0.01375,0.01375,0,0,0,0
15/04/2016,0.00186653273515271,0.443165685804395,21.99990977849,16.6647333653012,201.652352854791,0,2.77769487429147,11.1107794971659,0.718703924624082,0,508.333333333333,133.333333333333,7.40718633144392,24.9992538686232,0.302612178789087,0.870010014018626,0.01375,0.011,0.01375,0.01375,0,0,0,0
16/04/2016,0,0,21.8687953816071,0,202.433352021133,0,0,0,0,0,508.333333333333,133.333333333333,0,0,0,0,0.01375,0.011,0.01375,0.01375,0,0,0,0
17/04/2016,0.00264053286393374,0.6,21.7369797710241,6,203.233057256235,0,0.857142857142857,3.42857142857143,0.12258064516129,0,508.333333333333,133.333333333333,2.28571428571429,7.71428571428572,0.0516129032258065,0.148387096774194,0.01375,0.011,0.01375,0.01375,0,0,0,0
18/04/2016,0.00275877401600644,0.505513130784943,21.604501966959,12.4251071066239,204.051231830379,0,1.74135468768869,6.96541875075476,0.384412255346383,0,508.333333333333,133.333333333333,4.64361250050317,15.6721921891982,0.161857791724793,0.46534115120878,0.01375,0.011,0.01375,0.01375,0,0,0,0
19/04/2016,0.00513084918739756,0.402624428176107,21.4714011856532,19.4215388840247,204.887633546526,0,3.00730030796674,12.029201231867,0.779946543811259,0,508.333333333333,133.333333333333,8.01946748791131,27.0657027717007,0.328398544762636,0.944145816192577,0.01375,0.011,0.01375,0.01375,0,0,0,0
20/04/2016,0.000799466012670969,0.6,21.3377168277622,6,205.742014812022,0,0.857142857142857,3.42857142857143,0.12258064516129,0,508.333333333333,133.333333333333,2.28571428571429,7.71428571428572,0.0516129032258065,0.148387096774194,0.01375,0.011,0.01375,0.01375,0,0,0,0
21/04/2016,0.000393630376829137,0.6,21.203488466693,6,206.614122711881,0,0.857142857142857,3.42857142857143,0.12258064516129,0,508.333333333333,133.333333333333,2.28571428571429,7.71428571428572,0.0516129032258065,0.148387096774194,0.01375,0.011,0.01375,0.01375,0,0,0,0
22/04/2016,0.000906757683474461,0.6,21.0687558368887,6,207.503699083657,0,0.857142857142857,3.42857142857143,0.12258064516129,0,508.333333333333,133.333333333333,2.28571428571429,7.71428571428572,0.0516129032258065,0.148387096774194,0.01375,0.011,0.01375,0.01375,0,0,0,0
23/04/2016,0.00364471130300262,0.50811311563336,20.9335588220669,12.2483081369315,208.410480593869,0,1.74032557711653,6.96130230846613,0.385409271727067,0,508.333333333333,133.333333333333,4.64086820564408,15.6629301940488,0.162277588095607,0.466548065774871,0.01375,0.011,0.01375,0.01375,0,0,0,0
24/04/2016,0.00258577179593887,0.353665010200913,20.7979374434129,22.750779306338,209.334198815945,0,3.95158881862481,15.8063552744992,1.0889096607146,0,508.333333333333,133.333333333333,10.5375701829995,35.5642993676233,0.458488278195623,1.31815379981241,0.01375,0.011,0.01375,0.01375,0,0,0,0
25/04/2016,0,0,20.6619318477328,0,210.274580309692,0,0,0,0,0,508.333333333333,133.333333333333,0,0,0,0,0.01375,0.011,0.01375,0.01375,0,0,0,0
26/04/2016,0.000791388008444379,0.6,20.525582295569,6,211.231346702231,0,0.857142857142857,3.42857142857143,0.12258064516129,0,508.333333333333,133.333333333333,2.28571428571429,7.71428571428571,0.0516129032258065,0.148387096774194,0.01375,0.011,0.01375,0.01375,0,0,0,0
27/04/2016,0.000207550474450137,0.6,20.3889291492823,6,212.204214770406,0,0.857142857142857,3.42857142857143,0.12258064516129,0,508.333333333333,133.333333333333,2.28571428571429,7.71428571428572,0.0516129032258065,0.148387096774194,0.01375,0.011,0.01375,0.01375,0,0,0,0
28/04/2016,0.000870093053535889,0.6,20.2520128611039,6,213.192896524626,0,0.857142857142857,3.42857142857143,0.12258064516129,0,508.333333333333,133.333333333333,2.28571428571429,7.71428571428571,0.0516129032258065,0.148387096774194,0.01375,0.011,0.01375,0.01375,0,0,0,0
29/04/2016,0.00213879414575927,0.6,20.1148739611606,6,214.19709929411,0,0.857142857142857,3.42857142857143,0.12258064516129,0,508.333333333333,133.333333333333,2.28571428571429,7.71428571428572,0.0516129032258065,0.148387096774194,0.01375,0.011,0.01375,0.01375,0,0,0,0
30/04/2016,0.00142505486527582,0.6,19.9775530454767,6,215.21652581353,0,0.857142857142857,3.42857142857143,0.12258064516129,0,508.333333333333,133.333333333333,2.28571428571429,7.71428571428572,0.0516129032258065,0.148387096774194,0.01375,0.011,0.01375,0.01375,0,0,0,0
01/05/2016,0.00825765794474604,0.278481720432336,19.8400907639575,27.8632430106011,216.250874311002,0,4.62699480546039,18.5079792218416,1.30091130820287,0,508.333333333333,133.333333333333,12.338652814561,41.6429532491435,0.547752129769631,1.57478737308769,0.01375,0.011,0.01375,0.01375,0,0,0,0
02/05/2016,0.0177415330856248,0.224215293557151,19.7025278083553,31.5533600381137,217.299838597422,0,4.57733186560633,18.3093274624253,1.24448144928386,0,508.333333333333,133.333333333333,12.2062183082835,41.195986790457,0.523992189172151,1.50647754386994,0.01375,0.011,0.01375,0.01375,0,0,0,0
03/05/2016,0,0,19.5649049002241,0,218.363108157101,0,0,0,0,0,508.333333333333,133.333333333333,0,0,0,0,0.01375,0.011,0.01375,0.01375,0,0,0,0
04/05/2016,0,0,19.427262778865,0,219.440368239687,0,0,0,0,0,508.333333333333,133.333333333333,0,0,0,0,0.01375,0.011,0.01375,0.01375,0,0,0,0
05/05/2016,0,0,19.289642189267,0,220.531299953336,0,0,0,0,0,508.333333333333,133.333333333333,0,0,0,0,0.01375,0.011,0.01375,0.01375,0,0,0,0
06/05/2016,0,0,19.1520838700448,0,221.635580359109,0,0,0,0,0,508.333333333333,133.333333333333,0,0,0,0,0.01375,0.011,0.01375,0.01375,0,0,0,0
07/05/2016,0.00164107971305132,0.6,19.0146285413801,6,222.752882566574,0,0.857142857142857,3.42857142857143,0.12258064516129,0,508.333333333333,133.333333333333,2.28571428571429,7.71428571428572,0.0516129032258065,0.148387096774194,0.01375,0.011,0.01375,0.01375,0,0,0,0
08/05/2016,0.00219011802333716,0.6,18.8773168929669,6,223.882875830567,0,0.857142857142857,3.42857142857143,0.12258064516129,0,508.333333333333,133.333333333333,2.28571428571429,7.71428571428572,0.0516129032258065,0.148387096774194,0.01375,0.011,0.01375,0.01375,0,0,0,0
09/05/2016,0.00142669163107125,0.499045363899623,18.7401895719671,12.8649152548256,225.025225649104,0,1.88557098792983,7.5422839517193,0.431481912036605,0,508.333333333333,133.333333333333,5.0281893011462,16.9701388913684,0.181676594541728,0.522320209307469,0.01375,0.011,0.01375,0.01375,0,0,0,0
10/05/2016,0.000765491607074254,0.152120991823336,18.6032871709775,36.4557725560132,226.179593862396,0,7.69610578437141,30.7844231374856,2.31105435753449,0,508.333333333333,133.333333333333,20.5229487583238,69.2649520593427,0.97307551896189,2.79759211701543,0.01375,0.011,0.01375,0.01375,0,0,0,0
11/05/2016,0,0,18.466650216014,0,227.345638752956,0,0,0,0,0,508.333333333333,133.333333333333,0,0,0,0,0.01375,0.011,0.01375,0.01375,0,0,0,0
12/05/2016,0,0,18.3303191545148,0,228.523015146753,0,0,0,0,0,508.333333333333,133.333333333333,0,0,0,0,0.01375,0.011,0.01375,0.01375,0,0,0,0
13/05/2016,0,0,18.1943343433671,0,229.71137451539,0,0,0,0,0,508.333333333333,133.333333333333,0,0,0,0,0.01375,0.011,0.01375,0.01375,0,0,0,0
14/05/2016,0,0,18.0587360369606,0,230.910365079275,0,0,0,0,0,508.333333333333,133.333333333333,0,0,0,0,0.01375,0.011,0.01375,0.01375,0,0,0,0
15/05/2016,0.000189009788024806,0.6,17.9235643752715,6,232.119631911759,0,0.857142857142857,3.42857142857143,0.12258064516129,0,508.333333333333,133.333333333333,2.28571428571429,7.71428571428572,0.0516129032258065,0.148387096774194,0.01375,0.011,0.01375,0.01375,0,0,0,0
16/05/2016,0,0,17.7888593719801,0,233.338817044198,0,0,0,0,0,508.333333333333,133.333333333333,0,0,0,0,0.01375,0.011,0.01375,0.01375,0,0,0,0
17/05/2016,0,0,17.6546609026259,0,234.567559571921,0,0,0,0,0,508.333333333333,133.333333333333,0,0,0,0,0.01375,0.011,0.01375,0.01375,0,0,0,0
18/05/2016,0,0,17.5210086928035,0,235.805495761065,0,0,0,0,0,508.333333333333,133.333333333333,0,0,0,0,0.01375,0.011,0.01375,0.01375,0,0,0,0
19/05/2016,0,0,17.3879423064033,0,237.052259156249,0,0,0,0,0,508.333333333333,133.333333333333,0,0,0,0,0.01375,0.011,0.01375,0.01375,0,0,0,0
20/05/2016,0,0,17.2555011338993,0,238.307480689051,0,0,0,0,0,508.333333333333,133.333333333333,0,0,0,0,0.01375,0.011,0.01375,0.01375,0,0,0,0
21/05/2016,0.000702745258629562,0.6,17.123724380689,6,239.57078878726,0,0.857142857142857,3.42857142857143,0.12258064516129,0,508.333333333333,133.333333333333,2.28571428571429,7.71428571428572,0.0516129032258065,0.148387096774194,0.01375,0.011,0.01375,0.01375,0,0,0,0
22/05/2016,0,0,16.9926510554879,0,240.841809484872,0,0,0,0,0,508.333333333333,133.333333333333,0,0,0,0,0.01375,0.011,0.01375,0.01375,0,0,0,0
23/05/2016,0,0,16.8623199587815,0,242.120166532788,0,0,0,0,0,508.333333333333,133.333333333333,0,0,0,0,0.01375,0.011,0.01375,0.01375,0,0,0,0
24/05/2016,0,0,16.7327696713403,0,243.405481510195,0,0,0,0,0,508.333333333333,133.333333333333,0,0,0,0,0.01375,0.011,0.01375,0.01375,0,0,0,0
25/05/2016,0,0,16.6040385427983,0,244.697373936585,0,0,0,0,0,508.333333333333,133.333333333333,0,0,0,0,0.01375,0.011,0.01375,0.01375,0,0,0,0
26/05/2016,0,0,16.4761646803015,0,245.995461384384,0,0,0,0,0,508.333333333333,133.333333333333,0,0,0,0,0.01375,0.011,0.01375,0.01375,0,0,0,0
27/05/2016,0.000731481893004206,0.157327076416167,16.3491859372266,36.1017588037007,247.299359592162,0,7.65148220214714,30.6059288085886,2.29701472295511,0,508.333333333333,133.333333333333,20.403952539059,68.8633398193243,0.967164093875836,2.78059676989303,0.01375,0.011,0.01375,0.01375,0,0,0,0
28/05/2016,0.000207652553830346,0.205759095768022,16.2231399019762,32.8083814877745,248.60868257838,0,7.23635060770267,28.9454024308107,2.16640450302559,0,508.333333333333,133.333333333333,19.2969349538738,65.127155469324,0.912170317063407,2.6224896615573,0.01375,0.011,0.01375,0.01375,0,0,0,0
29/05/2016,0.00498220895061618,0.331804434001483,16.0980638868514,24.2372984878992,249.92304275565,0,3.74047151022119,14.9618860408848,1.00255796147736,0,508.333333333333,133.333333333333,9.97459069392318,33.6642435919907,0.422129667990467,1.21362279547259,0.01375,0.011,0.01375,0.01375,0,0,0,0
30/05/2016,0.00157407319124993,0.38812079813767,15.9739949170069,20.4077857266384,251.242051045467,0,3.53220870630228,14.1288348252091,0.956706515287131,0,508.333333333333,133.333333333333,9.41922321680608,31.7898783567205,0.402823795910371,1.15811841324232,0.01375,0.011,0.01375,0.01375,0,0,0,0
31/05/2016,0.00146408809251656,0.6,15.8509697194906,6,252.565316993389,0,0.882401336866046,3.52960534746418,0.12739695742392,0,508.333333333333,133.333333333333,2.35307023164279,7.94161203179442,0.0536408241784926,0.154217369513166,0.01375,0.011,0.01375,0.01375,0,0,0,0
01/06/2016,0.00212328426732636,0.411816457313204,15.7290247123716,18.7964809027021,253.892448884614,0,3.26882755229853,13.0753102091941,0.876992480788662,0,508.333333333333,133.333333333333,8.71687347279609,29.4194479706868,0.369259991911016,1.06162247674417,0.01375,0.011,0.01375,0.01375,0,0,0,0
02/06/2016,0.00810248019748191,0.295340298456147,15.6081959939597,26.716859704982,255.223053859939,0,4.20621686868324,16.824867474733,1.14231371540278,0,508.333333333333,133.333333333333,11.2165783164886,37.8559518181492,0.480974195959066,1.38280081338232,0.01375,0.011,0.01375,0.01375,0,0,0,0
03/06/2016,0.00473265171515955,0.282947498597443,15.4885193321197,27.5595700953739,256.556738032057,0,4.41669373680991,17.6667749472397,1.21782184312496,0,508.333333333333,133.333333333333,11.7778499648264,39.7502436312892,0.51276709184209,1.47420538904601,0.01375,0.011,0.01375,0.01375,0,0,0,0
04/06/2016,0.00954612497385169,0.268839185132737,15.370030153683,28.5189354109739,257.89310660215,0,4.83458539675537,19.3383415870215,1.36558902906624,0,508.333333333333,133.333333333333,12.892227724681,43.5112685707983,0.574984854343679,1.65308145623808,0.01375,0.011,0.01375,0.01375,0,0,0,0
05/06/2016,0.267423705618496,0.125307697719584,15.2527635339609,38.2790765550683,259.231763976763,0,6.67286326331531,26.6914530532612,2.10235519307626,0,508.333333333333,133.333333333333,17.7943020355075,60.0557693698378,0.885202186558424,2.54495628635547,0.01375,0.011,0.01375,0.01375,0,0,0,0
06/06/2016,0.881419680815306,0.128115125876118,15.1367541863612,38.088171440424,260.572313884907,0,6.53911318994963,26.1564527597985,2.06225617824177,0,508.333333333333,133.333333333333,17.437635173199,58.8520187095467,0.868318390838639,2.49641537366109,0.01375,0.011,0.01375,0.01375,0,0,0,0
07/06/2016,0.546360197775851,0.16674668961813,15.0220364521127,35.4612251059672,261.914359495362,0,5.48579094395954,21.9431637758382,1.65207707981672,0,508.333333333333,133.333333333333,14.6287758505588,49.3721184956359,0.695611402028092,1.99988278083076,0.01375,0.011,0.01375,0.01375,0,0,0,0
08/06/2016,0.124360478438778,0.333135629880398,14.908644290099,24.146777168133,263.257503534148,0,4.60550668644959,18.4220267457984,1.44340554207006,0,508.333333333333,133.333333333333,12.2813511638656,41.4495601780463,0.607749701924234,1.74728039303217,0.01375,0.011,0.01375,0.01375,0,0,0,0
09/06/2016,0.0589793955234611,0.514955260810581,14.7966112668063,11.7830422648805,264.601348402127,0,2.15586883046701,8.62347532186804,0.567493823481569,0,508.333333333333,133.333333333333,5.74898354791203,19.4028194742031,0.238944767781713,0.686966207372425,0.01375,0.011,0.01375,0.01375,0,0,0,0
10/06/2016,0.0428251736227453,0.586391998677328,14.6859705463869,6.92534408994169,265.945496292702,0,1.13442412963087,4.53769651852348,0.209628755514183,0,508.333333333333,133.333333333333,3.02513101234899,10.2098171666778,0.0882647391638665,0.253761125096116,0.01375,0.011,0.01375,0.01375,0,0,0,0
11/06/2016,0.0345630792863151,0.599824923054462,14.576754880842,6.01190523229658,267.289549309573,0,0.864004880908455,3.45601952363382,0.12428782457818,0,508.333333333333,133.333333333333,2.30401301575588,7.77604392817609,0.0523317156118652,0.150453682384113,0.01375,0.011,0.01375,0.01375,0,0,0,0
12/06/2016,0.0325050608964459,0.599283112213473,14.4689966003261,6.04874836948383,268.633109584525,0,0.945777596789481,3.78311038715792,0.143954079325208,0,508.333333333333,133.333333333333,2.52207359143862,8.51199837110533,0.0606122439264035,0.17426020128841,0.01375,0.011,0.01375,0.01375,0,0,0,0
13/06/2016,0.0276672899514721,0.599885587317279,14.3627276035769,6.00778006242499,269.975779395208,0,0.909648834892351,3.6385953395694,0.134502961713124,0,508.333333333333,133.333333333333,2.4257302263796,8.18683951403116,0.0566328259844735,0.162819374705361,0.01375,0.011,0.01375,0.01375,0,0,0,0
14/06/2016,0.023140022927924,0.6,14.2579793484726,6,271.317161282863,0,0.857142857142857,3.42857142857143,0.12258064516129,0,508.333333333333,133.333333333333,2.28571428571429,7.71428571428571,0.0516129032258065,0.148387096774194,0.01375,0.011,0.01375,0.01375,0,0,0,0
15/06/2016,0.022223551188846,0.5999858215204,14.1547828427194,6.00096413661281,272.656858169988,0,0.962900838268568,3.85160335307427,0.146573148829584,0,508.333333333333,133.333333333333,2.56773556871618,8.66610754441711,0.0617150100335092,0.177430653846339,0.01375,0.011,0.01375,0.01375,0,0,0,0
16/06/2016,0.0183161833471205,0.599999281999391,14.0531686346731,6.00004882404143,273.994473477875,0,0.88146533968764,3.52586135875056,0.127585771316547,0,508.333333333333,133.333333333333,2.35057423916704,7.93318805718876,0.053720324764862,0.154445933698978,0.01375,0.011,0.01375,0.01375,0,0,0,0
17/06/2016,0.0158244352250516,0.6,13.9531668042954,6,275.329611244008,0,0.857142857142857,3.42857142857143,0.12258064516129,0,508.333333333333,133.333333333333,2.28571428571429,7.71428571428572,0.0516129032258065,0.148387096774194,0.01375,0.011,0.01375,0.01375,0,0,0,0
18/06/2016,0.0205235108014404,0.528882730317056,13.8548069542502,10.8359743384402,276.661876239276,0,1.7982108257828,7.19284330313118,0.398459468426126,0,508.333333333333,133.333333333333,4.79522886875412,16.1838974320452,0.167772407758369,0.48234567230531,0.01375,0.011,0.01375,0.01375,0,0,0,0
19/06/2016,0.0171264424099504,0.46527323826883,13.7581182011404,15.1614197977196,277.99087408497,0,2.11769580509347,8.47078322037388,0.498209536347707,0,508.333333333333,133.333333333333,5.64718881358259,19.0592622458412,0.209772436356929,0.603095754526171,0.01375,0.011,0.01375,0.01375,0,0,0,0
20/06/2016,0.195290361319882,0.15898986709559,13.6631291668888,35.9886890374999,279.316211369524,0,6.28037199651563,25.1214879860625,1.97748025791273,0,508.333333333333,133.333333333333,16.747658657375,56.5233479686407,0.83262326648957,2.39379189115751,0.01375,0.011,0.01375,0.01375,0,0,0,0
21/06/2016,0.158932509503302,0.189149070947971,13.5698679702651,33.937863175538,280.637495764978,0,4.78429174881373,19.1371669952549,1.35069505053416,0,508.333333333333,133.333333333333,12.75811133017,43.0586257393236,0.568713705488067,1.63505190327819,0.01375,0.011,0.01375,0.01375,0,0,0,0
22/06/2016,0.0254878035940006,0.482267233493342,13.4783622185626,14.0058281224527,281.954336143113,0,2.54200103961141,10.1680041584456,0.679845011341722,0,508.333333333333,133.333333333333,6.77866943896375,22.8780093565026,0.286250531091251,0.822970276887348,0.01375,0.011,0.01375,0.01375,0,0,0,0
23/06/2016,0.0194995586725525,0.579603475592369,13.3886389994256,7.38696365971892,283.266342691233,0,1.33385615469016,5.33542461876065,0.267042730171048,0,508.333333333333,133.333333333333,3.55694974584043,12.0047053922115,0.112439044282547,0.323262252312322,0.01375,0.011,0.01375,0.01375,0,0,0,0
24/06/2016,0.0122856069612009,0.6,13.3007248728309,6,284.573127027558,0,0.857142857142857,3.42857142857143,0.12258064516129,0,508.333333333333,133.333333333333,2.28571428571429,7.71428571428572,0.0516129032258065,0.148387096774194,0.01375,0.011,0.01375,0.01375,0,0,0,0
25/06/2016,0.0144895677316502,0.599486597194487,13.2146458632257,6.03491139077487,285.874302316194,0,0.939683647010702,3.75873458804281,0.141790603748859,0,508.333333333333,133.333333333333,2.50582305869521,8.45715282309632,0.059701306841625,0.171641257169672,0.01375,0.011,0.01375,0.01375,0,0,0,0
26/06/2016,0.0146696748269926,0.599663137070297,13.1304274518233,6.02290667921979,287.169483381644,0,1.05762596331289,4.23050385325157,0.168821050502356,0,508.333333333333,133.333333333333,2.82033590216771,9.51863366981602,0.0710825475799396,0.204362324292326,0.01375,0.011,0.01375,0.01375,0,0,0,0
27/06/2016,0.012836026337003,0.599932620015496,13.0480945690608,6.00458183894626,288.458286822828,0,1.01177325216998,4.04709300867992,0.15764454660559,0,508.333333333333,133.333333333333,2.69806200578661,9.10595926952982,0.0663766512023538,0.190832872206767,0.01375,0.011,0.01375,0.01375,0,0,0,0
28/06/2016,0.00954268440771725,0.6,12.9676715872185,6,289.740331126578,0,0.857142857142857,3.42857142857143,0.12258064516129,0,508.333333333333,133.333333333333,2.28571428571429,7.71428571428572,0.0516129032258065,0.148387096774194,0.01375,0.011,0.01375,0.01375,0,0,0,0
29/06/2016,0.0104004744721047,0.599996945402375,12.8891823132057,6.00020771263853,291.015236780576,0,0.967397554869627,3.86959021947851,0.147079235370005,0,508.333333333333,133.333333333333,2.57972681298567,8.70657799382664,0.0619280991031599,0.178043284921585,0.01375,0.011,0.01375,0.01375,0,0,0,0
30/06/2016,0.00811079702692453,0.6,12.8126499815131,6,292.282626385693,0,0.857142857142857,3.42857142857143,0.12258064516129,0,508.333333333333,133.333333333333,2.28571428571429,7.71428571428572,0.0516129032258065,0.148387096774194,0.01375,0.011,0.01375,0.01375,0,0,0,0
01/07/2016,0.00824869173467131,0.6,12.738097247335,6,293.542124767712,0,0.871173720694338,3.48469488277735,0.12525606430444,0,508.333333333333,133.333333333333,2.32312992185157,7.84056348624904,0.0527393954966064,0.151625762052743,0.01375,0.011,0.01375,0.01375,0,0,0,0
02/07/2016,0.00696251139711775,0.6,12.6655461798626,6,294.793359088383,0,0.857142857142857,3.42857142857143,0.12258064516129,0,508.333333333333,133.333333333333,2.28571428571429,7.71428571428572,0.0516129032258065,0.148387096774194,0.01375,0.011,0.01375,0.01375,0,0,0,0
03/07/2016,0.0054858855657422,0.6,12.5950182557516,6,296.035958955797,0,0.857142857142857,3.42857142857143,0.12258064516129,0,508.333333333333,133.333333333333,2.28571428571429,7.71428571428572,0.0516129032258065,0.148387096774194,0.01375,0.011,0.01375,0.01375,0,0,0,0
04/07/2016,0.00873205961852688,0.6,12.526534352764,6,297.269556534024,0,1.13298677372436,4.53194709489745,0.185289470845575,0,508.333333333333,133.333333333333,3.02129806326497,10.1968809635193,0.0780166193034002,0.224297780497276,0.01375,0.011,0.01375,0.01375,0,0,0,0
05/07/2016,0.0165451312387983,0.365532846470744,12.4601147435886,21.9437664399894,298.493786652004,0,3.55050939985939,14.2020375994376,0.951786681222538,0,508.333333333333,133.333333333333,9.46802506629172,31.9545845987345,0.400752286830542,1.15216282463781,0.01375,0.011,0.01375,0.01375,0,0,0,0
06/07/2016,0.0219659007511311,0.276031624072157,12.3957790898389,28.0298495630933,299.708286911643,0,3.95836510170031,15.8334604068013,1.05199530291443,0,508.333333333333,133.333333333333,10.5556402712008,35.6252859153028,0.442945390700813,1.27346799826484,0.01375,0.011,0.01375,0.01375,0,0,0,0
07/07/2016,0.011506212809631,0.444551601872166,12.3335464362339,16.5704910726927,300.91269779509,0,2.61549034141866,10.4619613656746,0.647062307589613,0,508.333333333333,133.333333333333,6.97464091044975,23.5394130727679,0.272447287406153,0.783285951292689,0.01375,0.011,0.01375,0.01375,0,0,0,0
08/07/2016,0.0159316043924648,0.412417062645731,12.2734352049594,18.7556397400903,302.106662771168,0,2.97134617775407,11.8853847110163,0.743061111908518,0,508.333333333333,133.333333333333,7.9235898073442,26.7421155997867,0.31286783659306,0.899495030205048,0.01375,0.011,0.01375,0.01375,0,0,0,0
09/07/2016,0.0121118547040872,0.414668020142471,12.2154631902157,18.602574630312,303.289828400906,0,2.88662196635252,11.5464878654101,0.728981906673345,0,508.333333333333,133.333333333333,7.69765857694004,25.9795976971726,0.30693975017825,0.88245178176247,0.01375,0.011,0.01375,0.01375,0,0,0,0
10/07/2016,0.00935870392928675,0.421997123033882,12.1596475529492,18.104195633696,304.461844442171,0,2.59651826489455,10.3860730595782,0.645143144406595,0,508.333333333333,133.333333333333,6.92404870638548,23.368664384051,0.271639218697514,0.780962753755352,0.01375,0.011,0.01375,0.01375,0,0,0,0
11/07/2016,0.00518655091612094,0.6,12.1060048157731,6,305.622363953343,0,0.879717848305677,3.51887139322271,0.126885267132122,0,508.333333333333,133.333333333333,2.34591426214847,7.91746063475109,0.0534253756345776,0.153597954949411,0.01375,0.011,0.01375,0.01375,0,0,0,0
12/07/2016,0,0,12.0545508580758,0,306.771043396021,0,0,0,0,0,508.333333333333,133.333333333333,0,0,0,0,0.01375,0.011,0.01375,0.01375,0,0,0,0
13/07/2016,0.00151231137534553,0.6,12.0053009113207,6,307.907542736714,0,0.857142857142857,3.42857142857143,0.12258064516129,0,508.333333333333,133.333333333333,2.28571428571429,7.71428571428572,0.0516129032258065,0.148387096774194,0.01375,0.011,0.01375,0.01375,0,0,0,0
14/07/2016,0.00517039871300951,0.6,11.9582695545372,6,309.031525547499,0,0.975480711711017,3.90192284684407,0.148170828981059,0,508.333333333333,133.333333333333,2.60128189789604,8.77932640539915,0.0623877174657089,0.179364687713913,0.01375,0.011,0.01375,0.01375,0,0,0,0
15/07/2016,0.00386238477738096,0.6,11.9134707100049,6,310.142659105614,0,0.857142857142857,3.42857142857143,0.12258064516129,0,508.333333333333,133.333333333333,2.28571428571429,7.71428571428572,0.0516129032258065,0.148387096774194,0.01375,0.011,0.01375,0.01375,0,0,0,0
16/07/2016,0.00432652799989744,0.6,11.8709176391324,6,311.240614491947,0,0.857142857142857,3.42857142857143,0.12258064516129,0,508.333333333333,133.333333333333,2.28571428571429,7.71428571428572,0.0516129032258065,0.148387096774194,0.01375,0.011,0.01375,0.01375,0,0,0,0
17/07/2016,0.0067870393490838,0.488353216755093,11.8306229385318,13.5919812606537,312.325066688404,0,2.21470256590516,8.85881026362065,0.529831366815343,0,508.333333333333,133.333333333333,5.90587350908044,19.9323230931465,0.223086891290671,0.641374812460678,0.01375,0.011,0.01375,0.01375,0,0,0,0
18/07/2016,0.00630950476820382,0.389780922719736,11.7925985362894,20.294897255058,313.395694674121,0,3.06564381202004,12.2625752480801,0.794772031947381,0,508.333333333333,133.333333333333,8.17505016538677,27.5907943081803,0.334640855556792,0.962092459725777,0.01375,0.011,0.01375,0.01375,0,0,0,0
19/07/2016,0.00485300683843897,0.6,11.7568556884352,6,314.452181520497,0,1.04376259812976,4.17505039251905,0.163938314601828,0,508.333333333333,133.333333333333,2.78336692834604,9.39386338316787,0.0690266587797171,0.198451643991687,0.01375,0.011,0.01375,0.01375,0,0,0,0
20/07/2016,0.0339417270995628,0.230444883938374,11.7234049756106,31.1297478921906,315.494214485005,0,4.95629514760892,19.8251805904357,1.40827962376449,0,508.333333333333,133.333333333333,13.2167870602905,44.6066563284803,0.592959841585048,1.70475954455701,0.01375,0.011,0.01375,0.01375,0,0,0,0
21/07/2016,0.243779535420115,0.136714865505429,11.6922562999366,37.5033891456309,316.521485103776,0,6.33736549830076,25.3494619932031,1.97792570416763,0,508.333333333333,133.333333333333,16.899641328802,57.0362894847069,0.832810822807424,2.39433111557134,0.01375,0.011,0.01375,0.01375,0,0,0,0
22/07/2016,0.138293587257728,0.17973577786965,11.6634188820821,34.5779671048638,317.533689282906,0,4.94660832461018,19.7864332984407,1.4283654280127,0,508.333333333333,133.333333333333,13.1909555322938,44.5194749214916,0.601417022321139,1.72907393917327,0.01375,0.011,0.01375,0.01375,0,0,0,0
23/07/2016,0.0168606121775135,0.443883047265945,11.6369012585347,16.6159527859157,318.530527388481,0,3.25370310799165,13.0148124319666,0.942123350503478,0,508.333333333333,133.333333333333,8.67654162131107,29.2833279719249,0.396683516001464,1.14046510850421,0.01375,0.011,0.01375,0.01375,0,0,0,0
24/07/2016,0.0138987439861455,0.56898121954763,11.6127112790737,8.10927707076118,319.511704335266,0,1.48861685446814,5.95446741787255,0.32082572710827,0,508.333333333333,133.333333333333,3.96964494524837,13.3975516902132,0.135084516677166,0.388367985446853,0.01375,0.011,0.01375,0.01375,0,0,0,0
25/07/2016,0.00831774360971167,0.6,11.5908561044464,6,320.476929674065,0,0.857142857142857,3.42857142857143,0.12258064516129,0,508.333333333333,133.333333333333,2.28571428571429,7.71428571428572,0.0516129032258065,0.148387096774194,0.01375,0.011,0.01375,0.01375,0,0,0,0
26/07/2016,0.00660049737381509,0.6,11.5713422042482,6,321.425917677694,0,0.857142857142857,3.42857142857143,0.12258064516129,0,508.333333333333,133.333333333333,2.28571428571429,7.71428571428572,0.0516129032258065,0.148387096774194,0.01375,0.011,0.01375,0.01375,0,0,0,0
27/07/2016,0.00593518987885028,0.6,11.5541753550077,6,322.358387425568,0,0.857142857142857,3.42857142857143,0.12258064516129,0,508.333333333333,133.333333333333,2.28571428571429,7.71428571428572,0.0516129032258065,0.148387096774194,0.01375,0.011,0.01375,0.01375,0,0,0,0
28/07/2016,0.0061083212749948,0.6,11.5393606384765,6,323.274062886852,0,0.857142857142857,3.42857142857143,0.12258064516129,0,508.333333333333,133.333333333333,2.28571428571429,7.71428571428572,0.0516129032258065,0.148387096774194,0.01375,0.011,0.01375,0.01375,0,0,0,0
29/07/2016,0.00590439054495688,0.6,11.5269024401251,6,324.172673002179,0,0.857142857142857,3.42857142857143,0.12258064516129,0,508.333333333333,133.333333333333,2.28571428571429,7.71428571428572,0.0516129032258065,0.148387096774194,0.01375,0.011,0.01375,0.01375,0,0,0,0
30/07/2016,0.00659854929198792,0.6,11.5168044478446,6,325.053951763886,0,0.857142857142857,3.42857142857143,0.12258064516129,0,508.333333333333,133.333333333333,2.28571428571429,7.71428571428572,0.0516129032258065,0.148387096774194,0.01375,0.011,0.01375,0.01375,0,0,0,0
31/07/2016,0.00622002209103628,0.6,11.5090696508551,6,325.917638294759,0,0.857142857142857,3.42857142857143,0.12258064516129,0,508.333333333333,133.333333333333,2.28571428571429,7.71428571428571,0.0516129032258065,0.148387096774194,0.01375,0.011,0.01375,0.01375,0,0,0,0
01/08/2016,0.00793653560093791,0.6,11.5037003388204,6,326.763476925256,0,1.16381131680771,4.65524526723085,0.192430693695933,0,508.333333333333,133.333333333333,3.10349684482057,10.4743018512694,0.0810234499772349,0.23294241868455,0.01375,0.011,0.01375,0.01375,0,0,0,0
02/08/2016,0.00480508872578039,0.6,11.500698101171,6,327.591217269194,0,0.857142857142857,3.42857142857143,0.12258064516129,0,508.333333333333,133.333333333333,2.28571428571429,7.71428571428572,0.0516129032258065,0.148387096774194,0.01375,0.011,0.01375,0.01375,0,0,0,0
03/08/2016,0.0256345278553543,0.277360500620675,11.5000638266329,27.9394859577941,328.400614297865,0,4.48722945639232,17.9489178255693,1.25471722748984,0,508.333333333333,133.333333333333,11.9659452170462,40.3850651075309,0.528301990522037,1.51886822275086,0.01375,0.011,0.01375,0.01375,0,0,0,0
04/08/2016,0.140724364362829,0.146045815819737,11.5017977029648,36.8688845242579,329.191428412574,0,6.16532697750936,24.6613079100374,1.89911528793173,0,508.333333333333,133.333333333333,16.440871940025,55.4879427975842,0.799627489655464,2.29892903275946,0.01375,0.011,0.01375,0.01375,0,0,0,0
05/08/2016,0.0896537645935935,0.193185084880872,11.5058992169025,33.6634142281007,329.963425515561,0,4.64586793867368,18.5834717546947,1.29225421032255,0,508.333333333333,133.333333333333,12.3889811697965,41.8128114480631,0.544107035925284,1.56430772828519,0.01375,0.011,0.01375,0.01375,0,0,0,0
06/08/2016,0.0215665191256593,0.408183029414113,11.5123671543109,19.0435539998403,330.716377079302,0,3.2799030409598,13.1196121638392,0.899621783681488,0,508.333333333333,133.333333333333,8.74640810922614,29.5191273686382,0.378788119444837,1.08901584340391,0.01375,0.011,0.01375,0.01375,0,0,0,0
07/08/2016,0.00971451330045327,0.578949364568033,11.5211996005432,7.43144320937377,331.450060214155,0,1.36092729280878,5.4437091712351,0.274068319013433,0,508.333333333333,133.333333333333,3.62913944749007,12.248345635279,0.115397186953024,0.331766912489945,0.01375,0.011,0.01375,0.01375,0,0,0,0
08/08/2016,0.00760858388768062,0.6,11.532393941008,6,332.164257734344,0,0.857142857142857,3.42857142857143,0.12258064516129,0,508.333333333333,133.333333333333,2.28571428571429,7.71428571428572,0.0516129032258065,0.148387096774194,0.01375,0.011,0.01375,0.01375,0,0,0,0
09/08/2016,0.00584991194314738,0.6,11.5459468619428,6,332.858758222246,0,0.857142857142857,3.42857142857143,0.12258064516129,0,508.333333333333,133.333333333333,2.28571428571429,7.71428571428572,0.0516129032258065,0.148387096774194,0.01375,0.011,0.01375,0.01375,0,0,0,0
10/08/2016,0.00189996881489654,0.6,11.5618543513956,6,333.53335609098,0,0.857142857142857,3.42857142857143,0.12258064516129,0,508.333333333333,133.333333333333,2.28571428571429,7.71428571428572,0.0516129032258065,0.148387096774194,0.01375,0.011,0.01375,0.01375,0,0,0,0
11/08/2016,0.0028630456156787,0.6,11.5801117004118,6,334.187851645262,0,0.857142857142857,3.42857142857143,0.12258064516129,0,508.333333333333,133.333333333333,2.28571428571429,7.71428571428572,0.0516129032258065,0.148387096774194,0.01375,0.011,0.01375,0.01375,0,0,0,0
12/08/2016,0.00433731534693805,0.6,11.6007135044287,6,334.822051140518,0,0.857142857142857,3.42857142857143,0.12258064516129,0,508.333333333333,133.333333333333,2.28571428571429,7.71428571428572,0.0516129032258065,0.148387096774194,0.01375,0.011,0.01375,0.01375,0,0,0,0
13/08/2016,0.00299649546892262,0.6,11.6236536648752,6,335.43576684024,0,0.857142857142857,3.42857142857143,0.12258064516129,0,508.333333333333,133.333333333333,2.28571428571429,7.71428571428572,0.0516129032258065,0.148387096774194,0.01375,0.011,0.01375,0.01375,0,0,0,0
14/08/2016,0.00222921625341635,0.6,11.6489253909769,6,336.028817071558,0,0.857142857142857,3.42857142857143,0.12258064516129,0,508.333333333333,133.333333333333,2.28571428571429,7.71428571428572,0.0516129032258065,0.148387096774194,0.01375,0.011,0.01375,0.01375,0,0,0,0
15/08/2016,0.00245232421260978,0.6,11.6765212017667,6,336.601026279017,0,0.857142857142857,3.42857142857143,0.12258064516129,0,508.333333333333,133.333333333333,2.28571428571429,7.71428571428572,0.0516129032258065,0.148387096774194,0.01375,0.011,0.01375,0.01375,0,0,0,0
16/08/2016,0.00223190311393941,0.6,11.706432928299,6,337.152225076551,0,0.857142857142857,3.42857142857143,0.12258064516129,0,508.333333333333,133.333333333333,2.28571428571429,7.71428571428572,0.0516129032258065,0.148387096774194,0.01375,0.011,0.01375,0.01375,0,0,0,0
17/08/2016,0.00110847434417938,0.6,11.7386517160679,6,337.682250297619,0,0.857142857142857,3.42857142857143,0.12258064516129,0,508.333333333333,133.333333333333,2.28571428571429,7.71428571428572,0.0516129032258065,0.148387096774194,0.01375,0.011,0.01375,0.01375,0,0,0,0
18/08/2016,0.00129909455103038,0.6,11.7731680276286,6,338.190945043506,0,0.857142857142857,3.42857142857143,0.12258064516129,0,508.333333333333,133.333333333333,2.28571428571429,7.71428571428572,0.0516129032258065,0.148387096774194,0.01375,0.011,0.01375,0.01375,0,0,0,0
19/08/2016,0,0,11.8099716454204,0,338.678158729775,0,0,0,0,0,508.333333333333,133.333333333333,0,0,0,0,0.01375,0.011,0.01375,0.01375,0,0,0,0
20/08/2016,6.58838429557484e-05,0.586317802617498,11.8490516747915,6.9303894220101,339.143747130835,0,0.915780845925007,3.66312338370003,0.13599802582026,0,508.333333333333,133.333333333333,2.44208225580002,8.24202761332506,0.0572623266611619,0.164629189150841,0.01375,0.011,0.01375,0.01375,0,0,0,0
21/08/2016,0.00102713458980502,0.573724542817854,11.8903965472238,7.78673108838592,339.587572422639,0,0.969751959352054,3.87900783740822,0.148347545107653,0,508.333333333333,133.333333333333,2.58600522493881,8.72776763416849,0.0624621242558538,0.17957860723558,0.01375,0.011,0.01375,0.01375,0,0,0,0
22/08/2016,0.00372358804631035,0.6,11.9339940237578,6,340.009503223483,0,0.988228075384366,3.95291230153746,0.150622926968002,0,508.333333333333,133.333333333333,2.63527486769164,8.89405267845929,0.063420179776001,0.182333016856003,0.01375,0.011,0.01375,0.01375,0,0,0,0
23/08/2016,0.00544422769674908,0.432671241883245,11.9798311986152,17.3783555519394,340.409414632895,0,2.79378439673458,11.1751375869383,0.717846730754886,0,508.333333333333,133.333333333333,7.45009172462553,25.1440595706112,0.302251255054689,0.86897235828223,0.01375,0.011,0.01375,0.01375,0,0,0,0
24/08/2016,0.0165554633386369,0.297591152904423,12.0278945030197,26.5638016024992,340.787188268613,0,4.11220495878957,16.4488198351583,1.10785443997966,0,508.333333333333,133.333333333333,10.9658798901055,37.0098446291061,0.466465027359855,1.34108695365958,0.01375,0.011,0.01375,0.01375,0,0,0,0
25/08/2016,0.0461024536550569,0.178606526822809,12.0781697092131,34.654756176049,341.142712301624,0,5.45650335458997,21.8260134183599,1.57126722037783,0,508.333333333333,133.333333333333,14.5506756122399,49.1085301913098,0.661586198053823,1.90206031940474,0.01375,0.011,0.01375,0.01375,0,0,0,0
26/08/2016,0.0580238233597419,0.16714280835972,12.1306419346675,35.4342890315391,341.47588148927,0,5.07858881571068,20.3143552628427,1.40064889270305,0,508.333333333333,133.333333333333,13.5429035085618,45.7072993413962,0.589746902190759,1.69552234379843,0.01375,0.011,0.01375,0.01375,0,0,0,0
27/08/2016,0.00313799338828382,0.413331181339757,12.1852956464909,18.6934796688965,341.7865972064,0,2.95311827899428,11.8124731159771,0.765694469346731,0,508.333333333333,133.333333333333,7.87498207731809,26.5780645109485,0.322397671303887,0.926893304998674,0.01375,0.011,0.01375,0.01375,0,0,0,0
28/08/2016,0,0,12.2421146660246,0,342.07476747457,0,0,0,0,0,508.333333333333,133.333333333333,0,0,0,0,0.01375,0.011,0.01375,0.01375,0,0,0,0
29/08/2016,0.000435499410516797,0.6,12.3010821736331,6,342.340306989265,0,0.857142857142857,3.42857142857143,0.12258064516129,0,508.333333333333,133.333333333333,2.28571428571429,7.71428571428572,0.0516129032258065,0.148387096774194,0.01375,0.011,0.01375,0.01375,0,0,0,0
30/08/2016,0.00150250472530631,0.6,12.362180713683,6,342.583137145153,0,0.857142857142857,3.42857142857143,0.12258064516129,0,508.333333333333,133.333333333333,2.28571428571429,7.71428571428572,0.0516129032258065,0.148387096774194,0.01375,0.011,0.01375,0.01375,0,0,0,0
31/08/2016,6.42278196530985e-05,0.6,12.4253921997097,6,342.803186059355,0,0.857142857142857,3.42857142857143,0.12258064516129,0,508.333333333333,133.333333333333,2.28571428571429,7.71428571428572,0.0516129032258065,0.148387096774194,0.01375,0.011,0.01375,0.01375,0,0,0,0
01/09/2016,0,0,12.4906979197721,0,343.000388592724,0,0,0,0,0,508.333333333333,133.333333333333,0,0,0,0,0.01375,0.011,0.01375,0.01375,0,0,0,0
02/09/2016,0.0166386054077515,0.253467974728176,12.5580785419912,29.564177718484,343.174686369124,0,4.77629867186396,19.1051946874558,1.33903102634,0,508.333333333333,133.333333333333,12.7367964583039,42.9866880467757,0.563802537406317,1.62093229504316,0.01375,0.011,0.01375,0.01375,0,0,0,0
03/09/2016,0.0454324141770299,0.163930755098055,12.6275141202729,35.6527086533322,343.326027792715,0,5.57117932283035,22.2847172913214,1.61777420607676,0,508.333333333333,133.333333333333,14.8564781942143,50.1406139054732,0.681168086769161,1.95835824946134,0.01375,0.011,0.01375,0.01375,0,0,0,0
04/09/2016,0.041782065252266,0.170473311052985,12.6989841002127,35.207814848397,343.454368063225,0,5.4357164627038,21.7428658508152,1.58908418632737,0,508.333333333333,133.333333333333,14.4952439005435,48.9214481643342,0.669088078453631,1.92362822555419,0.01375,0.011,0.01375,0.01375,0,0,0,0
05/09/2016,0.00477961886828088,0.402494499715642,12.7724673251798,19.4303740193363,343.559669189209,0,4.10165332285205,16.4066132914082,1.20782335103473,0,508.333333333333,133.333333333333,10.9377421942721,36.9148799056685,0.508557200435675,1.46210195125257,0.01375,0.011,0.01375,0.01375,0,0,0,0
06/09/2016,0.00109928027906161,0.6,12.8479420425803,6,343.6418999993,0,0.857142857142857,3.42857142857143,0.12258064516129,0,508.333333333333,133.333333333333,2.28571428571429,7.71428571428572,0.0516129032258065,0.148387096774194,0.01375,0.011,0.01375,0.01375,0,0,0,0
07/09/2016,0.00041958536400882,0.6,12.9253859102962,6,343.701036151433,0,0.857142857142857,3.42857142857143,0.12258064516129,0,508.333333333333,133.333333333333,2.28571428571429,7.71428571428572,0.0516129032258065,0.148387096774194,0.01375,0.011,0.01375,0.01375,0,0,0,0
08/09/2016,0,0,13.0047760032994,0,343.737060140052,0,0,0,0,0,508.333333333333,133.333333333333,0,0,0,0,0.01375,0.011,0.01375,0.01375,0,0,0,0
09/09/2016,0,0,13.0860888204375,0,343.749961301293,0,0,0,0,0,508.333333333333,133.333333333333,0,0,0,0,0.01375,0.011,0.01375,0.01375,0,0,0,0
10/09/2016,0.000314725144061864,0.319485200617801,13.1693002913912,25.0750063579896,343.739735816136,0,4.77967776315909,19.1187110526364,1.36423161040094,0,508.333333333333,133.333333333333,12.7458073684242,43.0170998684318,0.574413309642503,1.6514382652222,0.01375,0.011,0.01375,0.01375,0,0,0,0
11/09/2016,0.00311177777304465,0.307106085361292,13.2543857837993,25.9167861954322,343.706386711544,0,4.43295083987985,17.7318033595194,1.23740525789633,0,508.333333333333,133.333333333333,11.8212022396796,39.8965575589187,0.521012740166877,1.49791162797977,0.01375,0.011,0.01375,0.01375,0,0,0,0
12/09/2016,0,0,13.3413201105505,0,343.649923859559,0,0,0,0,0,508.333333333333,133.333333333333,0,0,0,0,0.01375,0.011,0.01375,0.01375,0,0,0,0
13/09/2016,0.0017525950756544,0.6,13.4300775372393,6,343.570363974383,0,0.857142857142857,3.42857142857143,0.12258064516129,0,508.333333333333,133.333333333333,2.28571428571429,7.71428571428572,0.0516129032258065,0.148387096774194,0.01375,0.011,0.01375,0.01375,0,0,0,0
14/09/2016,0.00294667377978944,0.240664560769885,13.5206317897838,30.4348098676478,343.46773060743,0,5.76091572537368,23.0436629014947,1.68273102269849,0,508.333333333333,133.333333333333,15.3624419343298,51.8482415283631,0.708518325346734,2.03699018537186,0.01375,0.011,0.01375,0.01375,0,0,0,0
15/09/2016,0.00717687844903928,0.188274360233262,13.6129560622039,33.9973435041382,343.342054140356,0,5.90110542482337,23.6044216992935,1.69776157019477,0,508.333333333333,133.333333333333,15.7362811328623,53.1099488234103,0.714846976924112,2.05518505865682,0.01375,0.011,0.01375,0.01375,0,0,0,0
16/09/2016,0,0,13.7070230245555,0,343.193371776061,0,0,0,0,0,508.333333333333,133.333333333333,0,0,0,0,0.01375,0.011,0.01375,0.01375,0,0,0,0
17/09/2016,0,0,13.8028048310218,0,343.021727527679,0,0,0,0,0,508.333333333333,133.333333333333,0,0,0,0,0.01375,0.011,0.01375,0.01375,0,0,0,0
18/09/2016,0.00354441493833906,0.482357308567324,13.9002731281556,13.9997030174219,342.827172205552,0,2.46025233036264,9.84100932145055,0.602486568430509,0,508.333333333333,133.333333333333,6.56067288096704,22.1422709732637,0.253678555128636,0.729325845994827,0.01375,0.011,0.01375,0.01375,0,0,0,0
19/09/2016,0.0280262238405777,0.166676326674795,13.9993990632724,35.4660097861139,342.609763402183,0,5.72563121397362,22.9025248558945,1.64672723883888,0,508.333333333333,133.333333333333,15.2683499039296,51.5306809257626,0.693358837405846,1.99340665754181,0.01375,0.011,0.01375,0.01375,0,0,0,0
20/09/2016,0.0482902489870924,0.142612522062608,14.100153292992,37.1023484997426,342.369565475191,0,5.17121952202785,20.6848780881114,1.4125019589652,0,508.333333333333,133.333333333333,13.7899187254076,46.5409756982507,0.594737666932715,1.70987079243156,0.01375,0.011,0.01375,0.01375,0,0,0,0
21/09/2016,0,0,14.2025059919243,0,342.10664952826,0,0,0,0,0,508.333333333333,133.333333333333,0,0,0,0,0.01375,0.011,0.01375,0.01375,0,0,0,0
22/09/2016,0,0,14.3064268614986,0,341.821093390089,0,0,0,0,0,508.333333333333,133.333333333333,0,0,0,0,0.01375,0.011,0.01375,0.01375,0,0,0,0
23/09/2016,0,0,14.4118851389321,0,341.512981591355,0,0,0,0,0,508.333333333333,133.333333333333,0,0,0,0,0.01375,0.011,0.01375,0.01375,0,0,0,0
24/09/2016,0,0,14.5188496063369,0,341.182405339689,0,0,0,0,0,508.333333333333,133.333333333333,0,0,0,0,0.01375,0.011,0.01375,0.01375,0,0,0,0
25/09/2016,0.000512297127348825,0.137995367435846,14.6272885999607,37.4163150143625,340.829462492675,0,7.81718256483561,31.2687302593424,2.34914797685043,0,508.333333333333,133.333333333333,20.845820172895,70.3546430835205,0.989114937621233,2.84370544566105,0.01375,0.011,0.01375,0.01375,0,0,0,0
26/09/2016,0.00284225416615624,0.112189436803944,14.7371700195604,39.1711182973318,340.454257528887,0,8.0383762559662,32.1535050238648,2.41874074461904,0,508.333333333333,133.333333333333,21.4356700159099,72.3453863036957,1.01841715562907,2.92794932243358,0.01375,0.011,0.01375,0.01375,0,0,0,0
27/09/2016,0.000895589469705602,0.122138741378616,14.8484613379039,38.4945655862541,340.056901516956,0,7.953096502469,31.812386009876,2.39190971679831,0,508.333333333333,133.333333333333,21.2082573399173,71.577868522221,1.00711988075718,2.8954696571769,0.01375,0.011,0.01375,0.01375,0,0,0,0
28/09/2016,0,0,14.9611296103994,0,339.637512082693,0,0,0,0,0,508.333333333333,133.333333333333,0,0,0,0,0.01375,0.011,0.01375,0.01375,0,0,0,0
29/09/2016,0,0,15.0751414848473,0,339.19621337427,0,0,0,0,0,508.333333333333,133.333333333333,0,0,0,0,0.01375,0.011,0.01375,0.01375,0,0,0,0
30/09/2016,0.000764397997546066,0.12558543751453,15.1904632113135,38.2601902490119,338.73313602547,0,7.9235533927326,31.6942135709304,2.38261475560598,0,508.333333333333,133.333333333333,21.1294757139536,71.3119805345934,1.00320621288673,2.88421786204934,0.01375,0.011,0.01375,0.01375,0,0,0,0
01/10/2016,0.000331265490466217,0.144596557753642,15.3070606521197,36.9674340727523,338.248417117015,0,7.76060093354021,31.0424037341608,2.33134605715469,0,508.333333333333,133.333333333333,20.6949358227739,69.8454084018619,0.981619392486187,2.82215575339779,0.01375,0.011,0.01375,0.01375,0,0,0,0
02/10/2016,0,0,15.4248992919492,0,337.742200135988,0,0,0,0,0,508.333333333333,133.333333333333,0,0,0,0,0.01375,0.011,0.01375,0.01375,0,0,0,0
03/10/2016,0,0,15.5439442480639,0,337.214634933357,0,0,0,0,0,508.333333333333,133.333333333333,0,0,0,0,0.01375,0.011,0.01375,0.01375,0,0,0,0
04/10/2016,0,0,15.6641602806307,0,336.665877679617,0,0,0,0,0,508.333333333333,133.333333333333,0,0,0,0,0.01375,0.011,0.01375,0.01375,0,0,0,0
05/10/2016,0,0,15.7855118031529,0,336.096090818561,0,0,0,0,0,508.333333333333,133.333333333333,0,0,0,0,0.01375,0.011,0.01375,0.01375,0,0,0,0
06/10/2016,0,0,15.9079628930047,0,335.50544301919,0,0,0,0,0,508.333333333333,133.333333333333,0,0,0,0,0.01375,0.011,0.01375,0.01375,0,0,0,0
07/10/2016,0,0,16.0314773020651,0,334.894109125787,0,0,0,0,0,508.333333333333,133.333333333333,0,0,0,0,0.01375,0.011,0.01375,0.01375,0,0,0,0
08/10/2016,0,0,16.1560184674478,0,334.262270106158,0,0,0,0,0,508.333333333333,133.333333333333,0,0,0,0,0.01375,0.011,0.01375,0.01375,0,0,0,0
09/10/2016,0,0,16.2815495223251,0,333.610112998059,0,0,0,0,0,508.333333333333,133.333333333333,0,0,0,0,0.01375,0.011,0.01375,0.01375,0,0,0,0
10/10/2016,0,0,16.408033306841,0,332.937830853834,0,0,0,0,0,508.333333333333,133.333333333333,0,0,0,0,0.01375,0.011,0.01375,0.01375,0,0,0,0
11/10/2016,0,0,16.5354323791111,0,332.245622683264,0,0,0,0,0,508.333333333333,133.333333333333,0,0,0,0,0.01375,0.011,0.01375,0.01375,0,0,0,0
12/10/2016,0.00082362066972212,0.123247537370266,16.6637090263067,38.4191674588219,331.533693394657,0,7.94359253682629,31.7743701473051,2.38891954438212,0,508.333333333333,133.333333333333,21.1829134315368,71.4923328314366,1.00586086079247,2.89184997477836,0.01375,0.011,0.01375,0.01375,0,0,0,0
13/10/2016,0,0,16.792825275818,0,330.802253734189,0,0,0,0,0,508.333333333333,133.333333333333,0,0,0,0,0.01375,0.011,0.01375,0.01375,0,0,0,0
14/10/2016,0,0,16.9227429064953,0,330.051520223521,0,0,0,0,0,508.333333333333,133.333333333333,0,0,0,0,0.01375,0.011,0.01375,0.01375,0,0,0,0
15/10/2016,0,0,17.053423459963,0,329.281715095704,0,0,0,0,0,508.333333333333,133.333333333333,0,0,0,0,0.01375,0.011,0.01375,0.01375,0,0,0,0
16/10/2016,0,0,17.1848282520041,0,328.49306622939,0,0,0,0,0,508.333333333333,133.333333333333,0,0,0,0,0.01375,0.011,0.01375,0.01375,0,0,0,0
17/10/2016,0,0,17.3169183840117,0,327.685807081381,0,0,0,0,0,508.333333333333,133.333333333333,0,0,0,0,0.01375,0.011,0.01375,0.01375,0,0,0,0
18/10/2016,0.000947070187520266,0.120286167204227,17.4496547545038,38.6205406301126,326.860176617513,0,7.96897570967806,31.8759028387122,2.39690569102344,0,508.333333333333,133.333333333333,21.2506018924748,71.7207813871025,1.00922344885197,2.90151741544943,0.01375,0.011,0.01375,0.01375,0,0,0,0
19/10/2016,0.00405524597778201,0.107969020374156,17.5829980706979,39.4581066145574,326.016419241926,0,8.0745512539358,32.2982050157432,2.43012225473292,0,508.333333333333,133.333333333333,21.5321366771621,72.6709612854222,1.02320937041386,2.94172693993985,0.01375,0.011,0.01375,0.01375,0,0,0,0
20/10/2016,0,0,17.7169088601428,0,325.154784724706,0,0,0,0,0,508.333333333333,133.333333333333,0,0,0,0,0.01375,0.011,0.01375,0.01375,0,0,0,0
21/10/2016,0,0,17.8513474824032,0,324.275528127956,0,0,0,0,0,508.333333333333,133.333333333333,0,0,0,0,0.01375,0.011,0.01375,0.01375,0,0,0,0
22/10/2016,0.0165468216851283,0.176966515137713,17.986274140794,34.7662769706355,323.378909730285,0,5.83911118601322,23.3564447440529,1.69420115035571,0,508.333333333333,133.333333333333,15.5709631627019,52.552000674119,0.713347852781352,2.05087507674639,0.01375,0.011,0.01375,0.01375,0,0,0,0
23/10/2016,0.0267420249706459,0.135277584337761,18.1216488941613,37.6011242650323,322.465194949768,0,5.60434956607163,22.4173982642865,1.56322787796263,0,508.333333333333,133.333333333333,14.944932176191,50.4391460946447,0.658201211773739,1.8923284838495,0.01375,0.011,0.01375,0.01375,0,0,0,0
24/10/2016,0.000324314373290694,0.132452476623992,18.2574316687051,37.7932315895685,321.534654265367,0,7.86469305750864,31.4587722300345,2.36409590174949,0,508.333333333333,133.333333333333,20.972514820023,70.7822375175777,0.995408800736628,2.86180030211781,0.01375,0.011,0.01375,0.01375,0,0,0,0
25/10/2016,0,0,18.393582269843,0,320.587563136873,0,0,0,0,0,508.333333333333,133.333333333333,0,0,0,0,0.01375,0.011,0.01375,0.01375,0,0,0,0
26/10/2016,0,0,18.5300603941077,0,319.624201923357,0,0,0,0,0,508.333333333333,133.333333333333,0,0,0,0,0.01375,0.011,0.01375,0.01375,0,0,0,0
27/10/2016,0,0,18.6668256410784,0,318.644855800181,0,0,0,0,0,508.333333333333,133.333333333333,0,0,0,0,0.01375,0.011,0.01375,0.01375,0,0,0,0
28/10/2016,0.002110599779836,0.160055558742391,18.8038375253397,35.9162220055174,317.64981467458,0,7.73297328888893,30.9318931555557,2.34965139379386,0,508.333333333333,133.333333333333,20.6212621037038,69.5967596000003,0.989326902650048,2.84431484511889,0.01375,0.011,0.01375,0.01375,0,0,0,0
29/10/2016,0.00415916349381761,0.107757824228245,18.9410554884664,39.4724679524793,316.639373099842,0,8.07636150661504,32.3054460264602,2.43069180304899,0,508.333333333333,133.333333333333,21.5369640176401,72.6872535595354,1.02344918023115,2.94241639316457,0.01375,0.011,0.01375,0.01375,0,0,0,0
30/10/2016,0,0,19.0784389110296,0,315.613830188116,0,0,0,0,0,508.333333333333,133.333333333333,0,0,0,0,0.01375,0.011,0.01375,0.01375,0,0,0,0
31/10/2016,0,0,19.2159471246209,0,314.573489521866,0,0,0,0,0,508.333333333333,133.333333333333,0,0,0,0,0.01375,0.011,0.01375,0.01375,0,0,0,0
01/11/2016,0.00125850116547811,0.116824451139178,19.353539423891,38.8559373225359,313.518659064006,0,7.99864756166418,31.9945902466567,2.40624115757305,0,508.333333333333,133.333333333333,21.3297268311045,71.9878280549777,1.01315417160971,2.91281824337791,0.01375,0.011,0.01375,0.01375,0,0,0,0
02/11/2016,0,0,19.4911750785997,0,312.449651066735,0,0,0,0,0,508.333333333333,133.333333333333,0,0,0,0,0.01375,0.011,0.01375,0.01375,0,0,0,0
03/11/2016,0,0,19.6288133456723,0,311.366781979106,0,0,0,0,0,508.333333333333,133.333333333333,0,0,0,0,0.01375,0.011,0.01375,0.01375,0,0,0,0
04/11/2016,0,0,19.7664134812612,0,310.270372353347,0,0,0,0,0,508.333333333333,133.333333333333,0,0,0,0,0.01375,0.011,0.01375,0.01375,0,0,0,0
05/11/2016,0,0,19.9039347528061,0,309.160746749974,0,0,0,0,0,508.333333333333,133.333333333333,0,0,0,0,0.01375,0.011,0.01375,0.01375,0,0,0,0
06/11/2016,0,0,20.0413364510926,0,308.038233641712,0,0,0,0,0,508.333333333333,133.333333333333,0,0,0,0,0.01375,0.011,0.01375,0.01375,0,0,0,0
07/11/2016,0,0,20.178577902302,0,306.903165316262,0,0,0,0,0,508.333333333333,133.333333333333,0,0,0,0,0.01375,0.011,0.01375,0.01375,0,0,0,0
08/11/2016,0,0,20.3156184800527,0,305.755877777935,0,0,0,0,0,508.333333333333,133.333333333333,0,0,0,0,0.01375,0.011,0.01375,0.01375,0,0,0,0
09/11/2016,0.000221290892606959,0.138641126595875,20.4524176174254,37.3724033914805,304.596710648189,0,7.81164748632107,31.2465899452843,2.34740651021242,0,508.333333333333,133.333333333333,20.8310599635229,70.3048273768897,0.988381688510491,2.84159735446766,0.01375,0.011,0.01375,0.01375,0,0,0,0
10/11/2016,0.0265710855931282,0.12910724677759,20.5889348189725,38.0207072191239,303.42600706509,0,6.3049454128098,25.2197816512392,1.82956638107025,0,508.333333333333,133.333333333333,16.8131877674928,56.7445087152882,0.770343739398,2.21473825076925,0.01375,0.011,0.01375,0.01375,0,0,0,0
11/11/2016,0.0492955869644802,0.118395445016295,20.7251296727055,38.7491097388919,302.244113581744,0,5.56353429816889,22.2541371926756,1.5394523491249,0,508.333333333333,133.333333333333,14.8360914617837,50.07180868352,0.648190462789433,1.86354758051962,0.01375,0.011,0.01375,0.01375,0,0,0,0
12/11/2016,0.0548073156475845,0.125738541376236,20.8609618620575,38.2497791864159,301.051380063702,0,7.03501605814846,28.1400642325938,2.20973507246311,0,508.333333333333,133.333333333333,18.7600428217292,63.3151445233361,0.93041476735289,2.67494245613956,0.01375,0.011,0.01375,0.01375,0,0,0,0
13/11/2016,0.0372567324774694,0.112419898111349,20.996391177818,39.1554469284283,299.848159585395,0,6.38255840150687,25.5302336060275,1.82894576232647,0,508.333333333333,133.333333333333,17.0201557373517,57.4430256135619,0.770082426242722,2.21398697544783,0.01375,0.011,0.01375,0.01375,0,0,0,0
14/11/2016,0,0,21.1313775300357,0,298.634808325618,0,0,0,0,0,508.333333333333,133.333333333333,0,0,0,0,0.01375,0.011,0.01375,0.01375,0,0,0,0
15/11/2016,8.2736136340931e-05,0.145398839071442,21.2658809598859,36.912878943142,297.411685462092,0,7.7537242365305,31.014896946122,2.32918248560089,0,508.333333333333,133.333333333333,20.6765979640813,69.7835181287745,0.980708414989847,2.81953669309581,0.01375,0.011,0.01375,0.01375,0,0,0,0
16/11/2016,0.000751665260254782,0.118419790407595,21.399861651499,38.7474542522835,296.17915306514,0,7.98497322507775,31.939892900311,2.40193888780403,0,508.333333333333,133.333333333333,21.2932619335407,71.8647590256998,1.0113426896017,2.90761023260488,0.01375,0.011,0.01375,0.01375,0,0,0,0
17/11/2016,0,0,21.5332799437473,0,294.937575990505,0,0,0,0,0,508.333333333333,133.333333333333,0,0,0,0,0.01375,0.011,0.01375,0.01375,0,0,0,0
18/11/2016,0,0,21.666096341985,0,293.68732177135,0,0,0,0,0,508.333333333333,133.333333333333,0,0,0,0,0.01375,0.011,0.01375,0.01375,0,0,0,0
19/11/2016,0,0,21.7982715297398,0,292.428760509454,0,0,0,0,0,508.333333333333,133.333333333333,0,0,0,0,0.01375,0.011,0.01375,0.01375,0,0,0,0
20/11/2016,0,0,21.9297663803513,0,291.162264765657,0,0,0,0,0,508.333333333333,133.333333333333,0,0,0,0,0.01375,0.011,0.01375,0.01375,0,0,0,0
21/11/2016,0,0,22.0605419685534,0,289.888209449576,0,0,0,0,0,508.333333333333,133.333333333333,0,0,0,0,0.01375,0.011,0.01375,0.01375,0,0,0,0
22/11/2016,4.22169370470384e-05,0.122866451592334,22.1905595819968,38.4450812917213,288.606971708621,0,7.94685898635142,31.7874359454057,2.38994724667358,0,508.333333333333,133.333333333333,21.1916239636038,71.5217308771628,1.00629357754677,2.89309403544696,0.01375,0.011,0.01375,0.01375,0,0,0,0
23/11/2016,0.00254610475247436,0.10901221582192,22.3197807327088,39.3871693241095,287.31893081635,0,8.06560957866926,32.262438314677,2.42730899217057,0,508.333333333333,133.333333333333,21.5082922097847,72.5904862080234,1.02202483880866,2.9383214115749,0.01375,0.011,0.01375,0.01375,0,0,0,0
24/11/2016,0,0,22.4481671684868,0,286.024468060202,0,0,0,0,0,508.333333333333,133.333333333333,0,0,0,0,0.01375,0.011,0.01375,0.01375,0,0,0,0
25/11/2016,0,0,22.5756808842214,0,284.723966628621,0,0,0,0,0,508.333333333333,133.333333333333,0,0,0,0,0.01375,0.011,0.01375,0.01375,0,0,0,0
26/11/2016,0,0,22.7022841331467,0,283.417811497628,0,0,0,0,0,508.333333333333,133.333333333333,0,0,0,0,0.01375,0.011,0.01375,0.01375,0,0,0,0
27/11/2016,0,0,22.8279394380145,0,282.10638931686,0,0,0,0,0,508.333333333333,133.333333333333,0,0,0,0,0.01375,0.011,0.01375,0.01375,0,0,0,0
28/11/2016,0,0,22.9526096021881,0,280.79008829511,0,0,0,0,0,508.333333333333,133.333333333333,0,0,0,0,0.01375,0.011,0.01375,0.01375,0,0,0,0
29/11/2016,0,0,23.0762577206533,0,279.469298085414,0,0,0,0,0,508.333333333333,133.333333333333,0,0,0,0,0.01375,0.011,0.01375,0.01375,0,0,0,0
30/11/2016,4.74933780037657e-05,0.124563062166946,23.1988471909432,38.3297117726477,278.144409669701,0,7.93231660999761,31.7292664399904,2.38537187105946,0,508.333333333333,133.333333333333,21.152844293327,71.3908494899785,1.00436710360398,2.88755542286145,0.01375,0.011,0.01375,0.01375,0,0,0,0
01/12/2016,0,0,23.3203417239731,0,276.815815243058,0,0,0,0,0,508.333333333333,133.333333333333,0,0,0,0,0.01375,0.011,0.01375,0.01375,0,0,0,0
02/12/2016,0.000445329488643751,0.118316103120616,23.4407053547832,38.7545049877981,275.483908097629,0,7.98586197325186,31.9434478930075,2.40221850900376,0,508.333333333333,133.333333333333,21.2956319286716,71.8727577592668,1.01146042484369,2.9079487214256,0.01375,0.011,0.01375,0.01375,0,0,0,0
03/12/2016,0,0,23.5599024531845,0,274.149082506192,0,0,0,0,0,508.333333333333,133.333333333333,0,0,0,0,0.01375,0.011,0.01375,0.01375,0,0,0,0
04/12/2016,0,0,23.6778977343065,0,272.811733605447,0,0,0,0,0,508.333333333333,133.333333333333,0,0,0,0,0.01375,0.011,0.01375,0.01375,0,0,0,0
05/12/2016,0,0,23.794656269042,0,271.472257279049,0,0,0,0,0,508.333333333333,133.333333333333,0,0,0,0,0.01375,0.011,0.01375,0.01375,0,0,0,0
06/12/2016,0.00140811637043714,0.151918988604517,23.9101434943871,36.4695087748929,270.131050040415,0,7.77154791636637,31.0861916654655,2.35376479153052,0,508.333333333333,133.333333333333,20.724127776977,69.9439312472974,0.991058859591796,2.84929422132641,0.01375,0.011,0.01375,0.01375,0,0,0,0
07/12/2016,0.00629331425279648,0.108686713524504,24.0243252236724,39.4093034803337,268.788508915348,0,8.08352235155852,32.3340894062341,2.43683766363593,0,508.333333333333,133.333333333333,21.556059604156,72.7517011640266,1.0260369110046,2.94985611913823,0.01375,0.011,0.01375,0.01375,0,0,0,0
08/12/2016,0.00581971923047753,0.10436399537553,24.137167656683,39.7032483144639,267.445031324511,0,8.10545146820974,32.421805872839,2.43984419311631,0,508.333333333333,133.333333333333,21.6145372485593,72.9490632138877,1.02730281815424,2.95349560219343,0.01375,0.011,0.01375,0.01375,0,0,0,0
09/12/2016,0,0,24.2486373896641,0,266.101014965779,0,0,0,0,0,508.333333333333,133.333333333333,0,0,0,0,0.01375,0.011,0.01375,0.01375,0,0,0,0
10/12/2016,0,0,24.3587014252095,0,264.756857696517,0,0,0,0,0,508.333333333333,133.333333333333,0,0,0,0,0.01375,0.011,0.01375,0.01375,0,0,0,0
11/12/2016,0,0,24.4673271820289,0,263.412957415799,0,0,0,0,0,508.333333333333,133.333333333333,0,0,0,0,0.01375,0.011,0.01375,0.01375,0,0,0,0
12/12/2016,0,0,24.5744825045931,0,262.069711946626,0,0,0,0,0,508.333333333333,133.333333333333,0,0,0,0,0.01375,0.011,0.01375,0.01375,0,0,0,0
13/12/2016,0.00209457268527738,0.107717141420392,24.680135672653,39.4752343834134,260.727518918163,0,8.07671021639664,32.3068408655866,2.43080151539533,0,508.333333333333,133.333333333333,21.537893910391,72.6903919475698,1.0234953749033,2.94254920284698,0.01375,0.011,0.01375,0.01375,0,0,0,0
14/12/2016,0.00874139575290188,0.102984106321289,24.7842554106286,39.7970807701523,259.386775648026,0,8.11727908867466,32.4691163546986,2.44356544230775,0,508.333333333333,133.333333333333,21.6460775697991,73.055511798072,1.02886965991905,2.95800027226728,0.01375,0.011,0.01375,0.01375,0,0,0,0
15/12/2016,0.00133944878210742,0.190990567473521,24.8868108968681,33.8126414118006,258.047879024676,0,7.47060192551303,29.8824077020521,2.26782028906301,0,508.333333333333,133.333333333333,19.9216051347014,67.2354173296173,0.954871700658109,2.74525613939206,0.01375,0.011,0.01375,0.01375,0,0,0,0
16/12/2016,0.0350761410498995,0.134903544004776,24.9877717727713,37.6265590076753,256.711225389925,0,5.91779261466178,23.6711704586471,1.70664784710554,0,508.333333333333,133.333333333333,15.7807803057647,53.260133531956,0.718588567202331,2.0659421307067,0.01375,0.011,0.01375,0.01375,0,0,0,0
17/12/2016,0.0365943818624076,0.111052909867454,25.0871081517765,39.2484021290131,255.377210421614,0,6.06449738388052,24.2579895355221,1.71449800805988,0,508.333333333333,133.333333333333,16.1719930236814,54.5804764549247,0.721893898130475,2.07544495712511,0.01375,0.011,0.01375,0.01375,0,0,0,0
18/12/2016,0.00198158930583643,0.110059752763163,25.1847906282074,39.3159368121049,254.046229016481,0,8.05663069060146,32.2265227624058,2.42448402158063,0,508.333333333333,133.333333333333,21.4843485082706,72.5096762154132,1.02083537750763,2.93490171033445,0.01375,0.011,0.01375,0.01375,0,0,0,0
19/12/2016,0.00121349091383904,0.113157566741888,25.2807902859783,39.1052854615516,252.718675173266,0,8.03007799935525,32.120311997421,2.41612991678639,0,508.333333333333,133.333333333333,21.413541331614,72.2707019941972,1.01731785969953,2.92478884663616,0.01375,0.011,0.01375,0.01375,0,0,0,0
20/12/2016,0,0,25.3750787071532,0,251.394941876079,0,0,0,0,0,508.333333333333,133.333333333333,0,0,0,0,0.01375,0.011,0.01375,0.01375,0,0,0,0
21/12/2016,0,0,25.4676279803587,0,250.075420978066,0,0,0,0,0,508.333333333333,133.333333333333,0,0,0,0,0.01375,0.011,0.01375,0.01375,0,0,0,0
22/12/2016,0,0,25.5584107090458,0,248.760503085413,0,0,0,0,0,508.333333333333,133.333333333333,0,0,0,0,0.01375,0.011,0.01375,0.01375,0,0,0,0
23/12/2016,0,0,25.6474000196006,0,247.45057744172,0,0,0,0,0,508.333333333333,133.333333333333,0,0,0,0,0.01375,0.011,0.01375,0.01375,0,0,0,0
24/12/2016,0,0,25.7345695692986,0,246.146031812774,0,0,0,0,0,508.333333333333,133.333333333333,0,0,0,0,0.01375,0.011,0.01375,0.01375,0,0,0,0
25/12/2016,0.000270979363770196,0.119051640081923,25.8198935541034,38.7044884744293,244.847252371766,0,7.97955737072638,31.9182294829055,2.40023493190811,0,508.333333333333,133.333333333333,21.2788196552703,71.8160163365374,1.01062523448762,2.90554754915192,0.01375,0.011,0.01375,0.01375,0,0,0,0
26/12/2016,0.00516789802310479,0.104400585525371,25.9033467163048,39.7007601842747,243.55462358497,0,8.10513783835396,32.4205513534158,2.43974551774448,0,508.333333333333,133.333333333333,21.6137009022772,72.9462405451856,1.02726127062926,2.95337615305911,0.01375,0.011,0.01375,0.01375,0,0,0,0
27/12/2016,0.00595846785638859,0.104066510564227,25.984904351996,39.7234772816326,242.268528097937,0,8.10800133802092,32.4320053520837,2.44064644247841,0,508.333333333333,133.333333333333,21.6213369013891,72.9720120421883,1.02764060735933,2.95446674615807,0.01375,0.011,0.01375,0.01375,0,0,0,0
28/12/2016,0,0,26.0645423183859,0,240.989346622224,0,0,0,0,0,508.333333333333,133.333333333333,0,0,0,0,0.01375,0.011,0.01375,0.01375,0,0,0,0
29/12/2016,0,0,26.1422370409468,0,239.717457822691,0,0,0,0,0,508.333333333333,133.333333333333,0,0,0,0,0.01375,0.011,0.01375,0.01375,0,0,0,0
30/12/2016,0,0,26.2179655203918,0,238.453238205414,0,0,0,0,0,508.333333333333,133.333333333333,0,0,0,0,0.01375,0.011,0.01375,0.01375,0,0,0,0
31/12/2016,0,0,26.2917053394842,0,237.197062006227,0,0,0,0,0,508.333333333333,133.333333333333,0,0,0,0,0.01375,0.011,0.01375,0.01375,0,0,0,0
01/01/2017,0,0,26.3051371179797,0,236.96541410873,0,0,0,0,0,508.333333333333,133.333333333333,0,0,0,0,0.01375,0.011,0.01375,0.01375,0,0,0,0
02/01/2017,7.50983708793808e-05,0.124735967738037,26.3764918925008,38.3179541938135,235.719251726306,0,7.9308345622454,31.7233382489816,2.38490558377742,0,508.333333333333,133.333333333333,21.1488921659877,71.3775110602086,1.00417077211681,2.88699096983583,0.01375,0.011,0.01375,0.01375,0,0,0,0
03/01/2017,0,0,26.4458110794992,0,234.481942079986,0,0,0,0,0,508.333333333333,133.333333333333,0,0,0,0,0.01375,0.011,0.01375,0.01375,0,0,0,0
04/01/2017,0,0,26.5130741590243,0,233.253851439682,0,0,0,0,0,508.333333333333,133.333333333333,0,0,0,0,0.01375,0.011,0.01375,0.01375,0,0,0,0
05/01/2017,4.99918773291468e-06,0.121696970774185,26.5782612197774,38.5246059873554,232.035343346284,0,7.95688310764984,31.8275324305994,2.39310107236381,0,508.333333333333,133.333333333333,21.2183549537329,71.6119479688486,1.00762150415318,2.8969118244404,0.01375,0.011,0.01375,0.01375,0,0,0,0
06/01/2017,0.00277009690002327,0.10741946445914,26.6413529650052,39.4954764167785,230.826778504046,0,8.07926173320737,32.3170469328295,2.43160428294245,0,508.333333333333,133.333333333333,21.5446979552197,72.7133555988664,1.02383338229156,2.94352097408823,0.01375,0.011,0.01375,0.01375,0,0,0,0
07/01/2017,0.00720437616057773,0.103217243531531,26.7023307182122,39.7812274398559,229.628514673805,0,8.11528076972974,32.461123078919,2.44293672389561,0,508.333333333333,133.333333333333,21.6407487192793,73.0375269275676,1.0286049363771,2.95723919208416,0.01375,0.011,0.01375,0.01375,0,0,0,0
08/01/2017,0.00665175353952348,0.10332387699708,26.7611764286895,39.7739763641985,228.440906567085,0,8.11436676859645,32.4574670743858,2.44264915751755,0,508.333333333333,133.333333333333,21.6383113829239,73.0293009173681,1.02848385579686,2.95689108541598,0.01375,0.011,0.01375,0.01375,0,0,0,0
09/01/2017,0,0,26.817872676858,0,227.264305741087,0,0,0,0,0,508.333333333333,133.333333333333,0,0,0,0,0.01375,0.011,0.01375,0.01375,0,0,0,0
10/01/2017,0,0,26.8724026794253,0,226.099060494622,0,0,0,0,0,508.333333333333,133.333333333333,0,0,0,0,0.01375,0.011,0.01375,0.01375,0,0,0,0
11/01/2017,0,0,26.9247502943533,0,224.945515765012,0,0,0,0,0,508.333333333333,133.333333333333,0,0,0,0,0.01375,0.011,0.01375,0.01375,0,0,0,0
12/01/2017,0,0,26.9749000256372,0,223.804013025974,0,0,0,0,0,508.333333333333,133.333333333333,0,0,0,0,0.01375,0.011,0.01375,0.01375,0,0,0,0
13/01/2017,0,0,27.0228370278924,0,222.674890186543,0,0,0,0,0,508.333333333333,133.333333333333,0,0,0,0,0.01375,0.011,0.01375,0.01375,0,0,0,0
14/01/2017,0,0,27.0685471107489,0,221.55848149104,0,0,0,0,0,508.333333333333,133.333333333333,0,0,0,0,0.01375,0.011,0.01375,0.01375,0,0,0,0
15/01/2017,0,0,27.1120167430522,0,220.45511742013,0,0,0,0,0,508.333333333333,133.333333333333,0,0,0,0,0.01375,0.011,0.01375,0.01375,0,0,0,0
16/01/2017,0,0,27.1532330568687,0,219.365124592991,0,0,0,0,0,508.333333333333,133.333333333333,0,0,0,0,0.01375,0.011,0.01375,0.01375,0,0,0,0
17/01/2017,0,0,27.1921838512949,0,218.28882567063,0,0,0,0,0,508.333333333333,133.333333333333,0,0,0,0,0.01375,0.011,0.01375,0.01375,0,0,0,0
18/01/2017,0,0,27.2288575960691,0,217.226539260369,0,0,0,0,0,508.333333333333,133.333333333333,0,0,0,0,0.01375,0.011,0.01375,0.01375,0,0,0,0
19/01/2017,0,0,27.2632434349846,0,216.178579821526,0,0,0,0,0,508.333333333333,133.333333333333,0,0,0,0,0.01375,0.011,0.01375,0.01375,0,0,0,0
20/01/2017,0,0,27.2953311891033,0,215.145257572335,0,0,0,0,0,508.333333333333,133.333333333333,0,0,0,0,0.01375,0.011,0.01375,0.01375,0,0,0,0
21/01/2017,0.00463917769832947,0.112292233025467,27.3251113597692,39.1641281542682,214.126878398107,0,8.07730430523193,32.3092172209277,2.44123607801252,0,508.333333333333,133.333333333333,21.5394781472851,72.6957387470873,1.02788887495264,2.95518051548884,0.01375,0.011,0.01375,0.01375,0,0,0,0
22/01/2017,0.00816744950714805,0.102655459246772,27.3525751314198,39.8194287712195,213.12374376069,0,8.1200960635991,32.4803842543964,2.44445172925709,0,508.333333333333,133.333333333333,21.6535895029309,73.0808645723919,1.02924283337141,2.9590731459428,0.01375,0.011,0.01375,0.01375,0,0,0,0
23/01/2017,0,0,27.3777143741959,0,212.136150609223,0,0,0,0,0,508.333333333333,133.333333333333,0,0,0,0,0.01375,0.011,0.01375,0.01375,0,0,0,0
24/01/2017,0,0,27.4005216463481,0,211.164391292236,0,0,0,0,0,508.333333333333,133.333333333333,0,0,0,0,0.01375,0.011,0.01375,0.01375,0,0,0,0
25/01/2017,0.0142371797746153,0.157281541765003,27.4209901964399,36.1048551599798,210.208753471109,0,6.14748297766542,24.5899319106617,1.79824519279654,0,508.333333333333,133.333333333333,16.3932879404411,55.3273467989888,0.757155870651174,2.17682312812213,0.01375,0.011,0.01375,0.01375,0,0,0,0
26/01/2017,0.0199693649049607,0.113919528630733,27.4391139653462,39.0534720531102,209.269520034914,0,5.91860173149076,23.674406925963,1.66384610595625,0,508.333333333333,133.333333333333,15.782937950642,53.2674155834168,0.700566781455265,2.01412949668389,0.01375,0.011,0.01375,0.01375,0,0,0,0
27/01/2017,0.000277838802833229,0.123540527185857,27.4548875880467,38.3992441513618,208.346969016682,0,7.9410811955498,31.7643247821992,2.38812941700846,0,508.333333333333,133.333333333333,21.1762165214661,71.4697307599482,1.00552817558251,2.89089350479972,0.01375,0.011,0.01375,0.01375,0,0,0,0
28/01/2017,0,0,27.4683063952143,0,207.441373511089,0,0,0,0,0,508.333333333333,133.333333333333,0,0,0,0,0.01375,0.011,0.01375,0.01375,0,0,0,0
29/01/2017,0,0,27.4793664145975,0,206.553001593623,0,0,0,0,0,508.333333333333,133.333333333333,0,0,0,0,0.01375,0.011,0.01375,0.01375,0,0,0,0
30/01/2017,0,0,27.4880643721958,0,205.682116241223,0,0,0,0,0,508.333333333333,133.333333333333,0,0,0,0,0.01375,0.011,0.01375,0.01375,0,0,0,0
31/01/2017,0,0,27.4943976932292,0,204.828975254433,0,0,0,0,0,508.333333333333,133.333333333333,0,0,0,0,0.01375,0.011,0.01375,0.01375,0,0,0,0
01/02/2017,0.000369606127169555,0.12399604666776,27.4983645029001,38.3682688265923,203.993831181091,0,7.93717674284777,31.7487069713911,2.38690098382501,0,508.333333333333,133.333333333333,21.1658046475941,71.43459068563,1.0050109405579,2.88940645410396,0.01375,0.011,0.01375,0.01375,0,0,0,0
02/02/2017,0.00304370534918335,0.105777766695171,27.4999636269489,39.6071118647284,203.176931241564,0,8.09333342832711,32.3733337133084,2.43603157110593,0,508.333333333333,133.333333333333,21.582222475539,72.840000854944,1.02569750362355,2.9488803229177,0.01375,0.011,0.01375,0.01375,0,0,0,0
03/02/2017,0.0037548274399793,0.105351431559291,27.4991945920008,39.6361026539682,202.37851725557,0,8.09698772949179,32.3879509179672,2.43718130069817,0,508.333333333333,133.333333333333,21.5919672786448,72.8728895654261,1.02618160029397,2.95027210084515,0.01375,0.011,0.01375,0.01375,0,0,0,0
04/02/2017,0.000783073102223638,0.111077744933932,27.4960576257065,39.2467133444926,201.59882557059,0,8.04790504342344,32.1916201736937,2.42173872656527,0,508.333333333333,133.333333333333,21.4610801157958,72.4311453908109,1.01967946381695,2.93157845847374,0.01375,0.011,0.01375,0.01375,0,0,0,0
05/02/2017,0.00232468676029537,0.10576320295298,27.4905536566747,39.6081021991974,200.838086991908,0,8.09345826040303,32.3738330416121,2.43607084623003,0,508.333333333333,133.333333333333,21.5825553610747,72.8411243436272,1.02571404051791,2.94892786648898,0.01375,0.011,0.01375,0.01375,0,0,0,0
06/02/2017,0,0,27.4826843141968,0,200.096526714289,0,0,0,0,0,508.333333333333,133.333333333333,0,0,0,0,0.01375,0.011,0.01375,0.01375,0,0,0,0
07/02/2017,0,0,27.4724519277653,0,199.374364255309,0,0,0,0,0,508.333333333333,133.333333333333,0,0,0,0,0.01375,0.011,0.01375,0.01375,0,0,0,0
08/02/2017,0.00651857494614136,0.121364283495881,27.4598595263838,38.5472287222801,198.671813390382,0,8.07723336130295,32.3089334452118,2.46121253542658,0,508.333333333333,133.333333333333,21.5392889634745,72.6951002517265,1.03630001491645,2.9793625428848,0.01375,0.011,0.01375,0.01375,0,0,0,0
09/02/2017,0.0168936065703347,0.106533584289125,27.4449108376702,39.5557162683395,197.989082089472,0,6.84562084372059,27.3824833748824,1.99119404736128,0,508.333333333333,133.333333333333,18.2549889165882,61.6105875934853,0.838397493625802,2.41039279417418,0.01375,0.011,0.01375,0.01375,0,0,0,0
10/02/2017,0.00433264479700177,0.103912598559765,27.4276102867536,39.733943297936,197.326372455532,0,8.10932058377344,32.4372823350938,2.44106150840012,0,508.333333333333,133.333333333333,21.6248548900625,72.983885253961,1.02781537195794,2.95496919437909,0.01375,0.011,0.01375,0.01375,0,0,0,0
11/02/2017,0,0,27.4079629949642,0,196.683880664676,0,0,0,0,0,508.333333333333,133.333333333333,0,0,0,0,0.01375,0.011,0.01375,0.01375,0,0,0,0
12/02/2017,0,0,27.3859747783173,0,196.061796908109,0,0,0,0,0,508.333333333333,133.333333333333,0,0,0,0,0.01375,0.011,0.01375,0.01375,0,0,0,0
13/02/2017,0,0,27.3616521457917,0,195.460305335824,0,0,0,0,0,508.333333333333,133.333333333333,0,0,0,0,0.01375,0.011,0.01375,0.01375,0,0,0,0
14/02/2017,0,0,27.3350022974027,0,194.87958400209,0,0,0,0,0,508.333333333333,133.333333333333,0,0,0,0,0.01375,0.011,0.01375,0.01375,0,0,0,0
15/02/2017,0,0,27.3060331220709,0,194.319804812745,0,0,0,0,0,508.333333333333,133.333333333333,0,0,0,0,0.01375,0.011,0.01375,0.01375,0,0,0,0
16/02/2017,0,0,27.274753195287,0,193.781133474307,0,0,0,0,0,508.333333333333,133.333333333333,0,0,0,0,0.01375,0.011,0.01375,0.01375,0,0,0,0
17/02/2017,0,0,27.2411717765731,0,193.263729444924,0,0,0,0,0,508.333333333333,133.333333333333,0,0,0,0,0.01375,0.011,0.01375,0.01375,0,0,0,0
18/02/2017,0.00206238502184792,0.109043024682947,27.2052988067417,39.3850743215596,192.767745887169,0,8.075534673423,32.302138693692,2.43305455151661,0,508.333333333333,133.333333333333,21.534759129128,72.679812060807,1.0244440216912,2.94527656236221,0.01375,0.011,0.01375,0.01375,0,0,0,0
19/02/2017,0.0123720368237859,0.108045495978999,27.1671449049533,39.4529062734281,192.293329622699,0,6.80344375049774,27.213775001991,1.97688201141766,0,508.333333333333,133.333333333333,18.142516667994,61.2309937544797,0.832371373228488,2.3930676980319,0.01375,0.011,0.01375,0.01375,0,0,0,0
20/02/2017,0.0166339138181909,0.109901263749486,27.1267213655722,39.3267140650349,191.840621088795,0,7.35324235605114,29.4129694242046,2.18730382338987,0,508.333333333333,133.333333333333,19.6086462828031,66.1791812044603,0.920970030901,2.64778883884037,0.01375,0.011,0.01375,0.01375,0,0,0,0
21/02/2017,0.0299986705785674,0.106411698807912,27.0840401548241,39.564004481062,191.409754296791,0,6.07833259594199,24.313330383768,1.71690229811096,0,508.333333333333,133.333333333333,16.208886922512,54.7049933634779,0.722906230783561,2.07835541350274,0.01375,0.011,0.01375,0.01375,0,0,0,0
22/02/2017,0,0,27.0391139072529,0,191.000856792401,0,0,0,0,0,508.333333333333,133.333333333333,0,0,0,0,0.01375,0.011,0.01375,0.01375,0,0,0,0
23/02/2017,0,0,26.9919559219814,0,190.614049617962,0,0,0,0,0,508.333333333333,133.333333333333,0,0,0,0,0.01375,0.011,0.01375,0.01375,0,0,0,0
24/02/2017,0,0,26.9425801587739,0,190.249447276606,0,0,0,0,0,508.333333333333,133.333333333333,0,0,0,0,0.01375,0.011,0.01375,0.01375,0,0,0,0
25/02/2017,0.00143347714214872,0.108371878210095,26.891001233904,39.4307122817135,189.907157698364,0,8.07109818677061,32.2843927470824,2.42903583811729,0,508.333333333333,133.333333333333,21.522928498055,72.6398836809355,1.02275193183886,2.94041180403672,0.01375,0.011,0.01375,0.01375,0,0,0,0
26/02/2017,0.0105781248007868,0.108760335999268,26.8372344158281,39.4042971520498,189.587282208215,0,7.20366207479581,28.8146482991832,2.12240647426003,0,508.333333333333,133.333333333333,19.2097655327888,64.8329586731623,0.89364483126738,2.56922888989372,0.01375,0.011,0.01375,0.01375,0,0,0,0
27/02/2017,0.00890503529432862,0.103419675033398,26.7812956206654,39.7674620977289,189.28991549609,0,7.84084151111916,31.3633660444767,2.34513964580139,0,508.333333333333,133.333333333333,20.9089106963178,70.5675736000725,0.987427219284797,2.83885325544379,0.01375,0.011,0.01375,0.01375,0,0,0,0
28/02/2017,0.0102365692675371,0.115485663628343,26.7232014074861,38.9469748732727,189.015145588848,0,6.88426750041519,27.5370700016607,2.01510266363553,0,508.333333333333,133.333333333333,18.3580466677738,61.9584075037367,0.848464279425485,2.43933480334827,0.01375,0.011,0.01375,0.01375,0,0,0,0
01/03/2017,0.0831480070306626,0.112938534142862,26.6629689734102,39.1201796782854,188.763053824211,0,6.87734702614097,27.5093881045639,2.14764881356838,0,508.333333333333,133.333333333333,18.3395920697092,61.8961232352687,0.90427318466037,2.59978540589856,0.01375,0.011,0.01375,0.01375,0,0,0,0
02/03/2017,0.113957116663923,0.122018682701194,26.6006161485163,38.5027295763188,188.533714826692,0,6.52478933651154,26.0991573460461,2.00585988395398,0,508.333333333333,133.333333333333,17.3994382306974,58.7231040286038,0.844572582717463,2.42814617531271,0.01375,0.011,0.01375,0.01375,0,0,0,0
03/03/2017,0.0315585986119779,0.204089163140078,26.5361613905638,32.9219369064747,188.327196485501,0,4.92575289241192,19.7030115696477,1.37086245451141,0,508.333333333333,133.333333333333,13.1353410464318,44.3317760317072,0.577205244004805,1.65946507651381,0.01375,0.011,0.01375,0.01375,0,0,0,0
04/03/2017,0.203540005472016,0.151662855649838,26.4696237795288,36.486925815811,188.143559934448,0,6.64844949428868,26.5937979771547,2.12926306347966,0,508.333333333333,133.333333333333,17.7291986514365,59.8360454485981,0.89653181620196,2.57752897158064,0.01375,0.011,0.01375,0.01375,0,0,0,0
05/03/2017,0.248532051126124,0.168493795604687,26.4010230119562,35.3424218988813,187.98285953385,0,5.96538636207699,23.861545448308,1.842256929647,0,508.333333333333,133.333333333333,15.9076969655386,53.6884772586929,0.775687128272419,2.2301004937832,0.01375,0.011,0.01375,0.01375,0,0,0,0
06/03/2017,0.0855910937991196,0.267212104679925,26.3303793951287,28.6295768817651,187.845142854435,0,4.65154480863864,18.6061792345545,1.36874601320054,0,508.333333333333,133.333333333333,12.404119489703,41.8639032777477,0.57631411082128,1.65690306861118,0.01375,0.011,0.01375,0.01375,0,0,0,0
07/03/2017,0.0217851734271404,0.493144913746052,26.2577138410562,13.2661458652685,187.730450663264,0,1.83442095358157,7.33768381432628,0.412836212312935,0,508.333333333333,133.333333333333,4.89178920955085,16.5097885822341,0.173825773605447,0.499749099115659,0.01375,0.011,0.01375,0.01375,0,0,0,0
08/03/2017,0.016364987027178,0.579963250663412,26.1830478602847,7.36249895488799,187.638816911658,0,0.943014640013949,3.7720585600558,0.142229586446203,0,508.333333333333,133.333333333333,2.51470570670386,8.48713176012554,0.059886141661559,0.172172657276982,0.01375,0.011,0.01375,0.01375,0,0,0,0
09/03/2017,0.0151968402631674,0.50803968906362,26.1064035555288,12.2533011436739,187.570268725153,0,1.63553741566034,6.54214966264137,0.349923494562479,0,508.333333333333,133.333333333333,4.36143310842758,14.7198367409431,0.147336208236833,0.423591598680896,0.01375,0.011,0.01375,0.01375,0,0,0,0
10/03/2017,0.0169700354142779,0.475622470015867,26.0278036151292,14.4576720389211,187.524826395466,0,2.01061930331357,8.04247721325429,0.46610035103188,0,508.333333333333,133.333333333333,5.36165147550286,18.0955737298222,0.196252779381844,0.564226740722802,0.01375,0.011,0.01375,0.01375,0,0,0,0
11/03/2017,0.00651589570782965,0.6,25.9472713063363,6,187.502503374491,0,0.857142857142857,3.42857142857143,0.12258064516129,0,508.333333333333,133.333333333333,2.28571428571429,7.71428571428572,0.0516129032258065,0.148387096774194,0.01375,0.011,0.01375,0.01375,0,0,0,0
12/03/2017,0.00204698368127564,0.6,25.8648304684224,6,187.503306270316,0,0.857142857142857,3.42857142857143,0.12258064516129,0,508.333333333333,133.333333333333,2.28571428571429,7.71428571428572,0.0516129032258065,0.148387096774194,0.01375,0.011,0.01375,0.01375,0,0,0,0
13/03/2017,0.00147640634890392,0.6,25.7805055056248,6,187.527234845267,0,0.857142857142857,3.42857142857143,0.12258064516129,0,508.333333333333,133.333333333333,2.28571428571429,7.71428571428572,0.0516129032258065,0.148387096774194,0.01375,0.011,0.01375,0.01375,0,0,0,0
14/03/2017,0.0175781822344215,0.308999425601563,25.6943213799221,25.7880390590937,187.574282015978,0,3.99481238148371,15.9792495259348,1.09258071521386,0,508.333333333333,133.333333333333,10.6528330172899,35.9533114333534,0.460033985353205,1.32259770789046,0.01375,0.011,0.01375,0.01375,0,0,0,0
15/03/2017,0.072659645039959,0.160246891474892,25.6063036036443,35.9032113797073,187.644433855488,0,5.93622699939831,23.7449079975932,1.77128453433452,0,508.333333333333,133.333333333333,15.8299386650622,53.4260429945848,0.745804014456641,2.14418654156284,0.01375,0.011,0.01375,0.01375,0,0,0,0
16/03/2017,0.186300400847868,0.1529953242844,25.516478231921,36.3963179486608,187.737669597364,0,6.16081775385605,24.6432710154242,1.90382597677321,0,508.333333333333,133.333333333333,16.4288473436161,55.4473597847044,0.801610937588719,2.30463144556757,0.01375,0.011,0.01375,0.01375,0,0,0,0
17/03/2017,0.203458977662823,0.173310018927979,25.4248718549683,35.0149187128974,187.853961641847,0,5.90716995948278,23.6286798379311,1.82845821921155,0,508.333333333333,133.333333333333,15.7524532252874,53.164529635345,0.769877144931178,2.21339679167714,0.01375,0.011,0.01375,0.01375,0,0,0,0
18/03/2017,0.555358980463792,0.147955198478857,25.3315115902177,36.7390465034378,187.993275564026,0,6.41969803851156,25.6787921540462,2.03728968429912,0,508.333333333333,133.333333333333,17.1191947693642,57.777282346604,0.857806182862788,2.46619277573052,0.01375,0.011,0.01375,0.01375,0,0,0,0
19/03/2017,0.767309914423946,0.153560672483514,25.2364250742888,36.3578742711211,188.155570124022,0,5.99870910093544,23.9948364037418,1.86305121954949,0,508.333333333333,133.333333333333,15.9965576024945,53.988381908419,0.784442618757678,2.25527252892832,0.01375,0.011,0.01375,0.01375,0,0,0,0
20/03/2017,0.370281795773546,0.210942666905835,25.1396404548081,32.4558986504032,188.340797279202,0,5.00792184688117,20.0316873875247,1.49459289884585,0,508.333333333333,133.333333333333,13.3544582583498,45.0712966219306,0.629302273198253,1.80924403544498,0.01375,0.011,0.01375,0.01375,0,0,0,0
21/03/2017,0.104666402736531,0.409509382229141,25.0411863820767,18.9533620084184,188.548902198397,0,3.51490676187428,14.0596270474971,1.04875710960594,0,508.333333333333,133.333333333333,9.37308469833142,31.6341608568685,0.44158194088671,1.26954808004929,0.01375,0.011,0.01375,0.01375,0,0,0,0
22/03/2017,0.0727643506527044,0.505401750567051,24.9410920005895,12.4326809614405,188.779823278136,0,2.12756766596593,8.5102706638637,0.541090611900028,0,508.333333333333,133.333333333333,5.67351377590913,19.1481089936933,0.22782762606317,0.655004424931612,0.01375,0.011,0.01375,0.01375,0,0,0,0
23/03/2017,0.0695252874445305,0.476019342049031,24.8393869404073,14.4306847406659,189.033492160877,0,2.18100585339101,8.72402341356406,0.524532969459392,0,508.333333333333,133.333333333333,5.81601560904271,19.6290526805191,0.220855987140797,0.634960963029791,0.01375,0.011,0.01375,0.01375,0,0,0,0
24/03/2017,0.0525050771510285,0.492816083077212,24.7361013083863,13.2885063507496,189.30983375525,0,1.8553320273903,7.42132810956121,0.418920367819597,0,508.333333333333,133.333333333333,4.94755207304081,16.6979882465127,0.176387523292462,0.507114129465828,0.01375,0.011,0.01375,0.01375,0,0,0,0
25/03/2017,0.040913188012677,0.538130433982313,24.6312656792653,10.2071304892027,189.608766258277,0,1.40138681540604,5.60554726162415,0.282823207013755,0,508.333333333333,133.333333333333,3.73703150774944,12.6124813386544,0.119083455584739,0.342364934806124,0.01375,0.011,0.01375,0.01375,0,0,0,0
26/03/2017,0.0253840308579116,0.6,24.5249110866152,6,189.930201179595,0,0.857142857142857,3.42857142857143,0.12258064516129,0,508.333333333333,133.333333333333,2.28571428571429,7.71428571428572,0.0516129032258065,0.148387096774194,0.01375,0.011,0.01375,0.01375,0,0,0,0
27/03/2017,0.0216189719990242,0.6,24.4170690136522,6,190.274043367646,0,0.857142857142857,3.42857142857143,0.12258064516129,0,508.333333333333,133.333333333333,2.28571428571429,7.71428571428572,0.0516129032258065,0.148387096774194,0.01375,0.011,0.01375,0.01375,0,0,0,0
28/03/2017,0.0240086381959817,0.6,24.3077713839186,6,190.640191037846,0,0.857142857142857,3.42857142857143,0.12258064516129,0,508.333333333333,133.333333333333,2.28571428571429,7.71428571428572,0.0516129032258064,0.148387096774194,0.01375,0.011,0.01375,0.01375,0,0,0,0
29/03/2017,0.0168054450809608,0.59666657300229,24.1970505518319,6.22667303584425,191.028535802714,0,0.871428972847327,3.48571589138931,0.125849554217109,0,508.333333333333,133.333333333333,2.32381059425954,7.84286075562594,0.0529892859861511,0.152344197210184,0.01375,0.011,0.01375,0.01375,0,0,0,0
30/03/2017,0.0167782039991848,0.585855331651515,24.0849392931081,6.96183744769699,191.438962703959,0,0.91776286435065,3.6710514574026,0.136451545735289,0,508.333333333333,133.333333333333,2.4473676382684,8.25986577915586,0.0574532824148584,0.165178186942718,0.01375,0.011,0.01375,0.01375,0,0,0,0
31/03/2017,0.486117704468655,0.142389587678819,23.9714707950588,37.1175080378403,191.871350246509,0,6.44181508395474,25.767260335819,2.0426457148537,0,508.333333333333,133.333333333333,17.1781735572126,57.9763357555927,0.860061353622609,2.472676391665,0.01375,0.011,0.01375,0.01375,0,0,0,0
01/04/2017,0.389433177756998,0.166595287043757,23.8566786467673,35.4715204810245,192.325570434476,0,5.03989485364772,20.1595794145909,1.45897782853345,0,508.333333333333,133.333333333333,13.4397196097272,45.3590536828294,0.614306454119348,1.76613105559313,0.01375,0.011,0.01375,0.01375,0,0,0,0
02/04/2017,0.0768085668203041,0.363641883752418,23.7405968291455,22.0723519048356,192.801488809045,0,4.21585588736681,16.8634235494672,1.29595322154161,0,508.333333333333,133.333333333333,11.2422823663115,37.9427029863013,0.54566451433331,1.56878547870827,0.01375,0.011,0.01375,0.01375,0,0,0,0
03/04/2017,0.0519659274021997,0.45769896539469,23.6232597048746,15.6764703531611,193.298964488279,0,2.72005415543879,10.8802166217551,0.73295563727798,0,508.333333333333,133.333333333333,7.25347774783676,24.4804873989491,0.308612899906518,0.887262087231239,0.01375,0.011,0.01375,0.01375,0,0,0,0
04/04/2017,0.0534227374749482,0.379919135765227,23.5047020082334,20.9654987679646,193.817850208819,0,3.22784281081476,12.911371243259,0.865754273925218,0,508.333333333333,133.333333333333,8.60758082883935,29.0505852973328,0.364528115336934,1.04801833159368,0.01375,0.011,0.01375,0.01375,0,0,0,0
05/04/2017,0.075202973317523,0.297690132217097,23.3849588348159,26.5570710092374,194.357992369482,0,4.05006752545715,16.2002701018286,1.1395695630299,0,508.333333333333,133.333333333333,10.8001800678857,36.4506077291144,0.479818763381009,1.3794789447204,0.01375,0.011,0.01375,0.01375,0,0,0,0
06/04/2017,0.0619520223564438,0.337191140212689,23.2640656311426,23.8710024655371,194.919231076725,0,3.57992940478413,14.3197176191365,0.983073883386203,0,508.333333333333,133.333333333333,9.54647841275767,32.2193646430571,0.413925845636296,1.19003680620435,0.01375,0.011,0.01375,0.01375,0,0,0,0
07/04/2017,0.0265125825804616,0.554646066331549,23.142058184167,9.08406748945469,195.501400191981,0,1.56816730936649,6.27266923746594,0.349656787995514,0,508.333333333333,133.333333333333,4.18177949164396,14.1135057842984,0.147223910734953,0.423268743362991,0.01375,0.011,0.01375,0.01375,0,0,0,0
08/04/2017,0.018548437171874,0.594344077989931,23.0189726106826,6.38460269668471,196.10432738084,0,0.881382522900297,3.52553009160119,0.1281270977131,0,508.333333333333,133.333333333333,2.35035339440079,7.93244270610267,0.0539482516686738,0.155101223547437,0.01375,0.011,0.01375,0.01375,0,0,0,0
09/04/2017,0.0113484040135579,0.6,22.8948453466311,6,196.727834164057,0,0.857142857142857,3.42857142857143,0.12258064516129,0,508.333333333333,133.333333333333,2.28571428571429,7.71428571428571,0.0516129032258065,0.148387096774194,0.01375,0.011,0.01375,0.01375,0,0,0,0
10/04/2017,0.0275774727427792,0.443183360400077,22.7697131363166,16.6635314927947,197.371735970394,0,2.5554165770026,10.2216663080104,0.640629742468192,0,508.333333333333,133.333333333333,6.81444420534028,22.9987491930234,0.269738838933976,0.77549916193518,0.01375,0.011,0.01375,0.01375,0,0,0,0
11/04/2017,0.0338273496684795,0.351585657701215,22.6436130215288,22.8921752763174,198.035842191253,0,3.16940912373173,12.6776364949269,0.811926078028223,0,508.333333333333,133.333333333333,8.45175766328462,28.5246821135856,0.341863611801357,0.982857883928902,0.01375,0.011,0.01375,0.01375,0,0,0,0
12/04/2017,0.0147406610314172,0.536856635651734,22.5165823305776,10.2937487756821,198.7199562371,0,1.39644669649256,5.58578678597024,0.28031367203647,0,508.333333333333,133.333333333333,3.7238578573135,12.568020268433,0.118026809278514,0.339327076675727,0.01375,0.011,0.01375,0.01375,0,0,0,0
13/04/2017,0.0110328646232464,0.59661930658923,22.3886586672431,6.22988715193235,199.42387559566,0,0.871631543189014,3.48652617275606,0.125895905796368,0,508.333333333333,133.333333333333,2.32435078183737,7.84468388870112,0.053008802440576,0.152400307016656,0.01375,0.011,0.01375,0.01375,0,0,0,0
14/04/2017,0.00983768877033933,0.59316451460557,22.2598798996444,6.46481300682127,200.147391891864,0,0.886437794547559,3.54575117819024,0.129283830838409,0,508.333333333333,133.333333333333,2.36383411879349,7.97794015092803,0.0544352971951197,0.156501479435969,0.01375,0.011,0.01375,0.01375,0,0,0,0
15/04/2017,0.00950299263208381,0.6,22.1302841490292,6,200.890290949537,0,0.857142857142857,3.42857142857143,0.12258064516129,0,508.333333333333,133.333333333333,2.28571428571429,7.71428571428572,0.0516129032258065,0.148387096774194,0.01375,0.011,0.01375,0.01375,0,0,0,0
16/04/2017,0.00948069888487169,0.6,21.99990977849,6,201.652352854791,0,0.857142857142857,3.42857142857143,0.12258064516129,0,508.333333333333,133.333333333333,2.28571428571429,7.71428571428572,0.0516129032258065,0.148387096774194,0.01375,0.011,0.01375,0.01375,0,0,0,0
17/04/2017,0.00776697601399357,0.6,21.8687953816071,6,202.433352021133,0,0.857142857142857,3.42857142857143,0.12258064516129,0,508.333333333333,133.333333333333,2.28571428571429,7.71428571428572,0.0516129032258065,0.148387096774194,0.01375,0.011,0.01375,0.01375,0,0,0,0
18/04/2017,0.00699977186960091,0.6,21.7369797710241,6,203.233057256235,0,0.857142857142857,3.42857142857143,0.12258064516129,0,508.333333333333,133.333333333333,2.28571428571429,7.71428571428572,0.0516129032258065,0.148387096774194,0.01375,0.011,0.01375,0.01375,0,0,0,0
19/04/2017,0.00783596920544524,0.6,21.604501966959,6,204.051231830379,0,0.857142857142857,3.42857142857143,0.12258064516129,0,508.333333333333,133.333333333333,2.28571428571429,7.71428571428572,0.0516129032258065,0.148387096774194,0.01375,0.011,0.01375,0.01375,0,0,0,0
20/04/2017,0.00685210545075736,0.595064375617026,21.4714011856532,6.33562245804224,204.887633546526,0,0.878295533069889,3.51318213227956,0.1274207413304,0,508.333333333333,133.333333333333,2.3421214215197,7.904659797629,0.0536508384549055,0.154246160557853,0.01375,0.011,0.01375,0.01375,0,0,0,0
21/04/2017,0.00682339362709258,0.590302917918865,21.3377168277622,6.65940158151719,205.742014812022,0,0.898701780347722,3.59480712139089,0.132090041782791,0,508.333333333333,133.333333333333,2.39653808092726,8.0883160231295,0.0556168596980171,0.159898471631799,0.01375,0.011,0.01375,0.01375,0,0,0,0
22/04/2017,0.00730119881133487,0.6,21.203488466693,6,206.614122711881,0,0.857142857142857,3.42857142857143,0.12258064516129,0,508.333333333333,133.333333333333,2.28571428571429,7.71428571428572,0.0516129032258065,0.148387096774194,0.01375,0.011,0.01375,0.01375,0,0,0,0
23/04/2017,0.00697395959239418,0.6,21.0687558368887,6,207.503699083657,0,0.857142857142857,3.42857142857143,0.12258064516129,0,508.333333333333,133.333333333333,2.28571428571429,7.71428571428572,0.0516129032258065,0.148387096774194,0.01375,0.011,0.01375,0.01375,0,0,0,0
24/04/2017,0.00415847113938895,0.6,20.9335588220669,6,208.410480593869,0,0.857142857142857,3.42857142857143,0.12258064516129,0,508.333333333333,133.333333333333,2.28571428571429,7.71428571428572,0.0516129032258065,0.148387096774194,0.01375,0.011,0.01375,0.01375,0,0,0,0
25/04/2017,0.00610711383977332,0.6,20.7979374434129,6,209.334198815945,0,0.857142857142857,3.42857142857143,0.12258064516129,0,508.333333333333,133.333333333333,2.28571428571429,7.71428571428572,0.0516129032258065,0.148387096774194,0.01375,0.011,0.01375,0.01375,0,0,0,0
26/04/2017,0.00361007252405788,0.579122616968579,20.6619318477328,7.41966204613661,210.274580309692,0,0.946617355848946,3.78646942339578,0.143053949811458,0,508.333333333333,133.333333333333,2.52431294893052,8.51955620264052,0.060233242025877,0.173170570824396,0.01375,0.011,0.01375,0.01375,0,0,0,0
27/04/2017,0.00645548137262056,0.459340380713986,20.525582295569,15.5648541114489,211.231346702231,0,2.18310292893946,8.73241171575782,0.518642978273954,0,508.333333333333,133.333333333333,5.82160781050521,19.6479263604551,0.218375990852191,0.62783097370005,0.01375,0.011,0.01375,0.01375,0,0,0,0
28/04/2017,0.00918227946373735,0.439932512629573,20.3889291492823,16.8845891411891,212.204214770406,0,2.41704289172296,9.66817156689182,0.591609083431055,0,508.333333333333,133.333333333333,6.44544771126121,21.7533860255066,0.249098561444655,0.716158364153382,0.01375,0.011,0.01375,0.01375,0,0,0,0
29/04/2017,0.00507409881653568,0.6,20.2520128611039,6,213.192896524626,0,0.857142857142857,3.42857142857143,0.12258064516129,0,508.333333333333,133.333333333333,2.28571428571429,7.71428571428572,0.0516129032258065,0.148387096774194,0.01375,0.011,0.01375,0.01375,0,0,0,0
30/04/2017,0.00420432079747841,0.6,20.1148739611606,6,214.19709929411,0,0.857142857142857,3.42857142857143,0.12258064516129,0,508.333333333333,133.333333333333,2.28571428571429,7.71428571428572,0.0516129032258065,0.148387096774194,0.01375,0.011,0.01375,0.01375,0,0,0,0
01/05/2017,0.00457870019232119,0.6,19.9775530454767,6,215.21652581353,0,0.857142857142857,3.42857142857143,0.12258064516129,0,508.333333333333,133.333333333333,2.28571428571429,7.71428571428572,0.0516129032258065,0.148387096774194,0.01375,0.011,0.01375,0.01375,0,0,0,0
02/05/2017,0.00366651374478294,0.6,19.8400907639575,6,216.250874311002,0,0.857142857142857,3.42857142857143,0.12258064516129,0,508.333333333333,133.333333333333,2.28571428571429,7.71428571428572,0.0516129032258065,0.148387096774194,0.01375,0.011,0.01375,0.01375,0,0,0,0
03/05/2017,0.00455109494234318,0.6,19.7025278083553,6,217.299838597422,0,0.857142857142857,3.42857142857143,0.12258064516129,0,508.333333333333,133.333333333333,2.28571428571429,7.71428571428572,0.0516129032258065,0.148387096774194,0.01375,0.011,0.01375,0.01375,0,0,0,0
04/05/2017,0.00587335964310608,0.6,19.5649049002241,6,218.363108157101,0,0.857142857142857,3.42857142857143,0.12258064516129,0,508.333333333333,133.333333333333,2.28571428571429,7.71428571428571,0.0516129032258065,0.148387096774194,0.01375,0.011,0.01375,0.01375,0,0,0,0
05/05/2017,0.00461094446501302,0.6,19.427262778865,6,219.440368239687,0,0.857142857142857,3.42857142857143,0.12258064516129,0,508.333333333333,133.333333333333,2.28571428571429,7.71428571428572,0.0516129032258065,0.148387096774194,0.01375,0.011,0.01375,0.01375,0,0,0,0
06/05/2017,0.00422695224892563,0.6,19.289642189267,6,220.531299953336,0,0.857142857142857,3.42857142857143,0.12258064516129,0,508.333333333333,133.333333333333,2.28571428571429,7.71428571428572,0.0516129032258065,0.148387096774194,0.01375,0.011,0.01375,0.01375,0,0,0,0
07/05/2017,0.00345704728739638,0.6,19.1520838700448,6,221.635580359109,0,0.857142857142857,3.42857142857143,0.12258064516129,0,508.333333333333,133.333333333333,2.28571428571429,7.71428571428572,0.0516129032258065,0.148387096774194,0.01375,0.011,0.01375,0.01375,0,0,0,0
08/05/2017,0.00621946792306318,0.6,19.0146285413801,6,222.752882566574,0,0.912950929701993,3.65180371880797,0.134008825997272,0,508.333333333333,133.333333333333,2.43453581253865,8.21655836731794,0.0564247688409564,0.16222121041775,0.01375,0.011,0.01375,0.01375,0,0,0,0
09/05/2017,0.00386245860046627,0.6,18.8773168929669,6,223.882875830567,0,0.857142857142857,3.42857142857143,0.12258064516129,0,508.333333333333,133.333333333333,2.28571428571429,7.71428571428572,0.0516129032258065,0.148387096774194,0.01375,0.011,0.01375,0.01375,0,0,0,0
10/05/2017,0.00508697705606077,0.6,18.7401895719671,6,225.025225649104,0,0.857142857142857,3.42857142857143,0.12258064516129,0,508.333333333333,133.333333333333,2.28571428571429,7.71428571428572,0.0516129032258065,0.148387096774194,0.01375,0.011,0.01375,0.01375,0,0,0,0
11/05/2017,0.00434203243339129,0.6,18.6032871709775,6,226.179593862396,0,0.857142857142857,3.42857142857143,0.12258064516129,0,508.333333333333,133.333333333333,2.28571428571429,7.71428571428572,0.0516129032258065,0.148387096774194,0.01375,0.011,0.01375,0.01375,0,0,0,0
12/05/2017,0.00810887464151679,0.578132453461008,18.466650216014,7.48699316465144,227.345638752956,0,1.39011661199763,5.56046644799054,0.258859481935878,0,508.333333333333,133.333333333333,3.70697763199369,12.5110495079787,0.108993466078265,0.313356214975011,0.01375,0.011,0.01375,0.01375,0,0,0,0
13/05/2017,0.00452834301218416,0.55896239195762,18.3303191545148,8.79055734688181,228.523015146753,0,1.13023101521811,4.52092406087246,0.197436926331882,0,508.333333333333,133.333333333333,3.01394937391497,10.172079136963,0.0831313374028975,0.23900259503333,0.01375,0.011,0.01375,0.01375,0,0,0,0
14/05/2017,0.00482599751075797,0.6,18.1943343433671,6,229.71137451539,0,0.857142857142857,3.42857142857143,0.12258064516129,0,508.333333333333,133.333333333333,2.28571428571429,7.71428571428571,0.0516129032258065,0.148387096774194,0.01375,0.011,0.01375,0.01375,0,0,0,0
15/05/2017,0.00329699062253118,0.6,18.0587360369606,6,230.910365079275,0,0.857142857142857,3.42857142857143,0.12258064516129,0,508.333333333333,133.333333333333,2.28571428571429,7.71428571428571,0.0516129032258065,0.148387096774194,0.01375,0.011,0.01375,0.01375,0,0,0,0
16/05/2017,0.00331318101596792,0.6,17.9235643752715,6,232.119631911759,0,0.857142857142857,3.42857142857143,0.12258064516129,0,508.333333333333,133.333333333333,2.28571428571429,7.71428571428572,0.0516129032258065,0.148387096774194,0.01375,0.011,0.01375,0.01375,0,0,0,0
17/05/2017,0.00361994379908931,0.6,17.7888593719801,6,233.338817044198,0,0.857142857142857,3.42857142857143,0.12258064516129,0,508.333333333333,133.333333333333,2.28571428571429,7.71428571428572,0.0516129032258065,0.148387096774194,0.01375,0.011,0.01375,0.01375,0,0,0,0
18/05/2017,0.00356772142055235,0.6,17.6546609026259,6,234.567559571921,0,0.857142857142857,3.42857142857143,0.12258064516129,0,508.333333333333,133.333333333333,2.28571428571429,7.71428571428572,0.0516129032258065,0.148387096774194,0.01375,0.011,0.01375,0.01375,0,0,0,0
19/05/2017,0.00639936789352759,0.6,17.5210086928035,6,235.805495761065,0,1.15914027268605,4.63656109074421,0.191179276895358,0,508.333333333333,133.333333333333,3.09104072716281,10.4322624541745,0.0804965376401509,0.231427545715434,0.01375,0.011,0.01375,0.01375,0,0,0,0
20/05/2017,0.0217396822290958,0.288684160278915,17.3879423064033,27.1694771010337,237.052259156249,0,4.37455468582518,17.4982187433007,1.21766564917627,0,508.333333333333,133.333333333333,11.6654791622005,39.3709921724266,0.512701325968955,1.47401631216075,0.01375,0.011,0.01375,0.01375,0,0,0,0
21/05/2017,0.0277079362443551,0.219609555094004,17.2555011338993,31.8665502536077,238.307480689051,0,4.43203150201094,17.7281260080438,1.19073422807561,0,508.333333333333,133.333333333333,11.8187506720292,39.8882835180985,0.50136178024236,1.44141511819679,0.01375,0.011,0.01375,0.01375,0,0,0,0
22/05/2017,0.00392508065943203,0.6,17.123724380689,6,239.57078878726,0,0.857142857142857,3.42857142857143,0.12258064516129,0,508.333333333333,133.333333333333,2.28571428571429,7.71428571428572,0.0516129032258065,0.148387096774194,0.01375,0.011,0.01375,0.01375,0,0,0,0
23/05/2017,0.00187161911750024,0.58807284907034,16.9926510554879,6.81104626321689,240.841809484872,0,0.908259218269972,3.63303687307989,0.134276948008441,0,508.333333333333,133.333333333333,2.42202458205326,8.17433296442975,0.0565376623193435,0.162545779168113,0.01375,0.011,0.01375,0.01375,0,0,0,0
24/05/2017,0.00376605218050413,0.458727509951528,16.8623199587815,15.6065293232961,242.120166532788,0,2.18601319646749,8.74405278586997,0.519257147980134,0,508.333333333333,133.333333333333,5.82936852391331,19.6741187682074,0.218634588623214,0.628574442291741,0.01375,0.011,0.01375,0.01375,0,0,0,0
25/05/2017,0.00614866772638243,0.392795771038353,16.7327696713403,20.089887569392,243.405481510195,0,2.9826346378211,11.9305385512844,0.767735010845095,0,508.333333333333,133.333333333333,7.95369236752294,26.8437117403899,0.323256846671619,0.929363434180904,0.01375,0.011,0.01375,0.01375,0,0,0,0
26/05/2017,0.00358298756049587,0.6,16.6040385427983,6,244.697373936585,0,0.857142857142857,3.42857142857143,0.12258064516129,0,508.333333333333,133.333333333333,2.28571428571429,7.71428571428572,0.0516129032258065,0.148387096774194,0.01375,0.011,0.01375,0.01375,0,0,0,0
27/05/2017,0.0034833246335828,0.6,16.4761646803015,6,245.995461384384,0,0.857142857142857,3.42857142857143,0.12258064516129,0,508.333333333333,133.333333333333,2.28571428571429,7.71428571428572,0.0516129032258065,0.148387096774194,0.01375,0.011,0.01375,0.01375,0,0,0,0
28/05/2017,0,0,16.3491859372266,0,247.299359592162,0,0,0,0,0,508.333333333333,133.333333333333,0,0,0,0,0.01375,0.011,0.01375,0.01375,0,0,0,0
29/05/2017,0.00106753246931031,0.6,16.2231399019762,6,248.60868257838,0,0.857142857142857,3.42857142857143,0.12258064516129,0,508.333333333333,133.333333333333,2.28571428571429,7.71428571428572,0.0516129032258065,0.148387096774194,0.01375,0.011,0.01375,0.01375,0,0,0,0
30/05/2017,0.00152681735192457,0.6,16.0980638868514,6,249.92304275565,0,0.857142857142857,3.42857142857143,0.12258064516129,0,508.333333333333,133.333333333333,2.28571428571429,7.71428571428572,0.0516129032258065,0.148387096774194,0.01375,0.011,0.01375,0.01375,0,0,0,0
31/05/2017,0.00204839814809785,0.6,15.9739949170069,6,251.242051045467,0,0.857142857142857,3.42857142857143,0.12258064516129,0,508.333333333333,133.333333333333,2.28571428571429,7.71428571428572,0.0516129032258065,0.148387096774194,0.01375,0.011,0.01375,0.01375,0,0,0,0
01/06/2017,0.00189397893700124,0.6,15.8509697194906,6,252.565316993389,0,0.857142857142857,3.42857142857143,0.12258064516129,0,508.333333333333,133.333333333333,2.28571428571429,7.71428571428572,0.0516129032258065,0.148387096774194,0.01375,0.011,0.01375,0.01375,0,0,0,0
02/06/2017,0.00223293572200933,0.6,15.7290247123716,6,253.892448884614,0,0.857142857142857,3.42857142857143,0.12258064516129,0,508.333333333333,133.333333333333,2.28571428571429,7.71428571428572,0.0516129032258065,0.148387096774194,0.01375,0.011,0.01375,0.01375,0,0,0,0
03/06/2017,0.00337610133280228,0.6,15.6081959939597,6,255.223053859939,0,0.857142857142857,3.42857142857143,0.12258064516129,0,508.333333333333,133.333333333333,2.28571428571429,7.71428571428572,0.0516129032258065,0.148387096774194,0.01375,0.011,0.01375,0.01375,0,0,0,0
04/06/2017,0.00051079846190662,0.6,15.4885193321197,6,256.556738032057,0,0.857142857142857,3.42857142857143,0.12258064516129,0,508.333333333333,133.333333333333,2.28571428571429,7.71428571428572,0.0516129032258065,0.148387096774194,0.01375,0.011,0.01375,0.01375,0,0,0,0
05/06/2017,0.00227241084960062,0.6,15.370030153683,6,257.89310660215,0,0.857142857142857,3.42857142857143,0.12258064516129,0,508.333333333333,133.333333333333,2.28571428571429,7.71428571428572,0.0516129032258065,0.148387096774194,0.01375,0.011,0.01375,0.01375,0,0,0,0
06/06/2017,0.00113570686193624,0.6,15.2527635339609,6,259.231763976763,0,0.857142857142857,3.42857142857143,0.12258064516129,0,508.333333333333,133.333333333333,2.28571428571429,7.71428571428572,0.0516129032258065,0.148387096774194,0.01375,0.011,0.01375,0.01375,0,0,0,0
07/06/2017,0.0192887472413066,0.250636032957626,15.1367541863612,29.7567497588814,260.572313884907,0,4.80551194818274,19.2220477927309,1.35653560431902,0,508.333333333333,133.333333333333,12.8146985284873,43.2496075336446,0.57117288602906,1.64212204733355,0.01375,0.011,0.01375,0.01375,0,0,0,0
08/06/2017,0.0861703207651205,0.148654569631136,15.0220364521127,36.6914892650828,261.914359495362,0,5.65185859039357,22.6074343615743,1.64114879107401,0,508.333333333333,133.333333333333,15.0716229077162,50.8667273135422,0.691010017294318,1.98665379972116,0.01375,0.011,0.01375,0.01375,0,0,0,0
09/06/2017,0.106075831591167,0.137669392217282,14.908644290099,37.4384813292248,263.257503534148,0,5.92127484810355,23.6850993924142,1.75468891270149,0,508.333333333333,133.333333333333,15.7900662616095,53.291473632932,0.738816384295363,2.12409710484917,0.01375,0.011,0.01375,0.01375,0,0,0,0
10/06/2017,0.288307685238372,0.13256661536914,14.7966112668063,37.7854701548985,264.601348402127,0,6.65406424135287,26.6162569654115,2.12360972763348,0,508.333333333333,133.333333333333,17.7441713102743,59.8865781721759,0.894151464266728,2.57068545976684,0.01375,0.011,0.01375,0.01375,0,0,0,0
11/06/2017,0.385387408199168,0.143404562826296,14.6859705463869,37.0484897278119,265.945496292702,0,5.93568813287336,23.7427525314934,1.82979958671448,0,508.333333333333,133.333333333333,15.8285016876623,53.4211931958602,0.770441931248202,2.21502055233858,0.01375,0.011,0.01375,0.01375,0,0,0,0
12/06/2017,0.170225639816214,0.201871217350933,14.576754880842,33.0727572201366,267.289549309573,0,4.89344209095928,19.5737683638371,1.4354715241793,0,508.333333333333,133.333333333333,13.0491789092248,44.0409788186336,0.604409062812337,1.73767605558547,0.01375,0.011,0.01375,0.01375,0,0,0,0
13/06/2017,0.0428439620366599,0.423907776101179,14.4689966003261,17.9742712251199,268.633109584525,0,3.3145636786078,13.2582547144312,0.959994184579643,0,508.333333333333,133.333333333333,8.83883647628748,29.8310731074702,0.404208077717744,1.16209822343852,0.01375,0.011,0.01375,0.01375,0,0,0,0
14/06/2017,0.0275766596569814,0.535944398730988,14.3627276035769,10.3557808862928,269.975779395208,0,1.81717010507621,7.26868042030483,0.429301903003106,0,508.333333333333,133.333333333333,4.84578694686989,16.3545309456859,0.180758696001308,0.51968125100376,0.01375,0.011,0.01375,0.01375,0,0,0,0
15/06/2017,0.0203454805044552,0.586721266175232,14.2579793484726,6.90295390008425,271.317161282863,0,1.09028266338207,4.3611306535283,0.187997104085828,0,508.333333333333,133.333333333333,2.90742043568553,9.81254397043867,0.0791566754045593,0.227575441788108,0.01375,0.011,0.01375,0.01375,0,0,0,0
16/06/2017,0.0198089417646433,0.596351355286901,14.1547828427194,6.24810784049074,272.656858169988,0,1.11299486339778,4.45197945359112,0.187520850829628,0,508.333333333333,133.333333333333,2.96798630239408,10.01695377058,0.0789561477177382,0.226998924688497,0.01375,0.011,0.01375,0.01375,0,0,0,0
17/06/2017,0.0161398951070087,0.59940438373589,14.0531686346731,6.04050190595948,273.994473477875,0,0.985297183154737,3.94118873261895,0.152652929778211,0,508.333333333333,133.333333333333,2.6274591550793,8.86767464839263,0.064274917801352,0.184790388678887,0.01375,0.011,0.01375,0.01375,0,0,0,0
18/06/2017,0.0106091886502189,0.6,13.9531668042954,6,275.329611244008,0,0.857142857142857,3.42857142857143,0.12258064516129,0,508.333333333333,133.333333333333,2.28571428571429,7.71428571428572,0.0516129032258065,0.148387096774194,0.01375,0.011,0.01375,0.01375,0,0,0,0
19/06/2017,0.0114560968719255,0.6,13.8548069542502,6,276.661876239276,0,0.857142857142857,3.42857142857143,0.12258064516129,0,508.333333333333,133.333333333333,2.28571428571429,7.71428571428572,0.0516129032258065,0.148387096774194,0.01375,0.011,0.01375,0.01375,0,0,0,0
20/06/2017,0.0111395624120687,0.573737549052826,13.7581182011404,7.78584666440781,277.99087408497,0,1.0950687697465,4.38027507898599,0.189016061410796,0,508.333333333333,133.333333333333,2.92018338599066,9.85561892771848,0.0795857100677037,0.228808916444648,0.01375,0.011,0.01375,0.01375,0,0,0,0
21/06/2017,0.0110462244737617,0.522889528593278,13.6631291668888,11.2435120556571,279.316211369524,0,1.53206237956036,6.12824951824146,0.321082002437902,0,508.333333333333,133.333333333333,4.08549967882764,13.7885614160433,0.135192422079117,0.38867821347746,0.01375,0.011,0.01375,0.01375,0,0,0,0
22/06/2017,0.00845633315273438,0.588094571340628,13.5698679702651,6.80956914883732,280.637495764978,0,0.908166122825882,3.63266449130353,0.134255646169191,0,508.333333333333,133.333333333333,2.42177632753569,8.17349510543294,0.0565286931238699,0.162519992731126,0.01375,0.011,0.01375,0.01375,0,0,0,0
23/06/2017,0.00842679037661912,0.6,13.4783622185626,6,281.954336143113,0,0.954474106574846,3.81789642629938,0.143996604778097,0,508.333333333333,133.333333333333,2.54526428419959,8.59026695917361,0.0606301493802513,0.174311679468222,0.01375,0.011,0.01375,0.01375,0,0,0,0
24/06/2017,0.00666430908498613,0.6,13.3886389994256,6,283.266342691233,0,0.857142857142857,3.42857142857143,0.12258064516129,0,508.333333333333,133.333333333333,2.28571428571429,7.71428571428572,0.0516129032258065,0.148387096774194,0.01375,0.011,0.01375,0.01375,0,0,0,0
25/06/2017,0.00633027799930544,0.6,13.3007248728309,6,284.573127027558,0,0.857142857142857,3.42857142857143,0.12258064516129,0,508.333333333333,133.333333333333,2.28571428571429,7.71428571428572,0.0516129032258064,0.148387096774194,0.01375,0.011,0.01375,0.01375,0,0,0,0
26/06/2017,0.00417032153157776,0.6,13.2146458632257,6,285.874302316194,0,0.857142857142857,3.42857142857143,0.12258064516129,0,508.333333333333,133.333333333333,2.28571428571429,7.71428571428572,0.0516129032258065,0.148387096774194,0.01375,0.011,0.01375,0.01375,0,0,0,0
27/06/2017,0.00756134298756897,0.6,13.1304274518233,6,287.169483381644,0,1.1617648858148,4.64705954325921,0.191917669337079,0,508.333333333333,133.333333333333,3.09803969550614,10.4558839723332,0.0808074397208752,0.232321389197516,0.01375,0.011,0.01375,0.01375,0,0,0,0
28/06/2017,0.0072968498436008,0.6,13.0480945690608,6,288.458286822828,0,1.18748007298305,4.7499202919322,0.19783923176181,0,508.333333333333,133.333333333333,3.1666135279548,10.6873206568474,0.0833007291628675,0.239489596343244,0.01375,0.011,0.01375,0.01375,0,0,0,0
29/06/2017,0.008092528304037,0.509962378388657,12.9676715872185,12.1225582695713,289.740331126578,0,2.01852245048159,8.07408980192635,0.462999558394927,0,508.333333333333,133.333333333333,5.38272653461757,18.1667020543343,0.194947182482075,0.560473149635964,0.01375,0.011,0.01375,0.01375,0,0,0,0
30/06/2017,0.00657042720001059,0.422374590813125,12.8891823132057,18.0785278247075,291.015236780576,0,2.63155753293378,10.5262301317351,0.658581927227123,0,508.333333333333,133.333333333333,7.01748675449009,23.6840177964041,0.277297653569315,0.79723075401178,0.01375,0.011,0.01375,0.01375,0,0,0,0
01/07/2017,0.00516168597358235,0.6,12.8126499815131,6,292.282626385693,0,0.999134498402689,3.99653799361076,0.153741622976444,0,508.333333333333,133.333333333333,2.66435866240717,8.9922104856242,0.0647333149374503,0.186108280445169,0.01375,0.011,0.01375,0.01375,0,0,0,0
02/07/2017,0.00354244447460977,0.6,12.738097247335,6,293.542124767712,0,0.857142857142857,3.42857142857143,0.12258064516129,0,508.333333333333,133.333333333333,2.28571428571429,7.71428571428572,0.0516129032258065,0.148387096774194,0.01375,0.011,0.01375,0.01375,0,0,0,0
03/07/2017,0.00514158149995337,0.6,12.6655461798626,6,294.793359088383,0,1.09162331227946,4.36649324911782,0.175179967933594,0,508.333333333333,133.333333333333,2.91099549941188,9.8246098105151,0.0737599864983553,0.212059961182772,0.01375,0.011,0.01375,0.01375,0,0,0,0
04/07/2017,0.000428800269992718,0.6,12.5950182557516,6,296.035958955797,0,0.857142857142857,3.42857142857143,0.12258064516129,0,508.333333333333,133.333333333333,2.28571428571429,7.71428571428572,0.0516129032258065,0.148387096774194,0.01375,0.011,0.01375,0.01375,0,0,0,0
05/07/2017,0.0022299521061658,0.6,12.526534352764,6,297.269556534024,0,0.857142857142857,3.42857142857143,0.12258064516129,0,508.333333333333,133.333333333333,2.28571428571429,7.71428571428572,0.0516129032258065,0.148387096774194,0.01375,0.011,0.01375,0.01375,0,0,0,0
06/07/2017,0.002019176165854,0.6,12.4601147435886,6,298.493786652004,0,0.857142857142857,3.42857142857143,0.12258064516129,0,508.333333333333,133.333333333333,2.28571428571429,7.71428571428572,0.0516129032258065,0.148387096774194,0.01375,0.011,0.01375,0.01375,0,0,0,0
07/07/2017,0.0024273613335381,0.6,12.3957790898389,6,299.708286911643,0,0.857142857142857,3.42857142857143,0.12258064516129,0,508.333333333333,133.333333333333,2.28571428571429,7.71428571428572,0.0516129032258065,0.148387096774194,0.01375,0.011,0.01375,0.01375,0,0,0,0
08/07/2017,0.00308267738001645,0.6,12.3335464362339,6,300.91269779509,0,0.857142857142857,3.42857142857143,0.12258064516129,0,508.333333333333,133.333333333333,2.28571428571429,7.71428571428572,0.0516129032258065,0.148387096774194,0.01375,0.011,0.01375,0.01375,0,0,0,0
09/07/2017,0.00091952304214102,0.6,12.2734352049594,6,302.106662771168,0,0.857142857142857,3.42857142857143,0.12258064516129,0,508.333333333333,133.333333333333,2.28571428571429,7.71428571428572,0.0516129032258064,0.148387096774194,0.01375,0.011,0.01375,0.01375,0,0,0,0
10/07/2017,0.00123038830239028,0.6,12.2154631902157,6,303.289828400906,0,0.857142857142857,3.42857142857143,0.12258064516129,0,508.333333333333,133.333333333333,2.28571428571429,7.71428571428572,0.0516129032258065,0.148387096774194,0.01375,0.011,0.01375,0.01375,0,0,0,0
11/07/2017,0.00111663502659579,0.6,12.1596475529492,6,304.461844442171,0,0.857142857142857,3.42857142857143,0.12258064516129,0,508.333333333333,133.333333333333,2.28571428571429,7.71428571428572,0.0516129032258065,0.148387096774194,0.01375,0.011,0.01375,0.01375,0,0,0,0
12/07/2017,0.00230371895834199,0.6,12.1060048157731,6,305.622363953343,0,0.857142857142857,3.42857142857143,0.12258064516129,0,508.333333333333,133.333333333333,2.28571428571429,7.71428571428572,0.0516129032258065,0.148387096774194,0.01375,0.011,0.01375,0.01375,0,0,0,0
13/07/2017,0.00164536702211196,0.6,12.0545508580758,6,306.771043396021,0,0.857142857142857,3.42857142857143,0.12258064516129,0,508.333333333333,133.333333333333,2.28571428571429,7.71428571428572,0.0516129032258065,0.148387096774194,0.01375,0.011,0.01375,0.01375,0,0,0,0
14/07/2017,0.00111523416876193,0.6,12.0053009113207,6,307.907542736714,0,0.857142857142857,3.42857142857143,0.12258064516129,0,508.333333333333,133.333333333333,2.28571428571429,7.71428571428572,0.0516129032258065,0.148387096774194,0.01375,0.011,0.01375,0.01375,0,0,0,0
15/07/2017,0.00314646797324868,0.6,11.9582695545372,6,309.031525547499,0,0.976403192445626,3.9056127697825,0.147611558691429,0,508.333333333333,133.333333333333,2.60374184652167,8.78762873201063,0.0621522352384963,0.178687676310677,0.01375,0.011,0.01375,0.01375,0,0,0,0
16/07/2017,0.000557866122370955,0.6,11.9134707100049,6,310.142659105614,0,0.857142857142857,3.42857142857143,0.12258064516129,0,508.333333333333,133.333333333333,2.28571428571429,7.71428571428572,0.0516129032258065,0.148387096774194,0.01375,0.011,0.01375,0.01375,0,0,0,0
17/07/2017,0.00145496542540279,0.6,11.8709176391324,6,311.240614491947,0,0.857142857142857,3.42857142857143,0.12258064516129,0,508.333333333333,133.333333333333,2.28571428571429,7.71428571428572,0.0516129032258065,0.148387096774194,0.01375,0.011,0.01375,0.01375,0,0,0,0
18/07/2017,0,0,11.8306229385318,0,312.325066688404,0,0,0,0,0,508.333333333333,133.333333333333,0,0,0,0,0.01375,0.011,0.01375,0.01375,0,0,0,0
19/07/2017,0,0,11.7925985362894,0,313.395694674121,0,0,0,0,0,508.333333333333,133.333333333333,0,0,0,0,0.01375,0.011,0.01375,0.01375,0,0,0,0
20/07/2017,0.000400890933524877,0.6,11.7568556884352,6,314.452181520497,0,0.857142857142857,3.42857142857143,0.12258064516129,0,508.333333333333,133.333333333333,2.28571428571429,7.71428571428572,0.0516129032258065,0.148387096774194,0.01375,0.011,0.01375,0.01375,0,0,0,0
21/07/2017,0.000690713281059443,0.6,11.7234049756106,6,315.494214485005,0,0.857142857142857,3.42857142857143,0.12258064516129,0,508.333333333333,133.333333333333,2.28571428571429,7.71428571428572,0.0516129032258065,0.148387096774194,0.01375,0.011,0.01375,0.01375,0,0,0,0
22/07/2017,0.000427173518750971,0.6,11.6922562999366,6,316.521485103776,0,0.857142857142857,3.42857142857143,0.12258064516129,0,508.333333333333,133.333333333333,2.28571428571429,7.71428571428572,0.0516129032258065,0.148387096774194,0.01375,0.011,0.01375,0.01375,0,0,0,0
23/07/2017,0,0,11.6634188820821,0,317.533689282906,0,0,0,0,0,508.333333333333,133.333333333333,0,0,0,0,0.01375,0.011,0.01375,0.01375,0,0,0,0
24/07/2017,0,0,11.6369012585347,0,318.530527388481,0,0,0,0,0,508.333333333333,133.333333333333,0,0,0,0,0.01375,0.011,0.01375,0.01375,0,0,0,0
25/07/2017,0,0,11.6127112790737,0,319.511704335266,0,0,0,0,0,508.333333333333,133.333333333333,0,0,0,0,0.01375,0.011,0.01375,0.01375,0,0,0,0
26/07/2017,0,0,11.5908561044464,0,320.476929674065,0,0,0,0,0,508.333333333333,133.333333333333,0,0,0,0,0.01375,0.011,0.01375,0.01375,0,0,0,0
27/07/2017,0,0,11.5713422042482,0,321.425917677694,0,0,0,0,0,508.333333333333,133.333333333333,0,0,0,0,0.01375,0.011,0.01375,0.01375,0,0,0,0
28/07/2017,0,0,11.5541753550077,0,322.358387425568,0,0,0,0,0,508.333333333333,133.333333333333,0,0,0,0,0.01375,0.011,0.01375,0.01375,0,0,0,0
29/07/2017,0,0,11.5393606384765,0,323.274062886852,0,0,0,0,0,508.333333333333,133.333333333333,0,0,0,0,0.01375,0.011,0.01375,0.01375,0,0,0,0
30/07/2017,0,0,11.5269024401251,0,324.172673002179,0,0,0,0,0,508.333333333333,133.333333333333,0,0,0,0,0.01375,0.011,0.01375,0.01375,0,0,0,0
31/07/2017,2.71752922655271e-05,0.6,11.5168044478446,6,325.053951763886,0,0.857142857142857,3.42857142857143,0.12258064516129,0,508.333333333333,133.333333333333,2.28571428571429,7.71428571428572,0.0516129032258065,0.148387096774194,0.01375,0.011,0.01375,0.01375,0,0,0,0
01/08/2017,0.0204578175905425,0.203089599911876,11.5090696508551,32.9899072059924,325.917638294759,0,5.37739080052161,21.5095632020865,1.54233362969915,0,508.333333333333,133.333333333333,14.339708801391,48.3965172046945,0.649403633557538,1.86703544647792,0.01375,0.011,0.01375,0.01375,0,0,0,0
02/08/2017,0.0336718331194367,0.159621369783434,11.5037003388204,35.9457468547265,326.763476925256,0,5.00394769393617,20.0157907757447,1.36217253522912,0,508.333333333333,133.333333333333,13.3438605171631,45.0355292454255,0.573546330622786,1.64894570054051,0.01375,0.011,0.01375,0.01375,0,0,0,0
03/08/2017,0,0,11.500698101171,0,327.591217269194,0,0,0,0,0,508.333333333333,133.333333333333,0,0,0,0,0.01375,0.011,0.01375,0.01375,0,0,0,0
04/08/2017,0.00528613555227867,0.241713543337696,11.5000638266329,30.3634790530367,328.400614297865,0,5.35406916994179,21.4162766797672,1.54307458670779,0,508.333333333333,133.333333333333,14.2775177865114,48.1866225294761,0.649715615455913,1.86793239443575,0.01375,0.011,0.01375,0.01375,0,0,0,0
05/08/2017,0.0125443597284358,0.201210289246156,11.5017977029648,33.1177003312614,329.191428412574,0,4.98820499722796,19.9528199889118,1.37936005220071,0,508.333333333333,133.333333333333,13.3018799926079,44.8938449750516,0.580783179873983,1.6697516421377,0.01375,0.011,0.01375,0.01375,0,0,0,0
06/08/2017,0,0,11.5058992169025,0,329.963425515561,0,0,0,0,0,508.333333333333,133.333333333333,0,0,0,0,0.01375,0.011,0.01375,0.01375,0,0,0,0
07/08/2017,0,0,11.5123671543109,0,330.716377079302,0,0,0,0,0,508.333333333333,133.333333333333,0,0,0,0,0.01375,0.011,0.01375,0.01375,0,0,0,0
08/08/2017,0,0,11.5211996005432,0,331.450060214155,0,0,0,0,0,508.333333333333,133.333333333333,0,0,0,0,0.01375,0.011,0.01375,0.01375,0,0,0,0
09/08/2017,0,0,11.532393941008,0,332.164257734344,0,0,0,0,0,508.333333333333,133.333333333333,0,0,0,0,0.01375,0.011,0.01375,0.01375,0,0,0,0
10/08/2017,0,0,11.5459468619428,0,332.858758222246,0,0,0,0,0,508.333333333333,133.333333333333,0,0,0,0,0.01375,0.011,0.01375,0.01375,0,0,0,0
11/08/2017,0,0,11.5618543513956,0,333.53335609098,0,0,0,0,0,508.333333333333,133.333333333333,0,0,0,0,0.01375,0.011,0.01375,0.01375,0,0,0,0
12/08/2017,0,0,11.5801117004118,0,334.187851645262,0,0,0,0,0,508.333333333333,133.333333333333,0,0,0,0,0.01375,0.011,0.01375,0.01375,0,0,0,0
13/08/2017,0,0,11.6007135044287,0,334.822051140518,0,0,0,0,0,508.333333333333,133.333333333333,0,0,0,0,0.01375,0.011,0.01375,0.01375,0,0,0,0
14/08/2017,0,0,11.6236536648752,0,335.43576684024,0,0,0,0,0,508.333333333333,133.333333333333,0,0,0,0,0.01375,0.011,0.01375,0.01375,0,0,0,0
15/08/2017,0,0,11.6489253909769,0,336.028817071558,0,0,0,0,0,508.333333333333,133.333333333333,0,0,0,0,0.01375,0.011,0.01375,0.01375,0,0,0,0
16/08/2017,0,0,11.6765212017667,0,336.601026279017,0,0,0,0,0,508.333333333333,133.333333333333,0,0,0,0,0.01375,0.011,0.01375,0.01375,0,0,0,0
17/08/2017,0,0,11.706432928299,0,337.152225076551,0,0,0,0,0,508.333333333333,133.333333333333,0,0,0,0,0.01375,0.011,0.01375,0.01375,0,0,0,0
18/08/2017,0,0,11.7386517160679,0,337.682250297619,0,0,0,0,0,508.333333333333,133.333333333333,0,0,0,0,0.01375,0.011,0.01375,0.01375,0,0,0,0
19/08/2017,0,0,11.7731680276286,0,338.190945043506,0,0,0,0,0,508.333333333333,133.333333333333,0,0,0,0,0.01375,0.011,0.01375,0.01375,0,0,0,0
20/08/2017,0,0,11.8099716454204,0,338.678158729775,0,0,0,0,0,508.333333333333,133.333333333333,0,0,0,0,0.01375,0.011,0.01375,0.01375,0,0,0,0
21/08/2017,0,0,11.8490516747915,0,339.143747130835,0,0,0,0,0,508.333333333333,133.333333333333,0,0,0,0,0.01375,0.011,0.01375,0.01375,0,0,0,0
22/08/2017,0,0,11.8903965472238,0,339.587572422639,0,0,0,0,0,508.333333333333,133.333333333333,0,0,0,0,0.01375,0.011,0.01375,0.01375,0,0,0,0
23/08/2017,0,0,11.9339940237578,0,340.009503223483,0,0,0,0,0,508.333333333333,133.333333333333,0,0,0,0,0.01375,0.011,0.01375,0.01375,0,0,0,0
24/08/2017,0,0,11.9798311986152,0,340.409414632895,0,0,0,0,0,508.333333333333,133.333333333333,0,0,0,0,0.01375,0.011,0.01375,0.01375,0,0,0,0
25/08/2017,0,0,12.0278945030197,0,340.787188268613,0,0,0,0,0,508.333333333333,133.333333333333,0,0,0,0,0.01375,0.011,0.01375,0.01375,0,0,0,0
26/08/2017,0,0,12.0781697092131,0,341.142712301624,0,0,0,0,0,508.333333333333,133.333333333333,0,0,0,0,0.01375,0.011,0.01375,0.01375,0,0,0,0
27/08/2017,0,0,12.1306419346675,0,341.47588148927,0,0,0,0,0,508.333333333333,133.333333333333,0,0,0,0,0.01375,0.011,0.01375,0.01375,0,0,0,0
28/08/2017,0,0,12.1852956464909,0,341.7865972064,0,0,0,0,0,508.333333333333,133.333333333333,0,0,0,0,0.01375,0.011,0.01375,0.01375,0,0,0,0
29/08/2017,0,0,12.2421146660246,0,342.07476747457,0,0,0,0,0,508.333333333333,133.333333333333,0,0,0,0,0.01375,0.011,0.01375,0.01375,0,0,0,0
30/08/2017,0,0,12.3010821736331,0,342.340306989265,0,0,0,0,0,508.333333333333,133.333333333333,0,0,0,0,0.01375,0.011,0.01375,0.01375,0,0,0,0
31/08/2017,0,0,12.362180713683,0,342.583137145153,0,0,0,0,0,508.333333333333,133.333333333333,0,0,0,0,0.01375,0.011,0.01375,0.01375,0,0,0,0
01/09/2017,0,0,12.4253921997097,0,342.803186059355,0,0,0,0,0,508.333333333333,133.333333333333,0,0,0,0,0.01375,0.011,0.01375,0.01375,0,0,0,0
02/09/2017,0,0,12.4906979197721,0,343.000388592724,0,0,0,0,0,508.333333333333,133.333333333333,0,0,0,0,0.01375,0.011,0.01375,0.01375,0,0,0,0
03/09/2017,0,0,12.5580785419912,0,343.174686369124,0,0,0,0,0,508.333333333333,133.333333333333,0,0,0,0,0.01375,0.011,0.01375,0.01375,0,0,0,0
04/09/2017,0,0,12.6275141202729,0,343.326027792715,0,0,0,0,0,508.333333333333,133.333333333333,0,0,0,0,0.01375,0.011,0.01375,0.01375,0,0,0,0
05/09/2017,0,0,12.6989841002127,0,343.454368063225,0,0,0,0,0,508.333333333333,133.333333333333,0,0,0,0,0.01375,0.011,0.01375,0.01375,0,0,0,0
06/09/2017,0,0,12.7724673251798,0,343.559669189209,0,0,0,0,0,508.333333333333,133.333333333333,0,0,0,0,0.01375,0.011,0.01375,0.01375,0,0,0,0
07/09/2017,0,0,12.8479420425803,0,343.6418999993,0,0,0,0,0,508.333333333333,133.333333333333,0,0,0,0,0.01375,0.011,0.01375,0.01375,0,0,0,0
08/09/2017,0,0,12.9253859102962,0,343.701036151433,0,0,0,0,0,508.333333333333,133.333333333333,0,0,0,0,0.01375,0.011,0.01375,0.01375,0,0,0,0
09/09/2017,0,0,13.0047760032994,0,343.737060140052,0,0,0,0,0,508.333333333333,133.333333333333,0,0,0,0,0.01375,0.011,0.01375,0.01375,0,0,0,0
10/09/2017,0,0,13.0860888204375,0,343.749961301293,0,0,0,0,0,508.333333333333,133.333333333333,0,0,0,0,0.01375,0.011,0.01375,0.01375,0,0,0,0
11/09/2017,0,0,13.1693002913912,0,343.739735816136,0,0,0,0,0,508.333333333333,133.333333333333,0,0,0,0,0.01375,0.011,0.01375,0.01375,0,0,0,0
12/09/2017,0,0,13.2543857837993,0,343.706386711544,0,0,0,0,0,508.333333333333,133.333333333333,0,0,0,0,0.01375,0.011,0.01375,0.01375,0,0,0,0
13/09/2017,0,0,13.3413201105505,0,343.649923859559,0,0,0,0,0,508.333333333333,133.333333333333,0,0,0,0,0.01375,0.011,0.01375,0.01375,0,0,0,0
14/09/2017,0,0,13.4300775372393,0,343.570363974383,0,0,0,0,0,508.333333333333,133.333333333333,0,0,0,0,0.01375,0.011,0.01375,0.01375,0,0,0,0
15/09/2017,0.000171242400697635,0.114127197785209,13.5206317897838,39.0393505506057,343.46773060743,0,8.02176687612678,32.0870675045071,2.4135150408115,0,508.333333333333,133.333333333333,21.3913783363381,72.195901885141,1.01621685928905,2.92162347045603,0.01375,0.011,0.01375,0.01375,0,0,0,0
16/09/2017,0,0,13.6129560622039,0,343.342054140356,0,0,0,0,0,508.333333333333,133.333333333333,0,0,0,0,0.01375,0.011,0.01375,0.01375,0,0,0,0
17/09/2017,0,0,13.7070230245555,0,343.193371776061,0,0,0,0,0,508.333333333333,133.333333333333,0,0,0,0,0.01375,0.011,0.01375,0.01375,0,0,0,0
18/09/2017,0,0,13.8028048310218,0,343.021727527679,0,0,0,0,0,508.333333333333,133.333333333333,0,0,0,0,0.01375,0.011,0.01375,0.01375,0,0,0,0
19/09/2017,0,0,13.9002731281556,0,342.827172205552,0,0,0,0,0,508.333333333333,133.333333333333,0,0,0,0,0.01375,0.011,0.01375,0.01375,0,0,0,0
20/09/2017,0,0,13.9993990632724,0,342.609763402183,0,0,0,0,0,508.333333333333,133.333333333333,0,0,0,0,0.01375,0.011,0.01375,0.01375,0,0,0,0
21/09/2017,0,0,14.100153292992,0,342.369565475191,0,0,0,0,0,508.333333333333,133.333333333333,0,0,0,0,0.01375,0.011,0.01375,0.01375,0,0,0,0
22/09/2017,0,0,14.2025059919243,0,342.10664952826,0,0,0,0,0,508.333333333333,133.333333333333,0,0,0,0,0.01375,0.011,0.01375,0.01375,0,0,0,0
23/09/2017,0,0,14.3064268614986,0,341.821093390089,0,0,0,0,0,508.333333333333,133.333333333333,0,0,0,0,0.01375,0.011,0.01375,0.01375,0,0,0,0
24/09/2017,0,0,14.4118851389321,0,341.512981591355,0,0,0,0,0,508.333333333333,133.333333333333,0,0,0,0,0.01375,0.011,0.01375,0.01375,0,0,0,0
25/09/2017,0,0,14.5188496063369,0,341.182405339689,0,0,0,0,0,508.333333333333,133.333333333333,0,0,0,0,0.01375,0.011,0.01375,0.01375,0,0,0,0
26/09/2017,0,0,14.6272885999607,0,340.829462492675,0,0,0,0,0,508.333333333333,133.333333333333,0,0,0,0,0.01375,0.011,0.01375,0.01375,0,0,0,0
27/09/2017,0,0,14.7371700195604,0,340.454257528887,0,0,0,0,0,508.333333333333,133.333333333333,0,0,0,0,0.01375,0.011,0.01375,0.01375,0,0,0,0
28/09/2017,0,0,14.8484613379039,0,340.056901516956,0,0,0,0,0,508.333333333333,133.333333333333,0,0,0,0,0.01375,0.011,0.01375,0.01375,0,0,0,0
29/09/2017,0,0,14.9611296103994,0,339.637512082693,0,0,0,0,0,508.333333333333,133.333333333333,0,0,0,0,0.01375,0.011,0.01375,0.01375,0,0,0,0
30/09/2017,0,0,15.0751414848473,0,339.19621337427,0,0,0,0,0,508.333333333333,133.333333333333,0,0,0,0,0.01375,0.011,0.01375,0.01375,0,0,0,0
01/10/2017,0,0,15.1904632113135,0,338.73313602547,0,0,0,0,0,508.333333333333,133.333333333333,0,0,0,0,0.01375,0.011,0.01375,0.01375,0,0,0,0
02/10/2017,0,0,15.3070606521197,0,338.248417117015,0,0,0,0,0,508.333333333333,133.333333333333,0,0,0,0,0.01375,0.011,0.01375,0.01375,0,0,0,0
03/10/2017,0,0,15.4248992919492,0,337.742200135988,0,0,0,0,0,508.333333333333,133.333333333333,0,0,0,0,0.01375,0.011,0.01375,0.01375,0,0,0,0
04/10/2017,0,0,15.5439442480639,0,337.214634933357,0,0,0,0,0,508.333333333333,133.333333333333,0,0,0,0,0.01375,0.011,0.01375,0.01375,0,0,0,0
05/10/2017,0,0,15.6641602806307,0,336.665877679617,0,0,0,0,0,508.333333333333,133.333333333333,0,0,0,0,0.01375,0.011,0.01375,0.01375,0,0,0,0
06/10/2017,0,0,15.7855118031529,0,336.096090818561,0,0,0,0,0,508.333333333333,133.333333333333,0,0,0,0,0.01375,0.011,0.01375,0.01375,0,0,0,0
07/10/2017,0,0,15.9079628930047,0,335.50544301919,0,0,0,0,0,508.333333333333,133.333333333333,0,0,0,0,0.01375,0.011,0.01375,0.01375,0,0,0,0
08/10/2017,0,0,16.0314773020651,0,334.894109125787,0,0,0,0,0,508.333333333333,133.333333333333,0,0,0,0,0.01375,0.011,0.01375,0.01375,0,0,0,0
09/10/2017,0,0,16.1560184674478,0,334.262270106158,0,0,0,0,0,508.333333333333,133.333333333333,0,0,0,0,0.01375,0.011,0.01375,0.01375,0,0,0,0
10/10/2017,4.48681946785732e-05,0.113179386155043,16.2815495223251,39.1038017414571,333.610112998059,0,8.02989097581392,32.1195639032557,2.41607107475608,0,508.333333333333,133.333333333333,21.4130426021705,72.2690187823253,1.01729308410782,2.92471761680999,0.01375,0.011,0.01375,0.01375,0,0,0,0
11/10/2017,0.000113445782157562,0.111841598737564,16.408033306841,39.1947712858456,332.937830853834,0,8.04135772510659,32.1654309004264,2.41967878533999,0,508.333333333333,133.333333333333,21.4436206002842,72.3722195259593,1.01881212014315,2.92908484541156,0.01375,0.011,0.01375,0.01375,0,0,0,0
12/10/2017,0,0,16.5354323791111,0,332.245622683264,0,0,0,0,0,508.333333333333,133.333333333333,0,0,0,0,0.01375,0.011,0.01375,0.01375,0,0,0,0
13/10/2017,0.000587044902079564,0.106529801916356,16.6637090263067,39.5559734696878,331.533693394657,0,8.08688741214552,32.3475496485821,2.4340035019288,0,508.333333333333,133.333333333333,21.5650330990547,72.7819867093097,1.02484357975949,2.94642529180854,0.01375,0.011,0.01375,0.01375,0,0,0,0
14/10/2017,0.00128734228180856,0.105261274223553,16.792825275818,39.6422333527984,330.802253734189,0,8.09776050665526,32.391042026621,2.43742443467455,0,508.333333333333,133.333333333333,21.5940280177474,72.8798445598973,1.02628397249455,2.95056642092182,0.01375,0.011,0.01375,0.01375,0,0,0,0
15/10/2017,0.00437819281976528,0.102063292468131,16.9227429064953,39.8596961121671,330.051520223521,0,8.12517177884459,32.5006871153783,2.44604866934401,0,508.333333333333,133.333333333333,21.6671247435856,73.1265460096013,1.02991522919748,2.96100628394274,0.01375,0.011,0.01375,0.01375,0,0,0,0
16/10/2017,0.00527800731146908,0.101673630823534,17.053423459963,39.8861931039997,329.281715095704,0,8.12851173579828,32.5140469431931,2.44709949881137,0,508.333333333333,133.333333333333,21.6760312954621,73.1566056221846,1.03035768371005,2.9622783406664,0.01375,0.011,0.01375,0.01375,0,0,0,0
17/10/2017,0.00512930343012573,0.101665047442133,17.1848282520041,39.886776773935,328.49306622939,0,8.12858530763886,32.5143412305555,2.44712264625283,0,508.333333333333,133.333333333333,21.676227487037,73.1572677687498,1.03036743000119,2.96230636125343,0.01375,0.011,0.01375,0.01375,0,0,0,0
18/10/2017,0,0,17.3169183840117,0,327.685807081381,0,0,0,0,0,508.333333333333,133.333333333333,0,0,0,0,0.01375,0.011,0.01375,0.01375,0,0,0,0
19/10/2017,0.00090487798966134,0.104823655634048,17.4496547545038,39.6719914168848,326.860176617513,0,8.10151152313673,32.4060460925469,2.43860459319334,0,508.333333333333,133.333333333333,21.6040307283646,72.9136037082306,1.02678088134457,2.95199503386563,0.01375,0.011,0.01375,0.01375,0,0,0,0
20/10/2017,0.00671392249610842,0.153509091402184,17.5829980706979,36.3613817846515,326.016419241926,0,6.43244416863773,25.7297766745509,1.87886653507985,0,508.333333333333,133.333333333333,17.1531844497006,57.8919975177396,0.791101698980988,2.27441738457034,0.01375,0.011,0.01375,0.01375,0,0,0,0
21/10/2017,0.0428715435616957,0.1274239373973,17.7169088601428,38.1351722569836,325.154784724706,0,5.85882623868416,23.4353049547366,1.67645887829733,0,508.333333333333,133.333333333333,15.6235366364911,52.7294361481574,0.705877422440979,2.02939758951782,0.01375,0.011,0.01375,0.01375,0,0,0,0
22/10/2017,0.0479094636538201,0.114179576104411,17.8513474824032,39.0357888249001,324.275528127956,0,5.51938957058182,22.0775582823273,1.52143571157672,0,508.333333333333,133.333333333333,14.7183721882182,49.6745061352364,0.640604510137567,1.84173796664551,0.01375,0.011,0.01375,0.01375,0,0,0,0
23/10/2017,0.00305485984699275,0.124898469565623,17.986274140794,38.3069040695376,323.378909730285,0,8.02295940213859,32.0918376085544,2.43796350697461,0,508.333333333333,133.333333333333,21.3945584057029,72.2066346192474,1.0265109503051,2.95121898212716,0.01375,0.011,0.01375,0.01375,0,0,0,0
24/10/2017,0.00687561134369294,0.101264789014227,18.1216488941613,39.9139943470326,322.465194949768,0,8.13201609416377,32.5280643766551,2.44820205285196,0,508.333333333333,133.333333333333,21.6853762511034,73.1881448474739,1.0308219169903,2.96361301134711,0.01375,0.011,0.01375,0.01375,0,0,0,0
25/10/2017,0,0,18.2574316687051,0,321.534654265367,0,0,0,0,0,508.333333333333,133.333333333333,0,0,0,0,0.01375,0.011,0.01375,0.01375,0,0,0,0
26/10/2017,0,0,18.393582269843,0,320.587563136873,0,0,0,0,0,508.333333333333,133.333333333333,0,0,0,0,0.01375,0.011,0.01375,0.01375,0,0,0,0
27/10/2017,0.00605722018858368,0.132101501143403,18.5300603941077,37.8170979222486,319.624201923357,0,7.51368569659006,30.0547427863602,2.26237899973003,0,508.333333333333,133.333333333333,20.0364951909068,67.6231712693106,0.952580631465276,2.73866931546267,0.01375,0.011,0.01375,0.01375,0,0,0,0
28/10/2017,0.0136068150574265,0.123155777016586,18.6668256410784,38.4254071628722,318.644855800181,0,6.20155484397591,24.8062193759036,1.77019274498981,0,508.333333333333,133.333333333333,16.5374795839358,55.8139935957832,0.74534431367992,2.14286490182977,0.01375,0.011,0.01375,0.01375,0,0,0,0
29/10/2017,0,0,18.8038375253397,0,317.64981467458,0,0,0,0,0,508.333333333333,133.333333333333,0,0,0,0,0.01375,0.011,0.01375,0.01375,0,0,0,0
30/10/2017,0,0,18.9410554884664,0,316.639373099842,0,0,0,0,0,508.333333333333,133.333333333333,0,0,0,0,0.01375,0.011,0.01375,0.01375,0,0,0,0
31/10/2017,0,0,19.0784389110296,0,315.613830188116,0,0,0,0,0,508.333333333333,133.333333333333,0,0,0,0,0.01375,0.011,0.01375,0.01375,0,0,0,0
01/11/2017,0,0,19.2159471246209,0,314.573489521866,0,0,0,0,0,508.333333333333,133.333333333333,0,0,0,0,0.01375,0.011,0.01375,0.01375,0,0,0,0
02/11/2017,0,0,19.353539423891,0,313.518659064006,0,0,0,0,0,508.333333333333,133.333333333333,0,0,0,0,0.01375,0.011,0.01375,0.01375,0,0,0,0
03/11/2017,0,0,19.4911750785997,0,312.449651066735,0,0,0,0,0,508.333333333333,133.333333333333,0,0,0,0,0.01375,0.011,0.01375,0.01375,0,0,0,0
04/11/2017,0,0,19.6288133456723,0,311.366781979106,0,0,0,0,0,508.333333333333,133.333333333333,0,0,0,0,0.01375,0.011,0.01375,0.01375,0,0,0,0
05/11/2017,0.00711232559006989,0.139614498727059,19.7664134812612,37.30621408656,310.270372353347,0,6.86066507181777,27.4426602872711,2.02912884375577,0,508.333333333333,133.333333333333,18.2951068581807,61.74598564636,0.854370039476115,2.45631386349383,0.01375,0.011,0.01375,0.01375,0,0,0,0
06/11/2017,0.0119232787448644,0.107939034907698,19.9039347528061,39.4601456262766,309.160746749974,0,7.27959264262277,29.1183705704911,2.14722054649582,0,508.333333333333,133.333333333333,19.4122470469941,65.5163337836049,0.904092861682451,2.59926697733705,0.01375,0.011,0.01375,0.01375,0,0,0,0
07/11/2017,0.00785316688012465,0.101060165180562,20.0413364510926,39.9279087677218,308.038233641712,0,8.13377001273804,32.5350800509522,2.44875387712597,0,508.333333333333,133.333333333333,21.6900533673014,73.2039301146424,1.03105426405304,2.96428100915249,0.01375,0.011,0.01375,0.01375,0,0,0,0
08/11/2017,0.00186870232589513,0.103332670534729,20.178577902302,39.7733784036384,306.903165316262,0,8.11429139541661,32.4571655816664,2.44262544333215,0,508.333333333333,133.333333333333,21.6381103877776,73.0286225587495,1.02847387087669,2.9568623787705,0.01375,0.011,0.01375,0.01375,0,0,0,0
09/11/2017,0,0,20.3156184800527,0,305.755877777935,0,0,0,0,0,508.333333333333,133.333333333333,0,0,0,0,0.01375,0.011,0.01375,0.01375,0,0,0,0
10/11/2017,0,0,20.4524176174254,0,304.596710648189,0,0,0,0,0,508.333333333333,133.333333333333,0,0,0,0,0.01375,0.011,0.01375,0.01375,0,0,0,0
11/11/2017,0,0,20.5889348189725,0,303.42600706509,0,0,0,0,0,508.333333333333,133.333333333333,0,0,0,0,0.01375,0.011,0.01375,0.01375,0,0,0,0
12/11/2017,0,0,20.7251296727055,0,302.244113581744,0,0,0,0,0,508.333333333333,133.333333333333,0,0,0,0,0.01375,0.011,0.01375,0.01375,0,0,0,0
13/11/2017,0,0,20.8609618620575,0,301.051380063702,0,0,0,0,0,508.333333333333,133.333333333333,0,0,0,0,0.01375,0.011,0.01375,0.01375,0,0,0,0
14/11/2017,0,0,20.996391177818,0,299.848159585395,0,0,0,0,0,508.333333333333,133.333333333333,0,0,0,0,0.01375,0.011,0.01375,0.01375,0,0,0,0
15/11/2017,0,0,21.1313775300357,0,298.634808325618,0,0,0,0,0,508.333333333333,133.333333333333,0,0,0,0,0.01375,0.011,0.01375,0.01375,0,0,0,0
16/11/2017,0,0,21.2658809598859,0,297.411685462092,0,0,0,0,0,508.333333333333,133.333333333333,0,0,0,0,0.01375,0.011,0.01375,0.01375,0,0,0,0
17/11/2017,0,0,21.399861651499,0,296.17915306514,0,0,0,0,0,508.333333333333,133.333333333333,0,0,0,0,0.01375,0.011,0.01375,0.01375,0,0,0,0
18/11/2017,0,0,21.5332799437473,0,294.937575990505,0,0,0,0,0,508.333333333333,133.333333333333,0,0,0,0,0.01375,0.011,0.01375,0.01375,0,0,0,0
19/11/2017,0,0,21.666096341985,0,293.68732177135,0,0,0,0,0,508.333333333333,133.333333333333,0,0,0,0,0.01375,0.011,0.01375,0.01375,0,0,0,0
20/11/2017,0.00120754271816856,0.10430397448668,21.7982715297398,39.7073297349058,292.428760509454,0,8.10596593297131,32.4238637318853,2.44000605590044,0,508.333333333333,133.333333333333,21.6159091545902,72.9536933967418,1.02737097090545,2.95369154135316,0.01375,0.011,0.01375,0.01375,0,0,0,0
21/11/2017,0.0018808768029769,0.102944868290746,21.9297663803513,39.7997489562293,291.162264765657,0,8.11761541465075,32.470461658603,2.44367125841593,0,508.333333333333,133.333333333333,21.6469744390687,73.0585387318568,1.02891421406986,2.95812836545086,0.01375,0.011,0.01375,0.01375,0,0,0,0
22/11/2017,8.55342726867844e-05,0.108528332070912,22.0605419685534,39.420073419178,289.888209449576,0,8.06975715367789,32.2790286147116,2.42861391738296,0,508.333333333333,133.333333333333,21.5193524098077,72.627814383101,1.02257428100335,2.93990105788463,0.01375,0.011,0.01375,0.01375,0,0,0,0
23/11/2017,0.0016021348367949,0.103301118337397,22.1905595819968,39.775523953057,288.606971708621,0,8.11456184282231,32.4582473712893,2.44271053248367,0,508.333333333333,133.333333333333,21.6388315808595,73.0310565854008,1.02850969788786,2.9569653814276,0.01375,0.011,0.01375,0.01375,0,0,0,0
24/11/2017,0,0,22.3197807327088,0,287.31893081635,0,0,0,0,0,508.333333333333,133.333333333333,0,0,0,0,0.01375,0.011,0.01375,0.01375,0,0,0,0
25/11/2017,0,0,22.4481671684868,0,286.024468060202,0,0,0,0,0,508.333333333333,133.333333333333,0,0,0,0,0.01375,0.011,0.01375,0.01375,0,0,0,0
26/11/2017,0,0,22.5756808842214,0,284.723966628621,0,0,0,0,0,508.333333333333,133.333333333333,0,0,0,0,0.01375,0.011,0.01375,0.01375,0,0,0,0
27/11/2017,0,0,22.7022841331467,0,283.417811497628,0,0,0,0,0,508.333333333333,133.333333333333,0,0,0,0,0.01375,0.011,0.01375,0.01375,0,0,0,0
28/11/2017,0,0,22.8279394380145,0,282.10638931686,0,0,0,0,0,508.333333333333,133.333333333333,0,0,0,0,0.01375,0.011,0.01375,0.01375,0,0,0,0
29/11/2017,0.00142544742015143,0.103612652929718,22.9526096021881,39.7543396007792,280.79008829511,0,8.1118915463167,32.4475661852668,2.44187039403469,0,508.333333333333,133.333333333333,21.6317107901779,73.0070239168503,1.02815595538303,2.95594837172621,0.01375,0.011,0.01375,0.01375,0,0,0,0
30/11/2017,0.00607434796178578,0.101161887097276,23.0762577206533,39.9209916773852,279.469298085414,0,8.13289811059478,32.5315924423791,2.44847955608606,0,508.333333333333,133.333333333333,21.6877282949194,73.196082995353,1.03093876045729,2.9639489363147,0.01375,0.011,0.01375,0.01375,0,0,0,0
01/12/2017,0.00151852032785603,0.102698451471908,23.1988471909432,39.8165052999103,278.144409669701,0,8.11972755881222,32.4789102352489,2.44433578893382,0,508.333333333333,133.333333333333,21.6526068234993,73.07754802931,1.02919401639319,2.95893279713042,0.01375,0.011,0.01375,0.01375,0,0,0,0
02/12/2017,0,0,23.3203417239731,0,276.815815243058,0,0,0,0,0,508.333333333333,133.333333333333,0,0,0,0,0.01375,0.011,0.01375,0.01375,0,0,0,0
03/12/2017,0.00355949384635606,0.106446561026106,23.4407053547832,39.5616338502248,275.483908097629,0,8.12098575440118,32.4839430176047,2.45332555329785,0,508.333333333333,133.333333333333,21.6559620117365,73.0888717896106,1.03297918033594,2.96981514346582,0.01375,0.011,0.01375,0.01375,0,0,0,0
04/12/2017,0.0270234225389818,0.116983220933361,23.5599024531845,38.8451409765314,274.149082506192,0,5.56177649142488,22.2471059656995,1.53899828562765,0,508.333333333333,133.333333333333,14.831403977133,50.0559884228239,0.647999278159009,1.86299792470715,0.01375,0.011,0.01375,0.01375,0,0,0,0
05/12/2017,0.00375114655221191,0.101851478081301,23.6778977343065,39.8740994904715,272.811733605447,0,8.1269873307317,32.5079493229268,2.44661988491623,0,508.333333333333,133.333333333333,21.6719662152845,73.1428859765853,1.03015574101736,2.96169775542491,0.01375,0.011,0.01375,0.01375,0,0,0,0
06/12/2017,0.00185032978681948,0.102883484806482,23.794656269042,39.8039230331593,271.472257279049,0,8.11814155880159,32.4725662352063,2.4438367958122,0,508.333333333333,133.333333333333,21.6483774901376,73.0632740292143,1.02898391402619,2.95832875282529,0.01375,0.011,0.01375,0.01375,0,0,0,0
07/12/2017,0.000300360149372658,0.104049705592078,23.9101434943871,39.7246200197387,270.131050040415,0,8.10814538063933,32.4325815225573,2.44069176169362,0,508.333333333333,133.333333333333,21.6217210150382,72.973308425754,1.02765968913416,2.9545216062607,0.01375,0.011,0.01375,0.01375,0,0,0,0
08/12/2017,0.00222744516956335,0.102329886275652,24.0243252236724,39.8415677332557,268.788508915348,0,8.12288668906584,32.4915467562634,2.44532972604373,0,508.333333333333,133.333333333333,21.6610311708422,73.1059802015926,1.02961251622894,2.96013598415819,0.01375,0.011,0.01375,0.01375,0,0,0,0
09/12/2017,0.000809833717040922,0.104421772317263,24.137167656683,39.6993194824261,267.445031324511,0,8.1049562372806,32.4198249491224,2.43968838175086,0,508.333333333333,133.333333333333,21.6132166327483,72.9446061355254,1.02723721336879,2.95330698843526,0.01375,0.011,0.01375,0.01375,0,0,0,0
10/12/2017,0.0033203804336135,0.101702844001507,24.2486373896641,39.8842066078975,266.101014965779,0,8.12826133712994,32.5130453485198,2.4470207174669,0,508.333333333333,133.333333333333,21.6753635656798,73.1543520341695,1.03032451261764,2.96218297377572,0.01375,0.011,0.01375,0.01375,0,0,0,0
11/12/2017,0,0,24.3587014252095,0,264.756857696517,0,0,0,0,0,508.333333333333,133.333333333333,0,0,0,0,0.01375,0.011,0.01375,0.01375,0,0,0,0
12/12/2017,0,0,24.4673271820289,0,263.412957415799,0,0,0,0,0,508.333333333333,133.333333333333,0,0,0,0,0.01375,0.011,0.01375,0.01375,0,0,0,0
13/12/2017,0,0,24.5744825045931,0,262.069711946626,0,0,0,0,0,508.333333333333,133.333333333333,0,0,0,0,0.01375,0.011,0.01375,0.01375,0,0,0,0
14/12/2017,0,0,24.680135672653,0,260.727518918163,0,0,0,0,0,508.333333333333,133.333333333333,0,0,0,0,0.01375,0.011,0.01375,0.01375,0,0,0,0
15/12/2017,0,0,24.7842554106286,0,259.386775648026,0,0,0,0,0,508.333333333333,133.333333333333,0,0,0,0,0.01375,0.011,0.01375,0.01375,0,0,0,0
16/12/2017,0,0,24.8868108968681,0,258.047879024676,0,0,0,0,0,508.333333333333,133.333333333333,0,0,0,0,0.01375,0.011,0.01375,0.01375,0,0,0,0
17/12/2017,0.00255968513710763,0.102107575133734,24.9877717727713,39.8566848909061,256.711225389925,0,8.12479221313943,32.4991688525577,2.44592924899419,0,508.333333333333,133.333333333333,21.6661125683718,73.1231299182548,1.02986494694492,2.96086172246665,0.01375,0.011,0.01375,0.01375,0,0,0,0
18/12/2017,0,0,25.0871081517765,0,255.377210421614,0,0,0,0,0,508.333333333333,133.333333333333,0,0,0,0,0.01375,0.011,0.01375,0.01375,0,0,0,0
19/12/2017,0,0,25.1847906282074,0,254.046229016481,0,0,0,0,0,508.333333333333,133.333333333333,0,0,0,0,0.01375,0.011,0.01375,0.01375,0,0,0,0
20/12/2017,0.00157428651129069,0.102360441979527,25.2807902859783,39.8394899453922,252.718675173266,0,8.12262478303263,32.4904991321305,2.44524732421005,0,508.333333333333,133.333333333333,21.6603327547537,73.1036230472936,1.02957782072002,2.96003623457006,0.01375,0.011,0.01375,0.01375,0,0,0,0
21/12/2017,0.00406144805260233,0.129753250534208,25.3750787071532,37.9767789636739,251.394941876079,0,7.96315974380663,31.8526389752265,2.4195698763976,0,508.333333333333,133.333333333333,21.235092650151,71.6684376942597,1.01876626374636,2.92895300827078,0.01375,0.011,0.01375,0.01375,0,0,0,0
22/12/2017,0.00645564629826597,0.101016005497317,25.4676279803587,39.9309116261824,250.075420978066,0,8.13414852430871,32.5365940972348,2.44887296582014,0,508.333333333333,133.333333333333,21.6910627314899,73.2073367187784,1.03110440666111,2.96442516915069,0.01375,0.011,0.01375,0.01375,0,0,0,0
23/12/2017,0.00239635460833808,0.102028989893698,25.5584107090458,39.8620286872285,248.760503085413,0,8.12546580091116,32.5018632036446,2.44614117564151,0,508.333333333333,133.333333333333,21.6679088024298,73.1291922082004,1.02995417921748,2.96111826525025,0.01375,0.011,0.01375,0.01375,0,0,0,0
24/12/2017,0,0,25.6474000196006,0,247.45057744172,0,0,0,0,0,508.333333333333,133.333333333333,0,0,0,0,0.01375,0.011,0.01375,0.01375,0,0,0,0
25/12/2017,0,0,25.7345695692986,0,246.146031812774,0,0,0,0,0,508.333333333333,133.333333333333,0,0,0,0,0.01375,0.011,0.01375,0.01375,0,0,0,0
26/12/2017,0.00141472604771608,0.103455466697955,25.8198935541034,39.7650282645391,244.847252371766,0,8.11323885687467,32.4529554274987,2.4422942898081,0,508.333333333333,133.333333333333,21.6353036183325,73.0191497118721,1.02833443781394,2.95646150871506,0.01375,0.011,0.01375,0.01375,0,0,0,0
27/12/2017,0.00167406937517864,0.102570487708964,25.9033467163048,39.8252068357905,243.55462358497,0,8.12082439106602,32.4832975642641,2.44468087830744,0,508.333333333333,133.333333333333,21.6555317095094,73.0874195195942,1.02933931718208,2.95935053689848,0.01375,0.011,0.01375,0.01375,0,0,0,0
28/12/2017,0,0,25.984904351996,0,242.268528097937,0,0,0,0,0,508.333333333333,133.333333333333,0,0,0,0,0.01375,0.011,0.01375,0.01375,0,0,0,0
29/12/2017,0,0,26.0645423183859,0,240.989346622224,0,0,0,0,0,508.333333333333,133.333333333333,0,0,0,0,0.01375,0.011,0.01375,0.01375,0,0,0,0
30/12/2017,0.000327072981178117,0.103523046972144,26.1422370409468,39.7604328058942,239.717457822691,0,8.11265959738162,32.4506383895265,2.44211204106867,0,508.333333333333,133.333333333333,21.633758926351,73.0139363764346,1.0282577015026,2.95624089181997,0.01375,0.011,0.01375,0.01375,0,0,0,0
31/12/2017,0.00336296391165631,0.101667502550118,26.2179655203918,39.886609826592,238.453238205414,0,8.12856426385613,32.5142570554245,2.44711602538097,0,508.333333333333,133.333333333333,21.676171370283,73.1570783747052,1.03036464226567,2.96229834651381,0.01375,0.011,0.01375,0.01375,0,0,0,0
01/01/2018,0.000132176037801445,0.106430035590224,26.3051371179797,39.5627575798648,236.96541410873,0,8.08774255208379,32.3509702083352,2.43427254918249,0,508.333333333333,133.333333333333,21.5673134722235,72.7896829687542,1.02495686281368,2.94675098058933,0.01375,0.011,0.01375,0.01375,0,0,0,0
02/01/2018,0,0,26.3764918925008,0,235.719251726306,0,0,0,0,0,508.333333333333,133.333333333333,0,0,0,0,0.01375,0.011,0.01375,0.01375,0,0,0,0
03/01/2018,0,0,26.4458110794992,0,234.481942079986,0,0,0,0,0,508.333333333333,133.333333333333,0,0,0,0,0.01375,0.011,0.01375,0.01375,0,0,0,0
04/01/2018,0.000721952125282059,0.103722936641946,26.5130741590243,39.7468403083477,233.253851439682,0,8.11094625735475,32.443785029419,2.44157298376559,0,508.333333333333,133.333333333333,21.6291900196127,72.9985163161927,1.02803073000656,2.95558834876887,0.01375,0.011,0.01375,0.01375,0,0,0,0
05/01/2018,0,0,26.5782612197774,0,232.035343346284,0,0,0,0,0,508.333333333333,133.333333333333,0,0,0,0,0.01375,0.011,0.01375,0.01375,0,0,0,0
06/01/2018,0,0,26.6413529650052,0,230.826778504046,0,0,0,0,0,508.333333333333,133.333333333333,0,0,0,0,0.01375,0.011,0.01375,0.01375,0,0,0,0
07/01/2018,0,0,26.7023307182122,0,229.628514673805,0,0,0,0,0,508.333333333333,133.333333333333,0,0,0,0,0.01375,0.011,0.01375,0.01375,0,0,0,0
08/01/2018,0,0,26.7611764286895,0,228.440906567085,0,0,0,0,0,508.333333333333,133.333333333333,0,0,0,0,0.01375,0.011,0.01375,0.01375,0,0,0,0
09/01/2018,0.00171773831561481,0.102047025153557,26.817872676858,39.8608022895581,227.264305741087,0,8.12531121296951,32.501244851878,2.44609253861815,0,508.333333333333,133.333333333333,21.6674965679187,73.1278009167256,1.0299337004708,2.96105938885355,0.01375,0.011,0.01375,0.01375,0,0,0,0
10/01/2018,0.00810775658758582,0.102674906653258,26.8724026794253,39.8181063475784,226.099060494622,0,7.78408498660621,31.1363399464248,2.32467907976069,0,508.333333333333,133.333333333333,20.7575599642832,70.0567648794559,0.978812244109766,2.81408520181558,0.01375,0.011,0.01375,0.01375,0,0,0,0
11/01/2018,0.00158852759849233,0.102687790628044,26.9247502943533,39.817230237293,224.945515765012,0,8.11981893747391,32.4792757498956,2.44436453882244,0,508.333333333333,133.333333333333,21.6528504999304,73.0783704372652,1.02920612160945,2.95896759962716,0.01375,0.011,0.01375,0.01375,0,0,0,0
12/01/2018,0,0,26.9749000256372,0,223.804013025974,0,0,0,0,0,508.333333333333,133.333333333333,0,0,0,0,0.01375,0.011,0.01375,0.01375,0,0,0,0
13/01/2018,0,0,27.0228370278924,0,222.674890186543,0,0,0,0,0,508.333333333333,133.333333333333,0,0,0,0,0.01375,0.011,0.01375,0.01375,0,0,0,0
14/01/2018,0,0,27.0685471107489,0,221.55848149104,0,0,0,0,0,508.333333333333,133.333333333333,0,0,0,0,0.01375,0.011,0.01375,0.01375,0,0,0,0
15/01/2018,0,0,27.1120167430522,0,220.45511742013,0,0,0,0,0,508.333333333333,133.333333333333,0,0,0,0,0.01375,0.011,0.01375,0.01375,0,0,0,0
16/01/2018,0,0,27.1532330568687,0,219.365124592991,0,0,0,0,0,508.333333333333,133.333333333333,0,0,0,0,0.01375,0.011,0.01375,0.01375,0,0,0,0
17/01/2018,0,0,27.1921838512949,0,218.28882567063,0,0,0,0,0,508.333333333333,133.333333333333,0,0,0,0,0.01375,0.011,0.01375,0.01375,0,0,0,0
18/01/2018,0,0,27.2288575960691,0,217.226539260369,0,0,0,0,0,508.333333333333,133.333333333333,0,0,0,0,0.01375,0.011,0.01375,0.01375,0,0,0,0
19/01/2018,0,0,27.2632434349846,0,216.178579821526,0,0,0,0,0,508.333333333333,133.333333333333,0,0,0,0,0.01375,0.011,0.01375,0.01375,0,0,0,0
20/01/2018,0,0,27.2953311891033,0,215.145257572335,0,0,0,0,0,508.333333333333,133.333333333333,0,0,0,0,0.01375,0.011,0.01375,0.01375,0,0,0,0
21/01/2018,0,0,27.3251113597692,0,214.126878398107,0,0,0,0,0,508.333333333333,133.333333333333,0,0,0,0,0.01375,0.011,0.01375,0.01375,0,0,0,0
22/01/2018,0,0,27.3525751314198,0,213.12374376069,0,0,0,0,0,508.333333333333,133.333333333333,0,0,0,0,0.01375,0.011,0.01375,0.01375,0,0,0,0
23/01/2018,0,0,27.3777143741959,0,212.136150609223,0,0,0,0,0,508.333333333333,133.333333333333,0,0,0,0,0.01375,0.011,0.01375,0.01375,0,0,0,0
24/01/2018,0,0,27.4005216463481,0,211.164391292236,0,0,0,0,0,508.333333333333,133.333333333333,0,0,0,0,0.01375,0.011,0.01375,0.01375,0,0,0,0
25/01/2018,0,0,27.4209901964399,0,210.208753471109,0,0,0,0,0,508.333333333333,133.333333333333,0,0,0,0,0.01375,0.011,0.01375,0.01375,0,0,0,0
26/01/2018,0,0,27.4391139653462,0,209.269520034914,0,0,0,0,0,508.333333333333,133.333333333333,0,0,0,0,0.01375,0.011,0.01375,0.01375,0,0,0,0
27/01/2018,0,0,27.4548875880467,0,208.346969016682,0,0,0,0,0,508.333333333333,133.333333333333,0,0,0,0,0.01375,0.011,0.01375,0.01375,0,0,0,0
28/01/2018,0,0,27.4683063952143,0,207.441373511089,0,0,0,0,0,508.333333333333,133.333333333333,0,0,0,0,0.01375,0.011,0.01375,0.01375,0,0,0,0
29/01/2018,0,0,27.4793664145975,0,206.553001593623,0,0,0,0,0,508.333333333333,133.333333333333,0,0,0,0,0.01375,0.011,0.01375,0.01375,0,0,0,0
30/01/2018,0,0,27.4880643721958,0,205.682116241223,0,0,0,0,0,508.333333333333,133.333333333333,0,0,0,0,0.01375,0.011,0.01375,0.01375,0,0,0,0
31/01/2018,0,0,27.4943976932292,0,204.828975254433,0,0,0,0,0,508.333333333333,133.333333333333,0,0,0,0,0.01375,0.011,0.01375,0.01375,0,0,0,0
01/02/2018,0.000413388982644477,0.104336579638441,27.4983645029001,39.705112584586,203.993831181091,0,8.10568646024194,32.4227458409677,2.43991812716859,0,508.333333333333,133.333333333333,21.6151638939785,72.9511781421774,1.02733394828151,2.95358510130935,0.01375,0.011,0.01375,0.01375,0,0,0,0
02/02/2018,0,0,27.4999636269489,0,203.176931241564,0,0,0,0,0,508.333333333333,133.333333333333,0,0,0,0,0.01375,0.011,0.01375,0.01375,0,0,0,0
03/02/2018,0.00121970983604343,0.102982391604079,27.4991945920008,39.7971973709226,202.37851725557,0,8.11729378625075,32.469175145003,2.44357006651287,0,508.333333333333,133.333333333333,21.6461167633353,73.0556440762568,1.02887160695279,2.95800586998927,0.01375,0.011,0.01375,0.01375,0,0,0,0
04/02/2018,0.00302206436558865,0.101484292257982,27.4960576257065,39.8990681264572,201.59882557059,0,8.13013463778872,32.5205385511549,2.4476101021688,0,508.333333333333,133.333333333333,21.6803590341033,73.1712117400985,1.03057267459739,2.96289643946749,0.01375,0.011,0.01375,0.01375,0,0,0,0
05/02/2018,0.00034873615669827,0.104466293900236,27.4905536566747,39.696292014784,200.838086991908,0,8.10457462371227,32.4182984948491,2.43956831709485,0,508.333333333333,133.333333333333,21.612198996566,72.9411716134104,1.02718665982941,2.95316164700955,0.01375,0.011,0.01375,0.01375,0,0,0,0
06/02/2018,0,0,27.4826843141968,0,200.096526714289,0,0,0,0,0,508.333333333333,133.333333333333,0,0,0,0,0.01375,0.011,0.01375,0.01375,0,0,0,0
07/02/2018,0,0,27.4724519277653,0,199.374364255309,0,0,0,0,0,508.333333333333,133.333333333333,0,0,0,0,0.01375,0.011,0.01375,0.01375,0,0,0,0
08/02/2018,0,0,27.4598595263838,0,198.671813390382,0,0,0,0,0,508.333333333333,133.333333333333,0,0,0,0,0.01375,0.011,0.01375,0.01375,0,0,0,0
09/02/2018,0,0,27.4449108376702,0,197.989082089472,0,0,0,0,0,508.333333333333,133.333333333333,0,0,0,0,0.01375,0.011,0.01375,0.01375,0,0,0,0
10/02/2018,0,0,27.4276102867536,0,197.326372455532,0,0,0,0,0,508.333333333333,133.333333333333,0,0,0,0,0.01375,0.011,0.01375,0.01375,0,0,0,0
11/02/2018,0.000429611559228465,0.103221773363154,27.4079629949642,39.7809194113055,196.683880664676,0,8.11524194260153,32.4609677704061,2.44292450796259,0,508.333333333333,133.333333333333,21.6406451802708,73.0371774834138,1.02859979282635,2.95722440437577,0.01375,0.011,0.01375,0.01375,0,0,0,0
12/02/2018,0.000536646438904934,0.103253903490714,27.3859747783173,39.7787345626314,196.061796908109,0,8.11496654150816,32.4598661660327,2.44283786026375,0,508.333333333333,133.333333333333,21.6399107773551,73.0346988735735,1.02856330958474,2.95711951505612,0.01375,0.011,0.01375,0.01375,0,0,0,0
13/02/2018,0.00112438527876123,0.102281596328067,27.3616521457917,39.8448514496914,195.460305335824,0,8.12330060290228,32.4932024116091,2.44545995312818,0,508.333333333333,133.333333333333,21.6621349410727,73.1097054261205,1.02966734868555,2.96029362747095,0.01375,0.011,0.01375,0.01375,0,0,0,0
14/02/2018,0,0,27.3350022974027,0,194.87958400209,0,0,0,0,0,508.333333333333,133.333333333333,0,0,0,0,0.01375,0.011,0.01375,0.01375,0,0,0,0
15/02/2018,0,0,27.3060331220709,0,194.319804812745,0,0,0,0,0,508.333333333333,133.333333333333,0,0,0,0,0.01375,0.011,0.01375,0.01375,0,0,0,0
16/02/2018,0,0,27.274753195287,0,193.781133474307,0,0,0,0,0,508.333333333333,133.333333333333,0,0,0,0,0.01375,0.011,0.01375,0.01375,0,0,0,0
17/02/2018,0,0,27.2411717765731,0,193.263729444924,0,0,0,0,0,508.333333333333,133.333333333333,0,0,0,0,0.01375,0.011,0.01375,0.01375,0,0,0,0
18/02/2018,0,0,27.2052988067417,0,192.767745887169,0,0,0,0,0,508.333333333333,133.333333333333,0,0,0,0,0.01375,0.011,0.01375,0.01375,0,0,0,0
19/02/2018,0,0,27.1671449049533,0,192.293329622699,0,0,0,0,0,508.333333333333,133.333333333333,0,0,0,0,0.01375,0.011,0.01375,0.01375,0,0,0,0
20/02/2018,0.00470376250297215,0.112456676562454,27.1267213655722,39.1529459937531,191.840621088795,0,8.12803908746344,32.5121563498538,2.47062139229753,0,508.333333333333,133.333333333333,21.6747708999025,73.152351787171,1.04026163886212,2.99075221172859,0.01375,0.011,0.01375,0.01375,0,0,0,0
21/02/2018,0.0188168348452156,0.104893539643224,27.0840401548241,39.6672393042608,191.409754296791,0,6.20014075346156,24.8005630138462,1.75968798710165,0,508.333333333333,133.333333333333,16.5337086758975,55.801266781154,0.740921257727011,2.13014861596516,0.01375,0.011,0.01375,0.01375,0,0,0,0
22/02/2018,0,0,27.0391139072529,0,191.000856792401,0,0,0,0,0,508.333333333333,133.333333333333,0,0,0,0,0.01375,0.011,0.01375,0.01375,0,0,0,0
23/02/2018,0,0,26.9919559219814,0,190.614049617962,0,0,0,0,0,508.333333333333,133.333333333333,0,0,0,0,0.01375,0.011,0.01375,0.01375,0,0,0,0
24/02/2018,0.00161239109217421,0.102192584257091,26.9425801587739,39.8509042705178,190.249447276606,0,8.12406356351065,32.4962542540426,2.4456999985841,0,508.333333333333,133.333333333333,21.6641695026951,73.1165720715959,1.02976842045646,2.96058420881234,0.01375,0.011,0.01375,0.01375,0,0,0,0
25/02/2018,0,0,26.891001233904,0,189.907157698364,0,0,0,0,0,508.333333333333,133.333333333333,0,0,0,0,0.01375,0.011,0.01375,0.01375,0,0,0,0
26/02/2018,0.237980539232867,0.11839859818564,26.8372344158281,38.7488953233765,189.587282208215,0,6.90671442021829,27.6268576808731,2.19270944238027,0,508.333333333333,133.333333333333,18.4179051205821,62.1604297819646,0.923246081002218,2.65433248288138,0.01375,0.011,0.01375,0.01375,0,0,0,0
27/02/2018,0.235659337191047,0.133504183991895,26.7812956206654,37.7217154885512,189.28991549609,0,5.85115301194465,23.4046120477786,1.72909624418118,0,508.333333333333,133.333333333333,15.6030746985191,52.6603771075019,0.728040523865761,2.09311650611406,0.01375,0.011,0.01375,0.01375,0,0,0,0
28/02/2018,0.0185542577990075,0.285864722427959,26.7232014074861,27.3611988748988,189.015145588848,0,4.43882313261634,17.7552925304654,1.25773172850458,0,508.333333333333,133.333333333333,11.8368616869769,39.9494081935471,0.52957125410719,1.52251735555817,0.01375,0.011,0.01375,0.01375,0,0,0,0
01/03/2018,0.000333151920833575,0.6,26.6629689734102,6,188.763053824211,0,0.857142857142857,3.42857142857143,0.12258064516129,0,508.333333333333,133.333333333333,2.28571428571429,7.71428571428572,0.0516129032258065,0.148387096774194,0.01375,0.011,0.01375,0.01375,0,0,0,0
02/03/2018,0,0,26.6006161485163,0,188.533714826692,0,0,0,0,0,508.333333333333,133.333333333333,0,0,0,0,0.01375,0.011,0.01375,0.01375,0,0,0,0
03/03/2018,0.000540142816588915,0.6,26.5361613905638,6,188.327196485501,0,0.857142857142857,3.42857142857143,0.12258064516129,0,508.333333333333,133.333333333333,2.28571428571429,7.71428571428572,0.0516129032258065,0.148387096774194,0.01375,0.011,0.01375,0.01375,0,0,0,0
04/03/2018,0,0,26.4696237795288,0,188.143559934448,0,0,0,0,0,508.333333333333,133.333333333333,0,0,0,0,0.01375,0.011,0.01375,0.01375,0,0,0,0
05/03/2018,0,0,26.4010230119562,0,187.98285953385,0,0,0,0,0,508.333333333333,133.333333333333,0,0,0,0,0.01375,0.011,0.01375,0.01375,0,0,0,0
06/03/2018,0.0166235018343964,0.225451448544609,26.3303793951287,31.4693014989666,187.845142854435,0,5.04764396967003,20.1905758786801,1.42959335067011,0,508.333333333333,133.333333333333,13.4603839191201,45.4287957270302,0.601934042387416,1.73056037186382,0.01375,0.011,0.01375,0.01375,0,0,0,0
07/03/2018,0.026367579566431,0.162936222552201,26.2577138410562,35.7203368664504,187.730450663264,0,5.2945993545443,21.1783974181772,1.46796695612792,0,508.333333333333,133.333333333333,14.1189316121181,47.6513941908987,0.618091349948597,1.77701263110222,0.01375,0.011,0.01375,0.01375,0,0,0,0
08/03/2018,0.00171569731697611,0.101890491612188,26.1830478602847,39.8714465703712,187.638816911658,0,8.12665292903839,32.5066117161536,2.44651467423294,0,508.333333333333,133.333333333333,21.6710744774357,73.1398763613455,1.03011144178229,2.96157039512408,0.01375,0.011,0.01375,0.01375,0,0,0,0
09/03/2018,0,0,26.1064035555288,0,187.570268725153,0,0,0,0,0,508.333333333333,133.333333333333,0,0,0,0,0.01375,0.011,0.01375,0.01375,0,0,0,0
10/03/2018,0,0,26.0278036151292,0,187.524826395466,0,0,0,0,0,508.333333333333,133.333333333333,0,0,0,0,0.01375,0.011,0.01375,0.01375,0,0,0,0
11/03/2018,0,0,25.9472713063363,0,187.502503374491,0,0,0,0,0,508.333333333333,133.333333333333,0,0,0,0,0.01375,0.011,0.01375,0.01375,0,0,0,0
12/03/2018,0,0,25.8648304684224,0,187.503306270316,0,0,0,0,0,508.333333333333,133.333333333333,0,0,0,0,0.01375,0.011,0.01375,0.01375,0,0,0,0
13/03/2018,0,0,25.7805055056248,0,187.527234845267,0,0,0,0,0,508.333333333333,133.333333333333,0,0,0,0,0.01375,0.011,0.01375,0.01375,0,0,0,0
14/03/2018,0,0,25.6943213799221,0,187.574282015978,0,0,0,0,0,508.333333333333,133.333333333333,0,0,0,0,0.01375,0.011,0.01375,0.01375,0,0,0,0
15/03/2018,0,0,25.6063036036443,0,187.644433855488,0,0,0,0,0,508.333333333333,133.333333333333,0,0,0,0,0.01375,0.011,0.01375,0.01375,0,0,0,0
16/03/2018,0,0,25.516478231921,0,187.737669597364,0,0,0,0,0,508.333333333333,133.333333333333,0,0,0,0,0.01375,0.011,0.01375,0.01375,0,0,0,0
17/03/2018,0,0,25.4248718549683,0,187.853961641847,0,0,0,0,0,508.333333333333,133.333333333333,0,0,0,0,0.01375,0.011,0.01375,0.01375,0,0,0,0
18/03/2018,0,0,25.3315115902177,0,187.993275564026,0,0,0,0,0,508.333333333333,133.333333333333,0,0,0,0,0.01375,0.011,0.01375,0.01375,0,0,0,0
19/03/2018,0,0,25.2364250742888,0,188.155570124022,0,0,0,0,0,508.333333333333,133.333333333333,0,0,0,0,0.01375,0.011,0.01375,0.01375,0,0,0,0
20/03/2018,0,0,25.1396404548081,0,188.340797279202,0,0,0,0,0,508.333333333333,133.333333333333,0,0,0,0,0.01375,0.011,0.01375,0.01375,0,0,0,0
21/03/2018,0.00138533902508823,0.10181422409976,25.0411863820767,39.8766327612163,188.548902198397,0,8.12730665057349,32.509226602294,2.44672035049226,0,508.333333333333,133.333333333333,21.6728177348626,73.1457598551614,1.03019804231253,2.96181937164853,0.01375,0.011,0.01375,0.01375,0,0,0,0
22/03/2018,0.0258635699449332,0.131769445615776,24.9410920005895,37.8396776981272,188.779823278136,0,5.76998772838262,23.0799509135305,1.63028080273066,0,508.333333333333,133.333333333333,15.3866339423536,51.9298895554436,0.686434022202384,1.97349781383185,0.01375,0.011,0.01375,0.01375,0,0,0,0
23/03/2018,0.0393330401949803,0.12854458444578,24.8393869404073,38.0589682576869,189.033492160877,0,5.48489657693324,21.939586307733,1.5231152297368,0,508.333333333333,133.333333333333,14.626390871822,49.3640691923991,0.641311675678655,1.84377106757613,0.01375,0.011,0.01375,0.01375,0,0,0,0
24/03/2018,0.0242312926228177,0.129388122510061,24.7361013083863,38.0016076693159,189.30983375525,0,5.5906252048018,22.3625008192072,1.55773230439679,0,508.333333333333,133.333333333333,14.9083338794715,50.3156268432162,0.655887286061806,1.88567594742769,0.01375,0.011,0.01375,0.01375,0,0,0,0
25/03/2018,0.0157462729208155,0.134501237698004,24.6312656792653,37.6539158365357,189.608766258277,0,5.90470766078042,23.6188306431217,1.67514001604911,0,508.333333333333,133.333333333333,15.7458870954145,53.1423689470238,0.705322112020679,2.02780107205945,0.01375,0.011,0.01375,0.01375,0,0,0,0
26/03/2018,0.0645022654130092,0.11789642496731,24.5249110866152,38.7830431022229,189.930201179595,0,7.15133253424752,28.6053301369901,2.26081530767515,0,508.333333333333,133.333333333333,19.0702200913267,64.3619928082277,0.95192223481059,2.73677642508045,0.01375,0.011,0.01375,0.01375,0,0,0,0
27/03/2018,0.0277697623243225,0.117312017433119,24.4170690136522,38.8227828145479,190.274043367646,0,5.98089199621677,23.9235679848671,1.6895371673272,0,508.333333333333,133.333333333333,15.9490453232447,53.8280279659509,0.711384070453559,2.04522920255398,0.01375,0.011,0.01375,0.01375,0,0,0,0
28/03/2018,0.00152794156157822,0.101991626528977,24.3077713839186,39.8645693960296,190.640191037846,0,8.12578605832305,32.5031442332922,2.44624193619927,0,508.333333333333,133.333333333333,21.6687628221948,73.1320745249075,1.02999660471548,2.96124023855702,0.01375,0.011,0.01375,0.01375,0,0,0,0
29/03/2018,0,0,24.1970505518319,0,191.028535802714,0,0,0,0,0,508.333333333333,133.333333333333,0,0,0,0,0.01375,0.011,0.01375,0.01375,0,0,0,0
30/03/2018,0,0,24.0849392931081,0,191.438962703959,0,0,0,0,0,508.333333333333,133.333333333333,0,0,0,0,0.01375,0.011,0.01375,0.01375,0,0,0,0
31/03/2018,0,0,23.9714707950588,0,191.871350246509,0,0,0,0,0,508.333333333333,133.333333333333,0,0,0,0,0.01375,0.011,0.01375,0.01375,0,0,0,0
01/04/2018,0,0,23.8566786467673,0,192.325570434476,0,0,0,0,0,508.333333333333,133.333333333333,0,0,0,0,0.01375,0.011,0.01375,0.01375,0,0,0,0
02/04/2018,0.00228405831987701,0.125119827579383,23.7405968291455,38.291851724602,192.801488809045,0,8.00556879344963,32.0222751737985,2.42850374656785,0,508.333333333333,133.333333333333,21.348183449199,72.0501191410467,1.02252789329172,2.93976769321371,0.01375,0.011,0.01375,0.01375,0,0,0,0
03/04/2018,0.0207027564542299,0.13267555475698,23.6232597048746,37.7780622765253,193.298964488279,0,6.00170984686845,24.0068393874738,1.71120060775175,0,508.333333333333,133.333333333333,16.0045595916492,54.015388621816,0.720505519053368,2.07145336727843,0.01375,0.011,0.01375,0.01375,0,0,0,0
04/04/2018,0.0195902336830774,0.128934474640054,23.5047020082334,38.0324557244764,193.817850208819,0,5.83795372631381,23.3518149052553,1.64346930862465,0,508.333333333333,133.333333333333,15.5678766035035,52.5415835368243,0.691987077315644,1.98946284728248,0.01375,0.011,0.01375,0.01375,0,0,0,0
05/04/2018,0,0,23.3849588348159,0,194.357992369482,0,0,0,0,0,508.333333333333,133.333333333333,0,0,0,0,0.01375,0.011,0.01375,0.01375,0,0,0,0
06/04/2018,0,0,23.2640656311426,0,194.919231076725,0,0,0,0,0,508.333333333333,133.333333333333,0,0,0,0,0.01375,0.011,0.01375,0.01375,0,0,0,0
07/04/2018,0,0,23.142058184167,0,195.501400191981,0,0,0,0,0,508.333333333333,133.333333333333,0,0,0,0,0.01375,0.011,0.01375,0.01375,0,0,0,0
08/04/2018,0,0,23.0189726106826,0,196.10432738084,0,0,0,0,0,508.333333333333,133.333333333333,0,0,0,0,0.01375,0.011,0.01375,0.01375,0,0,0,0
09/04/2018,0,0,22.8948453466311,0,196.727834164057,0,0,0,0,0,508.333333333333,133.333333333333,0,0,0,0,0.01375,0.011,0.01375,0.01375,0,0,0,0
10/04/2018,0,0,22.7697131363166,0,197.371735970394,0,0,0,0,0,508.333333333333,133.333333333333,0,0,0,0,0.01375,0.011,0.01375,0.01375,0,0,0,0
11/04/2018,0,0,22.6436130215288,0,198.035842191253,0,0,0,0,0,508.333333333333,133.333333333333,0,0,0,0,0.01375,0.011,0.01375,0.01375,0,0,0,0
12/04/2018,0,0,22.5165823305776,0,198.7199562371,0,0,0,0,0,508.333333333333,133.333333333333,0,0,0,0,0.01375,0.011,0.01375,0.01375,0,0,0,0
13/04/2018,0,0,22.3886586672431,0,199.42387559566,0,0,0,0,0,508.333333333333,133.333333333333,0,0,0,0,0.01375,0.011,0.01375,0.01375,0,0,0,0
14/04/2018,0,0,22.2598798996444,0,200.147391891864,0,0,0,0,0,508.333333333333,133.333333333333,0,0,0,0,0.01375,0.011,0.01375,0.01375,0,0,0,0
15/04/2018,0,0,22.1302841490292,0,200.890290949537,0,0,0,0,0,508.333333333333,133.333333333333,0,0,0,0,0.01375,0.011,0.01375,0.01375,0,0,0,0
16/04/2018,0,0,21.99990977849,0,201.652352854791,0,0,0,0,0,508.333333333333,133.333333333333,0,0,0,0,0.01375,0.011,0.01375,0.01375,0,0,0,0
17/04/2018,0,0,21.8687953816071,0,202.433352021133,0,0,0,0,0,508.333333333333,133.333333333333,0,0,0,0,0.01375,0.011,0.01375,0.01375,0,0,0,0
18/04/2018,0,0,21.7369797710241,0,203.233057256235,0,0,0,0,0,508.333333333333,133.333333333333,0,0,0,0,0.01375,0.011,0.01375,0.01375,0,0,0,0
19/04/2018,0,0,21.604501966959,0,204.051231830379,0,0,0,0,0,508.333333333333,133.333333333333,0,0,0,0,0.01375,0.011,0.01375,0.01375,0,0,0,0
20/04/2018,0.00224361299433614,0.143490101484124,21.4714011856532,37.0426730990796,204.887633546526,0,7.88730301863458,31.5492120745383,2.40138375716024,0,508.333333333333,133.333333333333,21.0328080496922,70.9857271677112,1.01110895038326,2.90693823235187,0.01375,0.011,0.01375,0.01375,0,0,0,0
21/04/2018,0.00776491244135555,0.136564206921098,21.3377168277622,37.5136339293653,205.742014812022,0,5.9562473914971,23.8249895659884,1.68992095494144,0,508.333333333333,133.333333333333,15.8833263773256,53.6062265234739,0.711545665238499,2.04569378756069,0.01375,0.011,0.01375,0.01375,0,0,0,0
22/04/2018,0,0,21.203488466693,0,206.614122711881,0,0,0,0,0,508.333333333333,133.333333333333,0,0,0,0,0.01375,0.011,0.01375,0.01375,0,0,0,0
23/04/2018,0,0,21.0687558368887,0,207.503699083657,0,0,0,0,0,508.333333333333,133.333333333333,0,0,0,0,0.01375,0.011,0.01375,0.01375,0,0,0,0
24/04/2018,0,0,20.9335588220669,0,208.410480593869,0,0,0,0,0,508.333333333333,133.333333333333,0,0,0,0,0.01375,0.011,0.01375,0.01375,0,0,0,0
25/04/2018,0,0,20.7979374434129,0,209.334198815945,0,0,0,0,0,508.333333333333,133.333333333333,0,0,0,0,0.01375,0.011,0.01375,0.01375,0,0,0,0
26/04/2018,0,0,20.6619318477328,0,210.274580309692,0,0,0,0,0,508.333333333333,133.333333333333,0,0,0,0,0.01375,0.011,0.01375,0.01375,0,0,0,0
27/04/2018,0.000903525484127493,0.10223374680748,20.525582295569,39.8481052170913,211.231346702231,0,8.12371074165017,32.4948429666007,2.44558899248047,0,508.333333333333,133.333333333333,21.6632286444004,73.1133966748515,1.02972168104441,2.96044983300268,0.01375,0.011,0.01375,0.01375,0,0,0,0
28/04/2018,0.00108858309445628,0.102336534064229,20.3889291492823,39.8411156836325,212.204214770406,0,8.1228297080209,32.4913188320836,2.44531179845905,0,508.333333333333,133.333333333333,21.6608792213891,73.1054673721881,1.02960496777223,2.96011428234516,0.01375,0.011,0.01375,0.01375,0,0,0,0
29/04/2018,0.00112586717370713,0.102549484560924,20.2520128611039,39.8266350498572,213.192896524626,0,8.12100441804922,32.4840176721969,2.44473751905506,0,508.333333333333,133.333333333333,21.6560117814646,73.089039762443,1.02936316591792,2.95941910201402,0.01375,0.011,0.01375,0.01375,0,0,0,0
30/04/2018,0.0036316754674573,0.124768062412537,20.1148739611606,38.3157717559475,214.19709929411,0,8.02855269907365,32.1142107962946,2.44087537632012,0,508.333333333333,133.333333333333,21.4094738641964,72.2569742916629,1.02773700055584,2.95474387659804,0.01375,0.011,0.01375,0.01375,0,0,0,0
01/05/2018,0.0104903894194373,0.122856962616375,19.9775530454767,38.4457265420865,215.21652581353,0,6.14052080420205,24.5620832168082,1.74826884576149,0,508.333333333333,133.333333333333,16.3747221445388,55.2646872378185,0.736113198215366,2.11632544486918,0.01375,0.011,0.01375,0.01375,0,0,0,0
02/05/2018,0,0,19.8400907639575,0,216.250874311002,0,0,0,0,0,508.333333333333,133.333333333333,0,0,0,0,0.01375,0.011,0.01375,0.01375,0,0,0,0
03/05/2018,0,0,19.7025278083553,0,217.299838597422,0,0,0,0,0,508.333333333333,133.333333333333,0,0,0,0,0.01375,0.011,0.01375,0.01375,0,0,0,0
04/05/2018,0,0,19.5649049002241,0,218.363108157101,0,0,0,0,0,508.333333333333,133.333333333333,0,0,0,0,0.01375,0.011,0.01375,0.01375,0,0,0,0
05/05/2018,0,0,19.427262778865,0,219.440368239687,0,0,0,0,0,508.333333333333,133.333333333333,0,0,0,0,0.01375,0.011,0.01375,0.01375,0,0,0,0
06/05/2018,0,0,19.289642189267,0,220.531299953336,0,0,0,0,0,508.333333333333,133.333333333333,0,0,0,0,0.01375,0.011,0.01375,0.01375,0,0,0,0
07/05/2018,0,0,19.1520838700448,0,221.635580359109,0,0,0,0,0,508.333333333333,133.333333333333,0,0,0,0,0.01375,0.011,0.01375,0.01375,0,0,0,0
08/05/2018,0,0,19.0146285413801,0,222.752882566574,0,0,0,0,0,508.333333333333,133.333333333333,0,0,0,0,0.01375,0.011,0.01375,0.01375,0,0,0,0
09/05/2018,0,0,18.8773168929669,0,223.882875830567,0,0,0,0,0,508.333333333333,133.333333333333,0,0,0,0,0.01375,0.011,0.01375,0.01375,0,0,0,0
10/05/2018,0,0,18.7401895719671,0,225.025225649104,0,0,0,0,0,508.333333333333,133.333333333333,0,0,0,0,0.01375,0.011,0.01375,0.01375,0,0,0,0
11/05/2018,0,0,18.6032871709775,0,226.179593862396,0,0,0,0,0,508.333333333333,133.333333333333,0,0,0,0,0.01375,0.011,0.01375,0.01375,0,0,0,0
12/05/2018,0,0,18.466650216014,0,227.345638752956,0,0,0,0,0,508.333333333333,133.333333333333,0,0,0,0,0.01375,0.011,0.01375,0.01375,0,0,0,0
13/05/2018,0.000373861392433924,0.103932444798972,18.3303191545148,39.7325937536699,228.523015146753,0,8.10915047315167,32.4366018926067,2.44100798757438,0,508.333333333333,133.333333333333,21.6244012617378,72.982354258365,1.02779283687343,2.9549044060111,0.01375,0.011,0.01375,0.01375,0,0,0,0
14/05/2018,0,0,18.1943343433671,0,229.71137451539,0,0,0,0,0,508.333333333333,133.333333333333,0,0,0,0,0.01375,0.011,0.01375,0.01375,0,0,0,0
15/05/2018,0,0,18.0587360369606,0,230.910365079275,0,0,0,0,0,508.333333333333,133.333333333333,0,0,0,0,0.01375,0.011,0.01375,0.01375,0,0,0,0
16/05/2018,0,0,17.9235643752715,0,232.119631911759,0,0,0,0,0,508.333333333333,133.333333333333,0,0,0,0,0.01375,0.011,0.01375,0.01375,0,0,0,0
17/05/2018,0,0,17.7888593719801,0,233.338817044198,0,0,0,0,0,508.333333333333,133.333333333333,0,0,0,0,0.01375,0.011,0.01375,0.01375,0,0,0,0
18/05/2018,0,0,17.6546609026259,0,234.567559571921,0,0,0,0,0,508.333333333333,133.333333333333,0,0,0,0,0.01375,0.011,0.01375,0.01375,0,0,0,0
19/05/2018,0,0,17.5210086928035,0,235.805495761065,0,0,0,0,0,508.333333333333,133.333333333333,0,0,0,0,0.01375,0.011,0.01375,0.01375,0,0,0,0
20/05/2018,0,0,17.3879423064033,0,237.052259156249,0,0,0,0,0,508.333333333333,133.333333333333,0,0,0,0,0.01375,0.011,0.01375,0.01375,0,0,0,0
21/05/2018,0,0,17.2555011338993,0,238.307480689051,0,0,0,0,0,508.333333333333,133.333333333333,0,0,0,0,0.01375,0.011,0.01375,0.01375,0,0,0,0
22/05/2018,0,0,17.123724380689,0,239.57078878726,0,0,0,0,0,508.333333333333,133.333333333333,0,0,0,0,0.01375,0.011,0.01375,0.01375,0,0,0,0
23/05/2018,0,0,16.9926510554879,0,240.841809484872,0,0,0,0,0,508.333333333333,133.333333333333,0,0,0,0,0.01375,0.011,0.01375,0.01375,0,0,0,0
24/05/2018,0.000408672002077458,0.103563345188068,16.8623199587815,39.7576925272114,242.120166532788,0,8.11231418410228,32.4492567364091,2.44200336587992,0,508.333333333333,133.333333333333,21.6328378242727,73.0108276569205,1.02821194352839,2.95610933764412,0.01375,0.011,0.01375,0.01375,0,0,0,0
25/05/2018,0,0,16.7327696713403,0,243.405481510195,0,0,0,0,0,508.333333333333,133.333333333333,0,0,0,0,0.01375,0.011,0.01375,0.01375,0,0,0,0
26/05/2018,0,0,16.6040385427983,0,244.697373936585,0,0,0,0,0,508.333333333333,133.333333333333,0,0,0,0,0.01375,0.011,0.01375,0.01375,0,0,0,0
27/05/2018,0,0,16.4761646803015,0,245.995461384384,0,0,0,0,0,508.333333333333,133.333333333333,0,0,0,0,0.01375,0.011,0.01375,0.01375,0,0,0,0
28/05/2018,0,0,16.3491859372266,0,247.299359592162,0,0,0,0,0,508.333333333333,133.333333333333,0,0,0,0,0.01375,0.011,0.01375,0.01375,0,0,0,0
29/05/2018,0,0,16.2231399019762,0,248.60868257838,0,0,0,0,0,508.333333333333,133.333333333333,0,0,0,0,0.01375,0.011,0.01375,0.01375,0,0,0,0
30/05/2018,0.000597525674711519,0.102754218193289,16.0980638868514,39.8127131628563,249.92304275565,0,8.11924955834323,32.4769982333729,2.44418539867874,0,508.333333333333,133.333333333333,21.651332155582,73.0732460250891,1.02913069418052,2.958750745769,0.01375,0.011,0.01375,0.01375,0,0,0,0
31/05/2018,0.00352465544732991,0.100814696204395,15.9739949170069,39.9446006581011,251.242051045467,0,8.13587403253375,32.543496130135,2.44941585152621,0,508.333333333333,133.333333333333,21.6956640867567,73.2228662928038,1.0313329901163,2.96508234658436,0.01375,0.011,0.01375,0.01375,0,0,0,0
01/06/2018,0.00184566124479558,0.101351176879884,15.8509697194906,39.9081199721679,252.565316993389,0,8.13127562674385,32.5251025069754,2.44796908428522,0,508.333333333333,133.333333333333,21.6834016713169,73.1814806406946,1.0307238249622,2.96333099676631,0.01375,0.011,0.01375,0.01375,0,0,0,0
02/06/2018,0,0,15.7290247123716,0,253.892448884614,0,0,0,0,0,508.333333333333,133.333333333333,0,0,0,0,0.01375,0.011,0.01375,0.01375,0,0,0,0
03/06/2018,0.000427405654127403,0.1462775466054,15.6081959939597,36.8531268308328,255.223053859939,0,7.79722845553805,31.1889138221522,2.35600759567798,0,508.333333333333,133.333333333333,20.7926092147681,70.1750560998424,0.992003198180202,2.85200919476808,0.01375,0.011,0.01375,0.01375,0,0,0,0
04/06/2018,0.00130573931787973,0.101742080385353,15.4885193321197,39.881538533796,256.556738032057,0,8.1279250252684,32.5117001010736,2.4469149057995,0,508.333333333333,133.333333333333,21.6744667340491,73.1513252274156,1.03027996033663,2.96205488596781,0.01375,0.011,0.01375,0.01375,0,0,0,0
05/06/2018,0,0,15.370030153683,0,257.89310660215,0,0,0,0,0,508.333333333333,133.333333333333,0,0,0,0,0.01375,0.011,0.01375,0.01375,0,0,0,0
06/06/2018,0.0105058682689344,0.159017237447061,15.2527635339609,35.9868278535999,259.231763976763,0,6.14031668942944,24.5612667577178,1.79177325544772,0,508.333333333333,133.333333333333,16.3741778384785,55.262850204865,0.754430844399041,2.16898867764724,0.01375,0.011,0.01375,0.01375,0,0,0,0
07/06/2018,0.0207313383060558,0.118714143741687,15.1367541863612,38.7274382255653,260.572313884907,0,5.60051191498242,22.4020476599297,1.55556371318135,0,508.333333333333,133.333333333333,14.9346984399531,50.4046072348418,0.654974195023725,1.88305081069321,0.01375,0.011,0.01375,0.01375,0,0,0,0
08/06/2018,0.00409709848695785,0.105352325918498,15.0220364521127,39.6360418375422,261.914359495362,0,7.7330650940351,30.9322603761404,2.30792638608863,0,508.333333333333,133.333333333333,20.6215069174269,69.5975858463159,0.971758478353109,2.79380562526519,0.01375,0.011,0.01375,0.01375,0,0,0,0
09/06/2018,0.00163990126291402,0.173103188911233,14.908644290099,35.0289831540361,263.257503534148,0,7.6299706558393,30.5198826233572,2.32070939865518,0,508.333333333333,133.333333333333,20.3465884155715,68.6697359025537,0.977140799433759,2.80927979837206,0.01375,0.011,0.01375,0.01375,0,0,0,0
10/06/2018,0.00455845482926758,0.126051717789165,14.7966112668063,38.2284831903368,264.601348402127,0,6.28963477953006,25.1585391181202,1.80328971832752,0,508.333333333333,133.333333333333,16.7723594120802,56.6067130157706,0.75927988140106,2.18292965902805,0.01375,0.011,0.01375,0.01375,0,0,0,0
11/06/2018,0,0,14.6859705463869,0,265.945496292702,0,0,0,0,0,508.333333333333,133.333333333333,0,0,0,0,0.01375,0.011,0.01375,0.01375,0,0,0,0
12/06/2018,0,0,14.576754880842,0,267.289549309573,0,0,0,0,0,508.333333333333,133.333333333333,0,0,0,0,0.01375,0.011,0.01375,0.01375,0,0,0,0
13/06/2018,0.000405306769063737,0.104320777274053,14.4689966003261,39.7061871453644,268.633109584525,0,8.10582190907954,32.4232876363182,2.43996074257707,0,508.333333333333,133.333333333333,21.6155250908788,72.9523971817159,1.0273518916114,2.95363668838277,0.01375,0.011,0.01375,0.01375,0,0,0,0
14/06/2018,0,0,14.3627276035769,0,269.975779395208,0,0,0,0,0,508.333333333333,133.333333333333,0,0,0,0,0.01375,0.011,0.01375,0.01375,0,0,0,0
15/06/2018,0,0,14.2579793484726,0,271.317161282863,0,0,0,0,0,508.333333333333,133.333333333333,0,0,0,0,0.01375,0.011,0.01375,0.01375,0,0,0,0
16/06/2018,0,0,14.1547828427194,0,272.656858169988,0,0,0,0,0,508.333333333333,133.333333333333,0,0,0,0,0.01375,0.011,0.01375,0.01375,0,0,0,0
17/06/2018,0,0,14.0531686346731,0,273.994473477875,0,0,0,0,0,508.333333333333,133.333333333333,0,0,0,0,0.01375,0.011,0.01375,0.01375,0,0,0,0
18/06/2018,0,0,13.9531668042954,0,275.329611244008,0,0,0,0,0,508.333333333333,133.333333333333,0,0,0,0,0.01375,0.011,0.01375,0.01375,0,0,0,0
19/06/2018,0.00580761355164682,0.124335338650003,13.8548069542502,38.3451969717998,276.661876239276,0,7.77392494973324,31.095699798933,2.3594075942342,0,508.333333333333,133.333333333333,20.730466532622,69.9653245475992,0.993434776519664,2.85612498249404,0.01375,0.011,0.01375,0.01375,0,0,0,0
20/06/2018,0.0387957208432027,0.115890248150471,13.7581182011404,38.919463125768,277.99087408497,0,5.74631936062925,22.985277442517,1.61922223528217,0,508.333333333333,133.333333333333,15.3235182950113,51.7168742456632,0.681777783276703,1.96011112692052,0.01375,0.011,0.01375,0.01375,0,0,0,0
21/06/2018,0.0298749753462096,0.108409630120013,13.6631291668888,39.4281451518391,279.316211369524,0,5.51198290902416,22.0479316360966,1.5156255148318,0,508.333333333333,133.333333333333,14.6986210907311,49.6078461812174,0.638158111508125,1.83470457058586,0.01375,0.011,0.01375,0.01375,0,0,0,0
22/06/2018,2.34870086836463e-05,0.110539045321845,13.5698679702651,39.2833449181145,280.637495764978,0,8.0525224686699,32.2100898746796,2.42319147777722,0,508.333333333333,133.333333333333,21.4733932497864,72.4727022180291,1.02029114853778,2.93333705204611,0.01375,0.011,0.01375,0.01375,0,0,0,0
23/06/2018,0,0,13.4783622185626,0,281.954336143113,0,0,0,0,0,508.333333333333,133.333333333333,0,0,0,0,0.01375,0.011,0.01375,0.01375,0,0,0,0
24/06/2018,0,0,13.3886389994256,0,283.266342691233,0,0,0,0,0,508.333333333333,133.333333333333,0,0,0,0,0.01375,0.011,0.01375,0.01375,0,0,0,0
25/06/2018,0,0,13.3007248728309,0,284.573127027558,0,0,0,0,0,508.333333333333,133.333333333333,0,0,0,0,0.01375,0.011,0.01375,0.01375,0,0,0,0
26/06/2018,0,0,13.2146458632257,0,285.874302316194,0,0,0,0,0,508.333333333333,133.333333333333,0,0,0,0,0.01375,0.011,0.01375,0.01375,0,0,0,0
27/06/2018,0,0,13.1304274518233,0,287.169483381644,0,0,0,0,0,508.333333333333,133.333333333333,0,0,0,0,0.01375,0.011,0.01375,0.01375,0,0,0,0
28/06/2018,0,0,13.0480945690608,0,288.458286822828,0,0,0,0,0,508.333333333333,133.333333333333,0,0,0,0,0.01375,0.011,0.01375,0.01375,0,0,0,0
29/06/2018,0.0133247364943886,0.141873205909633,12.9676715872185,37.152621998145,289.740331126578,0,6.15926250627622,24.6370500251049,1.79231777834886,0,508.333333333333,133.333333333333,16.4247000167366,55.433362556486,0.754660117199519,2.16964783694862,0.01375,0.011,0.01375,0.01375,0,0,0,0
30/06/2018,0.0186014305938218,0.110480898209018,12.8891823132057,39.2872989217868,291.015236780576,0,5.66052069587368,22.6420827834947,1.56986503533992,0,508.333333333333,133.333333333333,15.0947218556631,50.9446862628631,0.66099580435365,1.90036293751674,0.01375,0.011,0.01375,0.01375,0,0,0,0
01/07/2018,0,0,12.8126499815131,0,292.282626385693,0,0,0,0,0,508.333333333333,133.333333333333,0,0,0,0,0.01375,0.011,0.01375,0.01375,0,0,0,0
02/07/2018,7.58018081790054e-05,0.106411936918901,12.738097247335,39.5639882895148,293.542124767712,0,8.08789768355228,32.3515907342091,2.43432135721226,0,508.333333333333,133.333333333333,21.5677271561394,72.7910791519705,1.02497741356305,2.94681006399378,0.01375,0.011,0.01375,0.01375,0,0,0,0
03/07/2018,0.0011684860323002,0.101912011547534,12.6655461798626,39.8699832147677,294.793359088383,0,8.1264684724497,32.5058738897988,2.44645663982665,0,508.333333333333,133.333333333333,21.6705825931992,73.1382162520474,1.0300870062428,2.96150014294805,0.01375,0.011,0.01375,0.01375,0,0,0,0
04/07/2018,0.000543751689714842,0.103197110581967,12.5950182557516,39.7825964804262,296.035958955797,0,8.11545333786885,32.4618133514754,2.44299101791444,0,508.333333333333,133.333333333333,21.6412089009836,73.0390800408197,1.0286277970166,2.95730491642274,0.01375,0.011,0.01375,0.01375,0,0,0,0
05/07/2018,0,0,12.526534352764,0,297.269556534024,0,0,0,0,0,508.333333333333,133.333333333333,0,0,0,0,0.01375,0.011,0.01375,0.01375,0,0,0,0
06/07/2018,0,0,12.4601147435886,0,298.493786652004,0,0,0,0,0,508.333333333333,133.333333333333,0,0,0,0,0.01375,0.011,0.01375,0.01375,0,0,0,0
07/07/2018,0,0,12.3957790898389,0,299.708286911643,0,0,0,0,0,508.333333333333,133.333333333333,0,0,0,0,0.01375,0.011,0.01375,0.01375,0,0,0,0
08/07/2018,0,0,12.3335464362339,0,300.91269779509,0,0,0,0,0,508.333333333333,133.333333333333,0,0,0,0,0.01375,0.011,0.01375,0.01375,0,0,0,0
09/07/2018,0,0,12.2734352049594,0,302.106662771168,0,0,0,0,0,508.333333333333,133.333333333333,0,0,0,0,0.01375,0.011,0.01375,0.01375,0,0,0,0
10/07/2018,0,0,12.2154631902157,0,303.289828400906,0,0,0,0,0,508.333333333333,133.333333333333,0,0,0,0,0.01375,0.011,0.01375,0.01375,0,0,0,0
11/07/2018,0,0,12.1596475529492,0,304.461844442171,0,0,0,0,0,508.333333333333,133.333333333333,0,0,0,0,0.01375,0.011,0.01375,0.01375,0,0,0,0
12/07/2018,0,0,12.1060048157731,0,305.622363953343,0,0,0,0,0,508.333333333333,133.333333333333,0,0,0,0,0.01375,0.011,0.01375,0.01375,0,0,0,0
13/07/2018,0,0,12.0545508580758,0,306.771043396021,0,0,0,0,0,508.333333333333,133.333333333333,0,0,0,0,0.01375,0.011,0.01375,0.01375,0,0,0,0
14/07/2018,0,0,12.0053009113207,0,307.907542736714,0,0,0,0,0,508.333333333333,133.333333333333,0,0,0,0,0.01375,0.011,0.01375,0.01375,0,0,0,0
15/07/2018,0,0,11.9582695545372,0,309.031525547499,0,0,0,0,0,508.333333333333,133.333333333333,0,0,0,0,0.01375,0.011,0.01375,0.01375,0,0,0,0
16/07/2018,0,0,11.9134707100049,0,310.142659105614,0,0,0,0,0,508.333333333333,133.333333333333,0,0,0,0,0.01375,0.011,0.01375,0.01375,0,0,0,0
17/07/2018,0,0,11.8709176391324,0,311.240614491947,0,0,0,0,0,508.333333333333,133.333333333333,0,0,0,0,0.01375,0.011,0.01375,0.01375,0,0,0,0
18/07/2018,0,0,11.8306229385318,0,312.325066688404,0,0,0,0,0,508.333333333333,133.333333333333,0,0,0,0,0.01375,0.011,0.01375,0.01375,0,0,0,0
19/07/2018,0,0,11.7925985362894,0,313.395694674121,0,0,0,0,0,508.333333333333,133.333333333333,0,0,0,0,0.01375,0.011,0.01375,0.01375,0,0,0,0
20/07/2018,0,0,11.7568556884352,0,314.452181520497,0,0,0,0,0,508.333333333333,133.333333333333,0,0,0,0,0.01375,0.011,0.01375,0.01375,0,0,0,0
21/07/2018,0,0,11.7234049756106,0,315.494214485005,0,0,0,0,0,508.333333333333,133.333333333333,0,0,0,0,0.01375,0.011,0.01375,0.01375,0,0,0,0
22/07/2018,0,0,11.6922562999366,0,316.521485103776,0,0,0,0,0,508.333333333333,133.333333333333,0,0,0,0,0.01375,0.011,0.01375,0.01375,0,0,0,0
23/07/2018,0,0,11.6634188820821,0,317.533689282906,0,0,0,0,0,508.333333333333,133.333333333333,0,0,0,0,0.01375,0.011,0.01375,0.01375,0,0,0,0
24/07/2018,0,0,11.6369012585347,0,318.530527388481,0,0,0,0,0,508.333333333333,133.333333333333,0,0,0,0,0.01375,0.011,0.01375,0.01375,0,0,0,0
25/07/2018,0,0,11.6127112790737,0,319.511704335266,0,0,0,0,0,508.333333333333,133.333333333333,0,0,0,0,0.01375,0.011,0.01375,0.01375,0,0,0,0
26/07/2018,0,0,11.5908561044464,0,320.476929674065,0,0,0,0,0,508.333333333333,133.333333333333,0,0,0,0,0.01375,0.011,0.01375,0.01375,0,0,0,0
27/07/2018,0,0,11.5713422042482,0,321.425917677694,0,0,0,0,0,508.333333333333,133.333333333333,0,0,0,0,0.01375,0.011,0.01375,0.01375,0,0,0,0
28/07/2018,0,0,11.5541753550077,0,322.358387425568,0,0,0,0,0,508.333333333333,133.333333333333,0,0,0,0,0.01375,0.011,0.01375,0.01375,0,0,0,0
29/07/2018,0.00096400830118713,0.101435922576963,11.5393606384765,39.9023572647665,323.274062886852,0,8.1305492350546,32.5221969402184,2.44774054427632,0,508.333333333333,133.333333333333,21.6814646268123,73.1749431154914,1.03062759759003,2.96305434307133,0.01375,0.011,0.01375,0.01375,0,0,0,0
30/07/2018,0,0,11.5269024401251,0,324.172673002179,0,0,0,0,0,508.333333333333,133.333333333333,0,0,0,0,0.01375,0.011,0.01375,0.01375,0,0,0,0
31/07/2018,0,0,11.5168044478446,0,325.053951763886,0,0,0,0,0,508.333333333333,133.333333333333,0,0,0,0,0.01375,0.011,0.01375,0.01375,0,0,0,0
01/08/2018,0,0,11.5090696508551,0,325.917638294759,0,0,0,0,0,508.333333333333,133.333333333333,0,0,0,0,0.01375,0.011,0.01375,0.01375,0,0,0,0
02/08/2018,0,0,11.5037003388204,0,326.763476925256,0,0,0,0,0,508.333333333333,133.333333333333,0,0,0,0,0.01375,0.011,0.01375,0.01375,0,0,0,0
03/08/2018,0,0,11.500698101171,0,327.591217269194,0,0,0,0,0,508.333333333333,133.333333333333,0,0,0,0,0.01375,0.011,0.01375,0.01375,0,0,0,0
04/08/2018,0,0,11.5000638266329,0,328.400614297865,0,0,0,0,0,508.333333333333,133.333333333333,0,0,0,0,0.01375,0.011,0.01375,0.01375,0,0,0,0
05/08/2018,0,0,11.5017977029648,0,329.191428412574,0,0,0,0,0,508.333333333333,133.333333333333,0,0,0,0,0.01375,0.011,0.01375,0.01375,0,0,0,0
06/08/2018,0,0,11.5058992169025,0,329.963425515561,0,0,0,0,0,508.333333333333,133.333333333333,0,0,0,0,0.01375,0.011,0.01375,0.01375,0,0,0,0
07/08/2018,0,0,11.5123671543109,0,330.716377079302,0,0,0,0,0,508.333333333333,133.333333333333,0,0,0,0,0.01375,0.011,0.01375,0.01375,0,0,0,0
08/08/2018,0,0,11.5211996005432,0,331.450060214155,0,0,0,0,0,508.333333333333,133.333333333333,0,0,0,0,0.01375,0.011,0.01375,0.01375,0,0,0,0
09/08/2018,0,0,11.532393941008,0,332.164257734344,0,0,0,0,0,508.333333333333,133.333333333333,0,0,0,0,0.01375,0.011,0.01375,0.01375,0,0,0,0
10/08/2018,0,0,11.5459468619428,0,332.858758222246,0,0,0,0,0,508.333333333333,133.333333333333,0,0,0,0,0.01375,0.011,0.01375,0.01375,0,0,0,0
11/08/2018,0,0,11.5618543513956,0,333.53335609098,0,0,0,0,0,508.333333333333,133.333333333333,0,0,0,0,0.01375,0.011,0.01375,0.01375,0,0,0,0
12/08/2018,0,0,11.5801117004118,0,334.187851645262,0,0,0,0,0,508.333333333333,133.333333333333,0,0,0,0,0.01375,0.011,0.01375,0.01375,0,0,0,0
13/08/2018,0,0,11.6007135044287,0,334.822051140518,0,0,0,0,0,508.333333333333,133.333333333333,0,0,0,0,0.01375,0.011,0.01375,0.01375,0,0,0,0
14/08/2018,0,0,11.6236536648752,0,335.43576684024,0,0,0,0,0,508.333333333333,133.333333333333,0,0,0,0,0.01375,0.011,0.01375,0.01375,0,0,0,0
15/08/2018,0,0,11.6489253909769,0,336.028817071558,0,0,0,0,0,508.333333333333,133.333333333333,0,0,0,0,0.01375,0.011,0.01375,0.01375,0,0,0,0
16/08/2018,0,0,11.6765212017667,0,336.601026279017,0,0,0,0,0,508.333333333333,133.333333333333,0,0,0,0,0.01375,0.011,0.01375,0.01375,0,0,0,0
17/08/2018,0,0,11.706432928299,0,337.152225076551,0,0,0,0,0,508.333333333333,133.333333333333,0,0,0,0,0.01375,0.011,0.01375,0.01375,0,0,0,0
18/08/2018,0,0,11.7386517160679,0,337.682250297619,0,0,0,0,0,508.333333333333,133.333333333333,0,0,0,0,0.01375,0.011,0.01375,0.01375,0,0,0,0
19/08/2018,0,0,11.7731680276286,0,338.190945043506,0,0,0,0,0,508.333333333333,133.333333333333,0,0,0,0,0.01375,0.011,0.01375,0.01375,0,0,0,0
20/08/2018,0,0,11.8099716454204,0,338.678158729775,0,0,0,0,0,508.333333333333,133.333333333333,0,0,0,0,0.01375,0.011,0.01375,0.01375,0,0,0,0
21/08/2018,0,0,11.8490516747915,0,339.143747130835,0,0,0,0,0,508.333333333333,133.333333333333,0,0,0,0,0.01375,0.011,0.01375,0.01375,0,0,0,0
22/08/2018,0,0,11.8903965472238,0,339.587572422639,0,0,0,0,0,508.333333333333,133.333333333333,0,0,0,0,0.01375,0.011,0.01375,0.01375,0,0,0,0
23/08/2018,0,0,11.9339940237578,0,340.009503223483,0,0,0,0,0,508.333333333333,133.333333333333,0,0,0,0,0.01375,0.011,0.01375,0.01375,0,0,0,0
24/08/2018,0,0,11.9798311986152,0,340.409414632895,0,0,0,0,0,508.333333333333,133.333333333333,0,0,0,0,0.01375,0.011,0.01375,0.01375,0,0,0,0
25/08/2018,0,0,12.0278945030197,0,340.787188268613,0,0,0,0,0,508.333333333333,133.333333333333,0,0,0,0,0.01375,0.011,0.01375,0.01375,0,0,0,0
26/08/2018,0,0,12.0781697092131,0,341.142712301624,0,0,0,0,0,508.333333333333,133.333333333333,0,0,0,0,0.01375,0.011,0.01375,0.01375,0,0,0,0
27/08/2018,0.000223891456929972,0.103148834609414,12.1306419346675,39.7858792465598,341.47588148927,0,8.11586713191931,32.4634685276772,2.44312120731139,0,508.333333333333,133.333333333333,21.6423123517848,73.0428041872738,1.02868261360479,2.95746251411378,0.01375,0.011,0.01375,0.01375,0,0,0,0
28/08/2018,0.000972262300951759,0.101210717856492,12.1852956464909,39.9176711857585,341.7865972064,0,8.13247956123007,32.5299182449203,2.44834787055475,0,508.333333333333,133.333333333333,21.6866121632802,73.1923160510706,1.03088331391779,2.96378952751364,0.01375,0.011,0.01375,0.01375,0,0,0,0
29/08/2018,0,0,12.2421146660246,0,342.07476747457,0,0,0,0,0,508.333333333333,133.333333333333,0,0,0,0,0.01375,0.011,0.01375,0.01375,0,0,0,0
30/08/2018,0,0,12.3010821736331,0,342.340306989265,0,0,0,0,0,508.333333333333,133.333333333333,0,0,0,0,0.01375,0.011,0.01375,0.01375,0,0,0,0
31/08/2018,0,0,12.362180713683,0,342.583137145153,0,0,0,0,0,508.333333333333,133.333333333333,0,0,0,0,0.01375,0.011,0.01375,0.01375,0,0,0,0
01/09/2018,0,0,12.4253921997097,0,342.803186059355,0,0,0,0,0,508.333333333333,133.333333333333,0,0,0,0,0.01375,0.011,0.01375,0.01375,0,0,0,0
02/09/2018,0,0,12.4906979197721,0,343.000388592724,0,0,0,0,0,508.333333333333,133.333333333333,0,0,0,0,0.01375,0.011,0.01375,0.01375,0,0,0,0
03/09/2018,0,0,12.5580785419912,0,343.174686369124,0,0,0,0,0,508.333333333333,133.333333333333,0,0,0,0,0.01375,0.011,0.01375,0.01375,0,0,0,0
04/09/2018,0.0115705856288323,0.129197962549342,12.6275141202729,38.0145385466447,343.326027792715,0,6.56286878899257,26.2514751559703,1.93601758624974,0,508.333333333333,133.333333333333,17.5009834373135,59.0658191009331,0.815165299473575,2.34360023598653,0.01375,0.011,0.01375,0.01375,0,0,0,0
05/09/2018,0.0216826133437937,0.103567521255943,12.6989841002127,39.7574085545959,343.454368063225,0,5.80386622725578,23.2154649090231,1.61731220435218,0,508.333333333333,133.333333333333,15.4769766060154,52.234796045302,0.680973559727232,1.95779898421579,0.01375,0.011,0.01375,0.01375,0,0,0,0
06/09/2018,0.00321208359340656,0.100533193412934,12.7724673251798,39.9637428479205,343.559669189209,0,8.13828691360342,32.5531476544137,2.45017500098964,0,508.333333333333,133.333333333333,21.7020984362758,73.2445822224308,1.03165263199564,2.96600131698745,0.01375,0.011,0.01375,0.01375,0,0,0,0
07/09/2018,0.00527796017851412,0.110194469737622,12.8479420425803,39.3067760578417,343.6418999993,0,7.35802226323667,29.4320890529467,2.18009605492268,0,508.333333333333,133.333333333333,19.6213927019645,66.2222003691301,0.917935181020074,2.63906364543271,0.01375,0.011,0.01375,0.01375,0,0,0,0
08/09/2018,0.00379219557944292,0.100421357121394,12.9253859102962,39.9713477157452,343.701036151433,0,8.13924551038805,32.5569820415522,2.45047659821456,0,508.333333333333,133.333333333333,21.7046546943681,73.2532095934925,1.03177962030087,2.966366408365,0.01375,0.011,0.01375,0.01375,0,0,0,0
09/09/2018,0.00208294514196923,0.100790429860191,13.0047760032994,39.946250769507,343.737060140052,0,8.13608202976979,32.5443281190792,2.44948129237703,0,508.333333333333,133.333333333333,21.6962187460528,73.2247382679281,1.03136054415875,2.96516156445641,0.01375,0.011,0.01375,0.01375,0,0,0,0
10/09/2018,0,0,13.0860888204375,0,343.749961301293,0,0,0,0,0,508.333333333333,133.333333333333,0,0,0,0,0.01375,0.011,0.01375,0.01375,0,0,0,0
11/09/2018,0,0,13.1693002913912,0,343.739735816136,0,0,0,0,0,508.333333333333,133.333333333333,0,0,0,0,0.01375,0.011,0.01375,0.01375,0,0,0,0
12/09/2018,0,0,13.2543857837993,0,343.706386711544,0,0,0,0,0,508.333333333333,133.333333333333,0,0,0,0,0.01375,0.011,0.01375,0.01375,0,0,0,0
13/09/2018,0,0,13.3413201105505,0,343.649923859559,0,0,0,0,0,508.333333333333,133.333333333333,0,0,0,0,0.01375,0.011,0.01375,0.01375,0,0,0,0
14/09/2018,0,0,13.4300775372393,0,343.570363974383,0,0,0,0,0,508.333333333333,133.333333333333,0,0,0,0,0.01375,0.011,0.01375,0.01375,0,0,0,0
15/09/2018,0,0,13.5206317897838,0,343.46773060743,0,0,0,0,0,508.333333333333,133.333333333333,0,0,0,0,0.01375,0.011,0.01375,0.01375,0,0,0,0
16/09/2018,0,0,13.6129560622039,0,343.342054140356,0,0,0,0,0,508.333333333333,133.333333333333,0,0,0,0,0.01375,0.011,0.01375,0.01375,0,0,0,0
17/09/2018,0,0,13.7070230245555,0,343.193371776061,0,0,0,0,0,508.333333333333,133.333333333333,0,0,0,0,0.01375,0.011,0.01375,0.01375,0,0,0,0
18/09/2018,0,0,13.8028048310218,0,343.021727527679,0,0,0,0,0,508.333333333333,133.333333333333,0,0,0,0,0.01375,0.011,0.01375,0.01375,0,0,0,0
19/09/2018,0,0,13.9002731281556,0,342.827172205552,0,0,0,0,0,508.333333333333,133.333333333333,0,0,0,0,0.01375,0.011,0.01375,0.01375,0,0,0,0
20/09/2018,0,0,13.9993990632724,0,342.609763402183,0,0,0,0,0,508.333333333333,133.333333333333,0,0,0,0,0.01375,0.011,0.01375,0.01375,0,0,0,0
21/09/2018,6.56308098809214e-05,0.10255772194885,14.100153292992,39.8260749074782,342.369565475191,0,8.120933811867,32.483735247468,2.44471530467988,0,508.333333333333,133.333333333333,21.655823498312,73.088404306803,1.02935381249679,2.95939221092827,0.01375,0.011,0.01375,0.01375,0,0,0,0
22/09/2018,0,0,14.2025059919243,0,342.10664952826,0,0,0,0,0,508.333333333333,133.333333333333,0,0,0,0,0.01375,0.011,0.01375,0.01375,0,0,0,0
23/09/2018,0,0,14.3064268614986,0,341.821093390089,0,0,0,0,0,508.333333333333,133.333333333333,0,0,0,0,0.01375,0.011,0.01375,0.01375,0,0,0,0
24/09/2018,0,0,14.4118851389321,0,341.512981591355,0,0,0,0,0,508.333333333333,133.333333333333,0,0,0,0,0.01375,0.011,0.01375,0.01375,0,0,0,0
25/09/2018,0.00174640337695728,0.100774092540877,14.5188496063369,39.9473617072203,341.182405339689,0,8.13622206393534,32.5448882557413,2.44952535043815,0,508.333333333333,133.333333333333,21.6965921704942,73.225998575418,1.03137909492133,2.96521489789881,0.01375,0.011,0.01375,0.01375,0,0,0,0
26/09/2018,0.00157892529493434,0.100803408322148,14.6272885999607,39.945368234094,340.829462492675,0,8.13597078581016,32.5438831432406,2.44944629239576,0,508.333333333333,133.333333333333,21.6959220954938,73.2237370722915,1.03134580732453,2.96511919605802,0.01375,0.011,0.01375,0.01375,0,0,0,0
27/09/2018,0.00463650020196858,0.121842742174798,14.7371700195604,38.5146935321137,340.454257528887,0,7.14280082032914,28.5712032813166,2.11626131920483,0,508.333333333333,133.333333333333,19.0474688542111,64.2852073829623,0.891057397559928,2.56179001798479,0.01375,0.011,0.01375,0.01375,0,0,0,0
28/09/2018,0.00332781702351459,0.100424456276872,14.8484613379039,39.9711369731727,340.056901516956,0,8.13921894619824,32.556875784793,2.45046824049205,0,508.333333333333,133.333333333333,21.7045838565286,73.2529705157841,1.03177610125981,2.96635629112195,0.01375,0.011,0.01375,0.01375,0,0,0,0
29/09/2018,0,0,14.9611296103994,0,339.637512082693,0,0,0,0,0,508.333333333333,133.333333333333,0,0,0,0,0.01375,0.011,0.01375,0.01375,0,0,0,0
30/09/2018,0,0,15.0751414848473,0,339.19621337427,0,0,0,0,0,508.333333333333,133.333333333333,0,0,0,0,0.01375,0.011,0.01375,0.01375,0,0,0,0
01/10/2018,0,0,15.1904632113135,0,338.73313602547,0,0,0,0,0,508.333333333333,133.333333333333,0,0,0,0,0.01375,0.011,0.01375,0.01375,0,0,0,0
02/10/2018,0,0,15.3070606521197,0,338.248417117015,0,0,0,0,0,508.333333333333,133.333333333333,0,0,0,0,0.01375,0.011,0.01375,0.01375,0,0,0,0
03/10/2018,0,0,15.4248992919492,0,337.742200135988,0,0,0,0,0,508.333333333333,133.333333333333,0,0,0,0,0.01375,0.011,0.01375,0.01375,0,0,0,0
04/10/2018,0,0,15.5439442480639,0,337.214634933357,0,0,0,0,0,508.333333333333,133.333333333333,0,0,0,0,0.01375,0.011,0.01375,0.01375,0,0,0,0
05/10/2018,0.0231003154704003,0.109424322019619,15.6641602806307,39.3591461026659,336.665877679617,0,6.6146155704683,26.4584622818732,1.94034946511896,0,508.333333333333,133.333333333333,17.6389748545821,59.5315401342147,0.816989248471143,2.34884408935454,0.01375,0.011,0.01375,0.01375,0,0,0,0
06/10/2018,0.0622876854404669,0.104047044529291,15.7855118031529,39.7248009720082,336.096090818561,0,5.53585688009065,22.1434275203626,1.52629156943491,0,508.333333333333,133.333333333333,14.7622850135751,49.8227119208158,0.642649081867331,1.84761611036858,0.01375,0.011,0.01375,0.01375,0,0,0,0
07/10/2018,0.0130730891783251,0.101851125066204,15.9079628930047,39.8741234954981,335.50544301919,0,6.73435664409913,26.9374265763965,1.94903491015979,0,508.333333333333,133.333333333333,17.9582843842643,60.6092097968921,0.820646277962017,2.3593580491408,0.01375,0.011,0.01375,0.01375,0,0,0,0
08/10/2018,0.000997886413719866,0.101112944849752,16.0314773020651,39.9243197502169,334.894109125787,0,8.13331761557355,32.5332704622942,2.44861154227615,0,508.333333333333,133.333333333333,21.6888469748628,73.199858540162,1.03099433358996,2.96410870907113,0.01375,0.011,0.01375,0.01375,0,0,0,0
09/10/2018,0.00239572044616366,0.100566316791196,16.1560184674478,39.9614904581987,334.262270106158,0,8.1380029989326,32.5520119957304,2.45008567471794,0,508.333333333333,133.333333333333,21.7013413304869,73.2420269903934,1.03161502093387,2.96589318518487,0.01375,0.011,0.01375,0.01375,0,0,0,0
10/10/2018,0.000766434374396451,0.101155020599984,16.2815495223251,39.9214585992011,333.610112998059,0,8.13295696628585,32.5318278651434,2.44849807347875,0,508.333333333333,133.333333333333,21.687885243429,73.1966126965727,1.03094655725421,2.96397135210586,0.01375,0.011,0.01375,0.01375,0,0,0,0
11/10/2018,0.0612860662825173,0.109632128614458,16.408033306841,39.3450152542168,332.937830853834,0,7.18525315353111,28.7410126141244,2.27190796463912,0,508.333333333333,133.333333333333,19.1606750760829,64.66727838178,0.95659282721647,2.75020437824735,0.01375,0.011,0.01375,0.01375,0,0,0,0
12/10/2018,0.0603134308789589,0.109981456907768,16.5354323791111,39.3212609302718,332.245622683264,0,6.06606809646956,24.2642723858783,1.76839610172808,0,508.333333333333,133.333333333333,16.1761815905855,54.5946128682261,0.74458783230656,2.14069001788136,0.01375,0.011,0.01375,0.01375,0,0,0,0
13/10/2018,0.00723702789758725,0.104528183041555,16.6637090263067,39.6920835531743,331.533693394657,0,7.15813041333037,28.6325216533215,2.10305749349779,0,508.333333333333,133.333333333333,19.088347768881,64.4231737199733,0.88549789199907,2.54580643949733,0.01375,0.011,0.01375,0.01375,0,0,0,0
14/10/2018,0.00646686294805246,0.150956597156605,16.792825275818,36.5349513933508,330.802253734189,0,6.56730137046057,26.2692054818423,1.92842942529614,0,508.333333333333,133.333333333333,17.5128036545615,59.1057123341451,0.811970284335217,2.33441456746375,0.01375,0.011,0.01375,0.01375,0,0,0,0
15/10/2018,0.00882957713572767,0.128587517930001,16.9227429064953,38.0560487807599,330.051520223521,0,6.48339985765522,25.9335994306209,1.87405060586571,0,508.333333333333,133.333333333333,17.2890662870806,58.350598718897,0.789073939311877,2.26858757552165,0.01375,0.011,0.01375,0.01375,0,0,0,0
16/10/2018,0,0,17.053423459963,0,329.281715095704,0,0,0,0,0,508.333333333333,133.333333333333,0,0,0,0,0.01375,0.011,0.01375,0.01375,0,0,0,0
17/10/2018,0.000179055524061475,0.101140626235096,17.1848282520041,39.9224374160135,328.49306622939,0,8.13308034655632,32.5323213862253,2.44853689183052,0,508.333333333333,133.333333333333,21.6882142574835,73.1977231190069,1.03096290182337,2.9640183427422,0.01375,0.011,0.01375,0.01375,0,0,0,0
18/10/2018,0.153779525874409,0.142004437822927,17.3169183840117,37.143698228041,327.685807081381,0,6.73021626337412,26.9208650534965,2.14724310601409,0,508.333333333333,133.333333333333,17.9472433689977,60.5719463703671,0.904102360426985,2.59929428622758,0.01375,0.011,0.01375,0.01375,0,0,0,0
19/10/2018,0.117333656560571,0.183671554355267,17.4496547545038,34.3103343038419,326.860176617513,0,5.26350521314963,21.0540208525985,1.52860811147758,0,508.333333333333,133.333333333333,14.0360139017323,47.3715469183466,0.643624467990561,1.85042034547286,0.01375,0.011,0.01375,0.01375,0,0,0,0
20/10/2018,0.00838427291944613,0.519250111095758,17.5829980706979,11.4909924454884,326.016419241926,0,1.5534297092249,6.21371883689959,0.326912297808772,0,508.333333333333,133.333333333333,4.14247922459973,13.9808673830241,0.137647283287904,0.395735939452724,0.01375,0.011,0.01375,0.01375,0,0,0,0
21/10/2018,0.133357247342428,0.167727507924609,17.7169088601428,35.3945294611266,325.154784724706,0,6.44811885675468,25.7924754270187,2.05270738666061,0,508.333333333333,133.333333333333,17.1949836180125,58.0330697107921,0.864297847014995,2.48485631016811,0.01375,0.011,0.01375,0.01375,0,0,0,0
22/10/2018,0.1030110854388,0.220336811463787,17.8513474824032,31.8170968204625,324.275528127956,0,4.84416593742923,19.3766637497169,1.39080122575842,0,508.333333333333,133.333333333333,12.9177758331446,43.597493436863,0.58560051610881,1.68360148381283,0.01375,0.011,0.01375,0.01375,0,0,0,0
23/10/2018,0.011660926479736,0.6,17.986274140794,6,323.378909730285,0,0.857142857142857,3.42857142857143,0.12258064516129,0,508.333333333333,133.333333333333,2.28571428571429,7.71428571428572,0.0516129032258065,0.148387096774194,0.01375,0.011,0.01375,0.01375,0,0,0,0
24/10/2018,0.00374295871873974,0.6,18.1216488941613,6,322.465194949768,0,0.857142857142857,3.42857142857143,0.12258064516129,0,508.333333333333,133.333333333333,2.28571428571429,7.71428571428572,0.0516129032258065,0.148387096774194,0.01375,0.011,0.01375,0.01375,0,0,0,0
25/10/2018,0.00676769304278712,0.6,18.2574316687051,6,321.534654265367,0,0.857142857142857,3.42857142857143,0.12258064516129,0,508.333333333333,133.333333333333,2.28571428571429,7.71428571428572,0.0516129032258065,0.148387096774194,0.01375,0.011,0.01375,0.01375,0,0,0,0
26/10/2018,0.00485056150651191,0.6,18.393582269843,6,320.587563136873,0,0.857142857142857,3.42857142857143,0.12258064516129,0,508.333333333333,133.333333333333,2.28571428571429,7.71428571428572,0.0516129032258065,0.148387096774194,0.01375,0.011,0.01375,0.01375,0,0,0,0
27/10/2018,0.00159720844754859,0.585806005651575,18.5300603941077,6.96519161569292,319.624201923357,0,0.917974261493251,3.67189704597301,0.136499917038456,0,508.333333333333,133.333333333333,2.447931363982,8.26176835343926,0.0574736492793498,0.165236741678131,0.01375,0.011,0.01375,0.01375,0,0,0,0
28/10/2018,0,0,18.6668256410784,0,318.644855800181,0,0,0,0,0,508.333333333333,133.333333333333,0,0,0,0,0.01375,0.011,0.01375,0.01375,0,0,0,0
29/10/2018,0,0,18.8038375253397,0,317.64981467458,0,0,0,0,0,508.333333333333,133.333333333333,0,0,0,0,0.01375,0.011,0.01375,0.01375,0,0,0,0
30/10/2018,0,0,18.9410554884664,0,316.639373099842,0,0,0,0,0,508.333333333333,133.333333333333,0,0,0,0,0.01375,0.011,0.01375,0.01375,0,0,0,0
31/10/2018,0,0,19.0784389110296,0,315.613830188116,0,0,0,0,0,508.333333333333,133.333333333333,0,0,0,0,0.01375,0.011,0.01375,0.01375,0,0,0,0
01/11/2018,0,0,19.2159471246209,0,314.573489521866,0,0,0,0,0,508.333333333333,133.333333333333,0,0,0,0,0.01375,0.011,0.01375,0.01375,0,0,0,0
02/11/2018,0,0,19.353539423891,0,313.518659064006,0,0,0,0,0,508.333333333333,133.333333333333,0,0,0,0,0.01375,0.011,0.01375,0.01375,0,0,0,0
03/11/2018,0,0,19.4911750785997,0,312.449651066735,0,0,0,0,0,508.333333333333,133.333333333333,0,0,0,0,0.01375,0.011,0.01375,0.01375,0,0,0,0
04/11/2018,0.000355132653786525,0.103672260493736,19.6288133456723,39.7502862864259,311.366781979106,0,8.1113806243394,32.4455224973576,2.44170964589431,0,508.333333333333,133.333333333333,21.6303483315717,73.0024256190546,1.0280882719555,2.95575378187206,0.01375,0.011,0.01375,0.01375,0,0,0,0
05/11/2018,0,0,19.7664134812612,0,310.270372353347,0,0,0,0,0,508.333333333333,133.333333333333,0,0,0,0,0.01375,0.011,0.01375,0.01375,0,0,0,0
06/11/2018,0,0,19.9039347528061,0,309.160746749974,0,0,0,0,0,508.333333333333,133.333333333333,0,0,0,0,0.01375,0.011,0.01375,0.01375,0,0,0,0
07/11/2018,0.000382360391877565,0.10404900171026,20.0413364510926,39.7246678837023,308.038233641712,0,8.10815141391206,32.4326056556482,2.44069365990394,0,508.333333333333,133.333333333333,21.6217371037655,72.9733627252085,1.02766048838061,2.95452390409425,0.01375,0.011,0.01375,0.01375,0,0,0,0
08/11/2018,0.0146386102577548,0.186679715781337,20.178577902302,34.1057793268691,306.903165316262,0,5.30079550926232,21.2031820370493,1.48972406273838,0,508.333333333333,133.333333333333,14.1354546913662,47.7071595833609,0.627252236942476,1.80335018120962,0.01375,0.011,0.01375,0.01375,0,0,0,0
09/11/2018,0.00785643748802794,0.120157729195525,20.3156184800527,38.6292744147043,305.755877777935,0,7.39165306493859,29.5666122597544,2.19405381024662,0,508.333333333333,133.333333333333,19.7110748398363,66.5248775844474,0.923812130630157,2.6559598755617,0.01375,0.011,0.01375,0.01375,0,0,0,0
10/11/2018,0,0,20.4524176174254,0,304.596710648189,0,0,0,0,0,508.333333333333,133.333333333333,0,0,0,0,0.01375,0.011,0.01375,0.01375,0,0,0,0
11/11/2018,0,0,20.5889348189725,0,303.42600706509,0,0,0,0,0,508.333333333333,133.333333333333,0,0,0,0,0.01375,0.011,0.01375,0.01375,0,0,0,0
12/11/2018,0,0,20.7251296727055,0,302.244113581744,0,0,0,0,0,508.333333333333,133.333333333333,0,0,0,0,0.01375,0.011,0.01375,0.01375,0,0,0,0
13/11/2018,0,0,20.8609618620575,0,301.051380063702,0,0,0,0,0,508.333333333333,133.333333333333,0,0,0,0,0.01375,0.011,0.01375,0.01375,0,0,0,0
14/11/2018,0,0,20.996391177818,0,299.848159585395,0,0,0,0,0,508.333333333333,133.333333333333,0,0,0,0,0.01375,0.011,0.01375,0.01375,0,0,0,0
15/11/2018,0,0,21.1313775300357,0,298.634808325618,0,0,0,0,0,508.333333333333,133.333333333333,0,0,0,0,0.01375,0.011,0.01375,0.01375,0,0,0,0
16/11/2018,0.00278245168938551,0.102078347762744,21.2658809598859,39.8586723521334,297.411685462092,0,8.1283516292747,32.5134065170988,2.44790089933687,0,508.333333333333,133.333333333333,21.6756043447325,73.1551646634723,1.03069511551026,2.96324845709201,0.01375,0.011,0.01375,0.01375,0,0,0,0
17/11/2018,0.00648597164642021,0.134835791399333,21.399861651499,37.6311661848454,296.17915306514,0,6.85949348226524,27.437973929061,2.01189801184195,0,508.333333333333,133.333333333333,18.291982619374,61.7354413403872,0.847114952354507,2.43545548801921,0.01375,0.011,0.01375,0.01375,0,0,0,0
18/11/2018,0.000241035332437547,0.102663529219591,21.5332799437473,39.8188800130678,294.937575990505,0,8.12002689240351,32.480107569614,2.44442996636265,0,508.333333333333,133.333333333333,21.6534050464094,73.0802420316316,1.02923367004743,2.95904680138637,0.01375,0.011,0.01375,0.01375,0,0,0,0
19/11/2018,0.00319532177657315,0.100855779087315,21.666096341985,39.9418070220626,293.68732177135,0,8.1355218935373,32.5420875741492,2.44930506026776,0,508.333333333333,133.333333333333,21.6947250494328,73.2196970418357,1.03128634116537,2.96494823085044,0.01375,0.011,0.01375,0.01375,0,0,0,0
20/11/2018,0.000531940087140615,0.102186733504971,21.7982715297398,39.851302121662,292.428760509454,0,8.12411371281453,32.4964548512581,2.44571577674143,0,508.333333333333,133.333333333333,21.6643032341721,73.1170234153308,1.02977506389113,2.960603308687,0.01375,0.011,0.01375,0.01375,0,0,0,0
21/11/2018,0,0,21.9297663803513,0,291.162264765657,0,0,0,0,0,508.333333333333,133.333333333333,0,0,0,0,0.01375,0.011,0.01375,0.01375,0,0,0,0
22/11/2018,0.00229842895608181,0.101090423330148,22.0605419685534,39.9258512135499,289.888209449576,0,8.13351065717016,32.5340426286806,2.44867227772902,0,508.333333333333,133.333333333333,21.6893617524538,73.2015959145314,1.03101990641222,2.96418223093513,0.01375,0.011,0.01375,0.01375,0,0,0,0
23/11/2018,0,0,22.1905595819968,0,288.606971708621,0,0,0,0,0,508.333333333333,133.333333333333,0,0,0,0,0.01375,0.011,0.01375,0.01375,0,0,0,0
24/11/2018,0,0,22.3197807327088,0,287.31893081635,0,0,0,0,0,508.333333333333,133.333333333333,0,0,0,0,0.01375,0.011,0.01375,0.01375,0,0,0,0
25/11/2018,0,0,22.4481671684868,0,286.024468060202,0,0,0,0,0,508.333333333333,133.333333333333,0,0,0,0,0.01375,0.011,0.01375,0.01375,0,0,0,0
26/11/2018,0,0,22.5756808842214,0,284.723966628621,0,0,0,0,0,508.333333333333,133.333333333333,0,0,0,0,0.01375,0.011,0.01375,0.01375,0,0,0,0
27/11/2018,0,0,22.7022841331467,0,283.417811497628,0,0,0,0,0,508.333333333333,133.333333333333,0,0,0,0,0.01375,0.011,0.01375,0.01375,0,0,0,0
28/11/2018,0.00397913730883868,0.121458955693642,22.8279394380145,38.5407910128323,282.10638931686,0,8.07549958924952,32.3019983569981,2.46042963286462,0,508.333333333333,133.333333333333,21.5346655713321,72.6794963032457,1.03597037173247,2.97841481873086,0.01375,0.011,0.01375,0.01375,0,0,0,0
29/11/2018,0.0440291471818371,0.122662608559814,22.9526096021881,38.4589426179327,280.79008829511,0,5.86951601640965,23.4780640656386,1.66535794385583,0,508.333333333333,133.333333333333,15.6520427104257,52.8256441476868,0.701203344781401,2.01595961624653,0.01375,0.011,0.01375,0.01375,0,0,0,0
30/11/2018,0.0665106130509368,0.117775643267557,23.0762577206533,38.7912562578061,279.469298085414,0,5.42682223710488,21.7072889484195,1.49298063321479,0,508.333333333333,133.333333333333,14.471525965613,48.8414001339439,0.628623424511489,1.80729234547053,0.01375,0.011,0.01375,0.01375,0,0,0,0
01/12/2018,0.0113375779297319,0.113580043639026,23.1988471909432,39.0765570325463,278.144409669701,0,7.23796422241275,28.951856889651,2.13553809060531,0,508.333333333333,133.333333333333,19.301237926434,65.1416780017148,0.899173932886447,2.58512505704853,0.01375,0.011,0.01375,0.01375,0,0,0,0
02/12/2018,0,0,23.3203417239731,0,276.815815243058,0,0,0,0,0,508.333333333333,133.333333333333,0,0,0,0,0.01375,0.011,0.01375,0.01375,0,0,0,0
03/12/2018,0,0,23.4407053547832,0,275.483908097629,0,0,0,0,0,508.333333333333,133.333333333333,0,0,0,0,0.01375,0.011,0.01375,0.01375,0,0,0,0
04/12/2018,0,0,23.5599024531845,0,274.149082506192,0,0,0,0,0,508.333333333333,133.333333333333,0,0,0,0,0.01375,0.011,0.01375,0.01375,0,0,0,0
05/12/2018,0,0,23.6778977343065,0,272.811733605447,0,0,0,0,0,508.333333333333,133.333333333333,0,0,0,0,0.01375,0.011,0.01375,0.01375,0,0,0,0
06/12/2018,0,0,23.794656269042,0,271.472257279049,0,0,0,0,0,508.333333333333,133.333333333333,0,0,0,0,0.01375,0.011,0.01375,0.01375,0,0,0,0
07/12/2018,0,0,23.9101434943871,0,270.131050040415,0,0,0,0,0,508.333333333333,133.333333333333,0,0,0,0,0.01375,0.011,0.01375,0.01375,0,0,0,0
08/12/2018,0,0,24.0243252236724,0,268.788508915348,0,0,0,0,0,508.333333333333,133.333333333333,0,0,0,0,0.01375,0.011,0.01375,0.01375,0,0,0,0
09/12/2018,0,0,24.137167656683,0,267.445031324511,0,0,0,0,0,508.333333333333,133.333333333333,0,0,0,0,0.01375,0.011,0.01375,0.01375,0,0,0,0
10/12/2018,0,0,24.2486373896641,0,266.101014965779,0,0,0,0,0,508.333333333333,133.333333333333,0,0,0,0,0.01375,0.011,0.01375,0.01375,0,0,0,0
11/12/2018,0,0,24.3587014252095,0,264.756857696517,0,0,0,0,0,508.333333333333,133.333333333333,0,0,0,0,0.01375,0.011,0.01375,0.01375,0,0,0,0
12/12/2018,0,0,24.4673271820289,0,263.412957415799,0,0,0,0,0,508.333333333333,133.333333333333,0,0,0,0,0.01375,0.011,0.01375,0.01375,0,0,0,0
13/12/2018,0,0,24.5744825045931,0,262.069711946626,0,0,0,0,0,508.333333333333,133.333333333333,0,0,0,0,0.01375,0.011,0.01375,0.01375,0,0,0,0
14/12/2018,0.00229023915019778,0.100746169057892,24.680135672653,39.9492605040633,260.727518918163,0,8.13646140807521,32.5458456323008,2.44960065376646,0,508.333333333333,133.333333333333,21.6972304215339,73.2281526726769,1.03141080158588,2.9653060545594,0.01375,0.011,0.01375,0.01375,0,0,0,0
15/12/2018,0.0248813547693245,0.129081966090449,24.7842554106286,38.0224263058495,259.386775648026,0,5.84852234393443,23.3940893757377,1.65703454644284,0,508.333333333333,133.333333333333,15.5960595838251,52.6367010954099,0.697698756396985,2.00588392464133,0.01375,0.011,0.01375,0.01375,0,0,0,0
16/12/2018,0.0339505908343733,0.118556736620029,24.8868108968681,38.738141909838,258.047879024676,0,5.86140107161208,23.4456042864483,1.64955307536171,0,508.333333333333,133.333333333333,15.6304028576322,52.7526096445087,0.694548663310194,1.99682740701681,0.01375,0.011,0.01375,0.01375,0,0,0,0
17/12/2018,0.0107631164356279,0.100208272647306,24.9877717727713,39.9858374599832,256.711225389925,0,8.14107194873738,32.5642877949495,2.45105123892533,0,508.333333333333,133.333333333333,21.709525196633,73.2696475386364,1.03202157428435,2.9670620260675,0.01375,0.011,0.01375,0.01375,0,0,0,0
18/12/2018,0.00051557329419853,0.10141589071407,25.0871081517765,39.9037194314432,255.377210421614,0,8.13072093673654,32.5228837469462,2.44779456568722,0,508.333333333333,133.333333333333,21.6819224979641,73.1764884306289,1.03065034344725,2.96311973741084,0.01375,0.011,0.01375,0.01375,0,0,0,0
19/12/2018,0.00559040473152008,0.100373650749942,25.1847906282074,39.9745917490039,254.046229016481,0,8.13965442214335,32.5586176885734,2.45060525152596,0,508.333333333333,133.333333333333,21.7057451257156,73.2568897992902,1.03183379011619,2.96652214658406,0.01375,0.011,0.01375,0.01375,0,0,0,0
20/12/2018,0.0787412847917596,0.113823686966334,25.2807902859783,39.0599892862893,252.718675173266,0,7.08198808228447,28.3279523291379,2.22932304371512,0,508.333333333333,133.333333333333,18.8853015527586,63.7378927405602,0.938662334195841,2.69865421081304,0.01375,0.011,0.01375,0.01375,0,0,0,0
21/12/2018,0.0533019164045104,0.111641505942227,25.3750787071532,39.2083775959285,251.394941876079,0,5.78759342514015,23.1503737005606,1.61693180214734,0,508.333333333333,133.333333333333,15.4335824670404,52.0883408262613,0.680813390377826,1.95733849733625,0.01375,0.011,0.01375,0.01375,0,0,0,0
22/12/2018,0.00620808317798871,0.109784843496478,25.4676279803587,39.3346306422395,250.075420978066,0,7.79326813823968,31.1730725529587,2.33196074520958,0,508.333333333333,133.333333333333,20.7820483686392,70.1394132441571,0.981878208509296,2.82289984946422,0.01375,0.011,0.01375,0.01375,0,0,0,0
23/12/2018,0,0,25.5584107090458,0,248.760503085413,0,0,0,0,0,508.333333333333,133.333333333333,0,0,0,0,0.01375,0.011,0.01375,0.01375,0,0,0,0
24/12/2018,0,0,25.6474000196006,0,247.45057744172,0,0,0,0,0,508.333333333333,133.333333333333,0,0,0,0,0.01375,0.011,0.01375,0.01375,0,0,0,0
25/12/2018,0,0,25.7345695692986,0,246.146031812774,0,0,0,0,0,508.333333333333,133.333333333333,0,0,0,0,0.01375,0.011,0.01375,0.01375,0,0,0,0
26/12/2018,0,0,25.8198935541034,0,244.847252371766,0,0,0,0,0,508.333333333333,133.333333333333,0,0,0,0,0.01375,0.011,0.01375,0.01375,0,0,0,0
27/12/2018,0,0,25.9033467163048,0,243.55462358497,0,0,0,0,0,508.333333333333,133.333333333333,0,0,0,0,0.01375,0.011,0.01375,0.01375,0,0,0,0
28/12/2018,0,0,25.984904351996,0,242.268528097937,0,0,0,0,0,508.333333333333,133.333333333333,0,0,0,0,0.01375,0.011,0.01375,0.01375,0,0,0,0
29/12/2018,0,0,26.0645423183859,0,240.989346622224,0,0,0,0,0,508.333333333333,133.333333333333,0,0,0,0,0.01375,0.011,0.01375,0.01375,0,0,0,0
30/12/2018,0,0,26.1422370409468,0,239.717457822691,0,0,0,0,0,508.333333333333,133.333333333333,0,0,0,0,0.01375,0.011,0.01375,0.01375,0,0,0,0
31/12/2018,0,0,26.2179655203918,0,238.453238205414,0,0,0,0,0,508.333333333333,133.333333333333,0,0,0,0,0.01375,0.011,0.01375,0.01375,0,0,0,0
